Date,Status,X,Y,Z,Source,Time,SessionTime,RPM,Speed,nGear,Throttle,Brake,DRS,Distance,RelativeDistance
2024-09-01 14:08:16.593,OnTrack,,,,car,0 days 00:00:00,0 days 02:00:32.674000,11456.0,318.0,8,99.0,False,8,5.388333333333333,0.0009402473260535177
2024-09-01 14:08:16.769,OnTrack,-1362.0,-544.0,1872.0,pos,0 days 00:00:00.176000,0 days 02:00:32.850000,11515.4,320.2,8,99.0,False,8,21.086178957878797,0.00367947232573427
2024-09-01 14:08:16.833,OnTrack,-1354.2031135125742,-453.3788419053245,1872.5350578400712,car,0 days 00:00:00.240000,0 days 02:00:32.914000,11537.0,321.0,8,99.0,False,14,26.78833333333333,0.004674480442826536
2024-09-01 14:08:17.033,OnTrack,-1333.9752642229544,-219.99473738534186,1873.828203768011,car,0 days 00:00:00.440000,0 days 02:00:33.114000,11592.0,321.0,8,99.0,False,12,44.62166666666667,0.007786341373470719
2024-09-01 14:08:17.069,OnTrack,-1331.0,-186.0,1874.0,pos,0 days 00:00:00.476000,0 days 02:00:33.150000,11601.45,321.6,8,99.0,False,12,47.85186814314737,0.008350001435495174
2024-09-01 14:08:17.273,OnTrack,-1317.9766870425833,-39.54784101311967,1874.6221592369734,car,0 days 00:00:00.680000,0 days 02:00:33.354000,11655.0,325.0,8,99.0,False,12,66.28833333333333,0.01156710699014122
2024-09-01 14:08:17.489,OnTrack,-1305.0,102.0,1875.0,pos,0 days 00:00:00.896000,0 days 02:00:33.570000,11730.428582375123,326.9591839577954,8,99.0,False,12,85.97140535726399,0.015001741541150117
2024-09-01 14:08:17.709,OnTrack,-1287.0,302.0,1876.0,pos,0 days 00:00:01.116000,0 days 02:00:33.790000,11807.253990349785,328.9546490999944,8,99.0,False,12,106.13190778816858,0.018519686206022398
2024-09-01 14:08:17.714,OnTrack,-1286.616092507254,306.59478848092505,1876.059134010638,car,0 days 00:00:01.121000,0 days 02:00:33.795000,11809.0,329.0,8,99.0,False,12,106.59083333333332,0.018599767279334888
2024-09-01 14:08:17.789,OnTrack,-1281.0,375.0,1877.0,pos,0 days 00:00:01.196000,0 days 02:00:33.870000,11825.8750144,329.9375008,8,99.0,False,12,113.47874499555688,0.01980168633702098
2024-09-01 14:08:17.874,OnTrack,-1274.101241872591,453.88653921282076,1877.1140750289337,car,0 days 00:00:01.281000,0 days 02:00:33.955000,11845.0,331.0,8,99.0,False,12,121.30194444444444,0.021166810190346042
2024-09-01 14:08:17.949,OnTrack,-1268.0,522.0,1877.0,pos,0 days 00:00:01.356000,0 days 02:00:34.030000,11859.62501248,331.75000064,8,99.0,False,12,128.22760864318838,0.022375316947663745
2024-09-01 14:08:18.074,OnTrack,-1258.8743811735048,626.7848090701309,1877.8093876164285,car,0 days 00:00:01.481000,0 days 02:00:34.155000,11884.0,333.0,8,99.0,False,12,139.80194444444444,0.024395002370733932
2024-09-01 14:08:18.189,OnTrack,-1249.0,743.0,1879.0,pos,0 days 00:00:01.596000,0 days 02:00:34.270000,11912.270849066666,333.4791669333333,8,99.0,False,12,150.4595635207516,0.02625472359039272
2024-09-01 14:08:18.314,OnTrack,-1234.0153230013939,920.4713551776133,1880.1179395725471,car,0 days 00:00:01.721000,0 days 02:00:34.395000,11943.0,334.0,8,99.0,False,12,162.06861111111112,0.028280466112173774
2024-09-01 14:08:18.469,OnTrack,-1216.0,1133.0,1881.0,pos,0 days 00:00:01.876000,0 days 02:00:34.550000,12010.42502784,335.55000064,8,99.0,False,12,176.52467999076248,0.030803004950900218
2024-09-01 14:08:18.514,OnTrack,-1212.5559475950708,1172.879626320065,1881.0895869756482,car,0 days 00:00:01.921000,0 days 02:00:34.595000,12030.0,336.0,8,99.0,False,12,180.73527777777778,0.03153774110499759
2024-09-01 14:08:18.754,OnTrack,-1202.9323499046432,1278.9615924835534,1880.9054566251011,car,0 days 00:00:02.161000,0 days 02:00:34.835000,12055.0,338.0,8,99.0,False,12,203.2686111111111,0.035469737346334906
2024-09-01 14:08:18.789,OnTrack,-1201.0,1301.0,1881.0,pos,0 days 00:00:02.196000,0 days 02:00:34.870000,12063.57501568,338.0,8,99.0,False,12,206.553511947238,0.0360429422756611
2024-09-01 14:08:18.954,OnTrack,-1187.9607687487505,1453.3580787970088,1882.1199616086137,car,0 days 00:00:02.361000,0 days 02:00:35.035000,12104.0,338.0,8,99.0,False,12,222.0463888888889,0.03874640088078268
2024-09-01 14:08:19.114,OnTrack,-1172.2449419212792,1638.8468702221762,1883.6987762208958,car,0 days 00:00:02.521000,0 days 02:00:35.195000,12171.0,340.0,8,99.0,False,12,237.1575,0.04138324254164005
2024-09-01 14:08:19.149,OnTrack,-1169.0,1677.0,1884.0,pos,0 days 00:00:02.556000,0 days 02:00:35.230000,12179.3125152,340.2187504,8,99.0,False,12,240.4691512145264,0.04196111532839174
2024-09-01 14:08:19.274,OnTrack,-1157.9976322961352,1805.8967096252713,1884.9425335877697,car,0 days 00:00:02.681000,0 days 02:00:35.355000,12209.0,341.0,8,99.0,False,12,252.31305555555556,0.04402783961914701
2024-09-01 14:08:19.829,OnTrack,-1117.0,2282.0,1887.0,pos,0 days 00:00:03.236000,0 days 02:00:35.910000,12302.16072502857,343.97321462857144,8,99.0,False,12,305.3442615265896,0.05328161931818656
2024-09-01 14:08:19.834,OnTrack,-1116.6464441172448,2286.1399174979906,1887.0078643467032,car,0 days 00:00:03.241000,0 days 02:00:35.915000,12303.0,344.0,8,99.0,False,12,305.82416666666666,0.053365361265241947
2024-09-01 14:08:20.034,OnTrack,-1102.49793303664,2452.525253731358,1887.2024200007409,car,0 days 00:00:03.441000,0 days 02:00:36.115000,12353.0,346.0,8,99.0,False,12,325.0463888888888,0.05671957896618551
2024-09-01 14:08:20.190,OnTrack,-1088.0,2620.0,1888.0,pos,0 days 00:00:03.597000,0 days 02:00:36.271000,12384.2000512,346.6500010666667,8,99.0,False,12,340.0811628450976,0.059343100032095385
2024-09-01 14:08:20.274,OnTrack,-1077.9555355754007,2734.266939659373,1888.89355501459,car,0 days 00:00:03.681000,0 days 02:00:36.355000,12401.0,347.0,8,99.0,False,12,348.17972222222215,0.06075627333229217
2024-09-01 14:08:20.370,OnTrack,-1066.0,2870.0,1890.0,pos,0 days 00:00:03.777000,0 days 02:00:36.451000,12399.2,347.0,8,99.0,False,12,357.43094881600797,0.062370583459268165
2024-09-01 14:08:20.434,OnTrack,-1058.7117601164846,2953.1680280705236,1890.5791510324875,car,0 days 00:00:03.841000,0 days 02:00:36.515000,12398.0,347.0,8,99.0,False,12,363.60194444444437,0.06344740290969661
2024-09-01 14:08:20.750,OnTrack,-1031.0,3274.0,1892.0,pos,0 days 00:00:04.157000,0 days 02:00:36.831000,12451.544487822222,347.8777784888889,8,99.0,False,12,394.14716183374617,0.06877744787858267
2024-09-01 14:08:20.794,OnTrack,-1028.288105610888,3305.9841684729818,1892.113817078751,car,0 days 00:00:04.201000,0 days 02:00:36.875000,12459.0,348.0,8,99.0,False,12,398.4019444444443,0.06951989414631815
2024-09-01 14:08:20.954,OnTrack,-1020.7802221829368,3396.1349877943535,1892.4115088851163,car,0 days 00:00:04.361000,0 days 02:00:37.035000,12414.0,348.0,8,99.0,False,12,413.868611111111,0.07221877914037217
2024-09-01 14:08:21.113,OnTrack,-1011.3623510824896,3508.0297433972537,1892.9169231333885,car,0 days 00:00:04.520000,0 days 02:00:37.194000,12425.0,348.0,8,99.0,False,12,429.2386111111111,0.07490079610321336
2024-09-01 14:08:21.130,OnTrack,-1010.0,3524.0,1893.0,pos,0 days 00:00:04.537000,0 days 02:00:37.211000,12425.9562464,348.1062496,8,99.0,False,12,430.88466466146826,0.07518802730320054
2024-09-01 14:08:21.273,OnTrack,-995.8222987556355,3688.978330511499,1893.9208905660253,car,0 days 00:00:04.680000,0 days 02:00:37.354000,12434.0,349.0,8,99.0,False,12,444.74972222222215,0.07760743651391695
2024-09-01 14:08:21.430,OnTrack,-980.0,3872.0,1895.0,pos,0 days 00:00:04.837000,0 days 02:00:37.511000,12450.48502016,349.0,8,99.0,False,12,459.9693223205879,0.08026320916398047
2024-09-01 14:08:21.473,OnTrack,-976.6822048481084,3910.2946047097103,1895.2305385889977,car,0 days 00:00:04.880000,0 days 02:00:37.554000,12455.0,349.0,8,99.0,False,12,464.13861111111106,0.08099073702729646
2024-09-01 14:08:21.670,OnTrack,-965.0,4045.0,1896.0,pos,0 days 00:00:05.077000,0 days 02:00:37.751000,12435.847203555555,349.0,8,99.0,False,12,483.25172554096207,0.08432591575947505
2024-09-01 14:08:21.833,OnTrack,-954.4713668232532,4167.400067275214,1896.4621506916214,car,0 days 00:00:05.240000,0 days 02:00:37.914000,12420.0,349.0,8,99.0,False,12,499.0386111111111,0.08708067795137957
2024-09-01 14:08:21.970,OnTrack,-940.0,4335.0,1897.0,pos,0 days 00:00:05.377000,0 days 02:00:38.051000,12399.8781344,348.1437504,8,99.0,False,12,512.2629625042294,0.08938828593829666
2024-09-01 14:08:22.130,OnTrack,-915.0,4623.0,1898.0,pos,0 days 00:00:05.537000,0 days 02:00:38.211000,12376.3781344,347.1437504,8,99.0,False,12,527.6698405409854,0.09207673800329372
2024-09-01 14:08:22.153,OnTrack,-911.9138043762756,4658.406681871955,1898.154142562438,car,0 days 00:00:05.560000,0 days 02:00:38.234000,12373.0,347.0,8,99.0,False,12,529.8830555555555,0.09246293710618844
2024-09-01 14:08:22.433,OnTrack,-892.5947127445195,4876.120200101193,1900.0745531937696,car,0 days 00:00:05.840000,0 days 02:00:38.514000,12285.0,346.0,8,99.0,False,12,556.7941666666666,0.09715884188750944
2024-09-01 14:08:22.670,OnTrack,-882.0,5006.0,1901.0,pos,0 days 00:00:06.077000,0 days 02:00:38.751000,12271.6687392,345.2593744,8,99.0,False,12,579.5158043873219,0.10112369665591082
2024-09-01 14:08:22.753,OnTrack,-876.2106301400078,5080.660816710944,1901.0490702435236,car,0 days 00:00:06.160000,0 days 02:00:38.834000,12267.0,345.0,8,99.0,False,12,587.4608333333333,0.10251007937572
2024-09-01 14:08:22.870,OnTrack,-866.0,5197.0,1901.0,pos,0 days 00:00:06.277000,0 days 02:00:38.951000,12242.8687104,344.2687488,8,99.0,False,12,598.6478994427133,0.10446218744792449
2024-09-01 14:08:22.890,OnTrack,-864.0,5216.0,1901.0,pos,0 days 00:00:06.297000,0 days 02:00:38.971000,12238.7437632,344.1437504,8,99.0,False,12,600.5565787015947,0.10479524601324283
2024-09-01 14:08:22.913,OnTrack,-861.7628138623928,5237.793283878263,1901.0315655916584,car,0 days 00:00:06.320000,0 days 02:00:38.994000,12234.0,344.0,8,99.0,False,12,602.7497222222222,0.1051779427031757
2024-09-01 14:08:23.113,OnTrack,-845.4403302201558,5426.851685766645,1902.566046069938,car,0 days 00:00:06.520000,0 days 02:00:39.194000,12168.0,342.0,8,99.0,False,12,621.7497222222222,0.10849338332087137
2024-09-01 14:08:23.170,OnTrack,-841.0,5481.0,1903.0,pos,0 days 00:00:06.577000,0 days 02:00:39.251000,12146.625024,341.71500032,8,99.0,False,12,627.1530989192324,0.10943625566687021
2024-09-01 14:08:23.313,OnTrack,-829.5538435133703,5617.425980990027,1903.7388874138423,car,0 days 00:00:06.720000,0 days 02:00:39.394000,12093.0,341.0,8,99.0,False,12,640.6941666666665,0.11179912966775504
2024-09-01 14:08:23.369,OnTrack,-825.0,5670.0,1904.0,pos,0 days 00:00:06.776000,0 days 02:00:39.450000,12089.4,340.8,8,99.0,False,12,645.991385827109,0.11272347785540592
2024-09-01 14:08:23.549,OnTrack,-810.0,5839.0,1905.0,pos,0 days 00:00:06.956000,0 days 02:00:39.630000,12077.828571428572,340.15714285714284,8,99.0,False,12,662.9921046476115,0.11569005015580157
2024-09-01 14:08:23.593,OnTrack,-806.1019813532683,5884.53139541199,1905.2993421601425,car,0 days 00:00:07,0 days 02:00:39.674000,12075.0,340.0,8,99.0,False,12,667.138611111111,0.11641360257425545
2024-09-01 14:08:23.869,OnTrack,-781.0,6190.0,1907.0,pos,0 days 00:00:07.276000,0 days 02:00:39.950000,12014.813072112263,338.28037348892184,8,99.0,False,12,693.0619134787736,0.12093713781712677
2024-09-01 14:08:23.914,OnTrack,-777.3861182586725,6233.466284885997,1907.0211827625867,car,0 days 00:00:07.321000,0 days 02:00:39.995000,12005.0,338.0,8,99.0,False,12,697.2769444444443,0.12167264754704413
2024-09-01 14:08:24.009,OnTrack,-770.0,6321.0,1907.0,pos,0 days 00:00:07.416000,0 days 02:00:40.090000,12005.0,337.47222186666664,8,99.0,False,12,706.1659271880856,0.12322374725432117
2024-09-01 14:08:24.189,OnTrack,-755.0,6495.0,1908.0,pos,0 days 00:00:07.596000,0 days 02:00:40.270000,12005.0,336.47222186666664,8,99.0,False,12,722.9683861120471,0.12615572382240883
2024-09-01 14:08:24.274,OnTrack,-747.797500452215,6579.974850741852,1908.7725585775129,car,0 days 00:00:07.681000,0 days 02:00:40.355000,12005.0,336.0,8,99.0,False,12,730.8769444444443,0.127535742534127
2024-09-01 14:08:24.529,OnTrack,-727.0,6829.0,1911.0,pos,0 days 00:00:07.936000,0 days 02:00:40.610000,11760.928510171429,330.53571291428574,8,8.839263085714279,False,12,754.320993745049,0.13162665586541566
2024-09-01 14:08:24.554,OnTrack,-725.1496888830831,6850.829238248914,1911.0669778217755,car,0 days 00:00:07.961000,0 days 02:00:40.635000,11737.0,330.0,8,0.0,True,0,756.5436111111111,0.13201449564925977
2024-09-01 14:08:24.809,OnTrack,-708.0,7052.0,1911.0,pos,0 days 00:00:08.216000,0 days 02:00:40.890000,10327.213931885713,305.41070811428574,8,0.0,True,0,778.1199270221161,0.13577949534144815
2024-09-01 14:08:24.834,OnTrack,-706.4054950715542,7071.299781515658,1911.1238695980785,car,0 days 00:00:08.241000,0 days 02:00:40.915000,10189.0,303.0,8,0.0,True,0,780.1102777777777,0.1361268053276998
2024-09-01 14:08:24.994,OnTrack,-696.4614016743113,7194.7441175261165,1912.5782615935375,car,0 days 00:00:08.401000,0 days 02:00:41.075000,10737.0,273.0,8,0.0,True,0,792.243611111111,0.1382440340730353
2024-09-01 14:08:25.069,OnTrack,-692.0,7250.0,1913.0,pos,0 days 00:00:08.476000,0 days 02:00:41.150000,10831.017937371429,263.35713462857143,8,0.0,True,0,797.5057861997823,0.1391622671796883
2024-09-01 14:08:25.229,OnTrack,-683.0,7359.0,1913.0,pos,0 days 00:00:08.636000,0 days 02:00:41.310000,11031.589365942857,242.78570605714285,8,0.0,True,0,807.8926291283185,0.14097473880784062
2024-09-01 14:08:25.274,OnTrack,-680.636951586848,7386.873278261924,1913.082609270909,car,0 days 00:00:08.681000,0 days 02:00:41.355000,11088.0,237.0,8,0.0,True,0,810.6769444444444,0.14146059312844883
2024-09-01 14:08:25.469,OnTrack,-670.0,7509.0,1914.0,pos,0 days 00:00:08.876000,0 days 02:00:41.550000,10813.04990976,218.96249408,8,0.0,True,0,822.1187374128285,0.14345715024143016
2024-09-01 14:08:25.674,OnTrack,-654.3565778135782,7688.001921808091,1914.7766424739052,car,0 days 00:00:09.081000,0 days 02:00:41.755000,10524.0,200.0,6,0.0,True,0,832.8991666666666,0.14533830145323906
2024-09-01 14:08:25.749,OnTrack,-650.0,7739.0,1915.0,pos,0 days 00:00:09.156000,0 days 02:00:41.830000,10483.49996544,192.31249344,6,0.0,True,0,836.4818144953485,0.14596346230219231
2024-09-01 14:08:26.074,OnTrack,-642.7105114692888,7823.622209993868,1915.8559099662746,car,0 days 00:00:09.481000,0 days 02:00:42.155000,10308.0,159.0,4,0.0,True,0,850.5658333333332,0.14842107957144732
2024-09-01 14:08:26.109,OnTrack,-641.0,7838.0,1916.0,pos,0 days 00:00:09.516000,0 days 02:00:42.190000,10254.406152,157.906248,4,0.0,True,0,852.0831745186622,0.1486858508660127
2024-09-01 14:08:26.234,OnTrack,-631.8804787278391,7911.649576306633,1916.6410519628223,car,0 days 00:00:09.641000,0 days 02:00:42.315000,10063.0,154.0,4,0.0,True,0,857.4102777777777,0.14961541373548273
2024-09-01 14:08:26.329,OnTrack,-625.0,7964.0,1917.0,pos,0 days 00:00:09.736000,0 days 02:00:42.410000,10205.500096,145.51785142857142,4,0.0,True,0,861.0734575821897,0.15025462716250745
2024-09-01 14:08:26.514,OnTrack,-617.5907214597094,8006.7251014467565,1916.9280816151265,car,0 days 00:00:09.921000,0 days 02:00:42.595000,10483.0,129.0,3,0.0,True,0,867.443611111111,0.15136619904412552
2024-09-01 14:08:26.610,OnTrack,-613.0,8024.0,1917.0,pos,0 days 00:00:10.017000,0 days 02:00:42.691000,10093.0,121.2,3,0.0,True,0,870.5751953559903,0.1519126507074523
2024-09-01 14:08:26.674,OnTrack,-608.6991757830464,8040.083293118984,1917.215891520334,car,0 days 00:00:10.081000,0 days 02:00:42.755000,9833.0,116.0,2,0.0,True,0,872.5991666666665,0.15226582737547686
2024-09-01 14:08:26.850,OnTrack,-593.0,8094.0,1918.0,pos,0 days 00:00:10.257000,0 days 02:00:42.931000,9182.68,108.96,2,0.0,True,0,877.9015025958541,0.1531910684232819
2024-09-01 14:08:26.874,OnTrack,-590.6556698939547,8100.7146547853545,1918.0331106886074,car,0 days 00:00:10.281000,0 days 02:00:42.955000,9094.0,108.0,2,0.0,True,0,878.5991666666665,0.15331280862317023
2024-09-01 14:08:27.010,OnTrack,-577.0,8135.0,1918.0,pos,0 days 00:00:10.417000,0 days 02:00:43.091000,8520.533333333333,103.46666666666667,2,0.0,True,0,882.4476166442776,0.15398435111637768
2024-09-01 14:08:27.114,OnTrack,-567.0449814061562,8157.751711465071,1918.153163943044,car,0 days 00:00:10.521000,0 days 02:00:43.195000,8082.0,100.0,2,0.0,True,0,885.2658333333331,0.1544761211206073
2024-09-01 14:08:27.394,OnTrack,-527.9760573112301,8216.755711557951,1918.9854753340453,car,0 days 00:00:10.801000,0 days 02:00:43.475000,7317.0,91.0,2,0.0,True,0,892.3436111111109,0.155711171222053
2024-09-01 14:08:27.410,OnTrack,-524.0,8221.0,1919.0,pos,0 days 00:00:10.817000,0 days 02:00:43.491000,7317.0,90.5,2,0.0,True,0,892.7315632886205,0.1557788676645287
2024-09-01 14:08:27.554,OnTrack,-482.128049603908,8261.319141032547,1918.9921855668297,car,0 days 00:00:10.961000,0 days 02:00:43.635000,7317.0,86.0,2,0.0,True,0,896.1658333333331,0.15637813705391693
2024-09-01 14:08:27.570,OnTrack,-478.0,8265.0,1919.0,pos,0 days 00:00:10.977000,0 days 02:00:43.651000,7290.734773050088,85.82795702871236,2,0.0,True,0,896.5434773835557,0.15644403476039792
2024-09-01 14:08:27.833,OnTrack,-440.69921167045817,8289.27260687894,1919.6845045017974,car,0 days 00:00:11.240000,0 days 02:00:43.914000,6859.0,83.0,2,0.0,False,0,902.5983333333331,0.15750058819988152
2024-09-01 14:08:27.990,OnTrack,-419.0,8295.0,1920.0,pos,0 days 00:00:11.397000,0 days 02:00:44.071000,6633.966391466667,79.51110684444444,2,0.0,False,0,905.9494846013765,0.15808535362251908
2024-09-01 14:08:28.130,OnTrack,-390.0,8304.0,1920.0,pos,0 days 00:00:11.537000,0 days 02:00:44.211000,6433.300091733333,76.40000142222222,2,0.0,False,0,908.8124698347166,0.1585849355978074
2024-09-01 14:08:28.193,OnTrack,-377.735588386188,8306.963694515505,1919.992603781965,car,0 days 00:00:11.600000,0 days 02:00:44.274000,6343.0,75.0,2,0.0,False,0,910.0983333333331,0.15880931475949822
2024-09-01 14:08:28.370,OnTrack,-339.0,8314.0,1920.0,pos,0 days 00:00:11.777000,0 days 02:00:44.451000,6528.8499328,74.4468752,2,11.062496,False,0,913.7068424809942,0.15943898832778675
2024-09-01 14:08:28.513,OnTrack,-286.32090914595716,8325.721450407491,1920.0108080739617,car,0 days 00:00:11.920000,0 days 02:00:44.594000,6679.0,74.0,2,20.0,False,0,916.6761111111109,0.15995711642363614
2024-09-01 14:08:28.570,OnTrack,-268.0,8330.0,1920.0,pos,0 days 00:00:11.977000,0 days 02:00:44.651000,6837.1748224,75.0687488,2,23.9187456,False,0,917.8852433510634,0.16016810622050476
2024-09-01 14:08:28.673,OnTrack,-245.77010471813205,8335.433321275996,1919.945511037227,car,0 days 00:00:12.080000,0 days 02:00:44.754000,7123.0,77.0,2,31.0,False,0,920.0983333333331,0.16055428350565384
2024-09-01 14:08:28.953,OnTrack,-223.40017173351728,8351.546662072122,1919.9580505260296,car,0 days 00:00:12.360000,0 days 02:00:45.034000,6822.0,78.0,2,0.0,False,0,926.1649999999997,0.1616128978783216
2024-09-01 14:08:28.970,OnTrack,-221.0,8354.0,1920.0,pos,0 days 00:00:12.377000,0 days 02:00:45.051000,6796.145930666667,77.85833386666667,2,0.0,False,0,926.5289656723312,0.16167640875061076
2024-09-01 14:08:29.193,OnTrack,-179.50310708055608,8398.833042367674,1920.9271919211892,car,0 days 00:00:12.600000,0 days 02:00:45.274000,6457.0,76.0,2,0.0,False,0,931.2316666666665,0.16249701537637376
2024-09-01 14:08:29.210,OnTrack,-177.0,8402.0,1921.0,pos,0 days 00:00:12.617000,0 days 02:00:45.291000,6457.0,75.7875008,2,0.0,False,0,931.5851793844708,0.1625587022407675
2024-09-01 14:08:29.353,OnTrack,-163.67942509694313,8423.791494702004,1921.5490051668462,car,0 days 00:00:12.760000,0 days 02:00:45.434000,6457.0,74.0,2,0.0,False,0,934.5205555555553,0.16307091620844272
2024-09-01 14:08:29.550,OnTrack,-157.0,8451.0,1922.0,pos,0 days 00:00:12.957000,0 days 02:00:45.631000,6450.022909866667,71.94791466666666,2,4.9250048,False,0,938.3765530987037,0.1637437757282474
2024-09-01 14:08:29.710,OnTrack,-150.0,8482.0,1922.0,pos,0 days 00:00:13.117000,0 days 02:00:45.791000,6444.3562432,70.281248,2,8.9250048,False,0,941.3886638639366,0.1642693796427764
2024-09-01 14:08:29.833,OnTrack,-145.86379324510816,8506.297975105925,1921.8810196829556,car,0 days 00:00:13.240000,0 days 02:00:45.914000,6440.0,69.0,2,12.0,False,0,943.7205555555554,0.1646762874549059
2024-09-01 14:08:30.029,OnTrack,-142.0,8545.0,1922.0,pos,0 days 00:00:13.436000,0 days 02:00:46.110000,6621.3,69.98,2,20.82,False,0,947.5278282515367,0.1653406446411638
2024-09-01 14:08:30.033,OnTrack,-141.95067213914317,8545.805079102063,1922.0149273641275,car,0 days 00:00:13.440000,0 days 02:00:46.114000,6625.0,70.0,2,21.0,False,0,947.6094444444443,0.1653548864117442
2024-09-01 14:08:30.209,OnTrack,-141.0,8582.0,1923.0,pos,0 days 00:00:13.616000,0 days 02:00:46.290000,6990.584589554385,73.7956869953734,2,26.993189992694845,False,0,951.4021075855932,0.1660166942763443
2024-09-01 14:08:30.909,OnTrack,-161.0,8740.0,1924.0,pos,0 days 00:00:14.316000,0 days 02:00:46.990000,8444.614207100238,88.8921693633358,2,50.82974110000389,False,0,969.2577818883592,0.1691324536363304
2024-09-01 14:08:30.914,OnTrack,-161.2304476760038,8741.088481222458,1923.996004464915,car,0 days 00:00:14.321000,0 days 02:00:46.995000,8455.0,89.0,2,51.0,False,0,969.3897222222221,0.16915547681222518
2024-09-01 14:08:31.074,OnTrack,-169.2082630861945,8775.686707267074,1923.8287757653914,car,0 days 00:00:14.481000,0 days 02:00:47.155000,9155.0,96.0,2,59.0,False,0,973.6563888888887,0.1698999968105849
2024-09-01 14:08:31.189,OnTrack,-179.0,8814.0,1924.0,pos,0 days 00:00:14.596000,0 days 02:00:47.270000,9569.479397333333,99.83333546666667,2,61.8750016,False,0,976.8787964004355,0.17046229685008754
2024-09-01 14:08:31.314,OnTrack,-195.51044257981746,8876.833633530772,1924.6757689878195,car,0 days 00:00:14.721000,0 days 02:00:47.395000,10020.0,104.0,2,65.0,False,0,980.5897222222221,0.1711098418079195
2024-09-01 14:08:31.389,OnTrack,-204.0,8909.0,1925.0,pos,0 days 00:00:14.796000,0 days 02:00:47.470000,10007.410703542857,107.7500032,2,67.94643108571428,False,0,982.9407066839758,0.17152008124876525
2024-09-01 14:08:31.594,OnTrack,-213.02941339322484,8943.20621818561,1924.93176087089,car,0 days 00:00:15.001000,0 days 02:00:47.675000,9973.0,118.0,2,76.0,False,0,989.7674999999999,0.17271133534605787
2024-09-01 14:08:31.649,OnTrack,-216.0,8954.0,1925.0,pos,0 days 00:00:15.056000,0 days 02:00:47.730000,10119.09392,121.0937536,2,77.718752,False,0,991.6670142958365,0.1730427946539689
2024-09-01 14:08:31.754,OnTrack,-224.91299463890553,8986.056973746632,1925.43850007624,car,0 days 00:00:15.161000,0 days 02:00:47.835000,10398.0,127.0,3,81.0,False,0,995.4119444444444,0.1736962732605546
2024-09-01 14:08:31.869,OnTrack,-237.0,9030.0,1926.0,pos,0 days 00:00:15.276000,0 days 02:00:47.950000,10672.083485866668,132.0312528,3,85.3125024,False,0,999.7948965597088,0.1744610847062579
2024-09-01 14:08:32.209,OnTrack,-271.0,9161.0,1926.0,pos,0 days 00:00:15.616000,0 days 02:00:48.290000,11482.4168192,146.9062528,3,98.0625024,False,0,1014.0676414921102,0.17695163408914702
2024-09-01 14:08:32.234,OnTrack,-273.59605955792165,9171.266147752916,1925.9743592236941,car,0 days 00:00:15.641000,0 days 02:00:48.315000,11542.0,148.0,3,99.0,False,0,1015.1452777777778,0.17713967825296836
2024-09-01 14:08:32.389,OnTrack,-290.0,9237.0,1926.0,pos,0 days 00:00:15.796000,0 days 02:00:48.470000,10456.999552,157.687504,3,99.0,False,0,1021.9403850459547,0.17832540323394272
2024-09-01 14:08:32.394,OnTrack,-290.5257417882615,9239.150465491155,1926.0153970595875,car,0 days 00:00:15.801000,0 days 02:00:48.475000,10422.0,158.0,3,99.0,False,0,1022.1675,0.17836503408360208
2024-09-01 14:08:32.589,OnTrack,-311.0,9325.0,1927.0,pos,0 days 00:00:15.996000,0 days 02:00:48.670000,10821.7501312,168.29167004444446,3,99.0,False,0,1031.517520258252,0.17999658339625924
2024-09-01 14:08:32.754,OnTrack,-329.32162899480204,9403.694236007397,1926.9753225948723,car,0 days 00:00:16.161000,0 days 02:00:48.835000,11160.0,177.0,4,99.0,False,0,1039.8675,0.18145362876429752
2024-09-01 14:08:32.769,OnTrack,-331.0,9411.0,1927.0,pos,0 days 00:00:16.176000,0 days 02:00:48.850000,11190.3751296,177.60000256,4,99.0,False,0,1040.6342509309127,0.18158742440535036
2024-09-01 14:08:32.954,OnTrack,-351.38393835043223,9502.366812506218,1927.9004265735816,car,0 days 00:00:16.361000,0 days 02:00:49.035000,11565.0,185.0,4,99.0,False,0,1050.145277777778,0.18324706886451303
2024-09-01 14:08:32.989,OnTrack,-355.0,9520.0,1928.0,pos,0 days 00:00:16.396000,0 days 02:00:49.070000,11565.0,185.0,4,99.0,False,0,1051.9345413982176,0.18355928977414307
2024-09-01 14:08:33.114,OnTrack,-367.06280104388185,9584.015600516037,1927.929017186111,car,0 days 00:00:16.521000,0 days 02:00:49.195000,11565.0,185.0,4,99.0,False,0,1058.3675,0.1846818209446854
2024-09-01 14:08:33.190,OnTrack,-374.0,9624.0,1928.0,pos,0 days 00:00:16.597000,0 days 02:00:49.271000,11335.85922816,189.56001536,4,99.0,False,0,1062.435819334152,0.185391729953433
2024-09-01 14:08:33.314,OnTrack,-384.9450898135939,9691.188192251684,1928.7457659307827,car,0 days 00:00:16.721000,0 days 02:00:49.395000,10962.0,197.0,5,99.0,False,0,1069.3119444444444,0.1865915922946446
2024-09-01 14:08:33.350,OnTrack,-388.0,9711.0,1929.0,pos,0 days 00:00:16.757000,0 days 02:00:49.431000,11026.650459733333,198.65001173333334,5,99.0,False,0,1071.3493089635244,0.1869471060356767
2024-09-01 14:08:33.530,OnTrack,-402.0,9812.0,1930.0,pos,0 days 00:00:16.937000,0 days 02:00:49.611000,11349.9,206.9,5,99.0,False,0,1081.7708363866889,0.18876562999973925
2024-09-01 14:08:33.554,OnTrack,-403.5973578404464,9825.85521446231,1930.0538810502505,car,0 days 00:00:16.961000,0 days 02:00:49.635000,11393.0,208.0,5,99.0,False,0,1083.178611111111,0.18901128228931371
2024-09-01 14:08:33.750,OnTrack,-414.0,9940.0,1930.0,pos,0 days 00:00:17.157000,0 days 02:00:49.831000,11303.39988297143,212.20000548571429,5,99.70000091428571,False,0,1094.7976145135397,0.19103876206918508
2024-09-01 14:08:33.834,OnTrack,-417.1301604036057,9986.145010521046,1930.1165725082437,car,0 days 00:00:17.241000,0 days 02:00:49.915000,11265.0,214.0,5,100.0,False,0,1099.8230555555556,0.19191568582458163
2024-09-01 14:08:33.994,OnTrack,-421.2774677706578,10076.041946898978,1930.6731291893925,car,0 days 00:00:17.401000,0 days 02:00:50.075000,10615.0,217.0,6,99.0,False,0,1109.4675,0.1935986112375406
2024-09-01 14:08:34.070,OnTrack,-423.0,10133.0,1931.0,pos,0 days 00:00:17.477000,0 days 02:00:50.151000,10698.916949333334,218.9000064,6,99.0,False,0,1114.1145465147617,0.19440950633055967
2024-09-01 14:08:34.234,OnTrack,-426.3304737639696,10287.46615285303,1931.7731695550629,car,0 days 00:00:17.641000,0 days 02:00:50.315000,10880.0,223.0,6,99.0,False,0,1124.3341666666668,0.1961927981068253
2024-09-01 14:08:34.290,OnTrack,-427.0,10334.0,1932.0,pos,0 days 00:00:17.697000,0 days 02:00:50.371000,10928.34623440966,224.65831410903849,6,99.0,False,0,1127.8981897736016,0.19681470900004308
2024-09-01 14:08:34.630,OnTrack,-425.0,10504.0,1933.0,pos,0 days 00:00:18.037000,0 days 02:00:50.711000,11221.877164336815,234.7266573519224,6,99.0,False,0,1150.2390544581563,0.20071312006370703
2024-09-01 14:08:34.673,OnTrack,-424.3899221861243,10529.45776801995,1933.206070455487,car,0 days 00:00:18.080000,0 days 02:00:50.754000,11259.0,236.0,6,99.0,False,0,1153.1130555555553,0.20121462427284487
2024-09-01 14:08:34.850,OnTrack,-421.0,10651.0,1934.0,pos,0 days 00:00:18.257000,0 days 02:00:50.931000,11562.849890133333,241.16249813333334,6,99.0,False,0,1165.029283606245,0.20329396882489648
2024-09-01 14:08:34.913,OnTrack,-419.1659804544993,10694.11910327599,1933.9992299217233,car,0 days 00:00:18.320000,0 days 02:00:50.994000,11671.0,243.0,6,99.0,False,0,1169.3130555555554,0.20404147364161698
2024-09-01 14:08:35.010,OnTrack,-416.0,10759.0,1934.0,pos,0 days 00:00:18.417000,0 days 02:00:51.091000,11766.05993728,245.4249984,6,99.0,False,0,1175.9576384372992,0.20520093258760533
2024-09-01 14:08:35.113,OnTrack,-412.7405813926546,10826.354237929167,1934.610696956212,car,0 days 00:00:18.520000,0 days 02:00:51.194000,11867.0,248.0,6,99.0,False,0,1183.0908333333332,0.20644565280298693
2024-09-01 14:08:35.170,OnTrack,-410.0,10870.0,1935.0,pos,0 days 00:00:18.577000,0 days 02:00:51.251000,11662.433563022223,249.26666524444445,6,99.0,False,0,1187.0785982749846,0.20714150532200662
2024-09-01 14:08:35.450,OnTrack,-385.0,11152.0,1936.0,pos,0 days 00:00:18.857000,0 days 02:00:51.531000,10657.544674133333,255.48888746666665,6,99.0,False,0,1207.0329093955552,0.21062347024765274
2024-09-01 14:08:35.473,OnTrack,-383.08053368111166,11170.833838604653,1936.0358080032422,car,0 days 00:00:18.880000,0 days 02:00:51.554000,10575.0,256.0,7,99.0,False,0,1208.690833333333,0.2109127727931453
2024-09-01 14:08:35.753,OnTrack,-365.36209445337954,11311.248323603344,1936.0504443862128,car,0 days 00:00:19.160000,0 days 02:00:51.834000,10805.0,262.0,7,99.0,False,0,1229.068611111111,0.214468631326978
2024-09-01 14:08:35.910,OnTrack,-353.0,11398.0,1936.0,pos,0 days 00:00:19.317000,0 days 02:00:51.991000,10877.6125888,264.61666986666665,7,99.0,False,0,1240.6448292279765,0.21648864520823907
2024-09-01 14:08:35.970,OnTrack,-347.0,11441.0,1936.0,pos,0 days 00:00:19.377000,0 days 02:00:52.051000,10905.3624704,265.6166656,7,99.0,False,0,1245.0934278070251,0.2172649117567023
2024-09-01 14:08:35.993,OnTrack,-344.4761590425072,11457.783205575728,1936.0004053169405,car,0 days 00:00:19.400000,0 days 02:00:52.074000,10916.0,266.0,7,99.0,False,0,1246.8019444444442,0.2175630425701606
2024-09-01 14:08:36.233,OnTrack,-311.0419446891031,11633.731815422754,1936.0001463184394,car,0 days 00:00:19.640000,0 days 02:00:52.314000,11186.0,269.0,7,99.0,False,0,1264.7352777777776,0.22069235318826633
2024-09-01 14:08:36.270,OnTrack,-305.0,11661.0,1936.0,pos,0 days 00:00:19.677000,0 days 02:00:52.351000,11203.39009024,269.55500288,7,99.0,False,0,1267.5168477353707,0.22117772845239086
2024-09-01 14:08:36.433,OnTrack,-275.9244719362643,11781.545748815359,1935.999872734811,car,0 days 00:00:19.840000,0 days 02:00:52.514000,11280.0,272.0,7,99.0,False,0,1279.8463888888887,0.22332919484912372
2024-09-01 14:08:36.489,OnTrack,-265.0,11823.0,1936.0,pos,0 days 00:00:19.896000,0 days 02:00:52.570000,11299.6,273.1666666666667,7,99.0,False,0,1284.1268244502462,0.2240761174765739
2024-09-01 14:08:36.673,OnTrack,-225.7929544048278,11958.677632814097,1936.0005700805864,car,0 days 00:00:20.080000,0 days 02:00:52.754000,11364.0,277.0,7,99.0,False,0,1298.3130555555551,0.22655157046702437
2024-09-01 14:08:36.729,OnTrack,-213.0,11999.0,1936.0,pos,0 days 00:00:20.136000,0 days 02:00:52.810000,11405.0,277.4,7,99.0,False,0,1302.6409321017456,0.2273067713980566
2024-09-01 14:08:36.889,OnTrack,-172.0,12116.0,1936.0,pos,0 days 00:00:20.296000,0 days 02:00:52.970000,11522.142857142857,278.54285714285714,7,99.0,False,0,1315.0313977680044,0.22946886893185017
2024-09-01 14:08:36.953,OnTrack,-150.2636803304719,12171.322513019219,1936.0073461503723,car,0 days 00:00:20.360000,0 days 02:00:53.034000,11569.0,279.0,7,99.0,False,0,1320.0130555555552,0.23033815264618207
2024-09-01 14:08:37.114,OnTrack,-87.50322355282921,12321.095310564053,1936.015683394018,car,0 days 00:00:20.521000,0 days 02:00:53.195000,11642.0,282.0,7,99.0,False,0,1332.6247222222219,0.23253884906320868
2024-09-01 14:08:37.149,OnTrack,-76.0,12348.0,1936.0,pos,0 days 00:00:20.556000,0 days 02:00:53.230000,11659.0625312,282.4375008,7,99.0,False,0,1335.3837983547232,0.23302029922515655
2024-09-01 14:08:37.434,OnTrack,-5.040662193679918,12498.991361497361,1935.7960998218616,car,0 days 00:00:20.841000,0 days 02:00:53.515000,11798.0,286.0,7,99.0,False,0,1358.046944444444,0.23697494738676872
2024-09-01 14:08:37.509,OnTrack,30.0,12560.0,1936.0,pos,0 days 00:00:20.916000,0 days 02:00:53.590000,11467.530968,286.7031256,7,99.0,False,0,1364.042064925607,0.2380210771736754
2024-09-01 14:08:37.709,OnTrack,163.0,12780.0,1937.0,pos,0 days 00:00:21.116000,0 days 02:00:53.790000,10586.280968,288.5781256,7,99.0,False,0,1380.0985434491793,0.24082288249337064
2024-09-01 14:08:37.754,OnTrack,187.21234787176036,12818.41674211757,1937.0535906532302,car,0 days 00:00:21.161000,0 days 02:00:53.835000,10388.0,289.0,8,99.0,False,0,1383.735833333333,0.24145757821022626
2024-09-01 14:08:38.129,OnTrack,305.0,12977.0,1936.0,pos,0 days 00:00:21.536000,0 days 02:00:54.210000,10508.93752064,293.6875008,8,99.0,False,0,1414.3554946279392,0.24680061340792211
2024-09-01 14:08:38.154,OnTrack,315.1390904930753,12990.005725540967,1936.1027239375899,car,0 days 00:00:21.561000,0 days 02:00:54.235000,10517.0,294.0,8,99.0,False,0,1416.4024999999995,0.2471578094476679
2024-09-01 14:08:38.289,OnTrack,387.0,13078.0,1937.0,pos,0 days 00:00:21.696000,0 days 02:00:54.370000,10545.6875136,294.5625002666667,8,99.0,False,0,1427.4541645134136,0.2490862903645584
2024-09-01 14:08:38.394,OnTrack,478.7716248693319,13175.015447406226,1937.5536882722822,car,0 days 00:00:21.801000,0 days 02:00:54.475000,10568.0,295.0,8,99.0,False,0,1436.069166666666,0.2505895813151073
2024-09-01 14:08:38.549,OnTrack,618.0,13314.0,1938.0,pos,0 days 00:00:21.956000,0 days 02:00:54.630000,10643.95003136,296.55000064,8,99.0,False,0,1448.846071867597,0.252819111339929
2024-09-01 14:08:38.594,OnTrack,642.0918694240676,13337.930237639459,1938.0445030220617,car,0 days 00:00:22.001000,0 days 02:00:54.675000,10666.0,297.0,8,99.0,False,0,1452.5691666666662,0.2534687797462641
2024-09-01 14:08:38.849,OnTrack,717.0,13402.0,1938.0,pos,0 days 00:00:22.256000,0 days 02:00:54.930000,10755.2500224,299.1250005333333,8,99.0,False,0,1473.7830726265643,0.2571705400346547
2024-09-01 14:08:38.954,OnTrack,798.5260271718607,13464.646178822553,1938.2553864273252,car,0 days 00:00:22.361000,0 days 02:00:55.035000,10792.0,300.0,8,99.0,False,0,1482.5691666666662,0.2587036859847309
2024-09-01 14:08:39.149,OnTrack,984.0,13605.0,1939.0,pos,0 days 00:00:22.556000,0 days 02:00:55.230000,10832.625013333334,301.6250005333333,8,99.0,False,0,1498.9586580835853,0.2615636010135219
2024-09-01 14:08:39.314,OnTrack,1067.030884960351,13663.272404380295,1939.4609497143874,car,0 days 00:00:22.721000,0 days 02:00:55.395000,10867.0,303.0,8,99.0,False,0,1512.8691666666662,0.2639909412855824
2024-09-01 14:08:39.469,OnTrack,1139.0,13706.0,1940.0,pos,0 days 00:00:22.876000,0 days 02:00:55.550000,10884.4375072,303.9687504,8,99.0,False,0,1525.9571004784225,0.26627474483090924
2024-09-01 14:08:39.474,OnTrack,1142.1380310566146,13707.822354054337,1940.0231319101983,car,0 days 00:00:22.881000,0 days 02:00:55.555000,10885.0,304.0,8,99.0,False,0,1526.3802777777773,0.2663485879470549
2024-09-01 14:08:39.754,OnTrack,1380.8451058544542,13842.046298526919,1941.710964886411,car,0 days 00:00:23.161000,0 days 02:00:55.835000,10946.0,306.0,8,99.0,False,0,1550.1802777777775,0.2705016135629053
2024-09-01 14:08:39.810,OnTrack,1429.0,13867.0,1942.0,pos,0 days 00:00:23.217000,0 days 02:00:55.891000,10962.8,306.2,8,99.0,False,0,1554.9515809771465,0.27133419105903844
2024-09-01 14:08:40.034,OnTrack,1602.679610663475,13947.621840915059,1942.9151701402027,car,0 days 00:00:23.441000,0 days 02:00:56.115000,11030.0,307.0,8,99.0,False,0,1574.058055555555,0.2746682111578924
2024-09-01 14:08:40.050,OnTrack,1615.0,13953.0,1943.0,pos,0 days 00:00:23.457000,0 days 02:00:56.131000,11030.857142857143,307.0571428571429,8,99.0,False,0,1575.4240756557583,0.2749065773960399
2024-09-01 14:08:40.210,OnTrack,1741.0,14006.0,1944.0,pos,0 days 00:00:23.617000,0 days 02:00:56.291000,11039.42857142857,307.62857142857143,8,99.0,False,0,1589.0952620222508,0.27729215668927976
2024-09-01 14:08:40.314,OnTrack,1824.6969509774467,14037.610805912798,1944.5018664062154,car,0 days 00:00:23.721000,0 days 02:00:56.395000,11045.0,308.0,8,99.0,False,0,1598.0136111111108,0.27884838073201634
2024-09-01 14:08:40.430,OnTrack,1919.0,14070.0,1945.0,pos,0 days 00:00:23.837000,0 days 02:00:56.511000,11070.7375568,309.0875024,8,99.0,False,0,1608.0030928687518,0.28059151407775385
2024-09-01 14:08:40.610,OnTrack,2067.0,14115.0,1946.0,pos,0 days 00:00:24.017000,0 days 02:00:56.691000,11110.675,310.775,8,99.0,False,0,1623.5771221133364,0.2833091335061052
2024-09-01 14:08:40.634,OnTrack,2087.215908778642,14120.583063001424,1946.1636987721708,car,0 days 00:00:24.041000,0 days 02:00:56.715000,11116.0,311.0,8,99.0,False,0,1625.6580555555552,0.2836722498880554
2024-09-01 14:08:40.850,OnTrack,2269.0,14166.0,1948.0,pos,0 days 00:00:24.257000,0 days 02:00:56.931000,11172.314285714287,312.54285714285714,8,99.0,False,0,1644.4290575455675,0.286947731068715
2024-09-01 14:08:40.914,OnTrack,2318.201141526559,14177.317311222208,1948.6740764663405,car,0 days 00:00:24.321000,0 days 02:00:56.995000,11189.0,313.0,8,99.0,False,0,1650.0024999999996,0.28792027935786313
2024-09-01 14:08:41.114,OnTrack,2488.821903569733,14211.604504290885,1950.8597047265448,car,0 days 00:00:24.521000,0 days 02:00:57.195000,11216.0,314.0,8,99.0,False,0,1667.446944444444,0.29096428039282346
2024-09-01 14:08:41.130,OnTrack,2508.0,14215.0,1951.0,pos,0 days 00:00:24.537000,0 days 02:00:57.211000,11219.164344839783,314.04456823718004,8,99.0,False,0,1668.8439454189752,0.29120805269671407
2024-09-01 14:08:41.270,OnTrack,2698.0,14247.0,1952.0,pos,0 days 00:00:24.677000,0 days 02:00:57.351000,11246.852412817398,314.4345410255971,8,99.0,False,0,1681.0759753743966,0.29334250369413906
2024-09-01 14:08:41.473,OnTrack,2860.0297776197867,14272.97163529809,1953.195006270652,car,0 days 00:00:24.880000,0 days 02:00:57.554000,11287.0,315.0,8,99.0,False,0,1698.8594444444439,0.2964456634666848
2024-09-01 14:08:41.730,OnTrack,3028.0,14293.0,1955.0,pos,0 days 00:00:25.137000,0 days 02:00:57.811000,11281.159092363636,316.16818152727274,8,99.0,False,0,1721.4914039108273,0.3003948696599948
2024-09-01 14:08:41.913,OnTrack,3269.2346124961496,14319.834119227082,1956.84805156735,car,0 days 00:00:25.320000,0 days 02:00:57.994000,11277.0,317.0,8,99.0,False,0,1737.6038888888884,0.3032064479309566
2024-09-01 14:08:41.930,OnTrack,3290.0,14322.0,1957.0,pos,0 days 00:00:25.337000,0 days 02:00:58.011000,11276.23500288,316.91500032,8,99.08499968,False,0,1739.0978562215118,0.30346714056127716
2024-09-01 14:08:42.113,OnTrack,3464.3599649408366,14337.808575057194,1958.2227718720214,car,0 days 00:00:25.520000,0 days 02:00:58.194000,11268.0,316.0,8,100.0,False,0,1755.1594444444438,0.3062698375075409
2024-09-01 14:08:42.290,OnTrack,3588.0,14347.0,1959.0,pos,0 days 00:00:25.697000,0 days 02:00:58.371000,11272.4249984,316.0,8,99.11500032,False,0,1770.69601980502,0.30898092135019056
2024-09-01 14:08:42.313,OnTrack,3603.655817498619,14348.241265925179,1959.0936332888891,car,0 days 00:00:25.720000,0 days 02:00:58.394000,11273.0,316.0,8,99.0,False,0,1772.7149999999992,0.3093332270841252
2024-09-01 14:08:42.473,OnTrack,3709.9529377005983,14357.174639179073,1959.6981279423103,car,0 days 00:00:25.880000,0 days 02:00:58.554000,11264.0,316.0,8,99.0,False,0,1786.7594444444437,0.3117839387453926
2024-09-01 14:08:42.710,OnTrack,3885.0,14372.0,1961.0,pos,0 days 00:00:26.117000,0 days 02:00:58.791000,11284.7375168,316.0,8,99.0,False,0,1807.5627912564444,0.31541405774563036
2024-09-01 14:08:42.713,OnTrack,3887.57025849411,14372.205201197154,1961.024303716165,car,0 days 00:00:26.120000,0 days 02:00:58.794000,11285.0,316.0,8,99.0,False,0,1807.8261111111105,0.3154600062372938
2024-09-01 14:08:42.873,OnTrack,4035.8215380951933,14383.763050455636,1962.5539209862075,car,0 days 00:00:26.280000,0 days 02:00:58.954000,11273.0,316.0,8,100.0,False,0,1821.870555555555,0.31791071789856123
2024-09-01 14:08:42.970,OnTrack,4112.0,14391.0,1963.0,pos,0 days 00:00:26.377000,0 days 02:00:59.051000,11282.6999936,316.0,8,99.3937504,False,0,1830.3841560942371,0.31939631458428663
2024-09-01 14:08:43.010,OnTrack,4138.0,14394.0,1963.0,pos,0 days 00:00:26.417000,0 days 02:00:59.091000,11286.6999936,316.0,8,99.1437504,False,0,1833.8955555656971,0.32000904281758313
2024-09-01 14:08:43.033,OnTrack,4155.16374753691,14395.783043676964,1963.0324366970215,car,0 days 00:00:26.440000,0 days 02:00:59.114000,11289.0,316.0,8,99.0,False,0,1835.9149999999995,0.3203614295598287
2024-09-01 14:08:43.193,OnTrack,4334.477877144203,14409.583201676973,1964.2514037531942,car,0 days 00:00:26.600000,0 days 02:00:59.274000,11263.0,316.0,8,100.0,False,0,1849.959444444444,0.32281214122109614
2024-09-01 14:08:43.369,OnTrack,4558.0,14424.0,1966.0,pos,0 days 00:00:26.776000,0 days 02:00:59.450000,11219.488888888889,315.02222222222224,8,99.5111111111111,False,0,1865.3296877875434,0.32549420064654766
2024-09-01 14:08:43.553,OnTrack,4732.56496744877,14434.875317087492,1966.7924978040105,car,0 days 00:00:26.960000,0 days 02:00:59.634000,11174.0,314.0,8,99.0,False,0,1881.3594444444439,0.32829134308402474
2024-09-01 14:08:43.689,OnTrack,4836.0,14441.0,1967.0,pos,0 days 00:00:27.096000,0 days 02:00:59.770000,11187.543572061364,314.0,8,99.0,False,0,1893.2249111418005,0.33036182993856855
2024-09-01 14:08:43.794,OnTrack,4906.9962485930955,14444.999209760233,1967.0775075666515,car,0 days 00:00:27.201000,0 days 02:00:59.875000,11198.0,314.0,8,99.0,False,0,1902.3799999999994,0.331959364331152
2024-09-01 14:08:44.034,OnTrack,5050.131134464117,14452.309881916379,1967.0288519148785,car,0 days 00:00:27.441000,0 days 02:01:00.115000,11144.0,313.0,8,99.0,False,0,1923.246666666666,0.33560053244813004
2024-09-01 14:08:44.169,OnTrack,5149.0,14457.0,1967.0,pos,0 days 00:00:27.576000,0 days 02:01:00.250000,11134.624995555556,312.6249998222222,8,99.0,False,0,1934.9508339716697,0.3376428730628308
2024-09-01 14:08:44.349,OnTrack,5305.0,14464.0,1967.0,pos,0 days 00:00:27.756000,0 days 02:01:00.430000,11122.124995555556,312.1249998222222,8,99.0,False,0,1950.5429589935518,0.3403636501477643
2024-09-01 14:08:44.394,OnTrack,5342.858450657068,14465.488999583506,1967.0015320782118,car,0 days 00:00:27.801000,0 days 02:01:00.475000,11119.0,312.0,8,99.0,False,0,1954.446666666666,0.3410448349361356
2024-09-01 14:08:44.569,OnTrack,5495.0,14471.0,1967.0,pos,0 days 00:00:27.976000,0 days 02:01:00.650000,10793.93738112,308.06249856,8,55.68748416,False,0,1969.651828409868,0.3436980881383484
2024-09-01 14:08:44.794,OnTrack,5747.118696091962,14481.43550588615,1966.9919922356037,car,0 days 00:00:28.201000,0 days 02:01:00.875000,10376.0,303.0,8,0.0,True,0,1988.1133333333328,0.3469195630481928
2024-09-01 14:08:44.809,OnTrack,5761.0,14482.0,1967.0,pos,0 days 00:00:28.216000,0 days 02:01:00.890000,10350.749892266667,300.49998933333336,8,0.0,True,0,1989.244568582035,0.3471169600635463
2024-09-01 14:08:45.154,OnTrack,5951.661192081738,14488.71554279135,1967.0598550691082,car,0 days 00:00:28.561000,0 days 02:01:01.235000,9770.0,243.0,8,0.0,True,0,2012.4133333333327,0.35115983710135096
2024-09-01 14:08:45.169,OnTrack,5960.0,14489.0,1967.0,pos,0 days 00:00:28.576000,0 days 02:01:01.250000,9795.6876096,241.37499306666666,8,0.0,True,0,2013.3509946728066,0.35132345607453697
2024-09-01 14:08:45.349,OnTrack,6072.0,14493.0,1966.0,pos,0 days 00:00:28.756000,0 days 02:01:01.430000,10103.9376096,221.87499306666666,8,0.0,True,0,2024.2721149182694,0.353229157424671
2024-09-01 14:08:45.394,OnTrack,6098.6176128238585,14494.00640780225,1965.8895141372768,car,0 days 00:00:28.801000,0 days 02:01:01.475000,10181.0,217.0,7,0.0,True,0,2026.8799999999992,0.3536842252207894
2024-09-01 14:08:45.569,OnTrack,6198.0,14498.0,1966.0,pos,0 days 00:00:28.976000,0 days 02:01:01.650000,9997.2499328,199.4999936,7,0.0,True,0,2036.4803450921572,0.3553594554346018
2024-09-01 14:08:45.634,OnTrack,6238.951626556081,14499.721510348129,1966.0446738973149,car,0 days 00:00:29.041000,0 days 02:01:01.715000,9929.0,193.0,6,0.0,True,0,2039.746666666666,0.35592941834084296
2024-09-01 14:08:45.829,OnTrack,6359.0,14505.0,1966.0,pos,0 days 00:00:29.236000,0 days 02:01:01.910000,9732.1718104,169.8437424,6,0.0,True,0,2048.438851566198,0.3574461774393919
2024-09-01 14:08:45.954,OnTrack,6406.630780548453,14507.374659735673,1965.7307847632296,car,0 days 00:00:29.361000,0 days 02:01:02.035000,9606.0,155.0,5,0.0,True,0,2053.524444444444,0.35833359750221294
2024-09-01 14:08:46.229,OnTrack,6483.0,14518.0,1965.0,pos,0 days 00:00:29.636000,0 days 02:01:02.310000,9668.857157485714,140.2678537142857,5,0.0,True,0,2064.221764948925,0.3602002464970058
2024-09-01 14:08:46.234,OnTrack,6485.222536541106,14518.4298519007,1964.9958736125184,car,0 days 00:00:29.641000,0 days 02:01:02.315000,9670.0,140.0,4,0.0,True,0,2064.413333333333,0.3602336745813602
2024-09-01 14:08:46.430,OnTrack,6587.0,14540.0,1965.0,pos,0 days 00:00:29.837000,0 days 02:01:02.511000,8893.83898624,135.0999936,4,0.0,True,0,2071.7711646197517,0.3615175931447889
2024-09-01 14:08:46.434,OnTrack,6588.841085935899,14540.432696993266,1964.9981204223543,car,0 days 00:00:29.841000,0 days 02:01:02.515000,8878.0,135.0,3,0.0,True,0,2071.913333333333,0.3615424011409769
2024-09-01 14:08:46.754,OnTrack,6681.820289261489,14569.007223692448,1964.3246873412318,car,0 days 00:00:30.161000,0 days 02:01:02.835000,8176.0,116.0,3,0.0,True,0,2082.224444444444,0.3633416578036796
2024-09-01 14:08:46.850,OnTrack,6702.0,14577.0,1964.0,pos,0 days 00:00:30.257000,0 days 02:01:02.931000,8055.7,113.9,3,0.0,True,0,2085.1605662541433,0.3638540018829627
2024-09-01 14:08:47.074,OnTrack,6749.164980024295,14597.081801179243,1963.1630130174626,car,0 days 00:00:30.481000,0 days 02:01:03.155000,7775.0,109.0,3,0.0,True,0,2091.913333333333,0.36503233863328816
2024-09-01 14:08:47.150,OnTrack,6766.0,14606.0,1963.0,pos,0 days 00:00:30.557000,0 days 02:01:03.231000,7660.0496128,108.0499968,3,0.0,True,0,2094.1881050702577,0.3654292791918453
2024-09-01 14:08:47.234,OnTrack,6785.368440392938,14617.650391344745,1962.940147759302,car,0 days 00:00:30.641000,0 days 02:01:03.315000,7533.0,107.0,3,0.0,False,0,2096.6688888888884,0.3658621682147932
2024-09-01 14:08:47.350,OnTrack,6812.0,14636.0,1963.0,pos,0 days 00:00:30.757000,0 days 02:01:03.431000,7507.3832768,104.583328,3,3.3833408,False,0,2099.990243433754,0.3664417342023625
2024-09-01 14:08:47.474,OnTrack,6837.938005829918,14657.124093472627,1963.1381833477508,car,0 days 00:00:30.881000,0 days 02:01:03.555000,7480.0,102.0,3,7.0,False,0,2103.4688888888886,0.3670487469621791
2024-09-01 14:08:47.670,OnTrack,6873.0,14695.0,1963.0,pos,0 days 00:00:31.077000,0 days 02:01:03.751000,7672.436614981818,102.44545512727272,3,17.690923054545454,False,0,2108.9563891471175,0.36800629860669215
2024-09-01 14:08:47.830,OnTrack,6896.0,14732.0,1962.0,pos,0 days 00:00:31.237000,0 days 02:01:03.911000,7829.527524072727,102.8090914909091,3,26.41819578181818,False,0,2113.536394044042,0.3688054951469294
2024-09-01 14:08:47.914,OnTrack,6907.054219026017,14754.282131131125,1961.3479358071913,car,0 days 00:00:31.321000,0 days 02:01:03.995000,7912.0,103.0,3,31.0,False,0,2116.0577777777776,0.36924546872817277
2024-09-01 14:08:48.110,OnTrack,6933.0,14812.0,1961.0,pos,0 days 00:00:31.517000,0 days 02:01:04.191000,8193.716195170371,110.09750104111401,3,44.10307884513358,False,0,2122.2577523532027,0.37032734491428043
2024-09-01 14:08:48.190,OnTrack,6945.0,14836.0,1962.0,pos,0 days 00:00:31.597000,0 days 02:01:04.271000,8308.702247094863,112.99443645781633,3,49.45126730673786,False,0,2124.88042463036,0.37078499302978524
2024-09-01 14:08:48.273,OnTrack,6957.389765469956,14858.80014864024,1962.106999017171,car,0 days 00:00:31.680000,0 days 02:01:04.354000,8428.0,116.0,3,55.0,False,0,2127.6255555555554,0.37126400979664237
2024-09-01 14:08:48.410,OnTrack,6984.0,14896.0,1961.0,pos,0 days 00:00:31.817000,0 days 02:01:04.491000,8666.771317028572,118.44642742857143,3,42.27857737142857,False,0,2132.2104067075934,0.37206405199325054
2024-09-01 14:08:48.553,OnTrack,7032.689462438459,14943.874207357956,1960.7511993637386,car,0 days 00:00:31.960000,0 days 02:01:04.634000,8916.0,121.0,3,29.0,False,0,2137.0366666666664,0.37290621927219103
2024-09-01 14:08:48.710,OnTrack,7087.0,14991.0,1961.0,pos,0 days 00:00:32.117000,0 days 02:01:04.791000,9210.936074971429,121.56071497142857,3,29.56071497142857,False,0,2142.3456799795076,0.37383262550257423
2024-09-01 14:08:48.833,OnTrack,7110.837484340071,15010.825412541972,1961.0617572574702,car,0 days 00:00:32.240000,0 days 02:01:04.914000,9442.0,122.0,3,30.0,False,0,2146.5255555555555,0.3745620007268765
2024-09-01 14:08:49.073,OnTrack,7155.95173477684,15032.97787799783,1961.0000873267202,car,0 days 00:00:32.480000,0 days 02:01:05.154000,9307.0,123.0,3,49.0,False,0,2154.7255555555553,0.3759928750987241
2024-09-01 14:08:49.090,OnTrack,7163.0,15036.0,1961.0,pos,0 days 00:00:32.497000,0 days 02:01:05.171000,9390.2996864,123.0,3,50.2749952,False,0,2155.302222662969,0.3760935017066614
2024-09-01 14:08:49.233,OnTrack,7242.953719033744,15069.634697640937,1961.0241521812086,car,0 days 00:00:32.640000,0 days 02:01:05.314000,10091.0,123.0,3,61.0,False,0,2160.192222222222,0.37694679134662246
2024-09-01 14:08:49.310,OnTrack,7283.0,15086.0,1961.0,pos,0 days 00:00:32.717000,0 days 02:01:05.391000,10320.900573257142,126.57500891428572,3,64.85000959999999,False,0,2162.970637085642,0.3774316160566747
2024-09-01 14:08:49.513,OnTrack,7336.883050185494,15105.497994834332,1960.6853161578015,car,0 days 00:00:32.920000,0 days 02:01:05.594000,10927.0,136.0,3,75.0,False,0,2170.77,0.37879258050922265
2024-09-01 14:08:49.729,OnTrack,7391.0,15116.0,1960.0,pos,0 days 00:00:33.136000,0 days 02:01:05.810000,11585.028571428571,145.25714285714287,3,88.88571428571429,False,0,2179.563830476665,0.38032707644329977
2024-09-01 14:08:49.793,OnTrack,7423.007372171933,15122.838839990014,1959.7378783415515,car,0 days 00:00:33.200000,0 days 02:01:05.874000,11780.0,148.0,3,93.0,False,0,2182.281111111111,0.380801233421464
2024-09-01 14:08:49.949,OnTrack,7518.0,15143.0,1959.0,pos,0 days 00:00:33.356000,0 days 02:01:06.030000,11200.3625,155.3125,3,95.925,False,0,2189.136447954777,0.38199746827512066
2024-09-01 14:08:50.113,OnTrack,7607.976031260483,15159.925163212916,1958.1100601373282,car,0 days 00:00:33.520000,0 days 02:01:06.194000,10591.0,163.0,4,99.0,False,0,2196.77,0.38332949924922727
2024-09-01 14:08:50.389,OnTrack,7736.0,15182.0,1957.0,pos,0 days 00:00:33.796000,0 days 02:01:06.470000,11194.068687310595,175.04989765320883,4,99.0,False,0,2210.7619174746924,0.38577104511843996
2024-09-01 14:08:50.594,OnTrack,7821.4527035258925,15199.830785005091,1957.0914466284644,car,0 days 00:00:34.001000,0 days 02:01:06.675000,11642.0,184.0,4,99.0,False,0,2221.354444444444,0.3876194079689427
2024-09-01 14:08:50.649,OnTrack,7848.0,15206.0,1957.0,pos,0 days 00:00:34.056000,0 days 02:01:06.730000,11449.499776,184.0,4,99.0,False,0,2224.1420862925147,0.3881058427589785
2024-09-01 14:08:50.794,OnTrack,7930.449384092063,15226.247145269668,1956.2634491350882,car,0 days 00:00:34.201000,0 days 02:01:06.875000,10942.0,184.0,4,99.0,False,0,2231.5766666666664,0.3894031537983462
2024-09-01 14:08:50.954,OnTrack,8032.708833969388,15254.43893049352,1955.1503367269393,car,0 days 00:00:34.361000,0 days 02:01:07.035000,10966.0,199.0,5,99.0,False,0,2240.421111111111,0.3909464817116127
2024-09-01 14:08:51.029,OnTrack,8076.0,15269.0,1955.0,pos,0 days 00:00:34.436000,0 days 02:01:07.110000,11097.785826742856,200.8750016,5,99.0,False,0,2244.6526800026804,0.39168487725791207
2024-09-01 14:08:51.049,OnTrack,8087.0,15273.0,1955.0,pos,0 days 00:00:34.456000,0 days 02:01:07.130000,11132.928683885715,201.3750016,5,99.0,False,0,2245.7860988067414,0.39188265529685123
2024-09-01 14:08:51.234,OnTrack,8188.838398751156,15304.943996874184,1954.393122436084,car,0 days 00:00:34.641000,0 days 02:01:07.315000,11458.0,206.0,5,99.0,False,0,2256.443333333333,0.3937423094137865
2024-09-01 14:08:51.369,OnTrack,8265.0,15327.0,1954.0,pos,0 days 00:00:34.776000,0 days 02:01:07.450000,11200.82487808,210.38750208,5,99.0,False,0,2264.489955103703,0.39514641976392956
2024-09-01 14:08:51.569,OnTrack,8381.0,15363.0,1954.0,pos,0 days 00:00:34.976000,0 days 02:01:07.650000,10819.82487808,216.88750208,5,99.0,False,0,2276.7539783335137,0.3972864534877442
2024-09-01 14:08:51.634,OnTrack,8417.892876111946,15374.998708655348,1953.6378521473134,car,0 days 00:00:35.041000,0 days 02:01:07.715000,10696.0,219.0,5,99.0,False,0,2280.776666666666,0.3979884000294318
2024-09-01 14:08:51.729,OnTrack,8474.0,15394.0,1953.0,pos,0 days 00:00:35.136000,0 days 02:01:07.810000,10681.3541568,221.3750016,5,99.0,False,0,2286.6829693051027,0.39901903138037265
2024-09-01 14:08:51.874,OnTrack,8574.87549533922,15430.50453548984,1952.8291876041662,car,0 days 00:00:35.281000,0 days 02:01:07.955000,10659.0,225.0,6,99.0,False,0,2295.776666666666,0.40060585314866526
2024-09-01 14:08:52.049,OnTrack,8698.0,15477.0,1953.0,pos,0 days 00:00:35.456000,0 days 02:01:08.130000,10802.402830222221,227.91666773333333,6,99.0,False,0,2306.916661463886,0.4025497474240137
2024-09-01 14:08:52.234,OnTrack,8796.928534988881,15515.371962343326,1952.3042575176378,car,0 days 00:00:35.641000,0 days 02:01:08.315000,10954.0,231.0,6,99.0,False,0,2318.876666666666,0.4046367309522847
2024-09-01 14:08:52.449,OnTrack,8903.0,15557.0,1951.0,pos,0 days 00:00:35.856000,0 days 02:01:08.530000,11089.352313018182,234.42045556363635,6,99.0,False,0,2332.99443327534,0.4071002371020502
2024-09-01 14:08:52.674,OnTrack,9041.563663120758,15609.597783846395,1950.0279411924619,car,0 days 00:00:36.081000,0 days 02:01:08.755000,11231.0,238.0,6,99.0,False,0,2347.9655555555555,0.4097126511494352
2024-09-01 14:08:52.689,OnTrack,9051.0,15613.0,1950.0,pos,0 days 00:00:36.096000,0 days 02:01:08.770000,11240.857184914286,238.21428662857141,6,99.0,False,0,2348.968716555259,0.4098876996086197
2024-09-01 14:08:52.870,OnTrack,9164.0,15652.0,1950.0,pos,0 days 00:00:36.277000,0 days 02:01:08.951000,11359.800168228572,240.80000365714287,6,99.0,False,0,2361.1222542279766,0.41200845394803143
2024-09-01 14:08:52.954,OnTrack,9216.875204499767,15670.133844071555,1950.0149138542545,car,0 days 00:00:36.361000,0 days 02:01:09.035000,11415.0,242.0,6,99.0,False,0,2366.787777777777,0.4129970701005325
2024-09-01 14:08:53.090,OnTrack,9304.0,15700.0,1950.0,pos,0 days 00:00:36.497000,0 days 02:01:09.171000,11489.12,243.36,6,99.0,False,0,2375.9916783683298,0.4146031219878562
2024-09-01 14:08:53.154,OnTrack,9345.917560307342,15714.218772867694,1949.9879646296138,car,0 days 00:00:36.561000,0 days 02:01:09.235000,11524.0,244.0,6,99.0,False,0,2380.343333333333,0.4153624721786546
2024-09-01 14:08:53.190,OnTrack,9369.0,15722.0,1950.0,pos,0 days 00:00:36.597000,0 days 02:01:09.271000,11539.8626128,244.3375024,6,99.0,False,0,2382.798141691103,0.4157908285648656
2024-09-01 14:08:53.350,OnTrack,9472.0,15756.0,1950.0,pos,0 days 00:00:36.757000,0 days 02:01:09.431000,11610.3626128,245.8375024,6,99.0,False,0,2393.7670876544653,0.4177048753532993
2024-09-01 14:08:53.474,OnTrack,9585.020553293365,15791.827844976713,1948.741745989913,car,0 days 00:00:36.881000,0 days 02:01:09.555000,11665.0,247.0,6,99.0,False,0,2402.2988888888885,0.41919364800354736
2024-09-01 14:08:53.670,OnTrack,9769.0,15848.0,1946.0,pos,0 days 00:00:37.077000,0 days 02:01:09.751000,11232.81943552,246.01999872,6,1.9798732799999925,False,0,2415.6987481516635,0.42153188156518995
2024-09-01 14:08:53.674,OnTrack,9771.664419226898,15848.769933826548,1945.968441345299,car,0 days 00:00:37.081000,0 days 02:01:09.755000,11224.0,246.0,6,0.0,True,0,2415.9655555555555,0.4215784386232934
2024-09-01 14:08:53.914,OnTrack,9855.932394325944,15868.279224578988,1945.7055384774085,car,0 days 00:00:37.321000,0 days 02:01:09.995000,10440.0,230.0,6,0.0,True,0,2431.2988888888885,0.42425405736739863
2024-09-01 14:08:54.030,OnTrack,9896.0,15873.0,1945.0,pos,0 days 00:00:37.437000,0 days 02:01:10.111000,10546.509325963636,223.40907636363636,6,1.3181847272727274,True,0,2438.205022606169,0.4254591561167413
2024-09-01 14:08:54.230,OnTrack,10013.0,15883.0,1942.0,pos,0 days 00:00:37.637000,0 days 02:01:10.311000,10730.1456896,212.04543999999999,6,3.5909120000000003,True,0,2449.447057839609,0.42742085612929454
2024-09-01 14:08:54.354,OnTrack,10108.958312436564,15877.31691674346,1941.1926140188798,car,0 days 00:00:37.761000,0 days 02:01:10.435000,10844.0,205.0,5,5.0,True,0,2456.354444444444,0.42862617350359966
2024-09-01 14:08:54.570,OnTrack,10269.0,15853.0,1941.0,pos,0 days 00:00:37.977000,0 days 02:01:10.651000,10430.9,200.5,5,3.2,True,0,2468.3745806246757,0.4307236496995035
2024-09-01 14:08:54.594,OnTrack,10280.922398035005,15850.595332857483,1940.8925657212465,car,0 days 00:00:38.001000,0 days 02:01:10.675000,10385.0,200.0,5,3.0,True,0,2469.6877777777772,0.4309527984984738
2024-09-01 14:08:54.890,OnTrack,10369.0,15818.0,1939.0,pos,0 days 00:00:38.297000,0 days 02:01:10.971000,10259.626586526061,192.5814548240273,5,14.869672281556326,True,0,2485.3927238553924,0.43369326250502355
2024-09-01 14:08:54.993,OnTrack,10414.263378618754,15796.624290171454,1939.0725512085958,car,0 days 00:00:38.400000,0 days 02:01:11.074000,10216.0,190.0,5,19.0,False,0,2490.7461111111106,0.4346274118497532
2024-09-01 14:08:55.110,OnTrack,10471.0,15767.0,1939.0,pos,0 days 00:00:38.517000,0 days 02:01:11.191000,10242.3250432,188.5374976,5,29.2375168,False,0,2496.7952769393814,0.43568297238081766
2024-09-01 14:08:55.230,OnTrack,10523.0,15733.0,1938.0,pos,0 days 00:00:38.637000,0 days 02:01:11.311000,10269.3250432,187.0374976,5,39.737516799999995,False,0,2502.980320437443,0.4367622431405907
2024-09-01 14:08:55.313,OnTrack,10559.441907007913,15704.828435731499,1937.485102325346,car,0 days 00:00:38.720000,0 days 02:01:11.394000,10288.0,186.0,5,47.0,False,0,2507.279444444444,0.4375124268433971
2024-09-01 14:08:55.513,OnTrack,10647.806578071886,15623.440682313083,1937.1099100260271,car,0 days 00:00:38.920000,0 days 02:01:11.594000,10428.0,188.0,5,54.0,False,0,2517.7238888888887,0.4393349497560486
2024-09-01 14:08:55.590,OnTrack,10677.0,15592.0,1937.0,pos,0 days 00:00:38.997000,0 days 02:01:11.671000,10534.425265371428,189.10000274285716,5,63.625023999999996,False,0,2521.780448313841,0.4400428066973951
2024-09-01 14:08:55.793,OnTrack,10737.554709936143,15512.336620139504,1936.5969216959713,car,0 days 00:00:39.200000,0 days 02:01:11.874000,10815.0,192.0,5,89.0,False,0,2532.657222222222,0.44194076975030766
2024-09-01 14:08:56.010,OnTrack,10788.0,15419.0,1936.0,pos,0 days 00:00:39.417000,0 days 02:01:12.091000,11064.5499264,198.50999808,5,94.42499839999999,False,0,2544.8163059516837,0.44406249185928764
2024-09-01 14:08:56.193,OnTrack,10828.56913006554,15323.344996616626,1935.8498039349388,car,0 days 00:00:39.600000,0 days 02:01:12.274000,11275.0,204.0,5,99.0,False,0,2555.3238888888886,0.4458960322415937
2024-09-01 14:08:56.210,OnTrack,10832.0,15314.0,1936.0,pos,0 days 00:00:39.617000,0 days 02:01:12.291000,11287.49495296,204.4249984,5,99.0,False,0,2556.304244898283,0.44606710130124355
2024-09-01 14:08:56.289,OnTrack,10847.0,15270.0,1937.0,pos,0 days 00:00:39.696000,0 days 02:01:12.370000,11345.56,206.4,5,99.0,False,0,2560.8695083776183,0.44686372551018416
2024-09-01 14:08:56.393,OnTrack,10864.778230205546,15211.762391224158,1937.3469535235529,car,0 days 00:00:39.800000,0 days 02:01:12.474000,11422.0,209.0,5,99.0,False,0,2566.9349999999995,0.44792213484129656
2024-09-01 14:08:56.489,OnTrack,10879.0,15157.0,1937.0,pos,0 days 00:00:39.896000,0 days 02:01:12.570000,11607.4,212.0,5,99.0,False,0,2572.6185395206776,0.4489138947244089
2024-09-01 14:08:56.553,OnTrack,10887.182030110656,15119.527198957401,1936.7022127154382,car,0 days 00:00:39.960000,0 days 02:01:12.634000,11731.0,214.0,5,99.0,False,0,2576.446111111111,0.4495817940043068
2024-09-01 14:08:56.689,OnTrack,10902.0,15038.0,1936.0,pos,0 days 00:00:40.096000,0 days 02:01:12.770000,11158.444709453599,216.41992937678106,5,99.0,False,0,2584.669246699719,0.451016705464059
2024-09-01 14:08:56.834,OnTrack,10916.101168693123,14949.855684490005,1935.4086920078857,car,0 days 00:00:40.241000,0 days 02:01:12.915000,10548.0,219.0,5,99.0,False,0,2593.5402777777776,0.4525646726617977
2024-09-01 14:08:57.034,OnTrack,10931.188211306478,14826.353328598545,1935.003152967261,car,0 days 00:00:40.441000,0 days 02:01:13.115000,10853.0,223.0,6,99.0,False,0,2605.929166666667,0.45472649505286833
2024-09-01 14:08:57.049,OnTrack,10932.0,14817.0,1935.0,pos,0 days 00:00:40.456000,0 days 02:01:13.130000,10857.670474472727,223.30681949090908,6,99.0,False,0,2606.8719291217326,0.4548910041547822
2024-09-01 14:08:57.089,OnTrack,10934.0,14792.0,1935.0,pos,0 days 00:00:40.496000,0 days 02:01:13.170000,10870.125019927273,224.12500130909092,6,99.0,False,0,2609.3968656583684,0.45533159768902776
2024-09-01 14:08:57.349,OnTrack,10949.0,14628.0,1934.0,pos,0 days 00:00:40.756000,0 days 02:01:13.430000,10951.079565381819,229.44318312727273,6,99.0,False,0,2626.1536920263484,0.4582556115187159
2024-09-01 14:08:57.474,OnTrack,10956.061502095097,14548.156189776282,1933.3910284744063,car,0 days 00:00:40.881000,0 days 02:01:13.555000,10990.0,232.0,6,99.0,False,0,2634.284722222222,0.4596744508753007
2024-09-01 14:08:57.589,OnTrack,10962.0,14474.0,1933.0,pos,0 days 00:00:40.996000,0 days 02:01:13.670000,11044.9844056,233.0781256,6,99.0,False,0,2641.773104089363,0.4609811501070446
2024-09-01 14:08:57.794,OnTrack,10970.866454075958,14340.062180261863,1932.9770786977178,car,0 days 00:00:41.201000,0 days 02:01:13.875000,11143.0,235.0,6,99.0,False,0,2655.173611111111,0.46331949670060346
2024-09-01 14:08:57.849,OnTrack,10973.0,14304.0,1933.0,pos,0 days 00:00:41.256000,0 days 02:01:13.930000,11191.125056,235.6875008,6,99.0,False,0,2658.790696277313,0.46395066675732405
2024-09-01 14:08:58.009,OnTrack,10979.0,14199.0,1933.0,pos,0 days 00:00:41.416000,0 days 02:01:14.090000,11331.125056,237.6875008,6,99.0,False,0,2669.3755110515776,0.46579768385381787
2024-09-01 14:08:58.034,OnTrack,10980.003801143368,14182.534634894724,1932.9970614593906,car,0 days 00:00:41.441000,0 days 02:01:14.115000,11353.0,238.0,6,99.0,False,0,2671.0402777777776,0.46608818044450373
2024-09-01 14:08:58.149,OnTrack,10985.0,14106.0,1933.0,pos,0 days 00:00:41.556000,0 days 02:01:14.230000,11406.47502976,239.4375008,6,99.0,False,0,2678.7382421917546,0.4674314511756445
2024-09-01 14:08:58.434,OnTrack,11000.089531323149,13907.332160655069,1933.2418522822172,car,0 days 00:00:41.841000,0 days 02:01:14.515000,11539.0,243.0,6,99.0,False,0,2698.0402777777776,0.4707995960591239
2024-09-01 14:08:58.529,OnTrack,11005.0,13849.0,1933.0,pos,0 days 00:00:41.936000,0 days 02:01:14.610000,11586.839317942857,244.01785782857144,6,99.0,False,0,2704.514455375606,0.471929319815651
2024-09-01 14:08:58.714,OnTrack,11014.021373413136,13750.522206899659,1932.0255518983586,car,0 days 00:00:42.121000,0 days 02:01:14.795000,11680.0,246.0,6,99.0,False,0,2717.173611111111,0.4741383029267683
2024-09-01 14:08:58.749,OnTrack,11016.0,13730.0,1932.0,pos,0 days 00:00:42.156000,0 days 02:01:14.830000,11680.0,246.3750006857143,6,99.12500022857142,False,0,2719.5760352347643,0.4745575184278468
2024-09-01 14:08:58.969,OnTrack,11031.0,13579.0,1933.0,pos,0 days 00:00:42.376000,0 days 02:01:15.050000,11680.0,248.73214354285713,6,99.91071451428571,False,0,2734.7858163601004,0.47721157769780476
2024-09-01 14:08:58.994,OnTrack,11032.785333798876,13561.383398254215,1932.999985304739,car,0 days 00:00:42.401000,0 days 02:01:15.075000,11680.0,249.0,6,100.0,False,0,2736.5402777777776,0.477517725731823
2024-09-01 14:08:59.194,OnTrack,11046.703966801811,13423.389274288967,1931.990720250315,car,0 days 00:00:42.601000,0 days 02:01:15.275000,11230.0,252.0,6,50.0,False,0,2750.540277777777,0.4799606819764408
2024-09-01 14:08:59.249,OnTrack,11050.0,13387.0,1932.0,pos,0 days 00:00:42.656000,0 days 02:01:15.330000,11191.4999552,245.124992,6,50.0,False,0,2754.1625720829143,0.48059276101162496
2024-09-01 14:08:59.394,OnTrack,11057.289375802184,13294.846103999505,1932.91342383668,car,0 days 00:00:42.801000,0 days 02:01:15.475000,11090.0,227.0,6,50.0,True,0,2763.1513888888885,0.4821612814507593
2024-09-01 14:08:59.410,OnTrack,11058.0,13285.0,1933.0,pos,0 days 00:00:42.817000,0 days 02:01:15.491000,11050.32,225.16,6,46.0,True,0,2764.1023630275076,0.48232722346578855
2024-09-01 14:08:59.594,OnTrack,11064.82293400702,13176.329883459677,1933.184464158907,car,0 days 00:00:43.001000,0 days 02:01:15.675000,10594.0,204.0,6,0.0,True,0,2774.4847222222215,0.4841389126964023
2024-09-01 14:08:59.650,OnTrack,11066.0,13145.0,1933.0,pos,0 days 00:00:43.057000,0 days 02:01:15.731000,10678.875,200.15,6,0.0,True,0,2777.450647246236,0.4846564573434369
2024-09-01 14:08:59.810,OnTrack,11067.0,13061.0,1932.0,pos,0 days 00:00:43.217000,0 days 02:01:15.891000,10921.375,189.15,6,0.0,True,0,2785.4852375555274,0.48605846824122473
2024-09-01 14:08:59.914,OnTrack,11067.354996205555,13013.3807076271,1931.1529811813116,car,0 days 00:00:43.321000,0 days 02:01:15.995000,11079.0,182.0,5,0.0,True,0,2790.6624999999995,0.4869618843568496
2024-09-01 14:09:00.114,OnTrack,11061.326423800692,12921.689269730712,1929.394748421446,car,0 days 00:00:43.521000,0 days 02:01:16.195000,10703.0,180.0,4,0.0,True,0,2800.6624999999995,0.4887068531030052
2024-09-01 14:09:00.170,OnTrack,11054.0,12886.0,1929.0,pos,0 days 00:00:43.577000,0 days 02:01:16.251000,10626.466666666667,177.66666666666666,4,0.23333333333333334,True,0,2803.3627051858934,0.48917803046876446
2024-09-01 14:09:00.354,OnTrack,11015.18814688904,12746.05754402365,1928.0922504368718,car,0 days 00:00:43.761000,0 days 02:01:16.435000,10375.0,170.0,4,1.0,False,0,2811.995833333333,0.4906844843486483
2024-09-01 14:09:00.390,OnTrack,11009.0,12726.0,1928.0,pos,0 days 00:00:43.797000,0 days 02:01:16.471000,10344.03977984,170.0,4,1.5400038399999998,False,0,2813.6962242553286,0.4909811972501612
2024-09-01 14:09:00.554,OnTrack,10994.787203699181,12687.984135408367,1927.9569838220648,car,0 days 00:00:43.961000,0 days 02:01:16.635000,10203.0,170.0,4,4.0,False,0,2821.4402777777773,0.49233251038668413
2024-09-01 14:09:00.670,OnTrack,10982.0,12670.0,1928.0,pos,0 days 00:00:44.077000,0 days 02:01:16.751000,10388.6004096,167.4624944,4,27.200051199999997,False,0,2826.741595118047,0.49325757369390644
2024-09-01 14:09:00.874,OnTrack,10930.863146891219,12593.084910510393,1927.8502685425967,car,0 days 00:00:44.281000,0 days 02:01:16.955000,10715.0,163.0,4,68.0,False,0,2835.9291666666663,0.4948607762144474
2024-09-01 14:09:00.950,OnTrack,10910.0,12564.0,1928.0,pos,0 days 00:00:44.357000,0 days 02:01:17.031000,10791.000256,164.9000064,4,71.48334506666667,False,0,2839.436803943702,0.4954728479565752
2024-09-01 14:09:01.114,OnTrack,10860.15198577703,12508.243599629826,1928.9008210296165,car,0 days 00:00:44.521000,0 days 02:01:17.195000,10955.0,169.0,4,79.0,False,0,2847.195833333333,0.49682677433511613
2024-09-01 14:09:01.130,OnTrack,10852.0,12501.0,1929.0,pos,0 days 00:00:44.537000,0 days 02:01:17.211000,11001.514285714286,169.57142857142858,4,79.68571428571428,False,0,2847.968875239707,0.4969616677317252
2024-09-01 14:09:01.310,OnTrack,10728.0,12402.0,1930.0,pos,0 days 00:00:44.717000,0 days 02:01:17.391000,11524.80074422857,176.00000914285715,4,87.40001097142857,False,0,2856.861480047927,0.4985133994779509
2024-09-01 14:09:01.394,OnTrack,10690.607289082649,12374.139281582298,1930.2681281974724,car,0 days 00:00:44.801000,0 days 02:01:17.475000,11769.0,179.0,4,91.0,False,0,2861.1180555555557,0.49925615860059724
2024-09-01 14:09:01.593,OnTrack,10655.388725163273,12354.702804052322,1930.235150758243,car,0 days 00:00:45,0 days 02:01:17.674000,10929.0,186.0,4,99.0,False,0,2871.3997222222224,0.5010502772997696
2024-09-01 14:09:01.650,OnTrack,10639.0,12346.0,1930.0,pos,0 days 00:00:45.057000,0 days 02:01:17.731000,10939.1531136,186.5343744,4,99.0,False,0,2874.349079646151,0.5015649309523693
2024-09-01 14:09:01.910,OnTrack,10516.0,12278.0,1928.0,pos,0 days 00:00:45.317000,0 days 02:01:17.991000,10985.4656592,188.9718768,4,99.0,False,0,2888.034547848809,0.5039530023813837
2024-09-01 14:09:01.913,OnTrack,10514.46750018276,12277.181178293558,1927.9786888104484,car,0 days 00:00:45.320000,0 days 02:01:17.994000,10986.0,189.0,5,99.0,False,0,2888.1997222222226,0.5039818247933111
2024-09-01 14:09:02.110,OnTrack,10415.0,12226.0,1927.0,pos,0 days 00:00:45.517000,0 days 02:01:18.191000,11259.689552457143,201.66429805714284,5,99.70357211428572,False,0,2899.450068452667,0.5059449750488666
2024-09-01 14:09:02.193,OnTrack,10372.424836252072,12204.587330588123,1926.9602584796776,car,0 days 00:00:45.600000,0 days 02:01:18.274000,11375.0,207.0,5,100.0,False,0,2904.2997222222225,0.5067912244746215
2024-09-01 14:09:02.330,OnTrack,10301.0,12169.0,1927.0,pos,0 days 00:00:45.737000,0 days 02:01:18.411000,11563.374912,211.281248,5,99.1437504,False,0,2912.354724455408,0.5081967971893337
2024-09-01 14:09:02.353,OnTrack,10288.90950364265,12163.011268705282,1926.9463496008743,car,0 days 00:00:45.760000,0 days 02:01:18.434000,11595.0,212.0,5,99.0,False,0,2913.7219444444445,0.5084353728043326
2024-09-01 14:09:02.550,OnTrack,10184.0,12111.0,1926.0,pos,0 days 00:00:45.957000,0 days 02:01:18.631000,11181.2995968,217.91000576,5,99.0,False,0,2925.648774419777,0.5105165673590993
2024-09-01 14:09:02.553,OnTrack,10182.378292352523,12110.18339790597,1925.9860414748807,car,0 days 00:00:45.960000,0 days 02:01:18.634000,11175.0,218.0,6,99.0,False,0,2925.833055555556,0.5105487238413433
2024-09-01 14:09:02.790,OnTrack,10052.0,12043.0,1925.0,pos,0 days 00:00:46.197000,0 days 02:01:18.871000,11050.5748992,223.33250432,6,99.0,False,0,2940.629208183017,0.5131306062311701
2024-09-01 14:09:02.953,OnTrack,9960.351023563651,11994.23381275334,1924.0636798974292,car,0 days 00:00:46.360000,0 days 02:01:19.034000,10965.0,227.0,6,99.0,False,0,2951.055277777778,0.5149499227899803
2024-09-01 14:09:03.029,OnTrack,9917.0,11971.0,1924.0,pos,0 days 00:00:46.436000,0 days 02:01:19.110000,11026.885714285714,229.44285714285715,6,99.0,False,0,2955.981486650479,0.51580953084197
2024-09-01 14:09:03.209,OnTrack,9813.0,11915.0,1925.0,pos,0 days 00:00:46.616000,0 days 02:01:19.290000,11173.457142857143,235.22857142857143,6,99.0,False,0,2967.8150551208983,0.5178744515556074
2024-09-01 14:09:03.233,OnTrack,9799.142523472963,11907.430066075314,1925.06287807272,car,0 days 00:00:46.640000,0 days 02:01:19.314000,11193.0,236.0,6,99.0,False,0,2969.410833333334,0.5181529098662571
2024-09-01 14:09:03.369,OnTrack,9720.0,11864.0,1925.0,pos,0 days 00:00:46.776000,0 days 02:01:19.450000,11380.352746848863,239.9502085178977,6,99.0,False,0,2978.5338281078825,0.51974484394155
2024-09-01 14:09:03.474,OnTrack,9656.00498749558,11829.667975124974,1924.9633351559878,car,0 days 00:00:46.881000,0 days 02:01:19.555000,11525.0,243.0,6,99.0,False,0,2985.6783333333337,0.5209915377740657
2024-09-01 14:09:03.669,OnTrack,9508.0,11751.0,1925.0,pos,0 days 00:00:47.076000,0 days 02:01:19.750000,11541.791672177778,246.79166791111112,6,99.0,False,0,2999.193264666346,0.5233498510523202
2024-09-01 14:09:03.834,OnTrack,9331.847089358045,11655.809817956579,1924.991766847788,car,0 days 00:00:47.241000,0 days 02:01:19.915000,11556.0,250.0,6,99.0,False,0,3010.6783333333337,0.5253539596394547
2024-09-01 14:09:03.869,OnTrack,9301.0,11639.0,1925.0,pos,0 days 00:00:47.276000,0 days 02:01:19.950000,11460.1387136,250.0,6,99.0,False,0,3013.099935925258,0.5257765217233065
2024-09-01 14:09:04.194,OnTrack,9176.112823312533,11567.968770964744,1925.1247995445929,car,0 days 00:00:47.601000,0 days 02:01:20.275000,10570.0,250.0,7,99.0,False,0,3035.6783333333337,0.5297163815048438
2024-09-01 14:09:04.249,OnTrack,9152.0,11554.0,1925.0,pos,0 days 00:00:47.656000,0 days 02:01:20.330000,10629.3214976,252.7500032,7,99.1964288,False,0,3039.635811205313,0.5304069490248644
2024-09-01 14:09:04.474,OnTrack,9009.193148695269,11472.274420912883,1924.0449386154426,car,0 days 00:00:47.881000,0 days 02:01:20.555000,10872.0,264.0,7,100.0,False,0,3056.211666666667,0.53329938399695
2024-09-01 14:09:04.489,OnTrack,9000.0,11467.0,1924.0,pos,0 days 00:00:47.896000,0 days 02:01:20.570000,10883.416715377778,264.2083342222222,7,99.95833315555555,False,0,3057.324855369514,0.533493631946454
2024-09-01 14:09:04.689,OnTrack,8871.0,11393.0,1924.0,pos,0 days 00:00:48.096000,0 days 02:01:20.770000,11035.6389376,266.986112,7,99.4027776,False,0,3072.22496143953,0.5360936538871123
2024-09-01 14:09:04.834,OnTrack,8703.081809597143,11298.063747564189,1924.9169041736113,car,0 days 00:00:48.241000,0 days 02:01:20.915000,11146.0,269.0,7,99.0,False,0,3083.111666666667,0.5379933499241086
2024-09-01 14:09:04.849,OnTrack,8687.0,11289.0,1925.0,pos,0 days 00:00:48.256000,0 days 02:01:20.930000,11157.85005056,269.30000128,7,99.0,False,0,3084.242479014829,0.5381906731446395
2024-09-01 14:09:05.034,OnTrack,8546.983068400594,11210.505667509991,1925.444373402025,car,0 days 00:00:48.441000,0 days 02:01:21.115000,11304.0,273.0,7,99.0,False,0,3098.278333333334,0.540639885855778
2024-09-01 14:09:05.329,OnTrack,8432.0,11147.0,1925.0,pos,0 days 00:00:48.736000,0 days 02:01:21.410000,11463.4844096,278.5312512,7,99.0,False,0,3121.126118329445,0.5446267529294877
2024-09-01 14:09:05.354,OnTrack,8419.416473246523,11139.977540917505,1924.9804824800015,car,0 days 00:00:48.761000,0 days 02:01:21.435000,11477.0,279.0,7,99.0,False,0,3123.0783333333343,0.544967408346244
2024-09-01 14:09:05.569,OnTrack,8283.0,11063.0,1925.0,pos,0 days 00:00:48.976000,0 days 02:01:21.650000,11604.464323657143,281.3035721142857,7,99.0,False,0,3139.923443905085,0.547906827493568
2024-09-01 14:09:05.634,OnTrack,8227.059215072852,11030.908696454895,1925.1006283169281,car,0 days 00:00:49.041000,0 days 02:01:21.715000,11643.0,282.0,7,99.0,False,0,3145.011666666667,0.5487947064628119
2024-09-01 14:09:05.874,OnTrack,7991.999150738057,10894.908769227914,1925.8091695956516,car,0 days 00:00:49.281000,0 days 02:01:21.955000,11746.0,282.0,7,99.0,False,0,3163.8116666666674,0.5520752477055845
2024-09-01 14:09:05.929,OnTrack,7954.0,10873.0,1926.0,pos,0 days 00:00:49.336000,0 days 02:01:22.010000,11605.19983616,283.65000192,7,99.0,False,0,3168.1815153964226,0.5528377726514695
2024-09-01 14:09:06.074,OnTrack,7894.53555958108,10839.101963176487,1926.5282188043966,car,0 days 00:00:49.481000,0 days 02:01:22.155000,11234.0,288.0,7,99.0,False,0,3179.8116666666674,0.5548671976994335
2024-09-01 14:09:06.250,OnTrack,7816.0,10790.0,1927.0,pos,0 days 00:00:49.657000,0 days 02:01:22.331000,10755.657142857142,289.8857142857143,7,99.0,False,0,3194.0173909969444,0.5573460521967171
2024-09-01 14:09:06.354,OnTrack,7714.097569296645,10723.7028250033,1927.0584284430577,car,0 days 00:00:49.761000,0 days 02:01:22.435000,10473.0,291.0,8,99.0,False,0,3202.4450000000006,0.5588166436282324
2024-09-01 14:09:06.490,OnTrack,7572.0,10630.0,1927.0,pos,0 days 00:00:49.897000,0 days 02:01:22.571000,10521.28,292.36,8,99.0,False,0,3213.4985146358254,0.5607454473857011
2024-09-01 14:09:06.554,OnTrack,7527.982670979734,10600.307737292864,1926.9750578251478,car,0 days 00:00:49.961000,0 days 02:01:22.635000,10544.0,293.0,8,99.0,False,0,3218.722777777778,0.5616570649761411
2024-09-01 14:09:06.790,OnTrack,7434.0,10531.0,1927.0,pos,0 days 00:00:50.197000,0 days 02:01:22.871000,10606.54006784,295.36000256,8,99.0,False,0,3238.1435997253934,0.5650459377084653
2024-09-01 14:09:06.954,OnTrack,7327.222032794062,10448.632016395817,1927.0677510951737,car,0 days 00:00:50.361000,0 days 02:01:23.035000,10650.0,297.0,8,99.0,False,0,3251.722777777778,0.5674154618384546
2024-09-01 14:09:06.970,OnTrack,7315.0,10439.0,1927.0,pos,0 days 00:00:50.377000,0 days 02:01:23.051000,10659.6,297.2,8,99.0,False,0,3253.049189569115,0.5676469165504962
2024-09-01 14:09:07.114,OnTrack,7192.695048063131,10340.629601420456,1925.53023914313,car,0 days 00:00:50.521000,0 days 02:01:23.195000,10746.0,299.0,8,99.0,False,0,3265.011666666667,0.5697343314166793
2024-09-01 14:09:07.310,OnTrack,7016.0,10195.0,1922.0,pos,0 days 00:00:50.717000,0 days 02:01:23.391000,10807.25008,300.96000256,8,99.49000064,False,0,3281.444559474397,0.5726018198525207
2024-09-01 14:09:07.514,OnTrack,6859.582623162092,10063.832785531742,1917.9650112042757,car,0 days 00:00:50.921000,0 days 02:01:23.595000,10871.0,303.0,8,100.0,False,0,3298.6783333333337,0.5756090595287365
2024-09-01 14:09:07.690,OnTrack,6758.0,9977.0,1915.0,pos,0 days 00:00:51.097000,0 days 02:01:23.771000,10914.56,304.32,8,99.56,False,0,3313.5964174503442,0.5782122185824069
2024-09-01 14:09:07.914,OnTrack,6681.189489981573,9908.943390678425,1912.7016179287416,car,0 days 00:00:51.321000,0 days 02:01:23.995000,10970.0,306.0,8,99.0,False,0,3332.6783333333337,0.5815419532656656
2024-09-01 14:09:08.030,OnTrack,6630.0,9864.0,1911.0,pos,0 days 00:00:51.437000,0 days 02:01:24.111000,10996.154542743443,306.9686867682757,8,99.0,False,0,3342.6174430378346,0.5832762968455621
2024-09-01 14:09:08.210,OnTrack,6513.0,9763.0,1907.0,pos,0 days 00:00:51.617000,0 days 02:01:24.291000,11036.739030748857,308.47181595366135,8,99.0,False,0,3358.115262771099,0.5859806179523722
2024-09-01 14:09:08.393,OnTrack,6393.758377604359,9659.943338213205,1903.2049024917505,car,0 days 00:00:51.800000,0 days 02:01:24.474000,11078.0,310.0,8,99.0,False,0,3373.925555555556,0.5887394646300169
2024-09-01 14:09:08.450,OnTrack,6357.0,9628.0,1902.0,pos,0 days 00:00:51.857000,0 days 02:01:24.531000,11102.937472,310.47499946666665,8,99.0,False,0,3378.858528972608,0.5896002530738541
2024-09-01 14:09:08.633,OnTrack,6238.152885247337,9524.12010675123,1897.8485168740747,car,0 days 00:00:52.040000,0 days 02:01:24.714000,11183.0,312.0,8,99.0,False,0,3394.725555555556,0.5923689996220206
2024-09-01 14:09:08.670,OnTrack,6214.0,9503.0,1897.0,pos,0 days 00:00:52.077000,0 days 02:01:24.751000,11192.866717866667,312.15416746666665,8,99.0,False,0,3397.9399125704977,0.5929298948750266
2024-09-01 14:09:08.850,OnTrack,6096.0,9400.0,1893.0,pos,0 days 00:00:52.257000,0 days 02:01:24.931000,11240.8666496,312.9041664,8,99.0,False,0,3413.593928953934,0.595661471809117
2024-09-01 14:09:08.873,OnTrack,6080.867539174329,9386.803942195873,1892.525129812871,car,0 days 00:00:52.280000,0 days 02:01:24.954000,11247.0,313.0,8,99.0,False,0,3415.592222222223,0.5960101677389987
2024-09-01 14:09:09.170,OnTrack,5887.0,9218.0,1887.0,pos,0 days 00:00:52.577000,0 days 02:01:25.251000,11286.599991466666,313.0,8,99.0,False,0,3441.3800343136936,0.6005100603521337
2024-09-01 14:09:09.233,OnTrack,5847.5265591054085,9183.726186758962,1885.8270154865581,car,0 days 00:00:52.640000,0 days 02:01:25.314000,11295.0,313.0,8,99.0,False,0,3446.8922222222227,0.6014719199144657
2024-09-01 14:09:09.393,OnTrack,5742.523596551006,9092.710742632311,1882.736219091179,car,0 days 00:00:52.800000,0 days 02:01:25.474000,11351.0,317.0,8,99.0,False,0,3460.981111111111,0.6039303869923827
2024-09-01 14:09:09.429,OnTrack,5714.0,9068.0,1882.0,pos,0 days 00:00:52.836000,0 days 02:01:25.510000,11335.5875,317.1125,8,99.0,False,0,3464.1579668268464,0.604484738385883
2024-09-01 14:09:09.629,OnTrack,5527.0,8906.0,1878.0,pos,0 days 00:00:53.036000,0 days 02:01:25.710000,11249.9625,317.7375,8,99.0,False,0,3481.825780681035,0.6075677166847285
2024-09-01 14:09:09.713,OnTrack,5449.091033593337,8838.446361971122,1876.9374452240254,car,0 days 00:00:53.120000,0 days 02:01:25.794000,11214.0,318.0,8,99.0,False,0,3489.247777777778,0.6088628319815159
2024-09-01 14:09:09.994,OnTrack,5231.695313542068,8649.567419816382,1876.029591004484,car,0 days 00:00:53.401000,0 days 02:01:26.075000,11368.0,318.0,8,99.0,False,0,3514.0694444444453,0.6131941352375986
2024-09-01 14:09:10.049,OnTrack,5207.0,8628.0,1876.0,pos,0 days 00:00:53.456000,0 days 02:01:26.130000,11369.23750144,318.0,8,99.0,False,0,3518.927672501555,0.6140418808497339
2024-09-01 14:09:10.289,OnTrack,5141.0,8570.0,1876.0,pos,0 days 00:00:53.696000,0 days 02:01:26.370000,11374.63750144,318.0,8,99.0,False,0,3540.1279478341116,0.6177412626362544
2024-09-01 14:09:10.394,OnTrack,5075.130932918497,8512.84619060282,1875.9388369603153,car,0 days 00:00:53.801000,0 days 02:01:26.475000,11377.0,318.0,8,99.0,False,0,3549.4027777777783,0.619359691474015
2024-09-01 14:09:10.469,OnTrack,5021.0,8466.0,1876.0,pos,0 days 00:00:53.876000,0 days 02:01:26.550000,11360.87498624,318.0,8,99.0,False,0,3556.0274568270793,0.6205156772634493
2024-09-01 14:09:10.594,OnTrack,4935.6675487933135,8392.337508596975,1876.4945414613235,car,0 days 00:00:54.001000,0 days 02:01:26.675000,11334.0,318.0,8,99.0,False,0,3567.0694444444443,0.6224424695922233
2024-09-01 14:09:10.749,OnTrack,4834.0,8304.0,1878.0,pos,0 days 00:00:54.156000,0 days 02:01:26.830000,11344.07500416,318.0,8,99.0,False,0,3580.763923314987,0.6248321133546217
2024-09-01 14:09:10.794,OnTrack,4804.265613543617,8277.81890079606,1878.6744373226559,car,0 days 00:00:54.201000,0 days 02:01:26.875000,11347.0,318.0,8,99.0,False,0,3584.7361111111113,0.6255252477104315
2024-09-01 14:09:10.929,OnTrack,4715.0,8199.0,1881.0,pos,0 days 00:00:54.336000,0 days 02:01:27.010000,11316.2031104,317.5781248,8,99.0,False,0,3596.6369866476316,0.6276019132967431
2024-09-01 14:09:11.114,OnTrack,4592.882005391363,8093.496665698372,1883.514971960896,car,0 days 00:00:54.521000,0 days 02:01:27.195000,11274.0,317.0,8,99.0,False,0,3612.9138888888892,0.6304421818662655
2024-09-01 14:09:11.149,OnTrack,4568.0,8072.0,1884.0,pos,0 days 00:00:54.556000,0 days 02:01:27.230000,11273.453124,316.8906248,8,99.0,False,0,3615.990280765539,0.6309790026338337
2024-09-01 14:09:11.434,OnTrack,4346.499935906534,7879.27422918198,1888.4761177713824,car,0 days 00:00:54.841000,0 days 02:01:27.515000,11269.0,316.0,8,99.0,False,0,3641.002777777778,0.6353436051888005
2024-09-01 14:09:11.469,OnTrack,4322.0,7858.0,1889.0,pos,0 days 00:00:54.876000,0 days 02:01:27.550000,11264.1874912,315.8541664,8,99.0,False,0,3644.069205529818,0.6358786872477659
2024-09-01 14:09:11.674,OnTrack,4200.735438448964,7753.326653414843,1891.7824558244051,car,0 days 00:00:55.081000,0 days 02:01:27.755000,11236.0,315.0,8,99.0,False,0,3662.002777777778,0.6390080395557273
2024-09-01 14:09:11.809,OnTrack,4122.0,7685.0,1894.0,pos,0 days 00:00:55.216000,0 days 02:01:27.890000,11198.8749824,314.32499968,8,99.0,False,0,3673.782476327014,0.6410635601364825
2024-09-01 14:09:11.874,OnTrack,4080.296794053612,7648.503617775075,1895.3134149519437,car,0 days 00:00:55.281000,0 days 02:01:27.955000,11181.0,314.0,8,99.0,False,0,3679.447222222222,0.6420520405906875
2024-09-01 14:09:11.969,OnTrack,4017.0,7593.0,1897.0,pos,0 days 00:00:55.376000,0 days 02:01:28.050000,11171.97499392,313.76249984,8,99.0,False,0,3687.7196950145217,0.6434955612382861
2024-09-01 14:09:12.274,OnTrack,3816.94101025202,7418.891050208309,1897.4635552078948,car,0 days 00:00:55.681000,0 days 02:01:28.355000,11143.0,313.0,8,99.0,False,0,3714.225,0.6481206541189843
2024-09-01 14:09:12.309,OnTrack,3794.0,7399.0,1898.0,pos,0 days 00:00:55.716000,0 days 02:01:28.390000,11140.7638848,312.9027776,8,99.0,False,0,3717.261498007765,0.6486505135311157
2024-09-01 14:09:12.469,OnTrack,3689.0,7308.0,1902.0,pos,0 days 00:00:55.876000,0 days 02:01:28.550000,11130.541662577778,312.4583331555556,8,99.0,False,0,3731.129420278586,0.6510704226247855
2024-09-01 14:09:12.634,OnTrack,3581.557727226133,7214.532784588653,1903.71702485867,car,0 days 00:00:56.041000,0 days 02:01:28.715000,11120.0,312.0,8,99.0,False,0,3745.4249999999997,0.6535649566069898
2024-09-01 14:09:12.670,OnTrack,3558.0,7194.0,1904.0,pos,0 days 00:00:56.077000,0 days 02:01:28.751000,11122.250016,312.0,8,99.0,False,0,3748.544860413306,0.6541093624983486
2024-09-01 14:09:12.874,OnTrack,3424.4650569351966,7077.529621305881,1905.862665685541,car,0 days 00:00:56.281000,0 days 02:01:28.955000,11135.0,312.0,8,99.0,False,0,3766.225,0.6571944915989936
2024-09-01 14:09:12.910,OnTrack,3402.0,7058.0,1906.0,pos,0 days 00:00:56.317000,0 days 02:01:28.991000,11125.999936,312.0,8,99.2250016,False,0,3769.343776794276,0.6577387084022183
2024-09-01 14:09:13.034,OnTrack,3325.0746152973625,6991.3437218449435,1905.910310531525,car,0 days 00:00:56.441000,0 days 02:01:29.115000,11095.0,312.0,8,100.0,False,0,3780.0916666666667,0.6596141815936627
2024-09-01 14:09:13.070,OnTrack,3297.0,6967.0,1906.0,pos,0 days 00:00:56.477000,0 days 02:01:29.151000,10937.49888,311.5499968,8,88.2999168,False,0,3783.2185226440024,0.6601598081890807
2024-09-01 14:09:13.194,OnTrack,3171.0437880946197,6857.589564053082,1907.2009561308912,car,0 days 00:00:56.601000,0 days 02:01:29.275000,10395.0,310.0,8,48.0,False,0,3793.869444444444,0.6620183607550325
2024-09-01 14:09:13.270,OnTrack,3098.0,6794.0,1908.0,pos,0 days 00:00:56.677000,0 days 02:01:29.351000,10194.865992533334,301.76663893333335,8,32.7999488,False,0,3800.100581580604,0.6631056747105933
2024-09-01 14:09:13.434,OnTrack,3000.0046520253763,6708.157948343025,1908.7462396865922,car,0 days 00:00:56.841000,0 days 02:01:29.515000,9763.0,284.0,8,0.0,True,0,3812.8027777777775,0.6653221682477538
2024-09-01 14:09:13.674,OnTrack,2941.438430737786,6655.325662594401,1908.7397763374422,car,0 days 00:00:57.081000,0 days 02:01:29.755000,10374.0,254.0,8,0.0,True,0,3829.736111111111,0.6682769819912441
2024-09-01 14:09:13.730,OnTrack,2921.0,6637.0,1909.0,pos,0 days 00:00:57.137000,0 days 02:01:29.811000,10230.6,245.0,8,0.0,True,0,3833.2531868187443,0.6688907007100124
2024-09-01 14:09:13.890,OnTrack,2849.0,6572.0,1910.0,pos,0 days 00:00:57.297000,0 days 02:01:29.971000,9820.885714285714,219.28571428571428,8,0.0,True,0,3842.442386262953,0.6704941872932458
2024-09-01 14:09:13.954,OnTrack,2821.4818234683667,6545.927673117642,1909.9635002041437,car,0 days 00:00:57.361000,0 days 02:01:30.035000,9657.0,209.0,7,0.0,True,0,3845.991666666666,0.671113525630828
2024-09-01 14:09:14.130,OnTrack,2754.0,6478.0,1909.0,pos,0 days 00:00:57.537000,0 days 02:01:30.211000,10152.44,197.56,7,0.0,True,0,3855.5899858349762,0.6727884023272608
2024-09-01 14:09:14.154,OnTrack,2745.4799840505466,6469.110174578496,1908.936201167778,car,0 days 00:00:57.561000,0 days 02:01:30.235000,10220.0,196.0,7,0.0,True,0,3856.880555555555,0.6730136027099753
2024-09-01 14:09:14.314,OnTrack,2692.317930111261,6410.819940156136,1908.9688474262666,car,0 days 00:00:57.721000,0 days 02:01:30.395000,10080.0,191.0,6,0.0,True,0,3865.3694444444436,0.6744948872900451
2024-09-01 14:09:14.350,OnTrack,2681.0,6397.0,1909.0,pos,0 days 00:00:57.757000,0 days 02:01:30.431000,10021.2762048108,190.10637702972957,6,0.0,True,0,3867.249914402767,0.674823023420581
2024-09-01 14:09:14.450,OnTrack,2651.0,6357.0,1909.0,pos,0 days 00:00:57.857000,0 days 02:01:30.531000,9858.156129063886,187.62411500749388,6,0.0,True,0,3872.4150870518615,0.6757243299046978
2024-09-01 14:09:14.596,OnTrack,2614.8727074374156,6299.312393247701,1908.1058828806563,car,0 days 00:00:58.003000,0 days 02:01:30.677000,9620.0,184.0,5,0.0,True,0,3879.782777777777,0.677009968909504
2024-09-01 14:09:14.750,OnTrack,2586.0,6236.0,1907.0,pos,0 days 00:00:58.157000,0 days 02:01:30.831000,9523.022573787015,179.73299324662864,5,0.0,True,0,3887.310797017164,0.6783235847388229
2024-09-01 14:09:14.990,OnTrack,2557.0,6126.0,1907.0,pos,0 days 00:00:58.397000,0 days 02:01:31.071000,9371.889048163473,173.08311811919285,5,0.0,True,0,3898.7188706545603,0.6803142579339327
2024-09-01 14:09:14.993,OnTrack,2556.760627970078,6124.62755291547,1907.0031570657102,car,0 days 00:00:58.400000,0 days 02:01:31.074000,9370.0,173.0,5,0.0,False,0,3898.8608333333327,0.6803390299776906
2024-09-01 14:09:15.190,OnTrack,2547.0,6028.0,1907.0,pos,0 days 00:00:58.597000,0 days 02:01:31.271000,9524.5220256,171.7687488,5,38.1687872,False,0,3908.1626797382087,0.6819621731034955
2024-09-01 14:09:15.313,OnTrack,2545.2234460347313,5941.188752302825,1906.4269640864568,car,0 days 00:00:58.720000,0 days 02:01:31.394000,9621.0,171.0,5,62.0,False,0,3914.0608333333325,0.6829913824718471
2024-09-01 14:09:15.410,OnTrack,2545.0,5875.0,1906.0,pos,0 days 00:00:58.817000,0 days 02:01:31.491000,9879.2623296,174.6374976,5,74.12499199999999,False,0,3918.8049743601387,0.6838192202537603
2024-09-01 14:09:15.473,OnTrack,2545.0478323451907,5840.545592455168,1905.8824159789854,car,0 days 00:00:58.880000,0 days 02:01:31.554000,10047.0,177.0,5,82.0,False,0,3921.9274999999993,0.6843640912188229
2024-09-01 14:09:15.713,OnTrack,2545.7044203917276,5753.114454050649,1906.1624813743738,car,0 days 00:00:59.120000,0 days 02:01:31.794000,10302.0,183.0,5,94.0,False,0,3934.127499999999,0.6864929530891327
2024-09-01 14:09:15.790,OnTrack,2545.0,5719.0,1906.0,pos,0 days 00:00:59.197000,0 days 02:01:31.871000,10436.750336,185.8875072,5,95.28333653333334,False,0,3938.164767902701,0.6871974437201399
2024-09-01 14:09:15.953,OnTrack,2541.7855145357594,5628.937122511364,1905.1166394147099,car,0 days 00:00:59.360000,0 days 02:01:32.034000,10722.0,192.0,5,98.0,False,0,3946.9274999999993,0.688726513084212
2024-09-01 14:09:16.009,OnTrack,2541.0,5601.0,1905.0,pos,0 days 00:00:59.416000,0 days 02:01:32.090000,10819.4,194.0,5,95.4,False,0,3950.0101588492303,0.6892644274189087
2024-09-01 14:09:16.233,OnTrack,2530.487097776311,5485.309193896597,1905.2059598406888,car,0 days 00:00:59.640000,0 days 02:01:32.314000,11209.0,202.0,5,85.0,False,0,3962.6386111111105,0.6914680528698387
2024-09-01 14:09:16.249,OnTrack,2527.0,5468.0,1905.0,pos,0 days 00:00:59.656000,0 days 02:01:32.330000,11239.56,202.4,5,84.92,False,0,3963.550908014039,0.6916272458281212
2024-09-01 14:09:16.349,OnTrack,2497.0,5334.0,1903.0,pos,0 days 00:00:59.756000,0 days 02:01:32.430000,11430.56,204.9,5,84.42,False,0,3969.278499140142,0.6926266925787019
2024-09-01 14:09:16.433,OnTrack,2474.352932983737,5244.1256807673335,1901.7032792708844,car,0 days 00:00:59.840000,0 days 02:01:32.514000,11591.0,207.0,5,84.0,False,0,3974.1386111111105,0.6934747669279177
2024-09-01 14:09:16.714,OnTrack,2427.8123142870118,5138.823608022889,1901.0852583079654,car,0 days 00:01:00.121000,0 days 02:01:32.795000,11767.0,213.0,5,99.0,False,0,3990.7644444444436,0.6963759228824634
2024-09-01 14:09:16.849,OnTrack,2404.0,5102.0,1901.0,pos,0 days 00:01:00.256000,0 days 02:01:32.930000,10944.84961024,216.3750016,5,99.0,False,0,3998.9168397332774,0.6977984903809956
2024-09-01 14:09:16.914,OnTrack,2390.6995683591495,5079.452147414431,1900.851184241891,car,0 days 00:01:00.321000,0 days 02:01:32.995000,10549.0,218.0,6,99.0,False,0,4002.8755555555545,0.6984892739194741
2024-09-01 14:09:17.129,OnTrack,2335.0,4987.0,1900.0,pos,0 days 00:01:00.536000,0 days 02:01:33.210000,10880.9063488,221.359376,6,99.6718752,False,0,4016.1214622535645,0.7008006432397262
2024-09-01 14:09:17.234,OnTrack,2298.0060848789726,4936.386001539486,1899.5262942540417,car,0 days 00:01:00.641000,0 days 02:01:33.315000,11043.0,223.0,6,100.0,False,0,4022.6977777777765,0.701948189745187
2024-09-01 14:09:17.389,OnTrack,2234.0,4859.0,1899.0,pos,0 days 00:01:00.796000,0 days 02:01:33.470000,11111.642885485715,227.42857325714286,6,99.44642834285715,False,0,4032.552489953767,0.7036678062201333
2024-09-01 14:09:17.514,OnTrack,2177.839605688578,4798.1774589586785,1898.9687301261615,car,0 days 00:01:00.921000,0 days 02:01:33.595000,11167.0,231.0,6,99.0,False,0,4040.6644444444432,0.70508331692578
2024-09-01 14:09:17.569,OnTrack,2153.0,4773.0,1899.0,pos,0 days 00:01:00.976000,0 days 02:01:33.650000,11228.569516088888,232.68055751111112,6,99.0,False,0,4044.2890065518714,0.7057157916853761
2024-09-01 14:09:17.809,OnTrack,2041.0,4659.0,1899.0,pos,0 days 00:01:01.216000,0 days 02:01:33.890000,11497.236182755556,240.01389084444443,6,99.0,False,0,4060.4445189787752,0.7085348781116837
2024-09-01 14:09:17.874,OnTrack,2003.4602954845395,4610.293981548884,1898.8222297312543,car,0 days 00:01:01.281000,0 days 02:01:33.955000,11570.0,242.0,6,99.0,False,0,4064.864444444443,0.7093061412914765
2024-09-01 14:09:18.089,OnTrack,1883.0,4432.0,1898.0,pos,0 days 00:01:01.496000,0 days 02:01:34.170000,11749.16672,245.5833344,6,99.0,False,0,4079.553662213497,0.7118693638827237
2024-09-01 14:09:18.114,OnTrack,1874.860250128766,4418.825156080318,1897.9579951798605,car,0 days 00:01:01.521000,0 days 02:01:34.195000,11770.0,246.0,6,99.0,False,0,4081.264444444443,0.7121678900351717
2024-09-01 14:09:18.274,OnTrack,1853.9158915771045,4375.269335660624,1897.991257553814,car,0 days 00:01:01.681000,0 days 02:01:34.355000,11930.0,247.0,6,99.0,False,0,4092.242222222221,0.7140834779476181
2024-09-01 14:09:18.369,OnTrack,1845.0,4344.0,1898.0,pos,0 days 00:01:01.776000,0 days 02:01:34.450000,11612.46228608,248.66250112,6,99.0,False,0,4098.843887220602,0.7152354478570945
2024-09-01 14:09:18.674,OnTrack,1785.1450169933346,4135.6672875322165,1897.2012245640267,car,0 days 00:01:02.081000,0 days 02:01:34.755000,10593.0,254.0,7,99.0,False,0,4120.464444444443,0.7190081675201017
2024-09-01 14:09:18.709,OnTrack,1779.0,4110.0,1897.0,pos,0 days 00:01:02.116000,0 days 02:01:34.790000,10614.125038628572,254.75000137142857,7,99.0,False,0,4122.975075184773,0.7194462647376031
2024-09-01 14:09:18.869,OnTrack,1757.0,3997.0,1896.0,pos,0 days 00:01:02.276000,0 days 02:01:34.950000,10710.6964672,258.1785728,7,99.0,False,0,4134.520744225245,0.7214609479005111
2024-09-01 14:09:18.954,OnTrack,1748.1001087502166,3935.2356022014037,1895.9168849830087,car,0 days 00:01:02.361000,0 days 02:01:35.035000,10762.0,260.0,7,99.0,False,0,4140.686666666665,0.7225368820956607
2024-09-01 14:09:19.089,OnTrack,1737.0,3837.0,1896.0,pos,0 days 00:01:02.496000,0 days 02:01:35.170000,10840.30003712,262.02500096,7,99.0,False,0,4150.520828378161,0.7242529125787809
2024-09-01 14:09:19.154,OnTrack,1732.6968338835727,3792.1113842371615,1895.7616454170438,car,0 days 00:01:02.561000,0 days 02:01:35.235000,10878.0,263.0,7,99.0,False,0,4155.297777777776,0.7250864753192103
2024-09-01 14:09:19.270,OnTrack,1725.0,3704.0,1895.0,pos,0 days 00:01:02.677000,0 days 02:01:35.351000,10942.38014208,265.03000448,7,99.0,False,0,4163.9149874885525,0.7265901514816477
2024-09-01 14:09:19.550,OnTrack,1698.0,3407.0,1893.0,pos,0 days 00:01:02.957000,0 days 02:01:35.631000,11097.78014208,269.93000448,7,99.0,False,0,4184.997151978687,0.7302689232953073
2024-09-01 14:09:19.554,OnTrack,1697.6992909079672,3403.714509193219,1892.9868607385508,car,0 days 00:01:02.961000,0 days 02:01:35.635000,11100.0,270.0,7,99.0,False,0,4185.297777777776,0.7303213815576772
2024-09-01 14:09:19.874,OnTrack,1682.4854834348494,3243.072320876688,1893.1237251399666,car,0 days 00:01:03.281000,0 days 02:01:35.955000,11192.0,271.0,7,99.0,False,0,4209.3866666666645,0.7345248173817498
2024-09-01 14:09:19.910,OnTrack,1680.0,3219.0,1893.0,pos,0 days 00:01:03.317000,0 days 02:01:35.991000,11230.7002752,271.9000064,7,99.0,False,0,4212.136887319384,0.7350047222901526
2024-09-01 14:09:20.070,OnTrack,1666.0,3084.0,1892.0,pos,0 days 00:01:03.477000,0 days 02:01:36.151000,11402.7002752,275.9000064,7,99.0,False,0,4224.485296811861,0.737159481153063
2024-09-01 14:09:20.154,OnTrack,1659.3361165429378,3015.3536420479495,1891.6880566850787,car,0 days 00:01:03.561000,0 days 02:01:36.235000,11493.0,278.0,7,99.0,False,0,4231.008888888887,0.7382978275817708
2024-09-01 14:09:20.350,OnTrack,1646.0,2867.0,1891.0,pos,0 days 00:01:03.757000,0 days 02:01:36.431000,11604.72014592,280.94000384,7,99.0,False,0,4246.305967396163,0.7409671199720393
2024-09-01 14:09:20.354,OnTrack,1645.7269989528722,2863.9517193421357,1890.9662554197087,car,0 days 00:01:03.761000,0 days 02:01:36.435000,11607.0,281.0,7,99.0,False,0,4246.619999999998,0.7410219176799359
2024-09-01 14:09:20.450,OnTrack,1639.0,2789.0,1890.0,pos,0 days 00:01:03.857000,0 days 02:01:36.531000,11652.2,282.6,7,99.0,False,0,4254.183765325591,0.7423417710895773
2024-09-01 14:09:20.594,OnTrack,1627.3154682421261,2659.3125824985764,1889.015081101611,car,0 days 00:01:04.001000,0 days 02:01:36.675000,11720.0,285.0,7,99.0,False,0,4265.619999999998,0.7443373582976316
2024-09-01 14:09:20.830,OnTrack,1606.0,2425.0,1888.0,pos,0 days 00:01:04.237000,0 days 02:01:36.911000,11367.76961792,287.9500032,7,99.0,False,0,4284.578242516714,0.7476455123650024
2024-09-01 14:09:20.994,OnTrack,1592.0337433922955,2274.463184608015,1886.704496511863,car,0 days 00:01:04.401000,0 days 02:01:37.075000,11123.0,290.0,7,99.0,False,0,4297.842222222221,0.7499600353685776
2024-09-01 14:09:21.210,OnTrack,1576.0,2102.0,1885.0,pos,0 days 00:01:04.617000,0 days 02:01:37.291000,10566.8,291.8,7,99.0,False,0,4315.359442439588,0.7530167355484606
2024-09-01 14:09:21.234,OnTrack,1574.4874782106783,2085.4385032591886,1884.879729513781,car,0 days 00:01:04.641000,0 days 02:01:37.315000,10505.0,292.0,8,99.0,False,0,4317.308888888887,0.7533569078610938
2024-09-01 14:09:21.610,OnTrack,1554.0,1858.0,1884.0,pos,0 days 00:01:05.017000,0 days 02:01:37.691000,10631.275668968314,293.88471147713904,8,99.0,False,0,4347.99699240164,0.7587118860119478
2024-09-01 14:09:21.633,OnTrack,1552.4729771123866,1841.6377545355294,1883.9054229994267,car,0 days 00:01:05.040000,0 days 02:01:37.714000,10639.0,294.0,8,99.0,False,0,4349.893888888887,0.7590428885204418
2024-09-01 14:09:21.790,OnTrack,1540.0,1709.0,1883.0,pos,0 days 00:01:05.197000,0 days 02:01:37.871000,10704.416746666666,296.61666986666665,8,99.0,False,0,4362.919520817036,0.7613158205817965
2024-09-01 14:09:21.993,OnTrack,1517.2102493723205,1462.1208053835244,1881.2579535711516,car,0 days 00:01:05.400000,0 days 02:01:38.074000,10789.0,300.0,8,99.0,False,0,4379.893888888887,0.7642777947589087
2024-09-01 14:09:22.030,OnTrack,1514.0,1427.0,1881.0,pos,0 days 00:01:05.437000,0 days 02:01:38.111000,10799.8688064,300.4625024,8,99.0,False,0,4382.993745844775,0.7648187101094663
2024-09-01 14:09:22.153,OnTrack,1507.3611982939335,1353.3309427239108,1880.4140217438376,car,0 days 00:01:05.560000,0 days 02:01:38.234000,10836.0,302.0,8,99.0,False,0,4393.3161111111085,0.7666199305870819
2024-09-01 14:09:22.290,OnTrack,1502.0,1293.0,1880.0,pos,0 days 00:01:05.697000,0 days 02:01:38.371000,10874.164267885715,302.97857097142855,8,99.0,False,0,4404.861146615022,0.7686345031998405
2024-09-01 14:09:22.433,OnTrack,1492.1596493686402,1184.6978745715535,1879.521127004271,car,0 days 00:01:05.840000,0 days 02:01:38.514000,10914.0,304.0,8,99.0,False,0,4416.960555555553,0.7707458122446587
2024-09-01 14:09:22.550,OnTrack,1482.0,1074.0,1879.0,pos,0 days 00:01:05.957000,0 days 02:01:38.631000,10967.1375872,304.9750016,8,99.0,False,0,4426.89186138683,0.7724787940730679
2024-09-01 14:09:22.673,OnTrack,1470.1928469417685,946.3638200844352,1878.2506616682356,car,0 days 00:01:06.080000,0 days 02:01:38.754000,11023.0,306.0,8,99.0,False,0,4437.360555555553,0.7743055484868162
2024-09-01 14:09:22.869,OnTrack,1452.0,751.0,1877.0,pos,0 days 00:01:06.276000,0 days 02:01:38.950000,11033.4125,307.225,8,99.0,False,0,4454.096993282828,0.7772260045624236
2024-09-01 14:09:22.993,OnTrack,1443.5677756845844,660.9282401629364,1876.5030242789217,car,0 days 00:01:06.400000,0 days 02:01:39.074000,11040.0,308.0,8,99.0,False,0,4464.73833333333,0.7790828851429576
2024-09-01 14:09:23.169,OnTrack,1433.0,546.0,1876.0,pos,0 days 00:01:06.576000,0 days 02:01:39.250000,11085.09609568025,309.87900398667705,8,99.0,False,0,4479.928264333789,0.7817334806281637
2024-09-01 14:09:23.274,OnTrack,1425.4011613487974,460.3364670319562,1875.6620112854587,car,0 days 00:01:06.681000,0 days 02:01:39.355000,11112.0,311.0,8,99.0,False,0,4489.013611111109,0.7833188452456046
2024-09-01 14:09:23.429,OnTrack,1413.0,322.0,1875.0,pos,0 days 00:01:06.836000,0 days 02:01:39.510000,11151.52501632,311.77500032,8,99.0,False,0,4502.438158054208,0.7856613867303053
2024-09-01 14:09:23.474,OnTrack,1409.3302363247167,282.8511723917203,1874.739658700777,car,0 days 00:01:06.881000,0 days 02:01:39.555000,11163.0,312.0,8,99.0,False,0,4506.346944444441,0.7863434577389408
2024-09-01 14:09:23.589,OnTrack,1400.0,184.0,1874.0,pos,0 days 00:01:06.996000,0 days 02:01:39.670000,11192.32501632,313.15000064,8,99.0,False,0,4516.368236288627,0.7880921418453616
2024-09-01 14:09:23.674,OnTrack,1393.427645159145,110.21927925033617,1873.4916947142524,car,0 days 00:01:07.081000,0 days 02:01:39.755000,11214.0,314.0,8,99.0,False,0,4523.791388888885,0.7893874587739012
2024-09-01 14:09:23.769,OnTrack,1386.0,27.0,1873.0,pos,0 days 00:01:07.176000,0 days 02:01:39.850000,11244.8750208,314.23750016,8,99.0,False,0,4532.093337250291,0.7908361228161863
2024-09-01 14:09:24.009,OnTrack,1366.0,-180.0,1872.0,pos,0 days 00:01:07.416000,0 days 02:01:40.090000,11322.8750208,314.83750016,8,99.0,False,0,4553.094859759443,0.7945008228562017
2024-09-01 14:09:24.074,OnTrack,1361.4881457304218,-229.98091420893888,1871.5618653469548,car,0 days 00:01:07.481000,0 days 02:01:40.155000,11344.0,315.0,8,99.0,False,0,4558.791388888886,0.7954948493854459
2024-09-01 14:09:24.269,OnTrack,1346.0,-407.0,1870.0,pos,0 days 00:01:07.676000,0 days 02:01:40.350000,11337.499997866667,315.8125002666667,8,99.0,False,0,4575.9040746166975,0.7984809595612273
2024-09-01 14:09:24.314,OnTrack,1340.079043167781,-470.888607055013,1869.720718307121,car,0 days 00:01:07.721000,0 days 02:01:40.395000,11336.0,316.0,8,99.0,False,0,4579.858055555553,0.7991709168773471
2024-09-01 14:09:24.469,OnTrack,1318.0,-705.0,1869.0,pos,0 days 00:01:07.876000,0 days 02:01:40.550000,11319.85416,316.6458336,8,99.0,False,0,4593.492639728849,0.8015501092022701
2024-09-01 14:09:24.554,OnTrack,1311.9820812489022,-769.8585105956055,1868.7004727355254,car,0 days 00:01:07.961000,0 days 02:01:40.635000,11311.0,317.0,8,99.0,False,0,4600.991388888887,0.8028586174942227
2024-09-01 14:09:24.749,OnTrack,1307.0,-828.0,1868.0,pos,0 days 00:01:08.156000,0 days 02:01:40.830000,11324.2321472,318.3928576,8,99.0,False,0,4618.267636646792,0.8058732687330613
2024-09-01 14:09:24.834,OnTrack,1301.4894559188838,-889.1647316888304,1867.513605251344,car,0 days 00:01:08.241000,0 days 02:01:40.915000,11330.0,319.0,8,99.0,False,0,4625.802499999998,0.8071880788388511
2024-09-01 14:09:25.034,OnTrack,1281.2996573756714,-1109.1608569259427,1866.1959789832076,car,0 days 00:01:08.441000,0 days 02:01:41.115000,11377.0,319.0,8,99.0,False,0,4643.524722222219,0.810280551227871
2024-09-01 14:09:25.109,OnTrack,1274.0,-1187.0,1866.0,pos,0 days 00:01:08.516000,0 days 02:01:41.190000,11399.812519466666,319.6250005333333,8,99.0,False,0,4650.199554463195,0.8114452885925046
2024-09-01 14:09:25.274,OnTrack,1259.8295337401476,-1335.0805072620237,1866.205198412935,car,0 days 00:01:08.681000,0 days 02:01:41.355000,11450.0,321.0,8,99.0,False,0,4664.924722222219,0.8140147843446441
2024-09-01 14:09:25.349,OnTrack,1254.0,-1400.0,1866.0,pos,0 days 00:01:08.756000,0 days 02:01:41.430000,11460.416675555556,321.0,8,99.0,False,0,4671.612859120698,0.8151818433304298
2024-09-01 14:09:25.469,OnTrack,1245.0,-1507.0,1865.0,pos,0 days 00:01:08.876000,0 days 02:01:41.550000,11477.083342222222,321.0,8,99.0,False,0,4682.304787572235,0.8170475514288361
2024-09-01 14:09:25.634,OnTrack,1231.2051920037297,-1654.404834115593,1864.0628888256547,car,0 days 00:01:09.041000,0 days 02:01:41.715000,11500.0,321.0,8,99.0,False,0,4697.02472222222,0.8196161340198038
2024-09-01 14:09:25.649,OnTrack,1230.0,-1667.0,1864.0,pos,0 days 00:01:09.056000,0 days 02:01:41.730000,11497.7499904,321.05357165714287,8,99.0,False,0,4698.364988098668,0.8198500062263978
2024-09-01 14:09:25.890,OnTrack,1210.0,-1880.0,1863.0,pos,0 days 00:01:09.297000,0 days 02:01:41.971000,11461.6,321.9142857142857,8,99.0,False,0,4719.924820973857,0.8236121296803522
2024-09-01 14:09:25.914,OnTrack,1207.1640597900505,-1911.0605511865224,1862.827258188105,car,0 days 00:01:09.321000,0 days 02:01:41.995000,11458.0,322.0,8,99.0,False,0,4722.069166666664,0.8239863113018424
2024-09-01 14:09:26.110,OnTrack,1181.0,-2200.0,1861.0,pos,0 days 00:01:09.517000,0 days 02:01:42.191000,11475.500022857143,321.29999908571426,8,99.0,False,0,4739.549327150775,0.8270365446740982
2024-09-01 14:09:26.194,OnTrack,1173.7778166310381,-2278.746436275166,1860.3220020072674,car,0 days 00:01:09.601000,0 days 02:01:42.275000,11483.0,321.0,8,99.0,False,0,4747.0358333333315,0.8283429166047444
2024-09-01 14:09:26.474,OnTrack,1162.0371584284,-2401.7837546012634,1859.0155927979854,car,0 days 00:01:09.881000,0 days 02:01:42.555000,11453.0,321.0,8,99.0,False,0,4772.002499999997,0.832699521907646
2024-09-01 14:09:26.490,OnTrack,1161.0,-2413.0,1859.0,pos,0 days 00:01:09.897000,0 days 02:01:42.571000,11449.88,321.0,8,99.0,False,0,4773.4295813189065,0.832948543137618
2024-09-01 14:09:26.650,OnTrack,1148.0,-2555.0,1859.0,pos,0 days 00:01:10.057000,0 days 02:01:42.731000,11418.68,321.0,8,99.0,False,0,4787.697930987687,0.8354383255607422
2024-09-01 14:09:26.674,OnTrack,1145.9765365808566,-2577.069678905177,1858.9416132563224,car,0 days 00:01:10.081000,0 days 02:01:42.755000,11414.0,321.0,8,99.0,False,0,4789.835833333331,0.8358113828382903
2024-09-01 14:09:26.914,OnTrack,1126.4682867162846,-2788.9874902799706,1857.3616552314486,car,0 days 00:01:10.321000,0 days 02:01:42.995000,11400.0,320.0,8,99.0,False,0,4811.169166666665,0.8395339828300891
2024-09-01 14:09:26.970,OnTrack,1122.0,-2838.0,1857.0,pos,0 days 00:01:10.377000,0 days 02:01:43.051000,11400.0,319.65,8,99.0,False,0,4816.13511699783,0.8404005256423734
2024-09-01 14:09:27.074,OnTrack,1113.7365969941554,-2929.4413189867414,1856.4581422534188,car,0 days 00:01:10.481000,0 days 02:01:43.155000,11400.0,319.0,8,99.0,False,0,4825.346944444443,0.8420079607413052
2024-09-01 14:09:27.170,OnTrack,1106.0,-3014.0,1856.0,pos,0 days 00:01:10.577000,0 days 02:01:43.251000,11385.333333333334,318.73333333333335,8,99.0,False,0,4833.839953491324,0.8434899642760678
2024-09-01 14:09:27.350,OnTrack,1091.0,-3173.0,1855.0,pos,0 days 00:01:10.757000,0 days 02:01:43.431000,11357.833294222222,318.23333262222224,8,99.0,False,0,4849.738556893722,0.8462642208805384
2024-09-01 14:09:27.434,OnTrack,1084.0451088509067,-3248.962521505742,1854.4864897690331,car,0 days 00:01:10.841000,0 days 02:01:43.515000,11345.0,318.0,8,99.0,False,0,4857.146944444443,0.8475569613540801
2024-09-01 14:09:27.670,OnTrack,1064.0,-3472.0,1853.0,pos,0 days 00:01:11.077000,0 days 02:01:43.751000,11328.7749824,317.2624992,8,99.0,False,0,4877.928414343452,0.8511832629013746
2024-09-01 14:09:27.754,OnTrack,1056.139389471738,-3556.193394605899,1852.5177908913183,car,0 days 00:01:11.161000,0 days 02:01:43.835000,11323.0,317.0,8,99.0,False,0,4885.32472222222,0.852473895509914
2024-09-01 14:09:27.914,OnTrack,1040.1618278449473,-3722.4545777741205,1851.67529615974,car,0 days 00:01:11.321000,0 days 02:01:43.995000,11275.0,317.0,8,99.0,False,0,4899.413611111109,0.8549323625878311
2024-09-01 14:09:28.050,OnTrack,1027.0,-3857.0,1851.0,pos,0 days 00:01:11.457000,0 days 02:01:44.131000,11261.966666666667,316.43333333333334,8,99.56666666666666,False,0,4911.354476832383,0.8570160063363975
2024-09-01 14:09:28.154,OnTrack,1017.506062782613,-3952.938247680902,1850.5008827791291,car,0 days 00:01:11.561000,0 days 02:01:44.235000,11252.0,316.0,8,100.0,False,0,4920.480277777776,0.8586084300797323
2024-09-01 14:09:28.314,OnTrack,1003.8576818240684,-4088.8657575526186,1849.762633500819,car,0 days 00:01:11.721000,0 days 02:01:44.395000,11276.0,316.0,8,99.0,False,0,4934.52472222222,0.8610591417409996
2024-09-01 14:09:28.490,OnTrack,990.0,-4224.0,1849.0,pos,0 days 00:01:11.897000,0 days 02:01:44.571000,11238.781370544775,315.3691757719453,8,99.0,False,0,4949.896407077647,0.8637414527058471
2024-09-01 14:09:28.593,OnTrack,982.4196276705256,-4296.43069672692,1848.5790883168866,car,0 days 00:01:12,0 days 02:01:44.674000,11217.0,315.0,8,99.0,False,0,4958.937222222221,0.8653190466925523
2024-09-01 14:09:28.793,OnTrack,966.637313234213,-4436.661499985401,1848.0120975597156,car,0 days 00:01:12.200000,0 days 02:01:44.874000,11218.0,315.0,8,99.0,False,0,4976.43722222222,0.8683727419983245
2024-09-01 14:09:28.810,OnTrack,965.0,-4450.0,1848.0,pos,0 days 00:01:12.217000,0 days 02:01:44.891000,11199.332762584616,313.4307751384615,8,95.76347372307693,False,0,4977.859262444696,0.868620883572724
2024-09-01 14:09:29.030,OnTrack,940.0,-4637.0,1848.0,pos,0 days 00:01:12.437000,0 days 02:01:45.111000,10957.7555584,293.1230592,8,53.878809600000004,False,0,4995.002535403397,0.8716123311246989
2024-09-01 14:09:29.229,OnTrack,915.0,-4792.0,1847.0,pos,0 days 00:01:12.636000,0 days 02:01:45.310000,10739.238461538462,274.75384615384615,8,15.99230769230769,False,0,5009.130937564606,0.8740776931451416
2024-09-01 14:09:29.313,OnTrack,904.4091426896123,-4849.800671313861,1846.9810561881463,car,0 days 00:01:12.720000,0 days 02:01:45.394000,10647.0,267.0,8,0.0,True,0,5015.003888888888,0.875102504795998
2024-09-01 14:09:29.429,OnTrack,887.0,-4932.0,1847.0,pos,0 days 00:01:12.836000,0 days 02:01:45.510000,10800.7,252.5,8,0.0,True,0,5023.016403409342,0.8765006635376292
2024-09-01 14:09:29.473,OnTrack,878.4366024355985,-4967.878767611008,1846.8097094232385,car,0 days 00:01:12.880000,0 days 02:01:45.554000,10859.0,247.0,7,0.0,True,0,5025.981666666665,0.8770180927084443
2024-09-01 14:09:29.673,OnTrack,830.7001513885044,-5145.547693651771,1845.1098157055085,car,0 days 00:01:13.080000,0 days 02:01:45.754000,10713.0,232.0,6,0.0,True,0,5038.870555555553,0.8792671635368227
2024-09-01 14:09:29.689,OnTrack,827.0,-5158.0,1845.0,pos,0 days 00:01:13.096000,0 days 02:01:45.770000,10696.363178782305,231.36318387683465,6,0.0,True,0,5039.8793600243625,0.8794431967637281
2024-09-01 14:09:29.874,OnTrack,787.9275310057419,-5273.87985041078,1844.2912631258596,car,0 days 00:01:13.281000,0 days 02:01:45.955000,10504.0,224.0,6,0.0,True,0,5051.37722222222,0.8814495377820145
2024-09-01 14:09:30.089,OnTrack,737.0,-5377.0,1844.0,pos,0 days 00:01:13.496000,0 days 02:01:46.170000,9970.0831744,216.8333312,6,0.0,True,0,5064.300692165,0.883704642896218
2024-09-01 14:09:30.114,OnTrack,729.5710746699365,-5389.450327537465,1843.942393641254,car,0 days 00:01:13.521000,0 days 02:01:46.195000,9908.0,216.0,6,0.0,True,0,5065.777222222219,0.8839622927764786
2024-09-01 14:09:30.314,OnTrack,659.85777901438,-5491.541861898484,1843.319544412207,car,0 days 00:01:13.721000,0 days 02:01:46.395000,9521.0,209.0,6,0.0,True,0,5077.388333333331,0.8859883953761816
2024-09-01 14:09:30.449,OnTrack,617.0,-5548.0,1843.0,pos,0 days 00:01:13.856000,0 days 02:01:46.530000,9864.23766272,205.28749824,6,0.0,True,0,5084.960706932811,0.8873097509027122
2024-09-01 14:09:30.714,OnTrack,558.3084671642387,-5612.278984831558,1842.9511193903595,car,0 days 00:01:14.121000,0 days 02:01:46.795000,10538.0,198.0,6,0.0,False,0,5099.388333333331,0.8898273266177239
2024-09-01 14:09:30.849,OnTrack,505.0,-5649.0,1843.0,pos,0 days 00:01:14.256000,0 days 02:01:46.930000,10212.64984576,195.29999872,6,10.80000512,False,0,5106.685254365073,0.8911006165320795
2024-09-01 14:09:30.914,OnTrack,468.0284999916926,-5671.9533854296815,1843.0068691347406,car,0 days 00:01:14.321000,0 days 02:01:46.995000,10056.0,194.0,5,16.0,False,0,5110.166111111109,0.8917080151552472
2024-09-01 14:09:31.089,OnTrack,349.0,-5738.0,1843.0,pos,0 days 00:01:14.496000,0 days 02:01:47.170000,10316.75009536,190.49999872,5,29.1250048,False,0,5119.407249861369,0.8933205649850563
2024-09-01 14:09:31.114,OnTrack,333.0510244665998,-5745.407171090593,1843.0016431960196,car,0 days 00:01:14.521000,0 days 02:01:47.195000,10354.0,190.0,5,31.0,False,0,5120.721666666664,0.8935499266095225
2024-09-01 14:09:31.474,OnTrack,144.1755352090516,-5793.658660488632,1843.0547606102434,car,0 days 00:01:14.881000,0 days 02:01:47.555000,10415.0,190.0,5,62.0,False,0,5139.721666666664,0.8968653672272181
2024-09-01 14:09:31.569,OnTrack,104.0,-5798.0,1843.0,pos,0 days 00:01:14.976000,0 days 02:01:47.650000,10485.571476114286,191.69642971428573,5,65.05357348571428,False,0,5144.832448578329,0.8977571826976455
2024-09-01 14:09:31.754,OnTrack,35.50709089285458,-5802.26559242301,1842.7648385922114,car,0 days 00:01:15.161000,0 days 02:01:47.835000,10623.0,195.0,5,71.0,False,0,5154.888333333331,0.8995119031588875
2024-09-01 14:09:31.914,OnTrack,-30.624350133199645,-5799.637732968613,1842.940232786411,car,0 days 00:01:15.321000,0 days 02:01:47.995000,11023.0,197.0,5,82.0,False,0,5163.643888888887,0.901039720238855
2024-09-01 14:09:31.929,OnTrack,-38.0,-5799.0,1843.0,pos,0 days 00:01:15.336000,0 days 02:01:48.010000,11037.77506304,197.3750016,5,82.97500416,False,0,5164.473028068493,0.9011844024343175
2024-09-01 14:09:32.109,OnTrack,-138.0,-5786.0,1844.0,pos,0 days 00:01:15.516000,0 days 02:01:48.190000,11215.07506304,201.8750016,5,94.67500416,False,0,5174.580139927606,0.9029480618651228
2024-09-01 14:09:32.114,OnTrack,-140.82655875931215,-5785.491125782051,1844.0174202724002,car,0 days 00:01:15.521000,0 days 02:01:48.195000,11220.0,202.0,5,95.0,False,0,5174.866111111109,0.902997962942874
2024-09-01 14:09:32.370,OnTrack,-283.0,-5749.0,1844.0,pos,0 days 00:01:15.777000,0 days 02:01:48.451000,11566.24,209.04,5,97.56,False,0,5189.901204163984,0.905621539690155
2024-09-01 14:09:32.450,OnTrack,-328.0,-5734.0,1844.0,pos,0 days 00:01:15.857000,0 days 02:01:48.531000,11674.44,211.24,5,98.36,False,0,5194.691189034537,0.9064573770795223
2024-09-01 14:09:32.514,OnTrack,-361.92503780255106,-5721.682658533593,1843.9826953718189,car,0 days 00:01:15.921000,0 days 02:01:48.595000,11761.0,213.0,5,99.0,False,0,5198.532777777776,0.9071277223087757
2024-09-01 14:09:32.670,OnTrack,-450.0,-5681.0,1844.0,pos,0 days 00:01:16.077000,0 days 02:01:48.751000,11032.998805333333,216.25000533333332,5,99.0,False,0,5207.937042221056,0.9087687370621864
2024-09-01 14:09:32.754,OnTrack,-515.0876918613816,-5642.949683548439,1844.2057501830484,car,0 days 00:01:16.161000,0 days 02:01:48.835000,10641.0,218.0,5,99.0,False,0,5213.0661111111085,0.9096637435531885
2024-09-01 14:09:32.990,OnTrack,-706.0,-5517.0,1845.0,pos,0 days 00:01:16.397000,0 days 02:01:49.071000,10863.2335744,224.8833408,5,99.0,False,0,5227.812408340984,0.9122369263319539
2024-09-01 14:09:32.994,OnTrack,-708.0106044201857,-5515.566048024335,1845.004102676586,car,0 days 00:01:16.401000,0 days 02:01:49.075000,10867.0,225.0,6,99.0,False,0,5228.066111111109,0.912281196672422
2024-09-01 14:09:33.230,OnTrack,-774.0,-5458.0,1845.0,pos,0 days 00:01:16.637000,0 days 02:01:49.311000,11052.42877257143,230.9000064,6,99.0,False,0,5243.2405830303505,0.9149290945962713
2024-09-01 14:09:33.274,OnTrack,-790.5853489173314,-5441.811274352423,1845.1480546241562,car,0 days 00:01:16.681000,0 days 02:01:49.355000,11087.0,232.0,6,99.0,False,0,5246.110555555554,0.9154298958321518
2024-09-01 14:09:33.450,OnTrack,-876.0,-5357.0,1846.0,pos,0 days 00:01:16.857000,0 days 02:01:49.531000,11287.514285714286,235.77142857142857,6,99.0,False,0,5257.7099298735075,0.9174539503981307
2024-09-01 14:09:33.554,OnTrack,-922.1318134569246,-5306.9066490456125,1846.0544121657754,car,0 days 00:01:16.961000,0 days 02:01:49.635000,11406.0,238.0,6,99.0,False,0,5264.621666666665,0.918660026866702
2024-09-01 14:09:33.714,OnTrack,-987.4151019644373,-5226.25663099538,1845.8238083073497,car,0 days 00:01:17.121000,0 days 02:01:49.795000,11546.0,241.0,6,99.0,False,0,5275.332777777776,0.9205290822792509
2024-09-01 14:09:33.770,OnTrack,-1012.0,-5192.0,1846.0,pos,0 days 00:01:17.177000,0 days 02:01:49.851000,11581.933333333332,242.4,6,99.0,False,0,5279.137611291647,0.921193013835854
2024-09-01 14:09:33.954,OnTrack,-1098.90550799038,-5058.296882804683,1847.5391321391992,car,0 days 00:01:17.361000,0 days 02:01:50.035000,11700.0,247.0,6,99.0,False,0,5291.799444444442,0.9234024641479204
2024-09-01 14:09:34.030,OnTrack,-1130.0,-5007.0,1848.0,pos,0 days 00:01:17.437000,0 days 02:01:50.111000,11559.716194133332,247.63333546666667,6,99.0,False,0,5297.037794978568,0.9243165399442661
2024-09-01 14:09:34.194,OnTrack,-1178.394655606974,-4920.3579865429765,1847.9136702904034,car,0 days 00:01:17.601000,0 days 02:01:50.275000,11257.0,249.0,6,99.0,False,0,5308.399444444442,0.9262991122665388
2024-09-01 14:09:34.354,OnTrack,-1215.245264425705,-4842.593503077234,1847.7672492363254,car,0 days 00:01:17.761000,0 days 02:01:50.435000,10595.0,254.0,7,99.0,False,0,5319.688333333331,0.9282689880955322
2024-09-01 14:09:34.390,OnTrack,-1225.0,-4821.0,1848.0,pos,0 days 00:01:17.797000,0 days 02:01:50.471000,10611.4251168,254.6750048,7,99.0,False,0,5322.257404882386,0.9287172830515061
2024-09-01 14:09:34.490,OnTrack,-1254.0,-4755.0,1849.0,pos,0 days 00:01:17.897000,0 days 02:01:50.571000,10657.05,256.55,7,99.0,False,0,5329.449749314053,0.9299723246759907
2024-09-01 14:09:34.674,OnTrack,-1301.724936092522,-4633.406835996505,1849.9260323136718,car,0 days 00:01:18.081000,0 days 02:01:50.755000,10741.0,260.0,7,99.0,False,0,5342.799444444441,0.9323018047533139
2024-09-01 14:09:34.690,OnTrack,-1306.0,-4621.0,1850.0,pos,0 days 00:01:18.097000,0 days 02:01:50.771000,10756.4,260.2,7,99.0,False,0,5343.961205851454,0.9325045284878866
2024-09-01 14:09:34.834,OnTrack,-1347.2956817682145,-4489.373954892208,1850.8431218969508,car,0 days 00:01:18.241000,0 days 02:01:50.915000,10895.0,262.0,7,99.0,False,0,5354.443888888886,0.9343337239155041
2024-09-01 14:09:35.030,OnTrack,-1398.0,-4311.0,1852.0,pos,0 days 00:01:18.437000,0 days 02:01:51.111000,10928.720466415376,265.5125485849351,7,99.0,False,0,5368.930712948162,0.9368616294369533
2024-09-01 14:09:35.113,OnTrack,-1411.4954939853521,-4261.716455720696,1852.2694822288604,car,0 days 00:01:18.520000,0 days 02:01:51.194000,10943.0,267.0,7,99.0,False,0,5375.136388888886,0.9379445004934867
2024-09-01 14:09:35.410,OnTrack,-1440.0,-4105.0,1853.0,pos,0 days 00:01:18.817000,0 days 02:01:51.491000,11081.599970133333,271.94999893333335,7,99.0,False,0,5397.630242693169,0.9418696076803933
2024-09-01 14:09:35.473,OnTrack,-1449.1792345723163,-4035.6918918121314,1853.4193292273735,car,0 days 00:01:18.880000,0 days 02:01:51.554000,11111.0,273.0,7,99.0,False,0,5402.4363888888865,0.9427082651704914
2024-09-01 14:09:35.670,OnTrack,-1480.0,-3783.0,1855.0,pos,0 days 00:01:19.077000,0 days 02:01:51.751000,11253.004305066666,275.4625024,7,99.0,False,0,5417.5236927691785,0.9453409525439777
2024-09-01 14:09:35.713,OnTrack,-1484.3593413614817,-3742.5000016518816,1855.2381082831134,car,0 days 00:01:19.120000,0 days 02:01:51.794000,11284.0,276.0,7,99.0,False,0,5420.836388888886,0.9459190076634177
2024-09-01 14:09:35.873,OnTrack,-1491.675360069748,-3649.3081634833225,1855.7038648823184,car,0 days 00:01:19.280000,0 days 02:01:51.954000,11389.0,279.0,7,99.0,False,0,5433.236388888886,0.9480827689086506
2024-09-01 14:09:36.073,OnTrack,-1491.927177012353,-3573.030250593135,1855.9671576443122,car,0 days 00:01:19.480000,0 days 02:01:52.154000,11524.0,282.0,7,99.0,False,0,5448.903055555553,0.9508165532776278
2024-09-01 14:09:36.089,OnTrack,-1492.0,-3565.0,1856.0,pos,0 days 00:01:19.496000,0 days 02:01:52.170000,11502.506864699675,282.17977529526297,7,99.0,False,0,5450.166271802067,0.9510369805646082
2024-09-01 14:09:36.829,OnTrack,-1498.0,-2975.0,1859.0,pos,0 days 00:01:20.236000,0 days 02:01:52.910000,10508.449357059624,290.4943827011742,7,99.0,False,0,5509.97415292531,0.9614732688979931
2024-09-01 14:09:36.874,OnTrack,-1497.7193629345104,-2938.0255620357284,1859.2176751949696,car,0 days 00:01:20.281000,0 days 02:01:52.955000,10448.0,291.0,8,99.0,False,0,5513.650555555553,0.962114789666799
2024-09-01 14:09:37.029,OnTrack,-1496.0,-2813.0,1860.0,pos,0 days 00:01:20.436000,0 days 02:01:53.110000,10510.553597257143,293.2142866285714,8,99.0,False,0,5526.328063272588,0.9643269751413363
2024-09-01 14:09:37.154,OnTrack,-1494.0470150719216,-2711.088608938262,1860.7106979035482,car,0 days 00:01:20.561000,0 days 02:01:53.235000,10561.0,295.0,8,99.0,False,0,5536.5949999999975,0.9661185235121449
2024-09-01 14:09:37.209,OnTrack,-1493.0,-2666.0,1861.0,pos,0 days 00:01:20.616000,0 days 02:01:53.290000,10585.000027927274,295.5000005818182,8,99.0,False,0,5541.131034476447,0.9669100473514338
2024-09-01 14:09:37.449,OnTrack,-1487.0,-2468.0,1862.0,pos,0 days 00:01:20.856000,0 days 02:01:53.530000,10689.727300654546,297.6818187636364,8,99.0,False,0,5561.0502920812905,0.9703858955481413
2024-09-01 14:09:37.594,OnTrack,-1482.4390053789748,-2347.0173839844356,1862.660581541237,car,0 days 00:01:21.001000,0 days 02:01:53.675000,10753.0,299.0,8,99.0,False,0,5573.139444444442,0.9724954148522625
2024-09-01 14:09:37.669,OnTrack,-1480.0,-2286.0,1863.0,pos,0 days 00:01:21.076000,0 days 02:01:53.750000,10768.75001344,299.75000064,8,99.0,False,0,5579.402412332704,0.9735882831745819
2024-09-01 14:09:37.794,OnTrack,-1475.9727313663536,-2188.2930099752257,1863.5276135525419,car,0 days 00:01:21.201000,0 days 02:01:53.875000,10795.0,301.0,8,99.0,False,0,5589.861666666665,0.9754133903666673
2024-09-01 14:09:37.889,OnTrack,-1472.0,-2102.0,1864.0,pos,0 days 00:01:21.296000,0 days 02:01:53.970000,10837.7500288,301.7916672,8,99.0,False,0,5597.835390192348,0.9768047802009476
2024-09-01 14:09:38.034,OnTrack,-1463.1671619121907,-1929.8838859742293,1864.9769525623933,car,0 days 00:01:21.441000,0 days 02:01:54.115000,10903.0,303.0,8,99.0,False,0,5610.061666666665,0.9789382272339016
2024-09-01 14:09:38.169,OnTrack,-1455.0,-1781.0,1866.0,pos,0 days 00:01:21.576000,0 days 02:01:54.250000,10935.400015359999,304.35000064,8,99.0,False,0,5621.526885797277,0.980938872138976
2024-09-01 14:09:38.434,OnTrack,-1445.433848233009,-1631.5312575730213,1867.8162412297813,car,0 days 00:01:21.841000,0 days 02:01:54.515000,10999.0,307.0,8,99.0,False,0,5644.172777777776,0.9848905095124547
2024-09-01 14:09:38.469,OnTrack,-1444.0,-1610.0,1868.0,pos,0 days 00:01:21.876000,0 days 02:01:54.550000,11011.77502336,307.17500032,8,99.0,False,0,5647.163904844971,0.9854124518372581
2024-09-01 14:09:38.634,OnTrack,-1435.4920572675373,-1479.3284062387713,1868.6389636926226,car,0 days 00:01:22.041000,0 days 02:01:54.715000,11072.0,308.0,8,99.0,False,0,5661.283888888887,0.9878763449225432
2024-09-01 14:09:38.749,OnTrack,-1428.0,-1371.0,1869.0,pos,0 days 00:01:22.156000,0 days 02:01:54.830000,11093.9218872,309.0781256,8,99.0,False,0,5671.187552840911,0.9896045033294141
2024-09-01 14:09:38.954,OnTrack,-1411.9811705031448,-1162.8151626632405,1869.6820648140224,car,0 days 00:01:22.361000,0 days 02:01:55.035000,11133.0,311.0,8,99.0,False,0,5688.9283333333315,0.9927002140785822
2024-09-01 14:09:39.050,OnTrack,-1405.0,-1074.0,1870.0,pos,0 days 00:01:22.457000,0 days 02:01:55.131000,11169.0,311.48,8,99.0,False,0,5697.238919846772,0.9941503854513998
2024-09-01 14:09:39.154,OnTrack,-1398.5730915919812,-990.916471001927,1870.335088542112,car,0 days 00:01:22.561000,0 days 02:01:55.235000,11208.0,312.0,8,99.0,False,0,5706.261666666665,0.9957248265719187
2024-09-01 14:09:39.370,OnTrack,-1389.0,-862.0,1871.0,pos,0 days 00:01:22.777000,0 days 02:01:55.451000,11261.228571428572,314.3142857142857,8,99.0,False,0,5725.134914596359,0.9990181493494948
2024-09-01 14:09:39.434,OnTrack,-1387.142258771166,-835.1170231773792,1871.1889629624761,car,0 days 00:01:22.841000,0 days 02:01:55.515000,11277.0,315.0,8,99.0,False,0,5730.761666666665,1.0
