Date,Status,X,Y,Z,Source,Time,SessionTime,RPM,Speed,nGear,Throttle,Brake,DRS,Distance,RelativeDistance
2024-09-01 14:17:19.076,OnTrack,,,,car,0 days 00:00:00,0 days 02:09:35.157000,11319.0,318.0,8,100.0,False,0,6.713333333333333,0.0011684854817898944
2024-09-01 14:17:19.169,OnTrack,-1363.0,-553.0,1872.0,pos,0 days 00:00:00.093000,0 days 02:09:35.250000,11344.187482666666,318.77499946666666,8,100.0,False,0,14.969444435832843,0.002605498286057278
2024-09-01 14:17:19.316,OnTrack,-1353.9177792355981,-453.29422767229516,1872.40100577885,car,0 days 00:00:00.240000,0 days 02:09:35.397000,11384.0,320.0,8,100.0,False,0,28.046666666666667,0.004881646893634643
2024-09-01 14:17:19.476,OnTrack,-1343.2277758890518,-331.2290859365533,1872.8157989722838,car,0 days 00:00:00.400000,0 days 02:09:35.557000,11438.0,321.0,8,100.0,False,0,42.31333333333333,0.007364823587805818
2024-09-01 14:17:19.550,OnTrack,-1338.0,-270.0,1873.0,pos,0 days 00:00:00.474000,0 days 02:09:35.631000,11448.609334913988,321.0,8,100.0,False,0,48.91395033603855,0.008513690291656351
2024-09-01 14:17:19.755,OnTrack,-1322.2835532626816,-87.49280546448104,1873.843749804677,car,0 days 00:00:00.679000,0 days 02:09:35.836000,11478.0,321.0,8,100.0,False,0,67.19083333333333,0.011694862948266806
2024-09-01 14:17:19.770,OnTrack,-1321.0,-74.0,1874.0,pos,0 days 00:00:00.694000,0 days 02:09:35.851000,11481.0937104,321.0,8,100.0,False,0,68.52683868059518,0.011927400612398257
2024-09-01 14:17:19.850,OnTrack,-1314.0,-3.0,1875.0,pos,0 days 00:00:00.774000,0 days 02:09:35.931000,11497.5937104,321.0,8,100.0,False,0,75.64986809491242,0.013167195516617531
2024-09-01 14:17:19.915,OnTrack,-1308.9674750394993,51.07168838782445,1875.5123456579227,car,0 days 00:00:00.839000,0 days 02:09:35.996000,11511.0,321.0,8,100.0,False,0,81.4575,0.014178039642437981
2024-09-01 14:17:20.070,OnTrack,-1297.0,192.0,1876.0,pos,0 days 00:00:00.994000,0 days 02:09:36.151000,11552.517874285715,323.2142866285714,8,100.0,False,0,95.42867566399225,0.01660978481526488
2024-09-01 14:17:20.195,OnTrack,-1282.2153902873129,364.5717343930503,1876.9210405634758,car,0 days 00:00:01.119000,0 days 02:09:36.276000,11586.0,325.0,8,100.0,False,0,106.73527777777778,0.018577749127826945
2024-09-01 14:17:20.330,OnTrack,-1266.0,553.0,1878.0,pos,0 days 00:00:01.254000,0 days 02:09:36.411000,11607.09372,325.0,8,100.0,False,0,118.92073368075215,0.02069868184554539
2024-09-01 14:17:20.355,OnTrack,-1263.618357776782,580.6974856331572,1878.1426458362796,car,0 days 00:00:01.279000,0 days 02:09:36.436000,11611.0,325.0,8,100.0,False,0,121.17972222222221,0.02109186883376349
2024-09-01 14:17:20.755,OnTrack,-1243.115061644562,818.0751197497993,1878.8822257941324,car,0 days 00:00:01.679000,0 days 02:09:36.836000,11657.0,327.0,8,100.0,False,0,157.51305555555552,0.027415846863311572
2024-09-01 14:17:20.790,OnTrack,-1241.0,842.0,1879.0,pos,0 days 00:00:01.714000,0 days 02:09:36.871000,11658.9687536,327.1458336,8,100.0,False,0,160.70496790785913,0.027971413384088026
2024-09-01 14:17:20.990,OnTrack,-1225.0,1023.0,1880.0,pos,0 days 00:00:01.914000,0 days 02:09:37.071000,11670.2187536,327.9791669333333,8,100.0,False,0,178.97811212348927,0.031151935289145147
2024-09-01 14:17:21.190,OnTrack,-1203.0,1278.0,1881.0,pos,0 days 00:00:02.114000,0 days 02:09:37.271000,11681.4687536,328.8125002666667,8,100.0,False,0,197.26823987588003,0.034335413254202404
2024-09-01 14:17:21.235,OnTrack,-1198.7623735679786,1327.6930848432394,1881.2042017313818,car,0 days 00:00:02.159000,0 days 02:09:37.316000,11684.0,329.0,8,100.0,False,0,201.3797222222222,0.03505103501641734
2024-09-01 14:17:21.475,OnTrack,-1183.2637373580308,1513.2197159682623,1882.160797696674,car,0 days 00:00:02.399000,0 days 02:09:37.556000,11749.0,329.0,8,100.0,False,0,223.31305555555554,0.038868629092970224
2024-09-01 14:17:21.670,OnTrack,-1172.0,1643.0,1883.0,pos,0 days 00:00:02.594000,0 days 02:09:37.751000,11763.6250048,330.6250005333333,8,100.0,False,0,241.24011620501307,0.04198891361631551
2024-09-01 14:17:21.715,OnTrack,-1168.9977497984542,1676.2198021946474,1883.2188610631288,car,0 days 00:00:02.639000,0 days 02:09:37.796000,11767.0,331.0,8,100.0,False,0,245.37972222222217,0.04270943042834713
2024-09-01 14:17:21.830,OnTrack,-1159.0,1789.0,1884.0,pos,0 days 00:00:02.754000,0 days 02:09:37.911000,11773.708337066666,331.0,8,100.0,False,0,255.95150806405536,0.04454949670532439
2024-09-01 14:17:21.955,OnTrack,-1140.742645228985,2007.1124089911118,1885.6027926649122,car,0 days 00:00:02.879000,0 days 02:09:38.036000,11781.0,331.0,8,100.0,False,0,267.44638888888886,0.04655023176372405
2024-09-01 14:17:21.990,OnTrack,-1136.0,2064.0,1886.0,pos,0 days 00:00:02.914000,0 days 02:09:38.071000,11783.500004571428,331.1250002285714,8,100.0,False,0,270.6688248492046,0.047111111054035856
2024-09-01 14:17:22.235,OnTrack,-1118.9188511485459,2264.619394021339,1886.8746926539666,car,0 days 00:00:03.159000,0 days 02:09:38.316000,11801.0,332.0,8,100.0,False,0,293.26861111111106,0.051044704222644455
2024-09-01 14:17:22.470,OnTrack,-1109.0,2376.0,1887.0,pos,0 days 00:00:03.394000,0 days 02:09:38.551000,11826.636370618182,332.53409105454546,8,100.0,False,0,314.9996865435423,0.054827094413281534
2024-09-01 14:17:22.650,OnTrack,-1094.0,2549.0,1888.0,pos,0 days 00:00:03.574000,0 days 02:09:38.731000,11846.272706327272,332.9431813818182,8,100.0,False,0,331.65598303114155,0.05772619679056273
2024-09-01 14:17:22.675,OnTrack,-1091.860939560783,2573.185169672315,1888.1316280542133,car,0 days 00:00:03.599000,0 days 02:09:38.756000,11849.0,333.0,8,100.0,False,0,333.96861111111104,0.058128719978679515
2024-09-01 14:17:22.870,OnTrack,-1076.0,2752.0,1889.0,pos,0 days 00:00:03.794000,0 days 02:09:38.951000,11862.000004266667,333.0,8,100.0,False,0,352.00385984746674,0.06126783511903222
2024-09-01 14:17:22.915,OnTrack,-1072.574113136146,2793.2429564613662,1889.2067654697053,car,0 days 00:00:03.839000,0 days 02:09:38.996000,11865.0,333.0,8,100.0,False,0,356.1686111111111,0.06199272857288046
2024-09-01 14:17:23.070,OnTrack,-1061.0,2936.0,1890.0,pos,0 days 00:00:03.994000,0 days 02:09:39.151000,11866.055619127763,333.1759365212939,8,100.0,False,0,370.5274732050177,0.06449195229061926
2024-09-01 14:17:23.230,OnTrack,-1048.0,3083.0,1891.0,pos,0 days 00:00:04.154000,0 days 02:09:39.311000,11867.145290035527,333.3575483392544,8,100.0,False,0,385.37159902774135,0.06707563831550234
2024-09-01 14:17:23.796,OnTrack,-995.643849443087,3685.926997016036,1894.3352629680796,car,0 days 00:00:04.720000,0 days 02:09:39.877000,11871.0,334.0,8,100.0,False,0,437.90583333333336,0.07621945511039303
2024-09-01 14:17:23.929,OnTrack,-984.0,3822.0,1895.0,pos,0 days 00:00:04.853000,0 days 02:09:40.010000,11862.502781866666,333.6305557333333,8,100.0,False,0,450.2190082180847,0.07836261788411278
2024-09-01 14:17:24.156,OnTrack,-965.681778486478,4037.0635979768094,1896.007741186102,car,0 days 00:00:05.080000,0 days 02:09:40.237000,11848.0,333.0,8,100.0,False,0,471.2058333333333,0.08201546800169443
2024-09-01 14:17:24.409,OnTrack,-948.0,4245.0,1897.0,pos,0 days 00:00:05.333000,0 days 02:09:40.490000,11782.3781416,332.2093752,8,100.0,False,0,494.5509516640045,0.08607878952702558
2024-09-01 14:17:24.476,OnTrack,-943.882798449489,4293.245371808425,1897.2508758458,car,0 days 00:00:05.400000,0 days 02:09:40.557000,11765.0,332.0,8,100.0,False,0,500.71694444444444,0.08715200795474634
2024-09-01 14:17:24.769,OnTrack,-926.0,4501.0,1898.0,pos,0 days 00:00:05.693000,0 days 02:09:40.850000,11752.1812528,330.1687504,8,100.0,False,0,527.5822296094701,0.0918280301512922
2024-09-01 14:17:24.796,OnTrack,-923.967161564931,4524.385666962304,1897.9975280838607,car,0 days 00:00:05.720000,0 days 02:09:40.877000,11751.0,330.0,8,100.0,False,0,530.0502777777778,0.09225760489603287
2024-09-01 14:17:24.869,OnTrack,-918.0,4593.0,1898.0,pos,0 days 00:00:05.793000,0 days 02:09:40.950000,11734.777792,329.5944448,8,100.0,False,0,536.7169307495739,0.0934179654535813
2024-09-01 14:17:25.156,OnTrack,-888.2846376096209,4937.014407406448,1899.7707876991028,car,0 days 00:00:06.080000,0 days 02:09:41.237000,11671.0,328.0,8,100.0,False,0,562.8502777777777,0.09796659056674416
2024-09-01 14:17:25.189,OnTrack,-885.0,4975.0,1900.0,pos,0 days 00:00:06.113000,0 days 02:09:41.270000,11662.25501696,327.83500032,8,100.0,False,0,565.8493330592507,0.09848858945782954
2024-09-01 14:17:25.356,OnTrack,-870.0075105338385,5147.860255206882,1900.9896775321004,car,0 days 00:00:06.280000,0 days 02:09:41.437000,11618.0,327.0,8,100.0,False,0,581.0169444444443,0.10112857958151819
2024-09-01 14:17:25.516,OnTrack,-858.0476585301371,5285.2696982539655,1901.6875009162957,car,0 days 00:00:06.440000,0 days 02:09:41.597000,11592.0,327.0,8,100.0,False,0,595.5502777777776,0.10365817079333743
2024-09-01 14:17:25.609,OnTrack,-852.0,5355.0,1902.0,pos,0 days 00:00:06.533000,0 days 02:09:41.690000,11559.4500224,326.4187504,8,100.0,False,0,603.9786522816166,0.10512516680766076
2024-09-01 14:17:25.676,OnTrack,-848.0496244581377,5400.692998105406,1902.1832975424663,car,0 days 00:00:06.600000,0 days 02:09:41.757000,11536.0,326.0,8,100.0,False,0,610.0391666666666,0.10618002625221533
2024-09-01 14:17:25.970,OnTrack,-832.0,5589.0,1903.0,pos,0 days 00:00:06.894000,0 days 02:09:42.051000,11480.875024,324.1625008,8,100.0,False,0,636.5090788558502,0.11078723202639325
2024-09-01 14:17:25.996,OnTrack,-830.292218985668,5609.352240723191,1903.1337768202118,car,0 days 00:00:06.920000,0 days 02:09:42.077000,11476.0,324.0,8,100.0,False,0,638.8391666666666,0.11119279415820575
2024-09-01 14:17:26.130,OnTrack,-820.0,5732.0,1904.0,pos,0 days 00:00:07.054000,0 days 02:09:42.211000,11443.3375312,322.3250016,8,100.0,False,0,650.8246034176324,0.113278912654196
2024-09-01 14:17:26.156,OnTrack,-817.5297995058492,5761.179723580046,1904.194914137706,car,0 days 00:00:07.080000,0 days 02:09:42.237000,11437.0,322.0,8,100.0,False,0,653.1502777777777,0.11368370660531825
2024-09-01 14:17:26.315,OnTrack,-799.5291014080423,5972.146838448694,1905.507522798927,car,0 days 00:00:07.239000,0 days 02:09:42.396000,11390.0,322.0,8,100.0,False,0,667.3719444444444,0.11615905084963632
2024-09-01 14:17:26.390,OnTrack,-792.0,6060.0,1906.0,pos,0 days 00:00:07.314000,0 days 02:09:42.471000,11383.749994666667,321.3749994666667,8,100.0,False,0,674.0474265476001,0.11732094815670968
2024-09-01 14:17:26.675,OnTrack,-774.7907224794122,6259.4870078438325,1906.7468655641658,car,0 days 00:00:07.599000,0 days 02:09:42.756000,11360.0,319.0,8,100.0,False,0,699.2719444444443,0.12171138752328542
2024-09-01 14:17:26.770,OnTrack,-769.0,6327.0,1907.0,pos,0 days 00:00:07.694000,0 days 02:09:42.851000,11339.33754176,318.76250048,8,100.0,False,0,707.6963421791538,0.12317769136328022
2024-09-01 14:17:26.970,OnTrack,-754.0,6504.0,1908.0,pos,0 days 00:00:07.894000,0 days 02:09:43.051000,11295.83754176,318.26250048,8,100.0,False,0,725.4251049541335,0.12626346126089605
2024-09-01 14:17:27.075,OnTrack,-746.9640800151317,6589.688924963781,1908.9575026420835,car,0 days 00:00:07.999000,0 days 02:09:43.156000,11273.0,318.0,8,100.0,False,0,734.6052777777776,0.12786131111165328
2024-09-01 14:17:27.190,OnTrack,-738.0,6698.0,1910.0,pos,0 days 00:00:08.114000,0 days 02:09:43.271000,11229.01247552,313.11249728,8,71.249984,False,0,744.5325433926963,0.1295891957807056
2024-09-01 14:17:27.450,OnTrack,-709.0,7037.0,1911.0,pos,0 days 00:00:08.374000,0 days 02:09:43.531000,11129.56257344,302.06250816,8,6.250048000000007,False,0,766.094565512932,0.1333421614915588
2024-09-01 14:17:27.475,OnTrack,-707.1145878023547,7059.400651251633,1911.0659636445034,car,0 days 00:00:08.399000,0 days 02:09:43.556000,11120.0,301.0,8,0.0,True,0,768.049722222222,0.13368246520001406
2024-09-01 14:17:27.755,OnTrack,-698.5208014032339,7169.952785879622,1911.8141591050505,car,0 days 00:00:08.679000,0 days 02:09:43.836000,9160.0,263.0,8,0.0,True,0,788.5052777777777,0.13724284549126728
2024-09-01 14:17:27.810,OnTrack,-696.0,7201.0,1912.0,pos,0 days 00:00:08.734000,0 days 02:09:43.891000,8983.45061632,256.125024,8,0.0,True,0,792.2546858451254,0.1378954466171861
2024-09-01 14:17:27.955,OnTrack,-685.5536925187254,7325.426171434691,1912.575935300077,car,0 days 00:00:08.879000,0 days 02:09:44.036000,8518.0,238.0,8,0.0,True,0,801.7274999999998,0.13954423199131688
2024-09-01 14:17:28.070,OnTrack,-677.0,7426.0,1913.0,pos,0 days 00:00:08.994000,0 days 02:09:44.151000,8538.1250112,225.34999296,8,0.0,True,0,808.7896540260634,0.14077343126385203
2024-09-01 14:17:28.155,OnTrack,-672.2350257461515,7481.731440283888,1913.2379738501597,car,0 days 00:00:09.079000,0 days 02:09:44.236000,8553.0,216.0,8,0.0,True,0,813.7274999999998,0.14163288528547954
2024-09-01 14:17:28.470,OnTrack,-662.0,7604.0,1914.0,pos,0 days 00:00:09.394000,0 days 02:09:44.551000,8709.5156568,187.4531192,8,0.0,True,0,830.1028536204863,0.14448308830902185
2024-09-01 14:17:28.475,OnTrack,-661.8409680446708,7606.053544718477,1914.0202645877434,car,0 days 00:00:09.399000,0 days 02:09:44.556000,8712.0,187.0,8,0.0,True,0,830.3497222222221,0.14452605688554193
2024-09-01 14:17:28.670,OnTrack,-654.0,7703.0,1915.0,pos,0 days 00:00:09.594000,0 days 02:09:44.751000,9653.687809066667,174.812496,8,0.0,True,0,839.7493613899588,0.14616210582817807
2024-09-01 14:17:28.715,OnTrack,-651.0258240552303,7734.3506929266505,1915.23932590906,car,0 days 00:00:09.639000,0 days 02:09:44.796000,9871.0,172.0,7,0.0,True,0,841.8163888888888,0.14652188114440848
2024-09-01 14:17:28.870,OnTrack,-639.0,7852.0,1916.0,pos,0 days 00:00:09.794000,0 days 02:09:44.951000,9715.0311856,157.468744,7,0.0,True,0,848.5845807378103,0.14769991499447305
2024-09-01 14:17:28.875,OnTrack,-638.667251630373,7855.1361997670765,1916.0201286993638,car,0 days 00:00:09.799000,0 days 02:09:44.956000,9710.0,157.0,5,0.0,True,0,848.7941666666666,0.14773639435619937
2024-09-01 14:17:29.275,OnTrack,-622.6225223153542,7976.68449082901,1916.9613491232985,car,0 days 00:00:10.199000,0 days 02:09:45.356000,9216.0,135.0,4,0.0,True,0,863.7941666666666,0.15034721097390272
2024-09-01 14:17:29.290,OnTrack,-622.0,7980.0,1917.0,pos,0 days 00:00:10.214000,0 days 02:09:45.371000,9152.148544581818,134.01137629090908,4,0.0,True,0,864.2865047729309,0.15043290460786027
2024-09-01 14:17:29.670,OnTrack,-598.0,8079.0,1918.0,pos,0 days 00:00:10.594000,0 days 02:09:45.751000,7534.556545745455,108.96590487272728,4,0.0,True,0,875.4550989501189,0.15237684802613943
2024-09-01 14:17:29.715,OnTrack,-593.3615006593786,8092.785963724995,1918.0056390288014,car,0 days 00:00:10.639000,0 days 02:09:45.796000,7343.0,106.0,3,0.0,True,0,876.7497222222221,0.15260218295630426
2024-09-01 14:17:29.910,OnTrack,-569.0,8153.0,1918.0,pos,0 days 00:00:10.834000,0 days 02:09:45.991000,6939.417649486217,103.08955035687175,3,0.0,True,0,882.3379375850839,0.1535748366584819
2024-09-01 14:17:29.916,OnTrack,-568.181889750607,8154.647758533312,1918.015768269744,car,0 days 00:00:10.840000,0 days 02:09:45.997000,6927.0,103.0,3,0.0,True,0,882.5005555555555,0.1536031410384582
2024-09-01 14:17:30.076,OnTrack,-544.8524397283087,8193.35158074076,1918.787454704017,car,0 days 00:00:11,0 days 02:09:46.157000,6419.0,92.0,3,0.0,True,0,886.5894444444443,0.15431483030906176
2024-09-01 14:17:30.129,OnTrack,-536.0,8205.0,1919.0,pos,0 days 00:00:11.053000,0 days 02:09:46.210000,6349.83508352,90.41000192,3,0.0,True,0,887.8867870042147,0.15454063854332192
2024-09-01 14:17:30.276,OnTrack,-507.82105237005385,8235.780732804571,1919.1988895731783,car,0 days 00:00:11.200000,0 days 02:09:46.357000,6158.0,86.0,3,0.0,True,0,891.367222222222,0.15514642375025614
2024-09-01 14:17:30.549,OnTrack,-454.0,8280.0,1919.0,pos,0 days 00:00:11.473000,0 days 02:09:46.630000,5708.7910144,80.4159104,3,0.0,True,0,897.3083833463066,0.15618050922967036
2024-09-01 14:17:30.716,OnTrack,-432.3990036008527,8291.97282338029,1919.4409801043835,car,0 days 00:00:11.640000,0 days 02:09:46.797000,5434.0,77.0,3,0.0,False,0,900.7783333333332,0.15678446943558558
2024-09-01 14:17:30.909,OnTrack,-407.0,8299.0,1920.0,pos,0 days 00:00:11.833000,0 days 02:09:46.990000,5555.58995968,74.10500096,3,0.0,False,0,904.7465411449474,0.15747515362872308
2024-09-01 14:17:30.916,OnTrack,-405.80014300049504,8299.296295118951,1920.0090949913274,car,0 days 00:00:11.840000,0 days 02:09:46.997000,5560.0,74.0,3,0.0,False,0,904.8894444444443,0.15750002658265982
2024-09-01 14:17:31.149,OnTrack,-358.0,8310.0,1920.0,pos,0 days 00:00:12.073000,0 days 02:09:47.230000,5674.558301866667,73.02916693333333,3,9.708330666666667,False,0,909.6142978116953,0.1583224082951552
2024-09-01 14:17:31.156,OnTrack,-356.52904628484987,8310.294541348532,1919.9986828596657,car,0 days 00:00:12.080000,0 days 02:09:47.237000,5678.0,73.0,3,10.0,False,0,909.756111111111,0.15834709152973692
2024-09-01 14:17:31.329,OnTrack,-321.0,8317.0,1920.0,pos,0 days 00:00:12.253000,0 days 02:09:47.410000,5896.1034907428575,73.61785691428571,3,18.032139885714287,False,0,913.2698402531216,0.15895867169200825
2024-09-01 14:17:31.436,OnTrack,-299.40680559637605,8321.388865242976,1919.9995916357018,car,0 days 00:00:12.360000,0 days 02:09:47.517000,6031.0,74.0,3,23.0,False,0,915.5116666666665,0.15934887153564087
2024-09-01 14:17:31.529,OnTrack,-281.0,8326.0,1920.0,pos,0 days 00:00:12.453000,0 days 02:09:47.610000,6041.8499925333335,75.54999893333333,3,22.483333688888887,False,0,917.5296397287682,0.15970010870928172
2024-09-01 14:17:31.769,OnTrack,-236.0,8344.0,1920.0,pos,0 days 00:00:12.693000,0 days 02:09:47.850000,6069.8499925333335,79.54999893333333,3,21.150000355555555,False,0,922.9126153461094,0.1606370395222448
2024-09-01 14:17:31.796,OnTrack,-231.23753287582224,8346.776426402399,1919.9912679245767,car,0 days 00:00:12.720000,0 days 02:09:47.877000,6073.0,80.0,3,21.0,False,0,923.5116666666665,0.16074130706508266
2024-09-01 14:17:31.929,OnTrack,-209.0,8363.0,1920.0,pos,0 days 00:00:12.853000,0 days 02:09:48.010000,5534.3502592,79.1687504,3,3.5437584000000015,False,0,926.4330534816066,0.1612497874146283
2024-09-01 14:17:31.956,OnTrack,-204.83066829088244,8366.85074567113,1920.045646007674,car,0 days 00:00:12.880000,0 days 02:09:48.037000,5425.0,79.0,3,0.0,False,0,927.0227777777776,0.16135243154744874
2024-09-01 14:17:32.116,OnTrack,-182.86083094755932,8393.012143100175,1920.6423150176383,car,0 days 00:00:13.040000,0 days 02:09:48.197000,5704.0,78.0,3,0.0,False,0,930.4894444444443,0.16195582027687352
2024-09-01 14:17:32.189,OnTrack,-175.0,8405.0,1921.0,pos,0 days 00:00:13.113000,0 days 02:09:48.270000,5685.02001664,76.90500096,3,0.0,False,0,932.031419872061,0.162224207948241
2024-09-01 14:17:32.316,OnTrack,-164.91741787918912,8424.876447097513,1921.6745252568141,car,0 days 00:00:13.240000,0 days 02:09:48.397000,5652.0,75.0,3,0.0,False,0,934.656111111111,0.16268104711512446
2024-09-01 14:17:32.409,OnTrack,-158.0,8448.0,1922.0,pos,0 days 00:00:13.333000,0 days 02:09:48.490000,5574.1125536,73.8375008,3,0.0,False,0,936.5451588462978,0.16300984426303516
2024-09-01 14:17:32.476,OnTrack,-152.26872183499538,8472.970100916236,1922.0602144872,car,0 days 00:00:13.400000,0 days 02:09:48.557000,5518.0,73.0,3,0.0,False,0,937.9005555555555,0.1632457570798425
2024-09-01 14:17:32.570,OnTrack,-145.0,8509.0,1922.0,pos,0 days 00:00:13.494000,0 days 02:09:48.651000,5686.864055771429,73.0,3,4.6999936,False,0,939.8066953983218,0.16357752918498658
2024-09-01 14:17:32.756,OnTrack,-141.40837352204943,8535.806773222623,1921.8507694292641,car,0 days 00:00:13.680000,0 days 02:09:48.837000,6021.0,73.0,3,14.0,False,0,943.5783333333333,0.1642339995180991
2024-09-01 14:17:32.890,OnTrack,-142.0,8547.0,1922.0,pos,0 days 00:00:13.814000,0 days 02:09:48.971000,5617.3253856,73.0,3,17.3499968,False,0,946.287233216879,0.16470549557354286
2024-09-01 14:17:32.916,OnTrack,-141.98943655771967,8550.557044552013,1922.0746075690352,car,0 days 00:00:13.840000,0 days 02:09:48.997000,5539.0,73.0,3,18.0,False,0,946.8227777777777,0.16479870948281716
2024-09-01 14:17:33.150,OnTrack,-142.0,8601.0,1923.0,pos,0 days 00:00:14.074000,0 days 02:09:49.231000,5972.732338682554,76.91631908516979,3,29.748957255509353,False,0,951.825990367347,0.16566954085420052
2024-09-01 14:17:33.155,OnTrack,-142.07480400391086,8602.371422161199,1923.0092899635717,car,0 days 00:00:14.079000,0 days 02:09:49.236000,5982.0,77.0,3,30.0,False,0,951.9347222222221,0.1656884661164393
2024-09-01 14:17:33.315,OnTrack,-146.5104306393733,8651.135683135142,1922.994403038701,car,0 days 00:00:14.239000,0 days 02:09:49.396000,6173.0,79.0,3,32.0,False,0,955.4458333333332,0.16629959059880542
2024-09-01 14:17:33.390,OnTrack,-149.0,8672.0,1923.0,pos,0 days 00:00:14.314000,0 days 02:09:49.471000,6290.00009984,80.12500096,3,33.8750016,False,0,957.1292853116345,0.16659260289214237
2024-09-01 14:17:33.515,OnTrack,-152.89967148692688,8699.36232075615,1923.220056739692,car,0 days 00:00:14.439000,0 days 02:09:49.596000,6485.0,82.0,3,37.0,False,0,960.0013888888888,0.1670925052752931
2024-09-01 14:17:33.675,OnTrack,-157.90908551153544,8724.489270424909,1923.7720540992855,car,0 days 00:00:14.599000,0 days 02:09:49.756000,6844.0,86.0,3,44.0,False,0,963.823611111111,0.1677577800282486
2024-09-01 14:17:33.790,OnTrack,-163.0,8747.0,1924.0,pos,0 days 00:00:14.714000,0 days 02:09:49.871000,7027.281352,89.593752,3,47.593752,False,0,966.7036019435589,0.16825905522319448
2024-09-01 14:17:33.835,OnTrack,-165.39168162576215,8757.28321785841,1924.0362361249322,car,0 days 00:00:14.759000,0 days 02:09:49.916000,7099.0,91.0,3,49.0,False,0,967.8680555555554,0.16846173354591085
2024-09-01 14:17:33.990,OnTrack,-175.0,8797.0,1924.0,pos,0 days 00:00:14.914000,0 days 02:09:50.071000,7512.333504,95.30555733333334,3,55.02778026666667,False,0,972.0548448873442,0.16919046282339464
2024-09-01 14:17:34.150,OnTrack,-186.0,8839.0,1924.0,pos,0 days 00:00:15.074000,0 days 02:09:50.231000,7939.000170666666,99.75000177777778,3,61.25000248888889,False,0,976.6385302638878,0.1699882736201549
2024-09-01 14:17:34.195,OnTrack,-189.21320571206095,8851.253280848943,1924.1000764304545,car,0 days 00:00:15.119000,0 days 02:09:50.276000,8059.0,101.0,3,63.0,False,0,977.9680555555555,0.17021968340183108
2024-09-01 14:17:34.355,OnTrack,-201.06203461918452,8896.737661732875,1924.7911202576515,car,0 days 00:00:15.279000,0 days 02:09:50.436000,8349.0,110.0,3,68.0,False,0,982.8569444444444,0.17107061622537886
2024-09-01 14:17:34.430,OnTrack,-207.0,8919.0,1925.0,pos,0 days 00:00:15.354000,0 days 02:09:50.511000,8716.5003136,113.00000256,3,72.12500352,False,0,985.2686757151541,0.1714903887639791
2024-09-01 14:17:34.555,OnTrack,-217.5115568515212,8957.37907665422,1925.0352392677692,car,0 days 00:00:15.479000,0 days 02:09:50.636000,9329.0,118.0,3,79.0,False,0,989.4124999999999,0.17221163978422696
2024-09-01 14:17:34.630,OnTrack,-224.0,8981.0,1925.0,pos,0 days 00:00:15.554000,0 days 02:09:50.711000,9485.5626336,120.343752,3,79.9375008,False,0,991.9227814020485,0.17264856541086565
2024-09-01 14:17:34.715,OnTrack,-231.39987101401437,9008.200102492101,1924.9917895341505,car,0 days 00:00:15.639000,0 days 02:09:50.796000,9663.0,123.0,3,81.0,False,0,994.8791666666666,0.1731631373960122
2024-09-01 14:17:34.830,OnTrack,-242.0,9048.0,1925.0,pos,0 days 00:00:15.754000,0 days 02:09:50.911000,10226.8596888,130.9062544,3,87.8281288,False,0,999.2412844871401,0.173922383375617
2024-09-01 14:17:35.030,OnTrack,-263.0,9130.0,1925.0,pos,0 days 00:00:15.954000,0 days 02:09:51.111000,11207.4846888,144.6562544,3,99.7031288,False,0,1007.5548567082859,0.17536939754277997
2024-09-01 14:17:35.035,OnTrack,-263.5153820240194,9132.048865482202,1925.0030358702704,car,0 days 00:00:15.959000,0 days 02:09:51.116000,11232.0,145.0,3,100.0,False,0,1007.7680555555555,0.17540650574900174
2024-09-01 14:17:35.395,OnTrack,-298.2825753700101,9273.691295714423,1925.7831819376893,car,0 days 00:00:16.319000,0 days 02:09:51.476000,11517.0,160.0,3,100.0,False,0,1023.7680555555555,0.1781913768078853
2024-09-01 14:17:35.450,OnTrack,-304.0,9297.0,1926.0,pos,0 days 00:00:16.374000,0 days 02:09:51.531000,11399.30041088,163.02498944,3,100.0,False,0,1026.3381767688716,0.17863871781943447
2024-09-01 14:17:35.595,OnTrack,-319.9989977127819,9362.234767744658,1926.6943607641258,car,0 days 00:00:16.519000,0 days 02:09:51.676000,11089.0,171.0,4,100.0,False,0,1033.2680555555555,0.17984489399909742
2024-09-01 14:17:35.650,OnTrack,-326.0,9388.0,1927.0,pos,0 days 00:00:16.574000,0 days 02:09:51.731000,11199.392471771429,172.76785097142857,4,100.0,False,0,1035.94718794288,0.18031120888962102
2024-09-01 14:17:35.850,OnTrack,-347.0,9485.0,1928.0,pos,0 days 00:00:16.774000,0 days 02:09:51.931000,11600.8210432,179.1964224,4,100.0,False,0,1045.971235164086,0.1820559388270722
2024-09-01 14:17:35.875,OnTrack,-349.74209828880817,9497.393437621296,1928.015979954537,car,0 days 00:00:16.799000,0 days 02:09:51.956000,11651.0,180.0,4,100.0,False,0,1047.2680555555555,0.18228165617562053
2024-09-01 14:17:35.950,OnTrack,-358.0,9535.0,1928.0,pos,0 days 00:00:16.874000,0 days 02:09:52.031000,11493.4998656,184.87500416,4,100.0,False,0,1051.2215950394211,0.1829697872811687
2024-09-01 14:17:36.075,OnTrack,-370.4355706975483,9599.836666058096,1928.5667197985535,car,0 days 00:00:16.999000,0 days 02:09:52.156000,11231.0,193.0,4,100.0,False,0,1057.9902777777777,0.18414790657271957
2024-09-01 14:17:36.170,OnTrack,-379.0,9651.0,1929.0,pos,0 days 00:00:17.094000,0 days 02:09:52.251000,11185.5782168,195.6718696,4,100.0,False,0,1063.247228415545,0.18506290217828816
2024-09-01 14:17:36.370,OnTrack,-395.0,9760.0,1929.0,pos,0 days 00:00:17.294000,0 days 02:09:52.451000,11089.9532168,201.2968696,4,100.0,False,0,1074.532223370402,0.18702710566887745
2024-09-01 14:17:36.395,OnTrack,-396.73400308191844,9772.33321017321,1929.0141831977826,car,0 days 00:00:17.319000,0 days 02:09:52.476000,11078.0,202.0,5,100.0,False,0,1075.9458333333332,0.18727315076102222
2024-09-01 14:17:36.676,OnTrack,-413.2301420225826,9931.21550751936,1929.926964741668,car,0 days 00:00:17.600000,0 days 02:09:52.757000,11434.0,206.0,5,100.0,False,0,1092.0252777777775,0.19007184947828842
2024-09-01 14:17:36.689,OnTrack,-414.0,9944.0,1930.0,pos,0 days 00:00:17.613000,0 days 02:09:52.770000,11452.2540768,206.7583296,5,100.0,False,0,1092.7969652957784,0.19020616511799981
2024-09-01 14:17:36.849,OnTrack,-423.0,10126.0,1931.0,pos,0 days 00:00:17.773000,0 days 02:09:52.930000,11676.920743466666,216.09166293333334,5,100.0,False,0,1102.5394657786092,0.19190189059523696
2024-09-01 14:17:36.916,OnTrack,-425.1827905894436,10175.999779790505,1931.3137374685568,car,0 days 00:00:17.840000,0 days 02:09:52.997000,11771.0,220.0,5,100.0,False,0,1106.6919444444443,0.1926246479489317
2024-09-01 14:17:37.189,OnTrack,-426.0,10257.0,1932.0,pos,0 days 00:00:18.113000,0 days 02:09:53.270000,11100.633490488888,226.06666524444444,5,100.0,False,0,1123.8764291780753,0.19561568383621392
2024-09-01 14:17:37.276,OnTrack,-426.05651192262815,10310.247819534885,1932.2329932371463,car,0 days 00:00:18.200000,0 days 02:09:53.357000,10887.0,228.0,5,100.0,False,0,1129.4919444444442,0.19659308920784077
2024-09-01 14:17:37.509,OnTrack,-426.0,10492.0,1933.0,pos,0 days 00:00:18.433000,0 days 02:09:53.590000,10936.5124864,237.70833066666665,5,100.0,False,0,1144.8908305839277,0.19927333372964645
2024-09-01 14:17:37.516,OnTrack,-425.9627391449804,10496.256229438492,1933.026790654183,car,0 days 00:00:18.440000,0 days 02:09:53.597000,10938.0,238.0,6,100.0,False,0,1145.3586111111108,0.1993547530079003
2024-09-01 14:17:37.676,OnTrack,-424.25279403709504,10574.729689962462,1933.6930685767422,car,0 days 00:00:18.600000,0 days 02:09:53.757000,11169.0,242.0,6,100.0,False,0,1156.1141666666663,0.20122680521970532
2024-09-01 14:17:37.749,OnTrack,-422.0,10625.0,1934.0,pos,0 days 00:00:18.673000,0 days 02:09:53.830000,11230.4416128,243.2166656,6,100.0,False,0,1161.0662458255351,0.20208873659038248
2024-09-01 14:17:37.916,OnTrack,-412.34530152406234,10806.610326664015,1934.6639743733986,car,0 days 00:00:18.840000,0 days 02:09:53.997000,11371.0,246.0,6,100.0,False,0,1172.5141666666664,0.204081298055061
2024-09-01 14:17:38.009,OnTrack,-407.0,10901.0,1935.0,pos,0 days 00:00:18.933000,0 days 02:09:54.090000,11472.71868,248.906248,6,100.0,False,0,1178.9718189509524,0.2052052811147386
2024-09-01 14:17:38.076,OnTrack,-403.9849114318166,10951.965839857365,1935.2239277320457,car,0 days 00:00:19,0 days 02:09:54.157000,11546.0,251.0,6,100.0,False,0,1183.669722222222,0.20602297204333814
2024-09-01 14:17:38.429,OnTrack,-391.0,11098.0,1936.0,pos,0 days 00:00:19.353000,0 days 02:09:54.510000,11855.855499377778,258.8444430222222,6,100.0,False,0,1209.05925389299,0.21044213279012125
2024-09-01 14:17:38.436,OnTrack,-390.52379779852595,11102.31498716934,1936.003803462398,car,0 days 00:00:19.360000,0 days 02:09:54.517000,11862.0,259.0,6,100.0,False,0,1209.5697222222218,0.2105309820699059
2024-09-01 14:17:38.589,OnTrack,-378.0,11213.0,1936.0,pos,0 days 00:00:19.513000,0 days 02:09:54.670000,11267.59524864,262.8249984,6,100.0,False,0,1220.7764374279868,0.21248156062251122
2024-09-01 14:17:38.636,OnTrack,-373.9892337683088,11247.05698449104,1935.997985775529,car,0 days 00:00:19.560000,0 days 02:09:54.717000,11085.0,264.0,6,100.0,False,0,1224.2363888888883,0.21308378054054913
2024-09-01 14:17:38.849,OnTrack,-353.0,11402.0,1936.0,pos,0 days 00:00:19.773000,0 days 02:09:54.930000,10920.685763657142,266.2821421714286,6,100.0,False,0,1240.0117132740115,0.2158295458108385
2024-09-01 14:17:38.916,OnTrack,-343.49738752109363,11458.40065366542,1935.9767427403299,car,0 days 00:00:19.840000,0 days 02:09:54.997000,10869.0,267.0,7,100.0,False,0,1245.003055555555,0.21669831110239174
2024-09-01 14:17:39.116,OnTrack,-308.7733362986022,11639.163138060392,1935.928946757961,car,0 days 00:00:20.040000,0 days 02:09:55.197000,10908.0,270.0,7,100.0,False,0,1260.003055555555,0.2193091277200951
2024-09-01 14:17:39.170,OnTrack,-300.0,11681.0,1936.0,pos,0 days 00:00:20.094000,0 days 02:09:55.251000,10948.724903466667,271.12499733333334,7,100.0,False,0,1264.0978994766006,0.2200218534904929
2024-09-01 14:17:39.356,OnTrack,-273.5705517328477,11793.993527826251,1936.580225917073,car,0 days 00:00:20.280000,0 days 02:09:55.437000,11089.0,275.0,7,100.0,False,0,1278.3363888888885,0.2225001258083992
2024-09-01 14:17:39.490,OnTrack,-251.0,11874.0,1937.0,pos,0 days 00:00:20.414000,0 days 02:09:55.571000,11170.73992192,277.00999808,7,100.0,False,0,1288.6665718431464,0.224298140029792
2024-09-01 14:17:39.556,OnTrack,-237.08506858832402,11919.775324954704,1937.1308043175068,car,0 days 00:00:20.480000,0 days 02:09:55.637000,11211.0,278.0,7,100.0,False,0,1293.7808333333328,0.22518829995551595
2024-09-01 14:17:39.750,OnTrack,-190.0,12065.0,1937.0,pos,0 days 00:00:20.674000,0 days 02:09:55.831000,11309.520421412832,280.43260299784765,7,100.0,False,0,1308.9279716264336,0.22782472664660117
2024-09-01 14:17:39.875,OnTrack,-160.53933812949958,12148.928288182182,1936.2267376975824,car,0 days 00:00:20.799000,0 days 02:09:55.956000,11373.0,282.0,7,100.0,False,0,1318.769166666666,0.2295376303498744
2024-09-01 14:17:39.950,OnTrack,-135.0,12212.0,1936.0,pos,0 days 00:00:20.874000,0 days 02:09:56.031000,11409.964317257143,283.0714294857143,7,100.0,False,0,1324.7020897715013,0.23057028196545173
2024-09-01 14:17:40.150,OnTrack,-30.0,12442.0,1937.0,pos,0 days 00:00:21.074000,0 days 02:09:56.231000,11508.53574582857,285.92857234285714,7,100.0,False,0,1340.6144901021635,0.23333990591284112
2024-09-01 14:17:40.155,OnTrack,-27.462378930047517,12447.26268189627,1937.0228631299035,car,0 days 00:00:21.079000,0 days 02:09:56.236000,11511.0,286.0,7,100.0,False,0,1341.0136111111105,0.2334093746970167
2024-09-01 14:17:40.395,OnTrack,71.05539581849928,12633.4362753656,1937.2381190223962,car,0 days 00:00:21.319000,0 days 02:09:56.476000,11611.0,288.0,7,100.0,False,0,1360.2136111111104,0.23675121996767692
2024-09-01 14:17:40.555,OnTrack,128.40132389193488,12726.226534260446,1937.0160866483354,car,0 days 00:00:21.479000,0 days 02:09:56.636000,11675.0,288.0,7,100.0,False,0,1373.0136111111103,0.23897911681478376
2024-09-01 14:17:40.570,OnTrack,134.0,12735.0,1937.0,pos,0 days 00:00:21.494000,0 days 02:09:56.651000,11641.8129248,288.312496,7,100.0,False,0,1374.2220841441815,0.23918945691323634
2024-09-01 14:17:40.795,OnTrack,222.59422844157444,12868.147173050658,1936.8565918505114,car,0 days 00:00:21.719000,0 days 02:09:56.876000,11144.0,293.0,7,100.0,False,0,1392.5469444444439,0.24237898023250415
2024-09-01 14:17:40.990,OnTrack,313.0,12988.0,1937.0,pos,0 days 00:00:21.914000,0 days 02:09:57.071000,10892.9374176,294.95000064,7,100.0,False,0,1408.5800295242802,0.24516960989647005
2024-09-01 14:17:41.195,OnTrack,427.53483314160883,13120.333152971267,1937.5240521862124,car,0 days 00:00:22.119000,0 days 02:09:57.276000,10629.0,297.0,8,100.0,False,0,1425.5469444444439,0.2481227767914515
2024-09-01 14:17:41.430,OnTrack,558.0,13257.0,1938.0,pos,0 days 00:00:22.354000,0 days 02:09:57.511000,10703.696448914287,299.51785782857144,8,100.0,False,0,1445.119377278971,0.25152944565100255
2024-09-01 14:17:41.475,OnTrack,579.385254905582,13278.171342807216,1937.9940000788379,car,0 days 00:00:22.399000,0 days 02:09:57.556000,10718.0,300.0,8,100.0,False,0,1448.8802777777773,0.2521840470856567
2024-09-01 14:17:41.750,OnTrack,707.0,13393.0,1938.0,pos,0 days 00:00:22.674000,0 days 02:09:57.831000,10826.035739428571,301.96428617142857,8,100.0,False,0,1471.948379121072,0.2561991525740526
2024-09-01 14:17:41.755,OnTrack,709.9239812120053,13395.458772344678,1938.0220862686779,car,0 days 00:00:22.679000,0 days 02:09:57.836000,10828.0,302.0,8,100.0,False,0,1472.369166666666,0.25627239251515654
2024-09-01 14:17:41.910,OnTrack,811.0,13478.0,1939.0,pos,0 days 00:00:22.834000,0 days 02:09:57.991000,10847.375008,303.2916672,8,100.0,False,0,1485.4391671540004,0.2585472841462048
2024-09-01 14:17:41.995,OnTrack,867.5548683400486,13521.559928334078,1939.3694827127301,car,0 days 00:00:22.919000,0 days 02:09:58.076000,10858.0,304.0,8,100.0,False,0,1492.6358333333328,0.2597998958564091
2024-09-01 14:17:42.250,OnTrack,1044.0,13645.0,1940.0,pos,0 days 00:00:23.174000,0 days 02:09:58.331000,10901.98746688,305.91249856,8,100.0,False,0,1514.3678619001546,0.2635824519443199
2024-09-01 14:17:42.395,OnTrack,1160.150698948763,13718.645088557063,1940.8034423743657,car,0 days 00:00:23.319000,0 days 02:09:58.476000,10927.0,307.0,8,100.0,False,0,1526.746944444444,0.26573708623889003
2024-09-01 14:17:42.430,OnTrack,1189.0,13736.0,1941.0,pos,0 days 00:00:23.354000,0 days 02:09:58.511000,10930.9375072,307.0,8,100.0,False,0,1529.7318938059564,0.26625662993195937
2024-09-01 14:17:42.630,OnTrack,1354.0,13828.0,1942.0,pos,0 days 00:00:23.554000,0 days 02:09:58.711000,10953.4375072,307.0,8,100.0,False,0,1546.7749762832548,0.269223054128534
2024-09-01 14:17:42.715,OnTrack,1421.1436998165657,13862.349136635192,1942.4520227524567,car,0 days 00:00:23.639000,0 days 02:09:58.796000,10963.0,307.0,8,100.0,False,0,1554.035833333333,0.2704868385448748
2024-09-01 14:17:42.870,OnTrack,1539.0,13919.0,1943.0,pos,0 days 00:00:23.794000,0 days 02:09:58.951000,11011.9218952,307.9687504,8,100.0,False,0,1567.3202949194292,0.27279905808262295
2024-09-01 14:17:42.890,OnTrack,1554.0,13926.0,1943.0,pos,0 days 00:00:23.814000,0 days 02:09:58.971000,11018.2343144,308.0937488,8,100.0,False,0,1569.0383497152018,0.2730980931500181
2024-09-01 14:17:43.035,OnTrack,1669.7964249429895,13976.602255907059,1943.5163451826481,car,0 days 00:00:23.959000,0 days 02:09:59.116000,11064.0,309.0,8,100.0,False,0,1581.5024999999996,0.2752675338626249
2024-09-01 14:17:43.129,OnTrack,1744.0,14007.0,1944.0,pos,0 days 00:00:24.053000,0 days 02:09:59.210000,11075.67700737471,309.58385036873557,8,100.0,False,0,1589.5903529946747,0.27667526059596087
2024-09-01 14:17:43.196,OnTrack,1793.7424441427938,14026.690367571635,1944.2865547001952,car,0 days 00:00:24.120000,0 days 02:09:59.277000,11084.0,310.0,8,100.0,False,0,1595.3663888888887,0.2776806052957652
2024-09-01 14:17:43.329,OnTrack,1906.0,14066.0,1945.0,pos,0 days 00:00:24.253000,0 days 02:09:59.410000,11087.79999817143,310.94999954285714,8,100.0,False,0,1606.874267760606,0.27968360272195164
2024-09-01 14:17:43.476,OnTrack,2101.90666142037,14121.992970797932,1946.7051968215317,car,0 days 00:00:24.400000,0 days 02:09:59.557000,11092.0,312.0,8,100.0,False,0,1619.633055555555,0.28190432640173857
2024-09-01 14:17:43.589,OnTrack,2240.0,14159.0,1948.0,pos,0 days 00:00:24.513000,0 days 02:09:59.670000,11123.0749824,312.28249984,8,100.0,False,0,1629.4490737896301,0.28361284797008535
2024-09-01 14:17:43.876,OnTrack,2376.7968079361676,14190.400177974145,1949.3861471088203,car,0 days 00:00:24.800000,0 days 02:09:59.957000,11202.0,313.0,8,100.0,False,0,1654.4108333333331,0.2879575530783397
2024-09-01 14:17:43.969,OnTrack,2445.0,14202.0,1950.0,pos,0 days 00:00:24.893000,0 days 02:10:00.050000,11206.391663644445,313.25833315555553,8,100.0,False,0,1662.508308652103,0.28936695461991885
2024-09-01 14:17:44.236,OnTrack,2777.1773943337816,14258.884788332574,1952.8794493470623,car,0 days 00:00:25.160000,0 days 02:10:00.317000,11219.0,314.0,8,100.0,False,0,1685.810833333333,0.29342286253139865
2024-09-01 14:17:44.249,OnTrack,2790.0,14261.0,1953.0,pos,0 days 00:00:25.173000,0 days 02:10:00.330000,11220.55999232,314.12999936,8,100.0,False,0,1686.9494499145003,0.29362104380415227
2024-09-01 14:17:44.436,OnTrack,2900.7350496961294,14277.546769268356,1954.2438087683315,car,0 days 00:00:25.360000,0 days 02:10:00.517000,11243.0,316.0,8,100.0,False,0,1703.3663888888884,0.2964784849432292
2024-09-01 14:17:44.589,OnTrack,2981.0,14287.0,1955.0,pos,0 days 00:00:25.513000,0 days 02:10:00.670000,11256.174994488889,316.4249998222222,8,100.0,False,0,1716.829715359166,0.29882183670844026
2024-09-01 14:17:44.769,OnTrack,3138.0,14306.0,1956.0,pos,0 days 00:00:25.693000,0 days 02:10:00.850000,11271.674994488889,316.9249998222222,8,100.0,False,0,1732.6876847624224,0.3015819867111771
2024-09-01 14:17:44.796,OnTrack,3160.541875808947,14308.584142720818,1956.1612353521336,car,0 days 00:00:25.720000,0 days 02:10:00.877000,11274.0,317.0,8,100.0,False,0,1735.0663888888885,0.30199601072864224
2024-09-01 14:17:45.036,OnTrack,3366.7357500023495,14328.628472284145,1957.8762521153694,car,0 days 00:00:25.960000,0 days 02:10:01.117000,11284.0,317.0,8,100.0,False,0,1756.199722222222,0.305674361252251
2024-09-01 14:17:45.049,OnTrack,3383.0,14330.0,1958.0,pos,0 days 00:00:25.973000,0 days 02:10:01.130000,11281.436123733334,316.96388906666664,8,100.0,False,0,1757.3426598987721,0.3058732946308468
2024-09-01 14:17:45.249,OnTrack,3681.0,14354.0,1960.0,pos,0 days 00:00:26.173000,0 days 02:10:01.330000,11241.991679288889,316.4083335111111,8,100.0,False,0,1774.8975876773288,0.3089288077753026
2024-09-01 14:17:45.396,OnTrack,3822.5706029372805,14365.576272731327,1960.3608950778653,car,0 days 00:00:26.320000,0 days 02:10:01.477000,11213.0,316.0,8,100.0,False,0,1787.7997222222218,0.311174481593546
2024-09-01 14:17:45.596,OnTrack,3898.375255788003,14372.488772620673,1959.7896180455405,car,0 days 00:00:26.520000,0 days 02:10:01.677000,11204.0,316.0,8,100.0,False,0,1805.3552777777772,0.31423010400537654
2024-09-01 14:17:45.750,OnTrack,3995.0,14381.0,1962.0,pos,0 days 00:00:26.674000,0 days 02:10:01.831000,11172.099973485714,314.3499986285714,8,100.0,False,0,1818.7597020688886,0.3165632035847085
2024-09-01 14:17:45.790,OnTrack,4030.0,14384.0,1963.0,pos,0 days 00:00:26.714000,0 days 02:10:01.871000,11163.8142592,313.9214272,8,100.0,False,0,1822.2304010093944,0.31716729414930306
2024-09-01 14:17:45.876,OnTrack,4131.755640494223,14392.259736214113,1964.4165954807993,car,0 days 00:00:26.800000,0 days 02:10:01.957000,11146.0,313.0,8,100.0,False,0,1829.6997222222217,0.3184673626789973
2024-09-01 14:17:46.036,OnTrack,4372.266698735379,14410.830204940505,1964.9062889513698,car,0 days 00:00:26.960000,0 days 02:10:02.117000,11111.0,313.0,8,100.0,False,0,1843.6108333333327,0.32088865334963773
2024-09-01 14:17:46.070,OnTrack,4414.0,14414.0,1965.0,pos,0 days 00:00:26.994000,0 days 02:10:02.151000,11108.27998976,312.82999936,8,100.0,False,0,1846.561644874411,0.3214022552034483
2024-09-01 14:17:46.236,OnTrack,4556.88503809948,14424.567244206351,1965.6715470955614,car,0 days 00:00:27.160000,0 days 02:10:02.317000,11095.0,312.0,8,100.0,False,0,1860.944166666666,0.3239055969967616
2024-09-01 14:17:46.436,OnTrack,4638.1485848764405,14429.70867304323,1966.7007528422894,car,0 days 00:00:27.360000,0 days 02:10:02.517000,11075.0,312.0,8,100.0,False,0,1878.2774999999992,0.32692254064388543
2024-09-01 14:17:46.550,OnTrack,4708.0,14434.0,1967.0,pos,0 days 00:00:27.474000,0 days 02:10:02.631000,11071.06896189212,311.6426328992837,8,100.0,False,0,1888.1357788413761,0.3286384178586201
2024-09-01 14:17:46.755,OnTrack,4884.070110557075,14444.474518958314,1967.0077497881339,car,0 days 00:00:27.679000,0 days 02:10:02.836000,11064.0,311.0,8,100.0,False,0,1905.8355555555547,0.3317191426036212
2024-09-01 14:17:46.790,OnTrack,4915.0,14446.0,1967.0,pos,0 days 00:00:27.714000,0 days 02:10:02.871000,11056.1249856,311.0,8,100.0,False,0,1908.858316498562,0.3322452675703777
2024-09-01 14:17:46.870,OnTrack,4984.0,14449.0,1967.0,pos,0 days 00:00:27.794000,0 days 02:10:02.951000,11038.1249856,311.0,8,100.0,False,0,1915.7687575165967,0.3334480605200806
2024-09-01 14:17:46.955,OnTrack,5056.986481383667,14452.264127480776,1967.0018785505083,car,0 days 00:00:27.879000,0 days 02:10:03.036000,11019.0,311.0,8,100.0,False,0,1923.1133333333323,0.3347264165595683
2024-09-01 14:17:47.115,OnTrack,5194.59328885377,14458.807348937366,1967.0004344533268,car,0 days 00:00:28.039000,0 days 02:10:03.196000,11034.0,311.0,8,100.0,False,0,1936.9355555555546,0.33713223572432605
2024-09-01 14:17:47.170,OnTrack,5242.0,14461.0,1967.0,pos,0 days 00:00:28.094000,0 days 02:10:03.251000,11029.645848533333,310.54166826666665,8,100.0,False,0,1941.6746334417028,0.3379570932775091
2024-09-01 14:17:47.355,OnTrack,5401.722172364661,14468.028520890572,1966.9998120318917,car,0 days 00:00:28.279000,0 days 02:10:03.436000,11015.0,309.0,8,100.0,False,0,1957.5355555555548,0.3407177572126387
2024-09-01 14:17:47.410,OnTrack,5449.0,14470.0,1967.0,pos,0 days 00:00:28.334000,0 days 02:10:03.491000,11002.6250432,308.45000192,8,100.0,False,0,1962.215943891612,0.3415323995889775
2024-09-01 14:17:47.555,OnTrack,5572.822989906327,14474.923052327413,1967.000791083843,car,0 days 00:00:28.479000,0 days 02:10:03.636000,10970.0,307.0,8,100.0,False,0,1974.5911111111102,0.3436863524038791
2024-09-01 14:17:47.650,OnTrack,5653.0,14478.0,1967.0,pos,0 days 00:00:28.574000,0 days 02:10:03.731000,10582.084117333334,307.0,8,60.41674666666667,False,0,1982.8862504451283,0.34513015824517373
2024-09-01 14:17:47.795,OnTrack,5773.028866533936,14482.500277868265,1966.9966850009766,car,0 days 00:00:28.719000,0 days 02:10:03.876000,9990.0,307.0,8,0.0,True,0,1995.0577777777771,0.34724866663336773
2024-09-01 14:17:47.850,OnTrack,5816.0,14484.0,1967.0,pos,0 days 00:00:28.774000,0 days 02:10:03.931000,9692.657288,290.1563088,8,0.0,True,0,1999.1751493230627,0.34796531343681375
2024-09-01 14:17:47.890,OnTrack,5846.0,14485.0,1967.0,pos,0 days 00:00:28.814000,0 days 02:10:03.971000,9476.407288,277.9063088,8,0.0,True,0,2002.0020985701672,0.34845735650826337
2024-09-01 14:17:47.955,OnTrack,5892.414342672666,14486.596870163565,1966.926974082441,car,0 days 00:00:28.879000,0 days 02:10:04.036000,9125.0,258.0,8,0.0,True,0,2006.5244444444436,0.34924449089223425
2024-09-01 14:17:48.115,OnTrack,5995.9419131214845,14490.485391335968,1966.3606206506945,car,0 days 00:00:29.039000,0 days 02:10:04.196000,8678.0,244.0,8,0.0,True,0,2017.368888888888,0.351132014609922
2024-09-01 14:17:48.250,OnTrack,6093.0,14494.0,1966.0,pos,0 days 00:00:29.174000,0 days 02:10:04.331000,8779.8123552,226.5625248,8,0.0,True,0,2025.6147797825583,0.3525672485414528
2024-09-01 14:17:48.355,OnTrack,6180.395032744744,14496.956370923785,1965.9392966551443,car,0 days 00:00:29.279000,0 days 02:10:04.436000,8859.0,213.0,8,0.0,True,0,2031.568888888888,0.35360358767468114
2024-09-01 14:17:48.470,OnTrack,6267.0,14500.0,1966.0,pos,0 days 00:00:29.394000,0 days 02:10:04.551000,9080.015748,202.9374944,8,0.0,True,0,2037.780027174099,0.3546846638780066
2024-09-01 14:17:48.675,OnTrack,6344.997822613614,14504.049346448883,1966.1182312046565,car,0 days 00:00:29.599000,0 days 02:10:04.756000,9474.0,185.0,8,0.0,True,0,2048.0133333333324,0.35646581626297813
2024-09-01 14:17:48.750,OnTrack,6369.0,14506.0,1966.0,pos,0 days 00:00:29.674000,0 days 02:10:04.831000,9472.1249984,177.76785097142857,8,0.0,True,0,2051.4723080883514,0.35706786618101943
2024-09-01 14:17:48.955,OnTrack,6451.232514742952,14514.08473033955,1965.1339838748456,car,0 days 00:00:29.879000,0 days 02:10:05.036000,9467.0,158.0,6,0.0,True,0,2060.302222222221,0.3586047519512595
2024-09-01 14:17:49.010,OnTrack,6474.0,14517.0,1965.0,pos,0 days 00:00:29.934000,0 days 02:10:05.091000,9241.729953066666,154.79167786666667,6,0.0,True,0,2062.5819357887517,0.35900154622213293
2024-09-01 14:17:49.190,OnTrack,6545.0,14529.0,1965.0,pos,0 days 00:00:30.114000,0 days 02:10:05.271000,8504.478904533333,144.29166293333333,6,0.0,True,0,2069.7148213143696,0.36024305662629685
2024-09-01 14:17:49.195,OnTrack,6546.889779712157,14529.39710493181,1964.9949332695671,car,0 days 00:00:30.119000,0 days 02:10:05.276000,8484.0,144.0,4,0.0,True,0,2069.902222222221,0.3602756745865896
2024-09-01 14:17:49.435,OnTrack,6632.338699840449,14552.276825957968,1964.158404878678,car,0 days 00:00:30.359000,0 days 02:10:05.516000,7751.0,126.0,4,0.0,True,0,2078.302222222221,0.3617377318925035
2024-09-01 14:17:49.470,OnTrack,6644.0,14556.0,1964.0,pos,0 days 00:00:30.394000,0 days 02:10:05.551000,7652.535063511386,124.83817184084232,4,0.0,True,0,2079.479319230885,0.36194261085456136
2024-09-01 14:17:49.676,OnTrack,6708.59648040035,14579.400242411353,1963.1154074889444,car,0 days 00:00:30.600000,0 days 02:10:05.757000,7073.0,118.0,4,0.0,True,0,2086.2016666666655,0.36311266528091546
2024-09-01 14:17:49.729,OnTrack,6724.0,14586.0,1963.0,pos,0 days 00:00:30.653000,0 days 02:10:05.810000,6979.492970057143,115.91785965714286,4,0.0,True,0,2087.8406451053975,0.3633979367571754
2024-09-01 14:17:49.909,OnTrack,6772.0,14610.0,1963.0,pos,0 days 00:00:30.833000,0 days 02:10:05.990000,6661.921541485714,108.84643108571429,4,0.0,True,0,2093.1586502759314,0.3643235591753262
2024-09-01 14:17:49.956,OnTrack,6783.090599010135,14616.294246789526,1963.004939875603,car,0 days 00:00:30.880000,0 days 02:10:06.037000,6579.0,107.0,4,0.0,True,0,2094.5238888888875,0.36456118501918194
2024-09-01 14:17:50.049,OnTrack,6805.0,14631.0,1963.0,pos,0 days 00:00:30.973000,0 days 02:10:06.130000,6503.437552,105.8375008,4,0.0,True,0,2097.211606649241,0.3650289942320104
2024-09-01 14:17:50.276,OnTrack,6869.66504601006,14694.138417619894,1963.024436123178,car,0 days 00:00:31.200000,0 days 02:10:06.357000,6319.0,103.0,4,0.0,False,0,2103.679444444443,0.3661547501250987
2024-09-01 14:17:50.329,OnTrack,6881.0,14707.0,1963.0,pos,0 days 00:00:31.253000,0 days 02:10:06.410000,6398.310618514286,102.62142902857143,4,5.867850057142857,False,0,2105.16528882866,0.3664133679390743
2024-09-01 14:17:50.556,OnTrack,6899.886334368837,14737.357796259936,1962.6787960983197,car,0 days 00:00:31.480000,0 days 02:10:06.637000,6738.0,101.0,4,31.0,False,0,2111.5349999999985,0.36752204445748105
2024-09-01 14:17:50.749,OnTrack,6920.0,14784.0,1962.0,pos,0 days 00:00:31.673000,0 days 02:10:06.830000,6940.211296581818,104.50908974545455,4,39.334088145454544,False,0,2117.243021203532,0.36851555089830695
2024-09-01 14:17:50.949,OnTrack,6970.0,14878.0,1961.0,pos,0 days 00:00:31.873000,0 days 02:10:07.030000,7149.756751127273,108.14545338181819,4,47.970451781818184,False,0,2123.39551343222,0.3695864194950369
2024-09-01 14:17:50.996,OnTrack,6978.252230845179,14892.352841864358,1960.8813744893857,car,0 days 00:00:31.920000,0 days 02:10:07.077000,7199.0,109.0,4,50.0,False,0,2124.8572222222206,0.36984083640164866
2024-09-01 14:17:51.269,OnTrack,7005.0,14921.0,1961.0,pos,0 days 00:00:32.193000,0 days 02:10:07.350000,7312.97747328,112.4124992,4,34.98500352,False,0,2133.4620514967733,0.37133854515248216
2024-09-01 14:17:51.396,OnTrack,7031.901575059808,14945.138319663463,1961.0189498036207,car,0 days 00:00:32.320000,0 days 02:10:07.477000,7366.0,114.0,4,28.0,False,0,2137.523888888887,0.37204552598993146
2024-09-01 14:17:51.529,OnTrack,7067.0,14975.0,1961.0,pos,0 days 00:00:32.453000,0 days 02:10:07.610000,7357.687504,115.6624992,4,30.4937488,False,0,2141.80973273909,0.3727914961462642
2024-09-01 14:17:51.556,OnTrack,7074.1379807090325,14980.521096753193,1960.9983734206128,car,0 days 00:00:32.480000,0 days 02:10:07.637000,7356.0,116.0,4,31.0,False,0,2142.6794444444427,0.3729428733311273
2024-09-01 14:17:51.756,OnTrack,7127.747994625156,15016.520710957766,1961.0010603165006,car,0 days 00:00:32.680000,0 days 02:10:07.837000,7636.0,116.0,4,53.0,False,0,2149.123888888887,0.374064557507622
2024-09-01 14:17:51.789,OnTrack,7137.0,15022.0,1961.0,pos,0 days 00:00:32.713000,0 days 02:10:07.870000,7724.687328,116.6187488,4,53.4124992,False,0,2150.1998059247408,0.37425182564605386
2024-09-01 14:17:51.889,OnTrack,7166.0,15038.0,1961.0,pos,0 days 00:00:32.813000,0 days 02:10:07.970000,7993.437328,118.4937488,4,54.6624992,False,0,2153.501720904964,0.37482653861276116
2024-09-01 14:17:51.916,OnTrack,7174.132743773315,15042.110179943691,1961.0080858116457,car,0 days 00:00:32.840000,0 days 02:10:07.997000,8066.0,119.0,4,55.0,False,0,2154.412777777776,0.37498511210764185
2024-09-01 14:17:52.089,OnTrack,7228.0,15066.0,1961.0,pos,0 days 00:00:33.013000,0 days 02:10:08.170000,8607.1654248,123.8656232,4,63.6499968,False,0,2160.471724810437,0.3760396987475523
2024-09-01 14:17:52.236,OnTrack,7272.4474137355655,15082.662952151695,1960.4460117170595,car,0 days 00:00:33.160000,0 days 02:10:08.317000,9067.0,128.0,4,71.0,False,0,2165.7905555555535,0.3769654648606257
2024-09-01 14:17:52.330,OnTrack,7310.0,15094.0,1960.0,pos,0 days 00:00:33.254000,0 days 02:10:08.411000,9091.507109485714,130.01428297142857,4,73.3499968,False,0,2169.219205483185,0.3775622366077822
2024-09-01 14:17:52.516,OnTrack,7419.635331987623,15121.585465596949,1959.2542176406682,car,0 days 00:00:33.440000,0 days 02:10:08.597000,9140.0,134.0,4,78.0,False,0,2176.212777777776,0.3787794989253707
2024-09-01 14:17:52.630,OnTrack,7477.0,15135.0,1959.0,pos,0 days 00:00:33.554000,0 days 02:10:08.711000,9784.1007232,142.5500096,4,87.9750112,False,0,2180.7870066978167,0.3795756637838788
2024-09-01 14:17:52.676,OnTrack,7493.019358381765,15138.617848187478,1958.958237692808,car,0 days 00:00:33.600000,0 days 02:10:08.757000,10044.0,146.0,4,92.0,False,0,2182.701666666665,0.3799089188548069
2024-09-01 14:17:52.930,OnTrack,7544.0,15148.0,1959.0,pos,0 days 00:00:33.854000,0 days 02:10:09.011000,10835.0281728,157.7928512,4,99.2571392,False,0,2193.898919276402,0.3818578504005484
2024-09-01 14:17:52.956,OnTrack,7552.132863335407,15149.376807726452,1958.966409289662,car,0 days 00:00:33.880000,0 days 02:10:09.037000,10916.0,159.0,4,100.0,False,0,2195.068333333332,0.38206139211073564
2024-09-01 14:17:53.116,OnTrack,7620.981896171918,15161.095285254534,1958.5364703817722,car,0 days 00:00:34.040000,0 days 02:10:09.197000,10880.0,164.0,4,100.0,False,0,2202.3572222222206,0.3833300555931159
2024-09-01 14:17:53.250,OnTrack,7689.0,15173.0,1958.0,pos,0 days 00:00:34.174000,0 days 02:10:09.331000,11198.01635262104,170.71865533706423,4,100.0,False,0,2208.8707652591806,0.3844637666865173
2024-09-01 14:17:53.470,OnTrack,7804.0,15195.0,1957.0,pos,0 days 00:00:34.394000,0 days 02:10:09.551000,11720.133858739367,181.74930687477539,4,100.0,False,0,2220.2435989664136,0.3864432589020654
2024-09-01 14:17:53.475,OnTrack,7806.732282357509,15195.59782742646,1956.9799352022985,car,0 days 00:00:34.399000,0 days 02:10:09.556000,11732.0,182.0,4,100.0,False,0,2220.5066666666653,0.38648904700362524
2024-09-01 14:17:53.770,OnTrack,7979.0,15240.0,1956.0,pos,0 days 00:00:34.694000,0 days 02:10:09.851000,11563.2969848,193.0624928,4,100.0,False,0,2236.3724000340617,0.38925054835880185
2024-09-01 14:17:53.795,OnTrack,7994.498997409855,15244.483188390393,1955.908234584195,car,0 days 00:00:34.719000,0 days 02:10:09.876000,11549.0,194.0,4,100.0,False,0,2237.75111111111,0.38949051914486643
2024-09-01 14:17:53.995,OnTrack,8119.855566202097,15282.70718212363,1955.137617908808,car,0 days 00:00:34.919000,0 days 02:10:10.076000,10922.0,202.0,5,100.0,False,0,2248.973333333332,0.3914437967625556
2024-09-01 14:17:54.070,OnTrack,8160.0,15295.0,1955.0,pos,0 days 00:00:34.994000,0 days 02:10:10.151000,11035.62509696,204.25000192,5,100.0,False,0,2253.2598682960133,0.3921898872100846
2024-09-01 14:17:54.195,OnTrack,8214.260040900273,15311.20759829924,1955.0513504936125,car,0 days 00:00:35.119000,0 days 02:10:10.276000,11225.0,208.0,5,100.0,False,0,2260.5288888888876,0.3934550925273048
2024-09-01 14:17:54.310,OnTrack,8272.0,15329.0,1955.0,pos,0 days 00:00:35.234000,0 days 02:10:10.391000,11406.98760128,211.73750208,5,100.0,False,0,2267.408129087431,0.3946524548358068
2024-09-01 14:17:54.595,OnTrack,8505.08120692312,15405.500520983924,1953.2835171848967,car,0 days 00:00:35.519000,0 days 02:10:10.676000,11858.0,221.0,5,100.0,False,0,2285.0844444444433,0.397729096027397
2024-09-01 14:17:54.670,OnTrack,8551.0,15421.0,1953.0,pos,0 days 00:00:35.594000,0 days 02:10:10.751000,11653.6248256,223.1093768,5,100.0,False,0,2289.8175364203094,0.39855291170631096
2024-09-01 14:17:54.915,OnTrack,8628.829749157392,15449.577273861494,1953.0177862284547,car,0 days 00:00:35.839000,0 days 02:10:10.996000,10986.0,230.0,5,100.0,False,0,2305.5288888888876,0.40128754238041486
2024-09-01 14:17:54.930,OnTrack,8635.0,15452.0,1953.0,pos,0 days 00:00:35.854000,0 days 02:10:11.011000,10980.843816,230.3749952,5,100.0,False,0,2306.5064087963456,0.40145768406165
2024-09-01 14:17:55.190,OnTrack,8792.0,15514.0,1952.0,pos,0 days 00:00:36.114000,0 days 02:10:11.271000,10891.468728,236.8750016,5,100.0,False,0,2323.693959742348,0.40444925363681306
2024-09-01 14:17:55.235,OnTrack,8820.444843853666,15525.196537099475,1951.7925376887915,car,0 days 00:00:36.159000,0 days 02:10:11.316000,10876.0,238.0,6,100.0,False,0,2326.684444444443,0.40496976078049424
2024-09-01 14:17:55.410,OnTrack,8928.0,15567.0,1951.0,pos,0 days 00:00:36.334000,0 days 02:10:11.491000,10964.749902628571,239.24999862857143,6,100.0,False,0,2338.319615273001,0.4069949139370953
2024-09-01 14:17:55.515,OnTrack,8993.718400208227,15591.656132318523,1950.541007640656,car,0 days 00:00:36.439000,0 days 02:10:11.596000,11018.0,240.0,6,100.0,False,0,2345.35111111111,0.40821877701585846
2024-09-01 14:17:55.690,OnTrack,9105.0,15632.0,1950.0,pos,0 days 00:00:36.614000,0 days 02:10:11.771000,11142.6873632,242.734372,6,100.0,False,0,2357.208056892008,0.4102825310878568
2024-09-01 14:17:55.835,OnTrack,9197.5038781418,15664.354891724628,1949.991721734301,car,0 days 00:00:36.759000,0 days 02:10:11.916000,11246.0,245.0,6,100.0,False,0,2367.128888888888,0.4120092959571166
2024-09-01 14:17:55.870,OnTrack,9220.0,15672.0,1950.0,pos,0 days 00:00:36.794000,0 days 02:10:11.951000,11251.9791776,245.4375008,6,100.0,False,0,2369.532749937031,0.4124276986485261
2024-09-01 14:17:56.070,OnTrack,9350.0,15715.0,1950.0,pos,0 days 00:00:36.994000,0 days 02:10:12.151000,11286.145844266666,247.9375008,6,100.0,False,0,2383.317402518912,0.41482697865052887
2024-09-01 14:17:56.075,OnTrack,9353.265003337012,15716.093783775386,1950.0025607748819,car,0 days 00:00:36.999000,0 days 02:10:12.156000,11287.0,248.0,6,100.0,False,0,2383.6622222222213,0.4148869960512963
2024-09-01 14:17:56.250,OnTrack,9468.0,15755.0,1950.0,pos,0 days 00:00:37.174000,0 days 02:10:12.331000,11378.417839257421,248.87064608816593,6,100.0,False,0,2395.752776869161,0.4169914107839284
2024-09-01 14:17:56.276,OnTrack,9485.200597483768,15760.738113825742,1949.9078826719028,car,0 days 00:00:37.200000,0 days 02:10:12.357000,11392.0,249.0,6,100.0,False,0,2397.5647222222215,0.41730678791980436
2024-09-01 14:17:56.429,OnTrack,9587.0,15794.0,1949.0,pos,0 days 00:00:37.353000,0 days 02:10:12.510000,11435.60498176,251.29499904,6,100.0,False,0,2408.306685828931,0.4191764743925485
2024-09-01 14:17:56.476,OnTrack,9618.212317125677,15804.050491209751,1948.7766440275882,car,0 days 00:00:37.400000,0 days 02:10:12.557000,11449.0,252.0,6,100.0,False,0,2411.564722222221,0.4197435500963274
2024-09-01 14:17:56.609,OnTrack,9706.0,15831.0,1948.0,pos,0 days 00:00:37.533000,0 days 02:10:12.690000,11140.3293152,245.3500032,6,47.9083584,False,0,2420.5766419911506,0.42131211475566943
2024-09-01 14:17:56.716,OnTrack,9775.586597013971,15849.036339698388,1946.473316850421,car,0 days 00:00:37.640000,0 days 02:10:12.797000,10892.0,240.0,6,6.0,True,0,2427.564722222221,0.422528421155211
2024-09-01 14:17:56.809,OnTrack,9832.0,15862.0,1945.0,pos,0 days 00:00:37.733000,0 days 02:10:12.890000,10526.310965942857,233.35714742857144,6,4.007144228571429,True,0,2433.424843843791,0.4235484013493015
2024-09-01 14:17:56.996,OnTrack,9927.01925096034,15880.466376180182,1942.9995465447826,car,0 days 00:00:37.920000,0 days 02:10:13.077000,9791.0,220.0,6,0.0,True,0,2444.6758333333323,0.42550668603762815
2024-09-01 14:17:57.129,OnTrack,10018.0,15883.0,1942.0,pos,0 days 00:00:38.053000,0 days 02:10:13.210000,10187.624809142857,212.87500342857143,6,0.0,True,0,2452.333530377072,0.4268395422173037
2024-09-01 14:17:57.276,OnTrack,10155.866764238572,15873.927456520421,1941.0660974143832,car,0 days 00:00:38.200000,0 days 02:10:13.357000,10626.0,205.0,6,0.0,True,0,2460.6202777777767,0.428281887405335
2024-09-01 14:17:57.289,OnTrack,10166.0,15873.0,1941.0,pos,0 days 00:00:38.213000,0 days 02:10:13.370000,10610.7250752,204.7833344,6,0.0,True,0,2461.352508902449,0.42840933548455457
2024-09-01 14:17:57.516,OnTrack,10254.439497891293,15858.039881287923,1940.299055326027,car,0 days 00:00:38.440000,0 days 02:10:13.597000,10344.0,201.0,5,0.0,True,0,2474.0202777777763,0.43061421691714996
2024-09-01 14:17:57.609,OnTrack,10283.0,15849.0,1940.0,pos,0 days 00:00:38.533000,0 days 02:10:13.690000,10243.028640914286,197.34643108571427,5,0.0,True,0,2479.0223469193106,0.4314848492663245
2024-09-01 14:17:57.796,OnTrack,10371.309613402773,15818.481700422495,1939.1466658114803,car,0 days 00:00:38.720000,0 days 02:10:13.877000,10040.0,190.0,5,0.0,False,0,2488.798055555554,0.43318635477014655
2024-09-01 14:17:57.829,OnTrack,10391.0,15809.0,1939.0,pos,0 days 00:00:38.753000,0 days 02:10:13.910000,9996.550084266666,189.31250133333333,5,0.41249919999999995,False,0,2490.5067825223787,0.4334837662874868
2024-09-01 14:17:58.036,OnTrack,10534.323521996088,15720.079105334022,1938.2306419337694,car,0 days 00:00:38.960000,0 days 02:10:14.117000,9724.0,185.0,5,3.0,False,0,2501.1313888888876,0.4353330262113693
2024-09-01 14:17:58.109,OnTrack,10573.0,15694.0,1938.0,pos,0 days 00:00:39.033000,0 days 02:10:14.190000,9610.12009984,183.90500096,5,16.86998784,False,0,2504.842747080205,0.4359790045873787
2024-09-01 14:17:58.236,OnTrack,10610.819193698775,15667.98025813044,1937.6336309858575,car,0 days 00:00:39.160000,0 days 02:10:14.317000,9412.0,182.0,5,41.0,False,0,2511.2424999999985,0.43709291000552486
2024-09-01 14:17:58.449,OnTrack,10646.0,15626.0,1937.0,pos,0 days 00:00:39.373000,0 days 02:10:14.530000,9782.974888533334,179.3375008,5,67.62499199999999,False,0,2521.819858883034,0.4389339462950743
2024-09-01 14:17:58.476,OnTrack,10654.994145254894,15614.050370678804,1936.9029419277665,car,0 days 00:00:39.400000,0 days 02:10:14.557000,9830.0,179.0,5,71.0,False,0,2523.175833333332,0.43916995967027556
2024-09-01 14:17:58.716,OnTrack,10761.38843397392,15466.900265801682,1936.0297731442786,car,0 days 00:00:39.640000,0 days 02:10:14.797000,10151.0,185.0,5,89.0,False,0,2535.5091666666654,0.4413166311114983
2024-09-01 14:17:58.729,OnTrack,10766.0,15460.0,1936.0,pos,0 days 00:00:39.653000,0 days 02:10:14.810000,10185.7748288,185.4874976,5,89.8937456,False,0,2536.190852668849,0.44143528158766876
2024-09-01 14:17:58.876,OnTrack,10802.899713728968,15398.491655694757,1935.8391219616935,car,0 days 00:00:39.800000,0 days 02:10:14.957000,10579.0,191.0,5,100.0,False,0,2543.998055555554,0.4427941599232948
2024-09-01 14:17:59.076,OnTrack,10823.294582834282,15340.900117932297,1935.9701457105455,car,0 days 00:00:40,0 days 02:10:15.157000,10827.0,197.0,5,100.0,False,0,2554.9424999999987,0.44469908908510064
2024-09-01 14:17:59.150,OnTrack,10833.0,15311.0,1936.0,pos,0 days 00:00:40.074000,0 days 02:10:15.231000,10910.250144,199.11428937142858,5,100.0,False,0,2559.093694355716,0.44542162289891546
2024-09-01 14:17:59.356,OnTrack,10867.719893305451,15201.111115581192,1936.0028736335867,car,0 days 00:00:40.280000,0 days 02:10:15.437000,11142.0,205.0,5,100.0,False,0,2570.886944444443,0.4474742904528075
2024-09-01 14:17:59.410,OnTrack,10876.0,15170.0,1936.0,pos,0 days 00:00:40.334000,0 days 02:10:15.491000,11216.249824,206.3499968,5,100.0,False,0,2574.0124053699674,0.4480182908076303
2024-09-01 14:17:59.596,OnTrack,10897.777636778574,15062.541208450075,1936.0021961615114,car,0 days 00:00:40.520000,0 days 02:10:15.677000,11472.0,211.0,5,100.0,False,0,2584.9536111111092,0.44992265625874256
2024-09-01 14:17:59.650,OnTrack,10903.0,15031.0,1936.0,pos,0 days 00:00:40.574000,0 days 02:10:15.731000,11546.541953670421,212.72209133892062,5,100.0,False,0,2588.2218388553856,0.45049150581242225
2024-09-01 14:17:59.810,OnTrack,10917.0,14936.0,1936.0,pos,0 days 00:00:40.734000,0 days 02:10:15.891000,11767.407525115987,217.82459628980828,5,100.0,False,0,2598.1660415258957,0.4522223384512208
2024-09-01 14:17:59.910,OnTrack,10925.0,14875.0,1936.0,pos,0 days 00:00:40.834000,0 days 02:10:15.991000,11905.44886065438,221.01367004812099,5,100.0,False,0,2604.501524915791,0.4533250574722556
2024-09-01 14:18:00.035,OnTrack,10933.530277627355,14798.860208103359,1935.4265871237862,car,0 days 00:00:40.959000,0 days 02:10:16.116000,12078.0,225.0,5,100.0,False,0,2612.3911111111092,0.4546982749886249
2024-09-01 14:18:00.090,OnTrack,10937.0,14765.0,1935.0,pos,0 days 00:00:41.014000,0 days 02:10:16.171000,11885.500672,225.6874976,5,100.0,False,0,2615.8519334469747,0.455300646486318
2024-09-01 14:18:00.195,OnTrack,10943.424264815065,14699.232918045327,1933.9484371487406,car,0 days 00:00:41.119000,0 days 02:10:16.276000,11518.0,227.0,5,100.0,False,0,2622.479999999998,0.45645429090630985
2024-09-01 14:18:00.310,OnTrack,10950.0,14626.0,1933.0,pos,0 days 00:00:41.234000,0 days 02:10:16.391000,10865.3746368,230.593752,5,100.0,False,0,2629.862934941606,0.4577393235218413
2024-09-01 14:18:00.355,OnTrack,10952.392714105627,14597.153576281587,1932.860257309228,car,0 days 00:00:41.279000,0 days 02:10:16.436000,10610.0,232.0,5,100.0,False,0,2632.791111111109,0.4582489855887014
2024-09-01 14:18:00.510,OnTrack,10960.0,14497.0,1933.0,pos,0 days 00:00:41.434000,0 days 02:10:16.591000,10744.85005568,235.48750144,5,100.0,False,0,2643.052916796025,0.46003509844268947
2024-09-01 14:18:00.710,OnTrack,10969.0,14366.0,1933.0,pos,0 days 00:00:41.634000,0 days 02:10:16.791000,10918.85005568,239.98750144,5,100.0,False,0,2656.5404183361434,0.4623826579861722
2024-09-01 14:18:00.755,OnTrack,10970.910681864585,14336.2115078789,1932.995221585717,car,0 days 00:00:41.679000,0 days 02:10:16.836000,10958.0,241.0,6,100.0,False,0,2659.568888888887,0.46290977673586076
2024-09-01 14:18:00.950,OnTrack,10979.0,14206.0,1933.0,pos,0 days 00:00:41.874000,0 days 02:10:17.031000,11041.687527466667,241.81250026666666,6,100.0,False,0,2672.6683301797148,0.4651897926695089
2024-09-01 14:18:00.995,OnTrack,10980.94729438411,14175.800917257153,1933.000475982223,car,0 days 00:00:41.919000,0 days 02:10:17.076000,11061.0,242.0,6,100.0,False,0,2675.7022222222204,0.46571785505356833
2024-09-01 14:18:01.130,OnTrack,10987.0,14085.0,1933.0,pos,0 days 00:00:42.054000,0 days 02:10:17.211000,11174.906088,243.6874976,6,100.0,False,0,2684.8470979172403,0.46730956128232765
2024-09-01 14:18:01.155,OnTrack,10988.147323601383,14068.174704797882,1933.0003290706627,car,0 days 00:00:42.079000,0 days 02:10:17.236000,11196.0,244.0,6,100.0,False,0,2686.5466666666653,0.4676053787712562
2024-09-01 14:18:01.390,OnTrack,11000.0,13908.0,1933.0,pos,0 days 00:00:42.314000,0 days 02:10:17.471000,11247.895847466667,245.95833386666666,6,100.0,False,0,2702.6035950546584,0.47040015846889915
2024-09-01 14:18:01.395,OnTrack,11000.29881968152,13904.480414637092,1932.9994901516661,car,0 days 00:00:42.319000,0 days 02:10:17.476000,11249.0,246.0,6,100.0,False,0,2702.9466666666654,0.47045987160661185
2024-09-01 14:18:01.590,OnTrack,11013.0,13767.0,1933.0,pos,0 days 00:00:42.514000,0 days 02:10:17.671000,11330.250026666667,247.62500053333332,6,100.0,False,0,2716.3713427301195,0.47279649609686186
2024-09-01 14:18:01.755,OnTrack,11022.703728466413,13663.985711250942,1933.1572161978345,car,0 days 00:00:42.679000,0 days 02:10:17.836000,11399.0,249.0,6,100.0,False,0,2727.8466666666654,0.4747938271919994
2024-09-01 14:18:01.850,OnTrack,11030.0,13588.0,1933.0,pos,0 days 00:00:42.774000,0 days 02:10:17.931000,11444.1249088,250.1874976,6,100.0,False,0,2734.5152851489042,0.47595452985536957
2024-09-01 14:18:01.915,OnTrack,11036.38908568336,13522.310406105073,1932.6956825715,car,0 days 00:00:42.839000,0 days 02:10:17.996000,11475.0,251.0,6,100.0,False,0,2739.0022222222206,0.47673550118027647
2024-09-01 14:18:02.050,OnTrack,11050.0,13382.0,1932.0,pos,0 days 00:00:42.974000,0 days 02:10:18.131000,11084.250555733333,242.0000128,6,62.500053333333334,False,0,2747.9291248222257,0.47828926822379064
2024-09-01 14:18:02.275,OnTrack,11058.625279188112,13280.62197109266,1932.6774866821386,car,0 days 00:00:43.199000,0 days 02:10:18.356000,10433.0,227.0,6,0.0,True,0,2761.7022222222204,0.48068653699506747
2024-09-01 14:18:02.370,OnTrack,11061.0,13243.0,1933.0,pos,0 days 00:00:43.294000,0 days 02:10:18.451000,10240.6253888,218.3906424,6,0.0,True,0,2767.140926990234,0.48163316771420833
2024-09-01 14:18:02.570,OnTrack,11067.0,13129.0,1933.0,pos,0 days 00:00:43.494000,0 days 02:10:18.651000,9835.6253888,200.2656424,6,0.0,True,0,2777.9829294885503,0.48352026640032736
2024-09-01 14:18:02.595,OnTrack,11067.330389139795,13114.807664203758,1932.9526909463846,car,0 days 00:00:43.519000,0 days 02:10:18.676000,9785.0,198.0,6,0.0,True,0,2779.3022222222203,0.4837498951598394
2024-09-01 14:18:02.755,OnTrack,11066.365076875134,13030.008357324949,1932.3845106366173,car,0 days 00:00:43.679000,0 days 02:10:18.836000,9873.0,186.0,6,0.0,True,0,2787.568888888887,0.4851887452069293
2024-09-01 14:18:02.810,OnTrack,11065.0,13002.0,1932.0,pos,0 days 00:00:43.734000,0 days 02:10:18.891000,9699.244332336504,183.81095221841264,6,0.0,True,0,2790.333682270072,0.48566996977387017
2024-09-01 14:18:02.956,OnTrack,11059.02436412024,12929.280814361751,1930.4966487401293,car,0 days 00:00:43.880000,0 days 02:10:19.037000,9238.0,178.0,5,0.0,True,0,2797.5072222222207,0.4869185562615254
2024-09-01 14:18:03.009,OnTrack,11056.0,12904.0,1930.0,pos,0 days 00:00:43.933000,0 days 02:10:19.090000,9192.066722133333,176.6750016,5,0.0,True,0,2800.0699397497237,0.4873646086286777
2024-09-01 14:18:03.169,OnTrack,11042.0,12829.0,1929.0,pos,0 days 00:00:44.093000,0 days 02:10:19.250000,9053.400055466667,172.6750016,5,0.0,True,0,2807.697060326702,0.4886921428385178
2024-09-01 14:18:03.196,OnTrack,11037.930376867931,12814.986716264704,1928.8685192276557,car,0 days 00:00:44.120000,0 days 02:10:19.277000,9030.0,172.0,5,0.0,False,0,2808.973888888887,0.4889143805203919
2024-09-01 14:18:03.509,OnTrack,10966.0,12643.0,1928.0,pos,0 days 00:00:44.433000,0 days 02:10:19.590000,8749.2781824,168.0875008,5,0.0,False,0,2823.5847921828345,0.4914574731283582
2024-09-01 14:18:03.516,OnTrack,10964.628393505121,12640.20300204889,1928.0003398151582,car,0 days 00:00:44.440000,0 days 02:10:19.597000,8743.0,168.0,5,0.0,False,0,2823.9072222222203,0.49151359350868323
2024-09-01 14:18:03.676,OnTrack,10939.627142032197,12594.59687221414,1928.2715549053141,car,0 days 00:00:44.600000,0 days 02:10:19.757000,8903.0,165.0,5,55.0,False,0,2831.240555555554,0.49278999274400487
2024-09-01 14:18:03.836,OnTrack,10906.344758283733,12557.22094029535,1928.8672178682014,car,0 days 00:00:44.760000,0 days 02:10:19.917000,9158.0,166.0,5,70.0,False,0,2838.6183333333315,0.49407412773226783
2024-09-01 14:18:03.869,OnTrack,10895.0,12546.0,1929.0,pos,0 days 00:00:44.793000,0 days 02:10:19.950000,9182.396381257144,166.8249984,5,71.06071222857143,False,0,2840.1657276033875,0.49434345857722795
2024-09-01 14:18:04.116,OnTrack,10780.8140569504,12441.17155423476,1929.9677410200316,car,0 days 00:00:45.040000,0 days 02:10:20.197000,9365.0,173.0,5,79.0,False,0,2852.0738888888873,0.49641612693525955
2024-09-01 14:18:04.129,OnTrack,10776.0,12437.0,1930.0,pos,0 days 00:00:45.053000,0 days 02:10:20.210000,9389.338769066666,173.3249984,5,79.541664,False,0,2852.7152520467607,0.4965277590412968
2024-09-01 14:18:04.389,OnTrack,10703.0,12385.0,1930.0,pos,0 days 00:00:45.313000,0 days 02:10:20.470000,9876.116546844445,179.8249984,5,90.37499733333334,False,0,2865.817726401496,0.49880830289318845
2024-09-01 14:18:04.476,OnTrack,10658.956130195009,12359.338954520295,1929.6490196062941,car,0 days 00:00:45.400000,0 days 02:10:20.557000,10039.0,182.0,5,94.0,False,0,2870.273888888887,0.49958391776473954
2024-09-01 14:18:04.716,OnTrack,10501.086565724023,12270.7745970234,1928.1544833099645,car,0 days 00:00:45.640000,0 days 02:10:20.797000,10654.0,187.0,5,100.0,False,0,2882.740555555554,0.5017537964647864
2024-09-01 14:18:04.749,OnTrack,10485.0,12262.0,1928.0,pos,0 days 00:00:45.673000,0 days 02:10:20.830000,10703.99490304,188.31999744,5,100.0,False,0,2884.49361802105,0.5020589247725723
2024-09-01 14:18:04.916,OnTrack,10432.440074988248,12234.66285525982,1927.4985046545821,car,0 days 00:00:45.840000,0 days 02:10:20.997000,10957.0,195.0,5,100.0,False,0,2893.573888888887,0.5036393862442387
2024-09-01 14:18:05.069,OnTrack,10386.0,12212.0,1927.0,pos,0 days 00:00:45.993000,0 days 02:10:21.150000,11239.624881777778,201.37499733333334,5,100.0,False,0,2902.3153931105653,0.5051608838766175
2024-09-01 14:18:05.249,OnTrack,10294.0,12166.0,1926.0,pos,0 days 00:00:46.173000,0 days 02:10:21.330000,11572.124881777778,208.87499733333334,5,100.0,False,0,2912.9660634347724,0.5070146803480922
2024-09-01 14:18:05.276,OnTrack,10279.549696695707,12158.771422539417,1925.8749746210015,car,0 days 00:00:46.200000,0 days 02:10:21.357000,11622.0,210.0,5,100.0,False,0,2914.5738888888873,0.5072945295090234
2024-09-01 14:18:05.550,OnTrack,10135.0,12086.0,1925.0,pos,0 days 00:00:46.474000,0 days 02:10:21.631000,11791.5375792,216.8500032,5,100.0,False,0,2931.0978593819787,0.5101705999592769
2024-09-01 14:18:05.596,OnTrack,10110.26407759138,12073.216437587438,1924.8196415230614,car,0 days 00:00:46.520000,0 days 02:10:21.677000,11820.0,218.0,5,100.0,False,0,2933.9516666666646,0.510667317791449
2024-09-01 14:18:05.810,OnTrack,9994.0,12012.0,1924.0,pos,0 days 00:00:46.734000,0 days 02:10:21.891000,11281.79032192,224.95499584,5,100.0,False,0,2947.613085498418,0.5130451484119388
2024-09-01 14:18:05.970,OnTrack,9904.0,11964.0,1924.0,pos,0 days 00:00:46.894000,0 days 02:10:22.051000,10879.39032192,230.15499584,5,100.0,False,0,2957.951767223453,0.51484464188213
2024-09-01 14:18:05.996,OnTrack,9886.495567382932,11954.548740519745,1924.0621494780896,car,0 days 00:00:46.920000,0 days 02:10:22.077000,10814.0,231.0,5,100.0,False,0,2959.6183333333315,0.5151347151150748
2024-09-01 14:18:06.196,OnTrack,9732.790364754212,11870.839197139569,1924.9057249169139,car,0 days 00:00:47.120000,0 days 02:10:22.277000,10828.0,231.0,6,100.0,False,0,2972.4516666666646,0.5173684137768876
2024-09-01 14:18:06.230,OnTrack,9711.0,11859.0,1925.0,pos,0 days 00:00:47.154000,0 days 02:10:22.311000,10882.2585376,232.8416736,6,100.0,False,0,2974.698520474446,0.5177594886608147
2024-09-01 14:18:06.436,OnTrack,9620.8979711557,11810.630854389887,1925.0292268989701,car,0 days 00:00:47.360000,0 days 02:10:22.517000,11211.0,244.0,6,100.0,False,0,2988.7183333333314,0.5201996993534193
2024-09-01 14:18:06.530,OnTrack,9580.0,11789.0,1925.0,pos,0 days 00:00:47.454000,0 days 02:10:22.611000,11301.75847889485,245.47335193011122,6,100.0,False,0,2995.179257972408,0.5213242519809812
2024-09-01 14:18:06.710,OnTrack,9469.0,11730.0,1925.0,pos,0 days 00:00:47.634000,0 days 02:10:22.791000,11475.551794647916,248.2946719910376,6,100.0,False,0,3007.6353368832397,0.5234922878351028
2024-09-01 14:18:06.755,OnTrack,9429.208817783398,11708.447896378442,1924.879504278689,car,0 days 00:00:47.679000,0 days 02:10:22.836000,11519.0,249.0,6,100.0,False,0,3010.7824999999984,0.5240400655526932
2024-09-01 14:18:06.950,OnTrack,9235.0,11602.0,1924.0,pos,0 days 00:00:47.874000,0 days 02:10:23.031000,11556.6071552,253.8750016,6,100.0,False,0,3024.586888111278,0.526442780611237
2024-09-01 14:18:07.035,OnTrack,9179.814249981304,11571.389783737011,1923.8162172989191,car,0 days 00:00:47.959000,0 days 02:10:23.116000,11573.0,256.0,6,100.0,False,0,3030.693611111109,0.527505682870415
2024-09-01 14:18:07.350,OnTrack,9072.0,11509.0,1924.0,pos,0 days 00:00:48.274000,0 days 02:10:23.431000,10869.76235712,263.08750144,6,100.0,False,0,3053.7981675998917,0.5315271335387869
2024-09-01 14:18:07.435,OnTrack,9021.456084074924,11479.769449177926,1924.0155369280428,car,0 days 00:00:48.359000,0 days 02:10:23.516000,10680.0,265.0,7,100.0,False,0,3060.138055555554,0.5326306191940549
2024-09-01 14:18:07.530,OnTrack,8958.0,11443.0,1924.0,pos,0 days 00:00:48.454000,0 days 02:10:23.611000,10737.647610763637,266.7272692363636,7,100.0,False,0,3067.270558294352,0.5338720629724728
2024-09-01 14:18:07.690,OnTrack,8855.0,11383.0,1924.0,pos,0 days 00:00:48.614000,0 days 02:10:23.771000,10834.738519854545,269.63636014545455,7,100.0,False,0,3079.3926681092485,0.5359819700222299
2024-09-01 14:18:07.875,OnTrack,8733.94089127258,11314.745198525965,1924.6193710447035,car,0 days 00:00:48.799000,0 days 02:10:23.956000,10947.0,273.0,7,100.0,False,0,3093.50472222222,0.5384382357147682
2024-09-01 14:18:08.010,OnTrack,8644.0,11265.0,1925.0,pos,0 days 00:00:48.934000,0 days 02:10:24.091000,11035.593624,275.5312464,7,100.0,False,0,3103.8491949301915,0.5402387371312583
2024-09-01 14:18:08.035,OnTrack,8627.239299608233,11255.758509318308,1925.0240741456134,car,0 days 00:00:48.959000,0 days 02:10:24.116000,11052.0,276.0,7,100.0,False,0,3105.7713888888866,0.540573303526579
2024-09-01 14:18:08.190,OnTrack,8523.0,11198.0,1925.0,pos,0 days 00:00:49.114000,0 days 02:10:24.271000,11145.704584145455,277.4090914909091,7,100.0,False,0,3117.74173717013,0.5426567958074034
2024-09-01 14:18:08.350,OnTrack,8416.0,11137.0,1925.0,pos,0 days 00:00:49.274000,0 days 02:10:24.431000,11242.431856872727,278.8636369454546,7,100.0,False,0,3130.194485905214,0.5448242520296462
2024-09-01 14:18:08.475,OnTrack,8331.415886813496,11089.995771644084,1924.1720609787697,car,0 days 00:00:49.399000,0 days 02:10:24.556000,11318.0,280.0,7,100.0,False,0,3139.993611111109,0.5465298332914132
2024-09-01 14:18:08.530,OnTrack,8294.0,11069.0,1924.0,pos,0 days 00:00:49.454000,0 days 02:10:24.611000,11325.464259657143,280.98213942857143,7,100.0,False,0,3144.324866678518,0.5472837075588074
2024-09-01 14:18:08.710,OnTrack,8171.0,10998.0,1925.0,pos,0 days 00:00:49.634000,0 days 02:10:24.791000,11349.892865828571,284.1964297142857,7,100.0,False,0,3158.5800117252043,0.5497648788638514
2024-09-01 14:18:08.755,OnTrack,8140.037156903887,10980.130638286832,1925.2696462665112,car,0 days 00:00:49.679000,0 days 02:10:24.836000,11356.0,285.0,7,100.0,False,0,3162.160277777776,0.5503880400709082
2024-09-01 14:18:08.970,OnTrack,7992.0,10895.0,1926.0,pos,0 days 00:00:49.894000,0 days 02:10:25.051000,11549.4998272,287.6874976,7,100.0,False,0,3179.352162080797,0.5533803638861056
2024-09-01 14:18:08.995,OnTrack,7975.016804508113,10885.152708583202,1926.0204529693572,car,0 days 00:00:49.919000,0 days 02:10:25.076000,11572.0,288.0,7,100.0,False,0,3181.360277777776,0.5537298853415685
2024-09-01 14:18:09.190,OnTrack,7840.0,10805.0,1926.0,pos,0 days 00:00:50.114000,0 days 02:10:25.271000,11666.017888,290.0892864,7,100.0,False,0,3197.0897551773237,0.5564676707404037
2024-09-01 14:18:09.275,OnTrack,7774.397782074851,10763.875601334707,1926.2243814089923,car,0 days 00:00:50.199000,0 days 02:10:25.356000,11707.0,291.0,7,100.0,False,0,3203.993611111109,0.5576693175269476
2024-09-01 14:18:09.436,OnTrack,7646.848515410656,10680.883180436616,1926.9066148934303,car,0 days 00:00:50.360000,0 days 02:10:25.517000,11649.0,294.0,7,100.0,False,0,3217.1419444444427,0.5599578433377322
2024-09-01 14:18:09.470,OnTrack,7623.0,10665.0,1927.0,pos,0 days 00:00:50.394000,0 days 02:10:25.551000,11410.999104,294.0,7,100.0,False,0,3219.9187151101883,0.5604411526042442
2024-09-01 14:18:09.596,OnTrack,7545.728160227499,10612.315582671588,1927.1476352485754,car,0 days 00:00:50.520000,0 days 02:10:25.677000,10529.0,294.0,7,100.0,False,0,3230.2086111111093,0.5622321547024871
2024-09-01 14:18:09.769,OnTrack,7450.0,10543.0,1927.0,pos,0 days 00:00:50.693000,0 days 02:10:25.850000,10538.885710628572,295.2357138285714,7,100.0,False,0,3244.393777663571,0.5647011459398242
2024-09-01 14:18:09.876,OnTrack,7383.270144412078,10492.309408196974,1926.8242476919118,car,0 days 00:00:50.800000,0 days 02:10:25.957000,10545.0,296.0,8,100.0,False,0,3253.2308333333317,0.5662392747261029
2024-09-01 14:18:10.089,OnTrack,7241.0,10379.0,1926.0,pos,0 days 00:00:51.013000,0 days 02:10:26.170000,10691.437456,299.328124,8,100.0,False,0,3271.0055759537727,0.569333047620026
2024-09-01 14:18:10.196,OnTrack,7171.333360088332,10320.879126543228,1925.1263315284423,car,0 days 00:00:51.120000,0 days 02:10:26.277000,10765.0,301.0,8,100.0,False,0,3279.986388888887,0.5708961979967915
2024-09-01 14:18:10.209,OnTrack,7163.0,10314.0,1925.0,pos,0 days 00:00:51.133000,0 days 02:10:26.290000,10769.7937264,301.1624992,8,100.0,False,0,3281.0786819325335,0.5710863164521084
2024-09-01 14:18:10.356,OnTrack,7070.052457257824,10239.410515318532,1923.251828201705,car,0 days 00:00:51.280000,0 days 02:10:26.437000,10824.0,303.0,8,100.0,False,0,3293.4530555555543,0.5732401311380186
2024-09-01 14:18:10.429,OnTrack,7019.0,10198.0,1922.0,pos,0 days 00:00:51.353000,0 days 02:10:26.510000,10847.985693257142,303.5214281142857,8,100.0,False,0,3299.621708849895,0.5743138126399997
2024-09-01 14:18:10.636,OnTrack,6850.813371039197,10056.350496585746,1917.0631837561225,car,0 days 00:00:51.560000,0 days 02:10:26.717000,10916.0,305.0,8,100.0,False,0,3317.1752777777765,0.5773690892704606
2024-09-01 14:18:10.689,OnTrack,6813.0,10024.0,1916.0,pos,0 days 00:00:51.613000,0 days 02:10:26.770000,10920.732137142857,305.18928548571427,8,100.0,False,0,3321.672064225105,0.5781517749226571
2024-09-01 14:18:10.916,OnTrack,6695.860147921458,9922.314019935578,1913.3749526456145,car,0 days 00:00:51.840000,0 days 02:10:26.997000,10941.0,306.0,8,100.0,False,0,3340.975277777776,0.5815115849705498
2024-09-01 14:18:11.009,OnTrack,6645.0,9878.0,1912.0,pos,0 days 00:00:51.933000,0 days 02:10:27.090000,10972.61997824,307.39499904,8,100.0,False,0,3348.940003242644,0.5828978808104912
2024-09-01 14:18:11.116,OnTrack,6575.250413617097,9817.462278351915,1909.731287078686,car,0 days 00:00:52.040000,0 days 02:10:27.197000,11009.0,309.0,8,100.0,False,0,3358.1419444444427,0.5844995195441436
2024-09-01 14:18:11.149,OnTrack,6554.0,9799.0,1909.0,pos,0 days 00:00:52.073000,0 days 02:10:27.230000,11023.0249728,309.4124992,8,100.0,False,0,3360.986476019737,0.5849946228979009
2024-09-01 14:18:11.276,OnTrack,6479.712744917408,9734.228144061257,1906.3223570363139,car,0 days 00:00:52.200000,0 days 02:10:27.357000,11077.0,311.0,8,100.0,False,0,3371.9641666666653,0.5869053387089014
2024-09-01 14:18:11.449,OnTrack,6359.0,9629.0,1902.0,pos,0 days 00:00:52.373000,0 days 02:10:27.530000,11108.061352145454,312.17954501818184,8,100.0,False,0,3387.004804278031,0.5895232284833418
2024-09-01 14:18:11.649,OnTrack,6148.0,9446.0,1895.0,pos,0 days 00:00:52.573000,0 days 02:10:27.730000,11143.970443054546,313.54318138181816,8,100.0,False,0,3404.482873493642,0.5925653640535743
2024-09-01 14:18:11.716,OnTrack,6094.130089660939,9399.185313705038,1893.2151175676177,car,0 days 00:00:52.640000,0 days 02:10:27.797000,11156.0,314.0,8,100.0,False,0,3410.341944444443,0.5935851613737513
2024-09-01 14:18:11.876,OnTrack,6018.78463857926,9333.288602472807,1890.6765325812507,car,0 days 00:00:52.800000,0 days 02:10:27.957000,11250.0,315.0,8,100.0,False,0,3424.3419444444426,0.5960219235502743
2024-09-01 14:18:12.110,OnTrack,5923.0,9250.0,1888.0,pos,0 days 00:00:53.034000,0 days 02:10:28.191000,11275.350013866666,315.97500053333334,8,100.0,False,0,3444.8799307052514,0.5995966512718665
2024-09-01 14:18:12.116,OnTrack,5919.381502276861,9246.8816612095,1887.909222641215,car,0 days 00:00:53.040000,0 days 02:10:28.197000,11276.0,316.0,8,100.0,False,0,3445.4086111111096,0.599688670444471
2024-09-01 14:18:12.230,OnTrack,5843.0,9181.0,1886.0,pos,0 days 00:00:53.154000,0 days 02:10:28.311000,11295.66502208,316.85500096,8,100.0,False,0,3455.477678206968,0.6014412362910468
2024-09-01 14:18:12.390,OnTrack,5737.0,9088.0,1883.0,pos,0 days 00:00:53.314000,0 days 02:10:28.471000,11323.26502208,318.05500096,8,100.0,False,0,3469.6746096205575,0.6039122752547131
2024-09-01 14:18:12.516,OnTrack,5653.000003880515,9014.756920423184,1880.6611015886804,car,0 days 00:00:53.440000,0 days 02:10:28.597000,11345.0,319.0,8,100.0,False,0,3480.853055555554,0.6058579334151922
2024-09-01 14:18:12.676,OnTrack,5545.235059144801,8921.44475378708,1877.8607501693878,car,0 days 00:00:53.600000,0 days 02:10:28.757000,11366.0,319.0,8,100.0,False,0,3495.030833333332,0.6083256386034808
2024-09-01 14:18:12.730,OnTrack,5509.0,8890.0,1877.0,pos,0 days 00:00:53.654000,0 days 02:10:28.811000,11372.4124848,319.0,8,100.0,False,0,3499.8124738247,0.6091579043671306
2024-09-01 14:18:12.836,OnTrack,5438.108041783462,8828.36086209582,1875.4700967417627,car,0 days 00:00:53.760000,0 days 02:10:28.917000,11385.0,319.0,8,100.0,False,0,3509.2086111111093,0.6107933437917692
2024-09-01 14:18:12.890,OnTrack,5402.0,8797.0,1875.0,pos,0 days 00:00:53.814000,0 days 02:10:28.971000,11383.92000256,319.53999872,8,100.0,False,0,3514.0117202230663,0.6116293462641785
2024-09-01 14:18:13.036,OnTrack,5304.147385962602,8712.335196278731,1875.2702593537263,car,0 days 00:00:53.960000,0 days 02:10:29.117000,11381.0,321.0,8,100.0,False,0,3527.041944444443,0.6138973146594832
2024-09-01 14:18:13.170,OnTrack,5214.0,8634.0,1876.0,pos,0 days 00:00:54.094000,0 days 02:10:29.251000,11411.81997056,321.66999936,8,100.0,False,0,3539.0250811027126,0.6159830328141246
2024-09-01 14:18:13.236,OnTrack,5169.465538116055,8594.941082816937,1876.042888504673,car,0 days 00:00:54.160000,0 days 02:10:29.317000,11427.0,322.0,8,100.0,False,0,3544.9308333333315,0.6170109552183738
2024-09-01 14:18:13.290,OnTrack,5133.0,8563.0,1876.0,pos,0 days 00:00:54.214000,0 days 02:10:29.371000,11424.799378698557,322.0,8,100.0,False,0,3549.7633706758315,0.6178520798050052
2024-09-01 14:18:13.490,OnTrack,4998.0,8446.0,1876.0,pos,0 days 00:00:54.414000,0 days 02:10:29.571000,11416.648910114325,322.0,8,100.0,False,0,3567.6583000724236,0.6209667717410886
2024-09-01 14:18:13.555,OnTrack,4954.183847703178,8407.924181697748,1876.3310656562367,car,0 days 00:00:54.479000,0 days 02:10:29.636000,11414.0,322.0,8,100.0,False,0,3573.4636111111095,0.6219772119098045
2024-09-01 14:18:13.755,OnTrack,4819.547009231255,8290.476543002536,1878.494287235248,car,0 days 00:00:54.679000,0 days 02:10:29.836000,11409.0,321.0,8,100.0,False,0,3591.296944444443,0.6250811827775185
2024-09-01 14:18:13.790,OnTrack,4796.0,8270.0,1879.0,pos,0 days 00:00:54.714000,0 days 02:10:29.871000,11401.5624864,321.0,8,100.0,False,0,3594.4198001224736,0.6256247296774445
2024-09-01 14:18:13.970,OnTrack,4675.0,8165.0,1882.0,pos,0 days 00:00:54.894000,0 days 02:10:30.051000,11363.3125408,321.0,8,100.0,False,0,3610.4927014812424,0.6284222895415899
2024-09-01 14:18:14.075,OnTrack,4604.6024971238385,8103.515667010483,1883.7363612456447,car,0 days 00:00:54.999000,0 days 02:10:30.156000,11341.0,321.0,8,100.0,False,0,3619.8302777777762,0.6300475361658607
2024-09-01 14:18:14.210,OnTrack,4514.0,8025.0,1885.0,pos,0 days 00:00:55.134000,0 days 02:10:30.291000,11326.3750208,319.3125024,8,100.0,False,0,3631.769003669262,0.6321255244293071
2024-09-01 14:18:14.250,OnTrack,4487.0,8002.0,1885.0,pos,0 days 00:00:55.174000,0 days 02:10:30.331000,11322.041687466666,318.8125024,8,100.0,False,0,3635.297328928233,0.6327396451105595
2024-09-01 14:18:14.315,OnTrack,4442.259966123821,7963.512960537244,1885.5714080876248,car,0 days 00:00:55.239000,0 days 02:10:30.396000,11315.0,318.0,8,100.0,False,0,3641.0302777777756,0.6337374903188814
2024-09-01 14:18:14.470,OnTrack,4334.0,7869.0,1889.0,pos,0 days 00:00:55.394000,0 days 02:10:30.551000,11300.556812218181,317.64772712727273,8,100.0,False,0,3654.6981401005787,0.6361164424576051
2024-09-01 14:18:14.670,OnTrack,4201.0,7753.0,1893.0,pos,0 days 00:00:55.594000,0 days 02:10:30.751000,11281.920448581819,317.1931816727273,8,100.0,False,0,3672.311433444569,0.6391821143879367
2024-09-01 14:18:14.755,OnTrack,4144.875755049725,7704.063937592691,1894.4170739879773,car,0 days 00:00:55.679000,0 days 02:10:30.836000,11274.0,317.0,8,100.0,False,0,3679.7747222222206,0.6404811329454975
2024-09-01 14:18:14.950,OnTrack,4016.0,7592.0,1897.0,pos,0 days 00:00:55.874000,0 days 02:10:31.031000,11197.392832,315.6071424,8,100.0,False,0,3696.844862460952,0.6434522666656178
2024-09-01 14:18:15.035,OnTrack,3959.9022531899423,7543.553740791372,1897.850718096274,car,0 days 00:00:55.959000,0 days 02:10:31.116000,11164.0,315.0,8,100.0,False,0,3704.27472222222,0.6447454667544128
2024-09-01 14:18:15.050,OnTrack,3950.0,7535.0,1898.0,pos,0 days 00:00:55.974000,0 days 02:10:31.131000,11162.98751296,314.96250048,8,100.0,False,0,3705.585611667272,0.6449736328842204
2024-09-01 14:18:15.350,OnTrack,3752.0,7363.0,1901.0,pos,0 days 00:00:56.274000,0 days 02:10:31.431000,11142.73749568,314.21249984,8,100.0,False,0,3731.7739123301885,0.649531822921564
2024-09-01 14:18:15.435,OnTrack,3696.299047114354,7314.166086670145,1901.5252734112573,car,0 days 00:00:56.359000,0 days 02:10:31.516000,11137.0,314.0,8,100.0,False,0,3739.1636111111097,0.6508180328133674
2024-09-01 14:18:15.510,OnTrack,3647.0,7271.0,1902.0,pos,0 days 00:00:56.434000,0 days 02:10:31.591000,11133.874997333332,313.3749994666667,8,100.0,False,0,3745.668980774463,0.651950321294793
2024-09-01 14:18:15.675,OnTrack,3537.801079875746,7176.171422103601,1903.5163138777261,car,0 days 00:00:56.599000,0 days 02:10:31.756000,11127.0,312.0,8,100.0,False,0,3759.9636111111095,0.6544383651899159
2024-09-01 14:18:15.730,OnTrack,3503.0,7146.0,1904.0,pos,0 days 00:00:56.654000,0 days 02:10:31.811000,11118.779386255803,312.0,8,100.0,False,0,3764.7389434333654,0.655269532988716
2024-09-01 14:18:15.956,OnTrack,3363.9062844599375,7025.1574613527955,1905.5447873502778,car,0 days 00:00:56.880000,0 days 02:10:32.037000,11085.0,312.0,8,100.0,False,0,3784.3169444444434,0.658677171014125
2024-09-01 14:18:16.010,OnTrack,3320.0,6987.0,1906.0,pos,0 days 00:00:56.934000,0 days 02:10:32.091000,10918.68039424,309.3000064,8,99.73000064,False,0,3788.9371853868024,0.6594813444694654
2024-09-01 14:18:16.156,OnTrack,3174.7433727798384,6860.812222927684,1907.5293211504807,car,0 days 00:00:57.080000,0 days 02:10:32.237000,10469.0,302.0,8,99.0,False,0,3801.0947222222208,0.6615974177494821
2024-09-01 14:18:16.209,OnTrack,3130.0,6822.0,1908.0,pos,0 days 00:00:57.133000,0 days 02:10:32.290000,10306.55519616,294.58000896,8,72.76503167999999,False,0,3805.261179963301,0.6623226082233068
2024-09-01 14:18:16.356,OnTrack,3056.690459951349,6758.702640428912,1908.757799682829,car,0 days 00:00:57.280000,0 days 02:10:32.437000,9856.0,274.0,8,0.0,True,0,3816.3169444444434,0.6642469131318922
2024-09-01 14:18:16.516,OnTrack,3011.9093217428203,6719.403848130116,1908.989728840782,car,0 days 00:00:57.440000,0 days 02:10:32.597000,9189.0,263.0,8,0.0,True,0,3828.005833333332,0.6662814161554654
2024-09-01 14:18:16.529,OnTrack,3007.0,6715.0,1909.0,pos,0 days 00:00:57.453000,0 days 02:10:32.610000,9187.880561066666,261.2666752,8,0.0,True,0,3828.896529664684,0.6664364458076801
2024-09-01 14:18:16.809,OnTrack,2872.0,6592.0,1909.0,pos,0 days 00:00:57.733000,0 days 02:10:32.890000,9163.769449955556,223.93334186666667,8,0.0,True,0,3845.73036471841,0.6693664495608764
2024-09-01 14:18:16.876,OnTrack,2843.5165661213327,6565.906492026672,1908.9930668867755,car,0 days 00:00:57.800000,0 days 02:10:32.957000,9158.0,215.0,8,0.0,True,0,3849.505833333332,0.6700235866408402
2024-09-01 14:18:16.969,OnTrack,2804.0,6528.0,1909.0,pos,0 days 00:00:57.893000,0 days 02:10:33.050000,9460.249792,208.0250048,8,0.0,True,0,3854.7210054846205,0.6709313105152914
2024-09-01 14:18:17.076,OnTrack,2748.773772872152,6469.892172758306,1909.0470217192274,car,0 days 00:00:58,0 days 02:10:33.157000,9808.0,200.0,8,0.0,True,0,3860.616944444443,0.671957524876176
2024-09-01 14:18:17.249,OnTrack,2665.0,6377.0,1909.0,pos,0 days 00:00:58.173000,0 days 02:10:33.330000,9683.44004608,193.5125024,8,0.0,True,0,3869.73907449948,0.6735452721252788
2024-09-01 14:18:17.476,OnTrack,2630.4431757976054,6331.643613686262,1908.214104829968,car,0 days 00:00:58.400000,0 days 02:10:33.557000,9520.0,185.0,5,0.0,False,0,3881.1724999999988,0.6755353106115473
2024-09-01 14:18:17.529,OnTrack,2623.0,6313.0,1908.0,pos,0 days 00:00:58.453000,0 days 02:10:33.610000,9471.8031832,183.5093768,5,0.0,False,0,3883.802032681667,0.6759929924530201
2024-09-01 14:18:17.796,OnTrack,2563.3702086033363,6138.2678282544075,1907.0850312534844,car,0 days 00:00:58.720000,0 days 02:10:33.877000,9229.0,176.0,5,0.0,False,0,3896.8169444444434,0.6782582956469001
2024-09-01 14:18:17.849,OnTrack,2555.0,6110.0,1907.0,pos,0 days 00:00:58.773000,0 days 02:10:33.930000,9221.933341866667,175.3375008,5,4.968744,False,0,3899.3514526738413,0.6786994380604346
2024-09-01 14:18:18.169,OnTrack,2546.0,6021.0,1907.0,pos,0 days 00:00:59.093000,0 days 02:10:34.250000,9179.2666752,171.3375008,5,34.968744,False,0,3914.4006993697653,0.681318826284277
2024-09-01 14:18:18.276,OnTrack,2545.949645701799,5972.222427555165,1906.7640719299045,car,0 days 00:00:59.200000,0 days 02:10:34.357000,9165.0,170.0,5,45.0,False,0,3919.4836111111103,0.6822035296469852
2024-09-01 14:18:18.489,OnTrack,2545.0,5842.0,1906.0,pos,0 days 00:00:59.413000,0 days 02:10:34.570000,9481.8374048,173.328124,5,68.9624928,False,0,3929.7738216200387,0.6839945864867436
2024-09-01 14:18:18.596,OnTrack,2544.706929623559,5774.5637552427925,1905.6707693636495,car,0 days 00:00:59.520000,0 days 02:10:34.677000,9641.0,175.0,5,81.0,False,0,3935.0391666666656,0.6849110431764552
2024-09-01 14:18:18.756,OnTrack,2544.1249055725166,5673.966517675584,1905.2583434281084,car,0 days 00:00:59.680000,0 days 02:10:34.837000,9885.0,181.0,5,96.0,False,0,3943.0836111111103,0.6863112144588385
2024-09-01 14:18:18.870,OnTrack,2542.0,5608.0,1905.0,pos,0 days 00:00:59.794000,0 days 02:10:34.951000,10126.435985371429,186.2928630857143,5,92.33571017142857,False,0,3949.089320039098,0.6873565347701904
2024-09-01 14:18:19.036,OnTrack,2535.82143130021,5522.298688436258,1904.6689593408205,car,0 days 00:00:59.960000,0 days 02:10:35.117000,10478.0,194.0,5,87.0,False,0,3958.172499999999,0.6889375025824245
2024-09-01 14:18:19.250,OnTrack,2517.0,5415.0,1904.0,pos,0 days 00:01:00.174000,0 days 02:10:35.331000,10817.7247968,199.34999679999999,5,91.27999744,False,0,3970.2006265996047,0.6910310514361638
2024-09-01 14:18:19.436,OnTrack,2484.527145613967,5307.746297516355,1902.8333535110391,car,0 days 00:01:00.360000,0 days 02:10:35.517000,11113.0,204.0,5,95.0,False,0,3980.8391666666657,0.6928827365825095
2024-09-01 14:18:19.716,OnTrack,2428.49295107364,5156.680951602637,1901.0734911057323,car,0 days 00:01:00.640000,0 days 02:10:35.797000,11532.0,209.0,5,100.0,False,0,3997.094722222221,0.6957120882208058
2024-09-01 14:18:19.750,OnTrack,2424.0,5144.0,1901.0,pos,0 days 00:01:00.674000,0 days 02:10:35.831000,11557.16009472,209.8500032,5,100.0,False,0,3999.1142406024537,0.6960635943639303
2024-09-01 14:18:20.110,OnTrack,2349.0,5008.0,1901.0,pos,0 days 00:01:01.034000,0 days 02:10:36.191000,11823.56009472,218.8500032,5,100.0,False,0,4021.0587565017076,0.6998831348157455
2024-09-01 14:18:20.116,OnTrack,2345.1469855952832,5002.786303534027,1900.9682036162071,car,0 days 00:01:01.040000,0 days 02:10:36.197000,11828.0,219.0,5,100.0,False,0,4021.4280555555542,0.6999474129561911
2024-09-01 14:18:20.250,OnTrack,2244.0,4870.0,1900.0,pos,0 days 00:01:01.174000,0 days 02:10:36.331000,11461.83328413,220.86629314918451,5,100.0,False,0,4029.6889249989736,0.7013852539708283
2024-09-01 14:18:20.475,OnTrack,2176.8864229995083,4793.49560717382,1899.2741983203662,car,0 days 00:01:01.399000,0 days 02:10:36.556000,10847.0,224.0,5,100.0,False,0,4043.765833333332,0.7038354023845103
2024-09-01 14:18:20.630,OnTrack,2139.0,4758.0,1899.0,pos,0 days 00:01:01.554000,0 days 02:10:36.711000,10845.44999936,230.97500288,5,100.0,False,0,4053.7672700627686,0.7055761968654517
2024-09-01 14:18:20.675,OnTrack,2119.7839163082335,4737.644663948838,1898.883384742897,car,0 days 00:01:01.599000,0 days 02:10:36.756000,10845.0,233.0,6,100.0,False,0,4056.7102777777764,0.7060884404286765
2024-09-01 14:18:20.915,OnTrack,1975.0152576745963,4574.640779140265,1898.1160171265556,car,0 days 00:01:01.839000,0 days 02:10:36.996000,11026.0,239.0,6,100.0,False,0,4072.6436111111097,0.708861707858148
2024-09-01 14:18:20.990,OnTrack,1941.0,4533.0,1898.0,pos,0 days 00:01:01.914000,0 days 02:10:37.071000,11106.089354057143,240.07142948571428,6,98.66071314285715,False,0,4077.6750233502116,0.7097374475037722
2024-09-01 14:18:21.195,OnTrack,1895.6347849307467,4462.120781787179,1898.0715984934131,car,0 days 00:01:02.119000,0 days 02:10:37.276000,11325.0,243.0,6,95.0,False,0,4091.54361111111,0.7121513367964543
2024-09-01 14:18:21.270,OnTrack,1882.0,4431.0,1898.0,pos,0 days 00:01:02.194000,0 days 02:10:37.351000,11380.87504768,244.50000128,6,92.37499776,False,0,4096.667543869322,0.7130431800493299
2024-09-01 14:18:21.395,OnTrack,1852.7555756233187,4358.430587921195,1897.5974552102944,car,0 days 00:01:02.319000,0 days 02:10:37.476000,11474.0,247.0,6,88.0,False,0,4105.265833333332,0.714539750517094
2024-09-01 14:18:21.570,OnTrack,1810.0,4236.0,1897.0,pos,0 days 00:01:02.494000,0 days 02:10:37.651000,11577.055442488889,248.94444231111112,6,93.83332693333334,False,0,4117.419023514523,0.7166550672426382
2024-09-01 14:18:21.730,OnTrack,1783.0,4125.0,1897.0,pos,0 days 00:01:02.654000,0 days 02:10:37.811000,11671.277664711111,250.7222200888889,6,99.16666026666667,False,0,4128.613290376606,0.7186034791057402
2024-09-01 14:18:21.755,OnTrack,1778.9260660627515,4103.92777824773,1896.967518132515,car,0 days 00:01:02.679000,0 days 02:10:37.836000,11686.0,251.0,6,100.0,False,0,4130.365833333332,0.7189085169907176
2024-09-01 14:18:21.995,OnTrack,1741.5915758973906,3867.054117249366,1896.1049678234656,car,0 days 00:01:02.919000,0 days 02:10:38.076000,11796.0,254.0,6,100.0,False,0,4147.299166666666,0.7218558388613694
2024-09-01 14:18:22.030,OnTrack,1738.0,3841.0,1896.0,pos,0 days 00:01:02.954000,0 days 02:10:38.111000,11754.6561744,255.3125024,6,100.0,False,0,4149.808145076164,0.7222925376963678
2024-09-01 14:18:22.155,OnTrack,1730.4270236863495,3777.7484039999827,1895.7606561195012,car,0 days 00:01:03.079000,0 days 02:10:38.236000,11607.0,260.0,6,100.0,False,0,4158.854722222221,0.7238671346261186
2024-09-01 14:18:22.370,OnTrack,1722.0,3666.0,1895.0,pos,0 days 00:01:03.294000,0 days 02:10:38.451000,10844.646514133334,263.58333013333333,6,100.0,False,0,4174.611042160626,0.7266095920880545
2024-09-01 14:18:22.395,OnTrack,1719.683113306645,3639.631304683925,1894.783786750979,car,0 days 00:01:03.319000,0 days 02:10:38.476000,10756.0,264.0,6,100.0,False,0,4176.454722222222,0.7269304927908906
2024-09-01 14:18:22.570,OnTrack,1699.0,3414.0,1893.0,pos,0 days 00:01:03.494000,0 days 02:10:38.651000,10814.333287907117,266.6119382644978,6,100.0,False,0,4189.423012039987,0.7291876812281849
2024-09-01 14:18:22.596,OnTrack,1696.4273788616545,3386.5976567154858,1892.8438526646944,car,0 days 00:01:03.520000,0 days 02:10:38.677000,10823.0,267.0,7,100.0,False,0,4191.362222222221,0.7295252093727846
2024-09-01 14:18:22.836,OnTrack,1682.037825472069,3241.794716375325,1893.0932080980435,car,0 days 00:01:03.760000,0 days 02:10:38.917000,10969.0,271.0,7,100.0,False,0,4209.428888888888,0.7326697929434407
2024-09-01 14:18:22.989,OnTrack,1672.0,3142.0,1893.0,pos,0 days 00:01:03.913000,0 days 02:10:39.070000,11066.5374592,273.8687488,7,100.0,False,0,4221.0735394157855,0.7346965960836388
2024-09-01 14:18:22.996,OnTrack,1671.416116860823,3136.0687116700733,1892.9703533068778,car,0 days 00:01:03.920000,0 days 02:10:39.077000,11071.0,274.0,7,100.0,False,0,4221.606666666666,0.7347893892493688
2024-09-01 14:18:23.156,OnTrack,1655.4215723776965,2971.2023257056712,1891.7351252760789,car,0 days 00:01:04.080000,0 days 02:10:39.237000,11092.0,275.0,7,100.0,False,0,4233.828888888888,0.7369167213082382
2024-09-01 14:18:23.249,OnTrack,1647.0,2882.0,1891.0,pos,0 days 00:01:04.173000,0 days 02:10:39.330000,11154.1937072,278.4874976,7,100.0,False,0,4241.067320434854,0.7381766024659926
2024-09-01 14:18:23.316,OnTrack,1642.2814861357026,2830.3560667734473,1890.6029000029498,car,0 days 00:01:04.240000,0 days 02:10:39.397000,11199.0,281.0,7,100.0,False,0,4246.317777777777,0.7390904678847556
2024-09-01 14:18:23.596,OnTrack,1629.6472771532033,2679.201963395344,1889.5726290387752,car,0 days 00:01:04.520000,0 days 02:10:39.677000,11377.0,283.0,7,100.0,False,0,4268.328888888888,0.7429215995289559
2024-09-01 14:18:23.669,OnTrack,1624.0,2616.0,1889.0,pos,0 days 00:01:04.593000,0 days 02:10:39.750000,11426.7312064,283.9124992,7,100.0,False,0,4274.091953957881,0.7439246865990247
2024-09-01 14:18:23.756,OnTrack,1615.209982944803,2520.1962057725705,1888.0655979405972,car,0 days 00:01:04.680000,0 days 02:10:39.837000,11486.0,285.0,7,100.0,False,0,4280.995555555554,0.7451262891172385
2024-09-01 14:18:23.849,OnTrack,1605.0,2410.0,1887.0,pos,0 days 00:01:04.773000,0 days 02:10:39.930000,11526.45497216,287.3249984,7,100.0,False,0,4288.4471364289675,0.7464232698620697
2024-09-01 14:18:23.956,OnTrack,1594.4785071153196,2296.210001456103,1886.0104835446655,car,0 days 00:01:04.880000,0 days 02:10:40.037000,11573.0,290.0,7,100.0,False,0,4297.106666666666,0.7479304995584756
2024-09-01 14:18:24.829,OnTrack,1538.0,1680.0,1883.0,pos,0 days 00:01:05.753000,0 days 02:10:40.910000,10631.548932654545,300.9124992,7,100.0,False,0,4370.096913712469,0.7606347762196393
2024-09-01 14:18:24.836,OnTrack,1537.4913102212581,1674.4842630039602,1882.9526091333923,car,0 days 00:01:05.760000,0 days 02:10:40.917000,10624.0,301.0,8,100.0,False,0,4370.684444444443,0.7607370385528692
2024-09-01 14:18:25.036,OnTrack,1522.1161563731832,1508.244841658748,1881.381143412169,car,0 days 00:01:05.960000,0 days 02:10:41.117000,10733.0,302.0,8,100.0,False,0,4387.4622222222215,0.7636572852882264
2024-09-01 14:18:25.089,OnTrack,1518.0,1464.0,1881.0,pos,0 days 00:01:06.013000,0 days 02:10:41.170000,10752.5437264,302.3312496,8,100.0,False,0,4391.922644638168,0.7644336416192618
2024-09-01 14:18:25.270,OnTrack,1504.0,1314.0,1880.0,pos,0 days 00:01:06.194000,0 days 02:10:41.351000,10819.2875472,303.4625008,8,100.0,False,0,4407.211522159626,0.7670947386525319
2024-09-01 14:18:25.356,OnTrack,1497.0187173661557,1238.4798465468486,1879.7083270455082,car,0 days 00:01:06.280000,0 days 02:10:41.437000,10851.0,304.0,8,100.0,False,0,4414.484444444443,0.7683606230765629
2024-09-01 14:18:25.596,OnTrack,1477.0973921623065,1021.8206091292293,1879.0686634800816,car,0 days 00:01:06.520000,0 days 02:10:41.677000,10909.0,305.0,8,100.0,False,0,4434.817777777777,0.7718997300472277
2024-09-01 14:18:25.610,OnTrack,1476.0,1010.0,1879.0,pos,0 days 00:01:06.534000,0 days 02:10:41.691000,10912.1499712,305.15555413333334,8,100.0,False,0,4436.010586459702,0.7721073436957949
2024-09-01 14:18:25.910,OnTrack,1454.0,773.0,1877.0,pos,0 days 00:01:06.834000,0 days 02:10:41.991000,10979.6500288,308.4888903111111,8,100.0,False,0,4461.7591151569595,0.776588989469409
2024-09-01 14:18:25.956,OnTrack,1450.6324414466085,735.1126646055815,1876.801158227998,car,0 days 00:01:06.880000,0 days 02:10:42.037000,10990.0,309.0,8,100.0,False,0,4465.717777777777,0.7772780122796964
2024-09-01 14:18:26.196,OnTrack,1432.174144679342,528.0649485849534,1876.0779416940386,car,0 days 00:01:07.120000,0 days 02:10:42.277000,11075.0,310.0,8,100.0,False,0,4486.384444444443,0.780875137397421
2024-09-01 14:18:26.210,OnTrack,1431.0,516.0,1876.0,pos,0 days 00:01:07.134000,0 days 02:10:42.291000,11077.5374768,310.0874992,8,100.0,False,0,4487.592259432792,0.7810853629602671
2024-09-01 14:18:26.350,OnTrack,1419.0,396.0,1875.0,pos,0 days 00:01:07.274000,0 days 02:10:42.431000,11102.9125232,310.9625008,8,100.0,False,0,4499.687675630072,0.7831906238673269
2024-09-01 14:18:26.356,OnTrack,1418.5164093752915,390.84600795866965,1874.9574634571825,car,0 days 00:01:07.280000,0 days 02:10:42.437000,11104.0,311.0,8,100.0,False,0,4500.206666666665,0.7832809565621787
2024-09-01 14:18:26.510,OnTrack,1407.0,258.0,1874.0,pos,0 days 00:01:07.434000,0 days 02:10:42.591000,11122.2875152,311.9625008,8,100.0,False,0,4513.551813692281,0.7856037386701902
2024-09-01 14:18:26.516,OnTrack,1406.5483050472449,252.8209362516077,1873.9685459775449,car,0 days 00:01:07.440000,0 days 02:10:42.597000,11123.0,312.0,8,100.0,False,0,4514.073333333333,0.7856945114798779
2024-09-01 14:18:26.750,OnTrack,1388.0,50.0,1873.0,pos,0 days 00:01:07.674000,0 days 02:10:42.831000,11221.718804,314.1937512,8,100.0,False,0,4534.520221622662,0.7892533831949515
2024-09-01 14:18:26.836,OnTrack,1380.9403293940263,-26.14421809690002,1872.6622453800371,car,0 days 00:01:07.760000,0 days 02:10:42.917000,11258.0,315.0,8,100.0,False,0,4542.073333333332,0.790568035832924
2024-09-01 14:18:27.010,OnTrack,1367.0,-176.0,1872.0,pos,0 days 00:01:07.934000,0 days 02:10:43.091000,11276.751862896945,316.308269504438,8,100.0,False,0,4557.404347698107,0.7932364669709109
2024-09-01 14:18:27.230,OnTrack,1349.0,-369.0,1871.0,pos,0 days 00:01:08.154000,0 days 02:10:43.311000,11300.46115986588,317.96240650227065,8,100.0,False,0,4576.874833349453,0.7966253914704635
2024-09-01 14:18:27.235,OnTrack,1348.4165341217367,-375.38813948679314,1870.9556358363839,car,0 days 00:01:08.159000,0 days 02:10:43.316000,11301.0,318.0,8,100.0,False,0,4577.318333333332,0.7967025846123209
2024-09-01 14:18:27.410,OnTrack,1325.0,-634.0,1869.0,pos,0 days 00:01:08.334000,0 days 02:10:43.491000,11337.6405848,319.0937488,8,100.0,False,0,4592.868515759375,0.7994091629247365
2024-09-01 14:18:27.555,OnTrack,1314.49429992437,-748.954691075892,1868.2661752396648,car,0 days 00:01:08.479000,0 days 02:10:43.636000,11368.0,320.0,8,100.0,False,0,4605.762777777777,0.8016534664947808
2024-09-01 14:18:27.715,OnTrack,1308.8469475478555,-808.4178298524942,1868.0913345506922,car,0 days 00:01:08.639000,0 days 02:10:43.796000,11394.0,320.0,8,100.0,False,0,4619.984999999999,0.8041289074360105
2024-09-01 14:18:27.750,OnTrack,1307.0,-828.0,1868.0,pos,0 days 00:01:08.674000,0 days 02:10:43.831000,11398.2777856,320.1944448,8,100.0,False,0,4623.103328149513,0.8046716662994907
2024-09-01 14:18:27.990,OnTrack,1288.0,-1031.0,1867.0,pos,0 days 00:01:08.914000,0 days 02:10:44.071000,11427.611118933333,321.52777813333336,8,100.0,False,0,4644.568620863993,0.8084077958276794
2024-09-01 14:18:28.075,OnTrack,1278.6648736748023,-1131.699628023624,1866.701350592436,car,0 days 00:01:08.999000,0 days 02:10:44.156000,11438.0,322.0,8,100.0,False,0,4652.184999999999,0.8097334604420137
2024-09-01 14:18:28.290,OnTrack,1255.0,-1388.0,1866.0,pos,0 days 00:01:09.214000,0 days 02:10:44.371000,11464.33747648,322.53749952,8,100.0,False,0,4671.461268160573,0.8130885805247425
2024-09-01 14:18:28.475,OnTrack,1246.1943087035772,-1483.1823618389585,1865.0052581513828,car,0 days 00:01:09.399000,0 days 02:10:44.556000,11487.0,323.0,8,100.0,False,0,4688.073888888886,0.815980080942148
2024-09-01 14:18:28.610,OnTrack,1237.0,-1585.0,1864.0,pos,0 days 00:01:09.534000,0 days 02:10:44.691000,11494.23213257143,323.48214217142856,8,100.0,False,0,4700.218449941902,0.8180938957296098
2024-09-01 14:18:28.755,OnTrack,1217.7096910706732,-1800.153006702964,1862.6550148127192,car,0 days 00:01:09.679000,0 days 02:10:44.836000,11502.0,324.0,8,100.0,False,0,4713.273888888886,0.8203662528598896
2024-09-01 14:18:28.830,OnTrack,1208.0,-1908.0,1862.0,pos,0 days 00:01:09.754000,0 days 02:10:44.911000,11507.000004266667,324.0,8,100.0,False,0,4720.0272226685065,0.821541700597005
2024-09-01 14:18:28.995,OnTrack,1193.5938223687517,-2065.427213652286,1860.8854508054314,car,0 days 00:01:09.919000,0 days 02:10:45.076000,11518.0,324.0,8,100.0,False,0,4734.873888888887,0.8241258287893827
2024-09-01 14:18:29.236,OnTrack,1183.558275678348,-2169.6754717082254,1860.0628822090875,car,0 days 00:01:10.160000,0 days 02:10:45.317000,11528.0,323.0,8,100.0,False,0,4756.496944444443,0.8278894176407139
2024-09-01 14:18:29.329,OnTrack,1178.0,-2230.0,1860.0,pos,0 days 00:01:10.253000,0 days 02:10:45.410000,11507.739299657143,323.0,8,100.0,False,0,4764.839598226585,0.8293414935827246
2024-09-01 14:18:29.489,OnTrack,1165.0,-2373.0,1860.0,pos,0 days 00:01:10.413000,0 days 02:10:45.570000,11472.8821568,323.0,8,100.0,False,0,4779.196253006786,0.8318403331077099
2024-09-01 14:18:29.516,OnTrack,1162.2116578426558,-2403.2778361181227,1859.902846382009,car,0 days 00:01:10.440000,0 days 02:10:45.597000,11467.0,323.0,8,100.0,False,0,4781.6191666666655,0.8322620519908082
2024-09-01 14:18:29.716,OnTrack,1138.2987633540092,-2659.7008316122096,1858.2788362960127,car,0 days 00:01:10.640000,0 days 02:10:45.797000,11493.0,323.0,8,100.0,False,0,4799.563611111109,0.8353853622408752
2024-09-01 14:18:29.749,OnTrack,1135.0,-2695.0,1858.0,pos,0 days 00:01:10.673000,0 days 02:10:45.830000,11488.5656336,322.8968752,8,100.0,False,0,4802.521857348818,0.8359002581366533
2024-09-01 14:18:30.036,OnTrack,1118.014449936795,-2879.1572028979767,1856.192878202117,car,0 days 00:01:10.960000,0 days 02:10:46.117000,11450.0,322.0,8,100.0,False,0,4828.185833333332,0.8403671871351005
2024-09-01 14:18:30.149,OnTrack,1111.0,-2962.0,1856.0,pos,0 days 00:01:11.073000,0 days 02:10:46.230000,11413.84002048,320.87000064,8,100.0,False,0,4838.235055322995,0.8421162988528073
2024-09-01 14:18:30.189,OnTrack,1108.0,-2998.0,1856.0,pos,0 days 00:01:11.113000,0 days 02:10:46.270000,11401.04002048,320.47000064,8,100.0,False,0,4841.788021209714,0.8427347083447526
2024-09-01 14:18:30.236,OnTrack,1104.3958404415619,-3039.7981329669274,1855.8803027169913,car,0 days 00:01:11.160000,0 days 02:10:46.317000,11386.0,320.0,8,100.0,False,0,4845.96361111111,0.8434614883116378
2024-09-01 14:18:30.396,OnTrack,1091.5904217589136,-3176.5337132753234,1854.5429018589593,car,0 days 00:01:11.320000,0 days 02:10:46.477000,11366.0,320.0,8,100.0,False,0,4860.185833333332,0.8459369292528676
2024-09-01 14:18:30.469,OnTrack,1085.0,-3246.0,1854.0,pos,0 days 00:01:11.393000,0 days 02:10:46.550000,11354.59376,320.0,8,100.0,False,0,4866.679544475036,0.8470671885168226
2024-09-01 14:18:30.716,OnTrack,1059.957044024283,-3514.076630811626,1853.1299166999097,car,0 days 00:01:11.640000,0 days 02:10:46.797000,11316.0,320.0,8,100.0,False,0,4888.6302777777755,0.8508878111353271
2024-09-01 14:18:30.749,OnTrack,1057.0,-3546.0,1853.0,pos,0 days 00:01:11.673000,0 days 02:10:46.830000,11312.53500672,319.67000064,8,100.0,False,0,4891.551313811891,0.8513962304299124
2024-09-01 14:18:30.916,OnTrack,1044.7121054590693,-3679.5885962602424,1852.066113502066,car,0 days 00:01:11.840000,0 days 02:10:46.997000,11295.0,318.0,8,100.0,False,0,4906.2969444444425,0.8539627729295111
2024-09-01 14:18:31.149,OnTrack,1029.0,-3845.0,1851.0,pos,0 days 00:01:12.073000,0 days 02:10:47.230000,11272.532149028571,317.16785737142857,8,100.0,False,0,4926.826821194741,0.8575360891547831
2024-09-01 14:18:31.196,OnTrack,1024.9356698924137,-3885.7757529383384,1851.0007098080005,car,0 days 00:01:12.120000,0 days 02:10:47.277000,11268.0,317.0,8,100.0,False,0,4930.9524999999985,0.8582541818737213
2024-09-01 14:18:31.229,OnTrack,1022.0,-3915.0,1851.0,pos,0 days 00:01:12.153000,0 days 02:10:47.310000,11261.537512533334,316.72500053333334,8,100.0,False,0,4933.845083995068,0.85875764896455
2024-09-01 14:18:31.436,OnTrack,1003.4824520459986,-4096.219887739165,1850.381910626797,car,0 days 00:01:12.360000,0 days 02:10:47.517000,11221.0,315.0,8,100.0,False,0,4951.952499999999,0.8619093251385062
2024-09-01 14:18:31.529,OnTrack,995.0,-4177.0,1850.0,pos,0 days 00:01:12.453000,0 days 02:10:47.610000,11208.2125088,315.0,8,100.0,False,0,4960.113948586514,0.8633298615114531
2024-09-01 14:18:31.676,OnTrack,981.2846797534955,-4304.336072565341,1849.449810265344,car,0 days 00:01:12.600000,0 days 02:10:47.757000,11188.0,315.0,8,100.0,False,0,4972.952499999999,0.8655644684032908
2024-09-01 14:18:31.770,OnTrack,972.0,-4386.0,1849.0,pos,0 days 00:01:12.694000,0 days 02:10:47.851000,11081.78014464,311.4750048,8,100.0,False,0,4981.0260279377335,0.8669697017968461
2024-09-01 14:18:31.950,OnTrack,953.0,-4541.0,1848.0,pos,0 days 00:01:12.874000,0 days 02:10:48.031000,10878.37985536,304.7249952,8,100.0,False,0,4996.145394809759,0.8696012947487551
2024-09-01 14:18:32.076,OnTrack,939.7923845366739,-4640.8828572629445,1848.0765901601048,car,0 days 00:01:13,0 days 02:10:48.157000,10736.0,300.0,8,100.0,True,0,5006.285833333332,0.8713662831092982
2024-09-01 14:18:32.150,OnTrack,929.0,-4709.0,1848.0,pos,0 days 00:01:13.074000,0 days 02:10:48.231000,10336.8618096,288.8999808,8,53.749919999999996,True,0,5012.051048112395,0.8723697443459518
2024-09-01 14:18:32.236,OnTrack,911.6338749872598,-4805.438147456734,1847.4858869714617,car,0 days 00:01:13.160000,0 days 02:10:48.317000,9873.0,276.0,8,0.0,True,0,5018.5525,0.873501350921109
2024-09-01 14:18:32.390,OnTrack,875.0,-4986.0,1846.0,pos,0 days 00:01:13.314000,0 days 02:10:48.471000,9363.25957632,260.5999872,8,0.0,True,0,5029.603518490544,0.875424829768953
2024-09-01 14:18:32.436,OnTrack,865.3951308412131,-5027.79032977269,1845.6264867344967,car,0 days 00:01:13.360000,0 days 02:10:48.517000,9211.0,256.0,8,0.0,True,0,5032.774722222222,0.8759767918623389
2024-09-01 14:18:32.730,OnTrack,817.0,-5188.0,1844.0,pos,0 days 00:01:13.654000,0 days 02:10:48.811000,10082.382953955555,236.40000853333333,8,0.0,True,0,5051.85364844445,0.8792975637042675
2024-09-01 14:18:32.796,OnTrack,807.6082298718361,-5214.879313343164,1843.7443057478374,car,0 days 00:01:13.720000,0 days 02:10:48.877000,10278.0,232.0,8,0.0,True,0,5055.974722222222,0.88001485489772
2024-09-01 14:18:32.996,OnTrack,780.5310700207855,-5287.049358459431,1843.1775116181454,car,0 days 00:01:13.920000,0 days 02:10:49.077000,9851.0,220.0,6,0.0,True,0,5068.196944444444,0.8821421869565893
2024-09-01 14:18:33.150,OnTrack,750.0,-5352.0,1843.0,pos,0 days 00:01:14.074000,0 days 02:10:49.231000,10009.62013184,210.75999232,6,0.0,True,0,5077.155179162433,0.8837014074943903
2024-09-01 14:18:33.196,OnTrack,738.4002067551619,-5374.4242150689915,1842.994159626403,car,0 days 00:01:14.120000,0 days 02:10:49.277000,10057.0,208.0,6,0.0,True,0,5079.7525,0.8841534827213386
2024-09-01 14:18:33.250,OnTrack,724.0,-5401.0,1843.0,pos,0 days 00:01:14.174000,0 days 02:10:49.331000,10050.11501632,205.84000512,6,0.13499968,True,0,5082.756803291297,0.8846763950518413
2024-09-01 14:18:33.570,OnTrack,625.0,-5538.0,1843.0,pos,0 days 00:01:14.494000,0 days 02:10:49.651000,10009.31501632,193.04000512,6,0.93499968,True,0,5099.739536840198,0.8876323152494078
2024-09-01 14:18:33.596,OnTrack,613.2831489934222,-5550.127896126728,1843.0108103547468,car,0 days 00:01:14.520000,0 days 02:10:49.677000,10006.0,192.0,5,1.0,True,0,5101.0858333333335,0.8878666441331835
2024-09-01 14:18:33.810,OnTrack,505.0,-5649.0,1843.0,pos,0 days 00:01:14.734000,0 days 02:10:49.891000,9714.18205127382,185.96238726773421,5,1.0,True,0,5112.029702223632,0.8897714731172339
2024-09-01 14:18:33.915,OnTrack,465.319872600817,-5679.480937617397,1842.6639604159982,car,0 days 00:01:14.839000,0 days 02:10:49.996000,9571.0,183.0,5,1.0,True,0,5117.301666666667,0.8906890819422885
2024-09-01 14:18:34.115,OnTrack,407.47824796041255,-5710.468501455827,1841.9029690299947,car,0 days 00:01:15.039000,0 days 02:10:50.196000,9365.0,178.0,5,21.0,False,0,5127.190555555556,0.8924102869717373
2024-09-01 14:18:34.170,OnTrack,387.0,-5720.0,1842.0,pos,0 days 00:01:15.094000,0 days 02:10:50.251000,9471.562128,178.22916586666668,5,32.6874592,False,0,5129.906125377021,0.8928829439594984
2024-09-01 14:18:34.350,OnTrack,305.0,-5755.0,1843.0,pos,0 days 00:01:15.274000,0 days 02:10:50.431000,9820.312624,178.97916693333335,5,70.9375136,False,0,5138.870826715303,0.8944432900412806
2024-09-01 14:18:34.355,OnTrack,302.61099436892084,-5755.8592933799355,1843.0157951268154,car,0 days 00:01:15.279000,0 days 02:10:50.436000,9830.0,179.0,5,72.0,False,0,5139.123888888889,0.8944873366364879
2024-09-01 14:18:34.530,OnTrack,219.0,-5780.0,1843.0,pos,0 days 00:01:15.454000,0 days 02:10:50.611000,10043.281016,183.3749952,5,76.3749952,False,0,5148.136334970931,0.8960559929029647
2024-09-01 14:18:34.675,OnTrack,151.90353983307816,-5794.015527802059,1842.9709568618985,car,0 days 00:01:15.599000,0 days 02:10:50.756000,10220.0,187.0,5,80.0,False,0,5155.7461111111115,0.8973805082365504
2024-09-01 14:18:34.810,OnTrack,75.0,-5800.0,1843.0,pos,0 days 00:01:15.734000,0 days 02:10:50.891000,10353.3123104,190.3749952,5,83.3749952,False,0,5162.896308939626,0.8986250319239204
2024-09-01 14:18:34.835,OnTrack,57.59099870396934,-5800.097724466047,1843.0042320697667,car,0 days 00:01:15.759000,0 days 02:10:50.916000,10378.0,191.0,5,84.0,False,0,5164.235000000001,0.898858037048347
2024-09-01 14:18:35.050,OnTrack,-107.0,-5791.0,1843.0,pos,0 days 00:01:15.974000,0 days 02:10:51.131000,10711.2497024,195.29999616,5,92.59999232,False,0,5175.982077903079,0.9009026681282678
2024-09-01 14:18:35.235,OnTrack,-187.7403015474982,-5778.7198864393495,1842.8566146953244,car,0 days 00:01:16.159000,0 days 02:10:51.316000,10998.0,199.0,5,100.0,False,0,5186.346111111112,0.9027065741366652
2024-09-01 14:18:35.410,OnTrack,-251.0,-5759.0,1843.0,pos,0 days 00:01:16.334000,0 days 02:10:51.491000,11260.499712,204.10416106666668,5,100.0,False,0,5196.314812281797,0.9044416708482214
2024-09-01 14:18:35.475,OnTrack,-283.1380281894601,-5748.322439821878,1843.2185582302473,car,0 days 00:01:16.399000,0 days 02:10:51.556000,11358.0,206.0,5,100.0,False,0,5200.079444444445,0.9050969217955401
2024-09-01 14:18:35.630,OnTrack,-372.0,-5716.0,1844.0,pos,0 days 00:01:16.554000,0 days 02:10:51.711000,11551.629402044491,210.34579705336765,5,100.0,False,0,5209.218040691144,0.9066875350584311
2024-09-01 14:18:35.796,OnTrack,-469.0938408486019,-5671.468982173019,1844.8928095700242,car,0 days 00:01:16.720000,0 days 02:10:51.877000,11759.0,215.0,5,100.0,False,0,5219.250277777779,0.9084336904783329
2024-09-01 14:18:35.829,OnTrack,-489.0,-5661.0,1845.0,pos,0 days 00:01:16.753000,0 days 02:10:51.910000,11795.182072685715,216.06071222857142,5,100.0,False,0,5221.273905298968,0.9087859118356904
2024-09-01 14:18:36.069,OnTrack,-635.0,-5571.0,1845.0,pos,0 days 00:01:16.993000,0 days 02:10:52.150000,12058.324929828572,223.77499794285714,5,100.0,False,0,5236.232499201331,0.9113895215382081
2024-09-01 14:18:36.076,OnTrack,-638.8202280635859,-5568.281875895386,1844.9978047583768,car,0 days 00:01:17,0 days 02:10:52.157000,12066.0,224.0,5,100.0,False,0,5236.672500000001,0.9114661056313393
2024-09-01 14:18:36.229,OnTrack,-715.0,-5509.0,1845.0,pos,0 days 00:01:17.153000,0 days 02:10:52.310000,11209.2003584,227.05999872,5,100.0,False,0,5246.336761104552,0.9131482131973119
2024-09-01 14:18:36.276,OnTrack,-737.1636334584333,-5490.590121955368,1844.9897894251674,car,0 days 00:01:17.200000,0 days 02:10:52.357000,10946.0,228.0,5,100.0,False,0,5249.339166666668,0.9136707952196221
2024-09-01 14:18:36.349,OnTrack,-773.0,-5459.0,1845.0,pos,0 days 00:01:17.273000,0 days 02:10:52.430000,10879.3875584,230.281248,5,100.0,False,0,5254.042279884164,0.9144893929625008
2024-09-01 14:18:36.436,OnTrack,-822.6490426856718,-5410.504787373337,1845.1533107659723,car,0 days 00:01:17.360000,0 days 02:10:52.517000,10800.0,233.0,6,100.0,False,0,5259.694722222223,0.9154732256549553
2024-09-01 14:18:36.596,OnTrack,-926.775257876499,-5297.862280010379,1845.744543306053,car,0 days 00:01:17.520000,0 days 02:10:52.677000,10992.0,236.0,6,100.0,False,0,5270.183611111112,0.9172988633491123
2024-09-01 14:18:36.669,OnTrack,-969.0,-5248.0,1846.0,pos,0 days 00:01:17.593000,0 days 02:10:52.750000,11059.5249408,237.56428434285715,6,100.0,False,0,5275.030630334363,0.9181425085714049
2024-09-01 14:18:36.876,OnTrack,-1062.8275082484995,-5120.3350314861,1846.567788230609,car,0 days 00:01:17.800000,0 days 02:10:52.957000,11251.0,242.0,6,100.0,False,0,5289.0058333333345,0.920574954719771
2024-09-01 14:18:37.129,OnTrack,-1142.0,-4986.0,1847.0,pos,0 days 00:01:18.053000,0 days 02:10:53.210000,11413.149958981818,247.1749986909091,6,100.0,False,0,5306.5561181917055,0.9236296597433485
2024-09-01 14:18:37.316,OnTrack,-1189.3029505932068,-4897.1221800616895,1847.1787006678064,car,0 days 00:01:18.240000,0 days 02:10:53.397000,11533.0,251.0,6,100.0,False,0,5319.683611111112,0.9259145581875332
2024-09-01 14:18:37.556,OnTrack,-1243.9047219030833,-4778.347499592873,1847.9144112253764,car,0 days 00:01:18.480000,0 days 02:10:53.637000,11804.0,254.0,6,100.0,False,0,5336.616944444446,0.928861880058185
2024-09-01 14:18:37.569,OnTrack,-1247.0,-4771.0,1848.0,pos,0 days 00:01:18.493000,0 days 02:10:53.650000,11747.12528,254.406248,6,100.0,False,0,5337.545976384712,0.9290235821933867
2024-09-01 14:18:37.716,OnTrack,-1282.9659532049566,-4681.45879449207,1849.27923470717,car,0 days 00:01:18.640000,0 days 02:10:53.797000,11104.0,259.0,6,100.0,False,0,5348.128055555557,0.9308654400699929
2024-09-01 14:18:37.809,OnTrack,-1305.0,-4623.0,1850.0,pos,0 days 00:01:18.733000,0 days 02:10:53.890000,10807.79520384,259.46499968,6,100.0,False,0,5354.827834011729,0.9320315662652132
2024-09-01 14:18:37.916,OnTrack,-1328.5192804204403,-4557.017906030913,1850.47637633501,car,0 days 00:01:18.840000,0 days 02:10:53.997000,10467.0,260.0,6,100.0,False,0,5362.572500000001,0.9333795597759295
2024-09-01 14:18:38.069,OnTrack,-1363.0,-4442.0,1851.0,pos,0 days 00:01:18.993000,0 days 02:10:54.150000,10613.87993856,262.67749888,6,100.0,False,0,5373.809817211501,0.9353354647435419
2024-09-01 14:18:38.316,OnTrack,-1428.1754995680956,-4162.799502442037,1852.7856442382154,car,0 days 00:01:19.240000,0 days 02:10:54.397000,10851.0,267.0,7,100.0,False,0,5392.239166666668,0.9385431748642761
2024-09-01 14:18:38.370,OnTrack,-1437.0,-4122.0,1853.0,pos,0 days 00:01:19.294000,0 days 02:10:54.451000,10877.72993664,268.07999744,7,100.0,False,0,5396.288514758924,0.9392479818836179
2024-09-01 14:18:38.516,OnTrack,-1445.2713894345932,-4077.8775397465256,1852.9841579489496,car,0 days 00:01:19.440000,0 days 02:10:54.597000,10950.0,271.0,7,100.0,False,0,5407.294722222224,0.9411636611731561
2024-09-01 14:18:38.610,OnTrack,-1449.0,-4048.0,1853.0,pos,0 days 00:01:19.534000,0 days 02:10:54.691000,11022.8499008,273.3499968,7,100.0,False,0,5414.457835301514,0.9424104328172828
2024-09-01 14:18:38.676,OnTrack,-1454.4215083404097,-4008.4513265854785,1853.1885358317832,car,0 days 00:01:19.600000,0 days 02:10:54.757000,11074.0,275.0,7,100.0,False,0,5419.5169444444455,0.9432909932320255
2024-09-01 14:18:38.830,OnTrack,-1471.0,-3881.0,1854.0,pos,0 days 00:01:19.754000,0 days 02:10:54.911000,11166.4000768,276.9250016,7,100.0,False,0,5431.397710154741,0.945358893268524
2024-09-01 14:18:38.996,OnTrack,-1482.2373068770964,-3752.4235906102194,1854.923947167219,car,0 days 00:01:19.920000,0 days 02:10:55.077000,11266.0,279.0,7,100.0,False,0,5444.316944444445,0.9476075433732948
2024-09-01 14:18:39.010,OnTrack,-1483.0,-3742.0,1855.0,pos,0 days 00:01:19.934000,0 days 02:10:55.091000,11273.8165952,279.19444266666665,7,100.0,False,0,5445.411513349362,0.9477980579523735
2024-09-01 14:18:39.210,OnTrack,-1492.0,-3586.0,1856.0,pos,0 days 00:01:20.134000,0 days 02:10:55.291000,11385.483261866666,281.9722204444444,7,100.0,False,0,5461.133559238165,0.9505345498637588
2024-09-01 14:18:39.356,OnTrack,-1496.2590368318915,-3423.6669708319696,1856.5164131718097,car,0 days 00:01:20.280000,0 days 02:10:55.437000,11467.0,284.0,7,100.0,False,0,5472.716944444444,0.9525506895028131
2024-09-01 14:18:39.530,OnTrack,-1499.0,-3236.0,1857.0,pos,0 days 00:01:20.454000,0 days 02:10:55.611000,11553.12993664,287.47999744,7,100.0,False,0,5486.633075249199,0.9549728538734255
2024-09-01 14:18:39.556,OnTrack,-1499.2166169096922,-3216.0430805929554,1857.07429279886,car,0 days 00:01:20.480000,0 days 02:10:55.637000,11566.0,288.0,7,100.0,False,0,5488.716944444444,0.9553355605616967
2024-09-01 14:18:39.716,OnTrack,-1499.4685188118028,-3138.2938478466403,1857.545191031147,car,0 days 00:01:20.640000,0 days 02:10:55.797000,11587.0,289.0,7,100.0,False,0,5501.561388888888,0.9575711931617448
2024-09-01 14:18:39.850,OnTrack,-1499.0,-3075.0,1858.0,pos,0 days 00:01:20.774000,0 days 02:10:55.931000,11461.71011968,290.33999872,7,100.0,False,0,5512.390991497816,0.9594561335920455
2024-09-01 14:18:40.116,OnTrack,-1497.3422265146937,-2862.4188446863404,1859.2266573616953,car,0 days 00:01:21.040000,0 days 02:10:56.197000,11213.0,293.0,7,100.0,False,0,5534.116944444444,0.9632376321912787
2024-09-01 14:18:40.210,OnTrack,-1496.0,-2782.0,1860.0,pos,0 days 00:01:21.134000,0 days 02:10:56.291000,10777.0755936,295.3499968,7,100.0,False,0,5541.870083289013,0.9645871004402627
2024-09-01 14:18:40.276,OnTrack,-1494.7313708875477,-2727.7934622075213,1860.68153758724,car,0 days 00:01:21.200000,0 days 02:10:56.357000,10471.0,297.0,7,100.0,False,0,5547.316944444444,0.9655351508148576
2024-09-01 14:18:40.310,OnTrack,-1494.0,-2700.0,1861.0,pos,0 days 00:01:21.234000,0 days 02:10:56.391000,10496.793195376913,297.0,7,100.0,False,0,5550.118979265285,0.9660228574197666
2024-09-01 14:18:40.550,OnTrack,-1488.0,-2502.0,1862.0,pos,0 days 00:01:21.474000,0 days 02:10:56.631000,10678.86212436622,297.0,7,100.0,False,0,5569.89050873513,0.9694641799329189
2024-09-01 14:18:40.595,OnTrack,-1486.8814964781204,-2466.027521942744,1862.112366627648,car,0 days 00:01:21.519000,0 days 02:10:56.676000,10713.0,297.0,8,100.0,False,0,5573.634444444444,0.9701158285706181
2024-09-01 14:18:40.755,OnTrack,-1482.780704977423,-2338.412186810206,1862.5578062359232,car,0 days 00:01:21.679000,0 days 02:10:56.836000,10792.0,302.0,8,100.0,False,0,5587.0566666666655,0.9724520259589037
2024-09-01 14:18:40.830,OnTrack,-1480.0,-2268.0,1863.0,pos,0 days 00:01:21.754000,0 days 02:10:56.911000,10802.000008533334,302.4166670222222,8,100.0,False,0,5593.367288450472,0.9735504177069839
2024-09-01 14:18:41.050,OnTrack,-1469.0,-2032.0,1865.0,pos,0 days 00:01:21.974000,0 days 02:10:57.131000,10831.333307733334,303.6388878222222,8,100.0,False,0,5611.9335189039475,0.9767819525733867
2024-09-01 14:18:41.115,OnTrack,-1466.29390339583,-1977.2318138906483,1865.365144102061,car,0 days 00:01:22.039000,0 days 02:10:57.196000,10840.0,304.0,8,100.0,False,0,5617.456666666665,0.9777432809707823
2024-09-01 14:18:41.370,OnTrack,-1457.0,-1811.0,1866.0,pos,0 days 00:01:22.294000,0 days 02:10:57.451000,10961.1249088,307.541664,8,100.0,False,0,5639.308506887301,0.9815466908091446
2024-09-01 14:18:41.475,OnTrack,-1451.2614158832062,-1722.516081515957,1866.56634833922,car,0 days 00:01:22.399000,0 days 02:10:57.556000,11011.0,309.0,8,100.0,False,0,5648.356666666665,0.9831215632032512
2024-09-01 14:18:41.550,OnTrack,-1447.0,-1657.0,1867.0,pos,0 days 00:01:22.474000,0 days 02:10:57.631000,11026.0000128,309.75000064,8,100.0,False,0,5654.829971429059,0.984248270646259
2024-09-01 14:18:41.675,OnTrack,-1440.4746960698285,-1553.2350630333297,1867.6138885782298,car,0 days 00:01:22.599000,0 days 02:10:57.756000,11051.0,311.0,8,100.0,False,0,5665.634444444443,0.9861288371591984
2024-09-01 14:18:41.750,OnTrack,-1436.0,-1485.0,1868.0,pos,0 days 00:01:22.674000,0 days 02:10:57.831000,11074.839306057143,311.2678573714286,8,100.0,False,0,5672.123505181951,0.9872582869996499
2024-09-01 14:18:41.955,OnTrack,-1419.3308017021986,-1252.4518789076753,1869.3322103922821,car,0 days 00:01:22.879000,0 days 02:10:58.036000,11140.0,312.0,8,100.0,False,0,5689.9011111111095,0.9903525582651718
2024-09-01 14:18:42.110,OnTrack,-1408.0,-1101.0,1870.0,pos,0 days 00:01:23.034000,0 days 02:10:58.191000,11180.6875168,313.2916672,8,100.0,False,0,5703.410500860896,0.9927039275487567
2024-09-01 14:18:42.195,OnTrack,-1403.8819311540342,-1047.029525977945,1870.0645106453155,car,0 days 00:01:23.119000,0 days 02:10:58.276000,11203.0,314.0,8,100.0,False,0,5710.834444444442,0.9939960979005443
2024-09-01 14:18:42.370,OnTrack,-1397.0,-960.0,1870.0,pos,0 days 00:01:23.294000,0 days 02:10:58.451000,11245.348717631025,314.62277525927976,8,100.0,False,0,5726.138850149247,0.9966598976830896
2024-09-01 14:18:42.476,OnTrack,-1390.6905107251935,-880.8322655988175,1870.3240950358136,car,0 days 00:01:23.400000,0 days 02:10:58.557000,11271.0,315.0,8,100.0,False,0,5735.4219444444425,0.9982756614730631
2024-09-01 14:18:42.589,OnTrack,-1382.0,-772.0,1871.0,pos,0 days 00:01:23.513000,0 days 02:10:58.670000,11271.0,315.0,8,100.0,False,0,5745.328836306808,1.0
