Date,Status,X,Y,Z,Source,Time,SessionTime,RPM,Speed,nGear,Throttle,Brake,DRS,Distance,RelativeDistance
2024-09-01 13:08:04.141,OnTrack,,,,car,0 days 00:00:00,0 days 01:00:20.222000,11178.0,315.0,8,100.0,False,8,2.8000000000000003,0.0004891959283562856
2024-09-01 13:08:04.369,OnTrack,-1359.0,-497.0,1872.0,pos,0 days 00:00:00.228000,0 days 01:00:20.450000,11244.975,316.425,8,100.0,False,8,22.839403676671118,0.003990336887397532
2024-09-01 13:08:04.461,OnTrack,-1345.3021949660927,-343.6158606251742,1872.815269210379,car,0 days 00:00:00.320000,0 days 01:00:20.542000,11272.0,317.0,8,100.0,False,14,30.977777777777774,0.0054122152708623965
2024-09-01 13:08:04.649,OnTrack,-1326.0,-126.0,1874.0,pos,0 days 00:00:00.508000,0 days 01:00:20.730000,11319.5875,319.35,8,100.0,False,14,47.701628041092185,0.00833408650488154
2024-09-01 13:08:04.781,OnTrack,-1319.4197006966774,-50.095920198920375,1874.4456587389268,car,0 days 00:00:00.640000,0 days 01:00:20.862000,11353.0,321.0,8,100.0,False,12,59.51111111111112,0.010397354731255023
2024-09-01 13:08:04.969,OnTrack,-1312.0,33.0,1875.0,pos,0 days 00:00:00.828000,0 days 01:00:21.050000,11453.714285714286,323.01428571428573,8,100.0,False,12,76.41600186723431,0.01335085606239905
2024-09-01 13:08:05.061,OnTrack,-1304.71360141181,110.52760843471657,1875.5012205112723,car,0 days 00:00:00.920000,0 days 01:00:21.142000,11503.0,324.0,8,100.0,False,12,84.71111111111111,0.01480011808646159
2024-09-01 13:08:05.149,OnTrack,-1297.0,194.0,1876.0,pos,0 days 00:00:01.008000,0 days 01:00:21.230000,11519.866666666667,324.4888888888889,8,100.0,False,12,92.65394967405089,0.01618783390238353
2024-09-01 13:08:05.409,OnTrack,-1277.0,429.0,1877.0,pos,0 days 00:00:01.268000,0 days 01:00:21.490000,11569.7,325.93333333333334,8,100.0,False,12,116.21700402954257,0.02030460184893509
2024-09-01 13:08:05.421,OnTrack,-1276.0013569461223,440.8099981999243,1877.040949582174,car,0 days 00:00:01.280000,0 days 01:00:21.502000,11572.0,326.0,8,100.0,False,12,117.31111111111112,0.020495756395181204
2024-09-01 13:08:05.661,OnTrack,-1254.3734118636899,692.7613071964319,1877.8874383152145,car,0 days 00:00:01.520000,0 days 01:00:21.742000,11697.0,330.0,8,100.0,False,12,139.31111111111113,0.024339438689409163
2024-09-01 13:08:05.689,OnTrack,-1252.0,720.0,1878.0,pos,0 days 00:00:01.548000,0 days 01:00:21.770000,11702.396823047187,330.1904761075478,8,100.0,False,12,141.88782545989764,0.024789623749396156
2024-09-01 13:08:06.089,OnTrack,-1223.0,1051.0,1880.0,pos,0 days 00:00:01.948000,0 days 01:00:22.170000,11779.494295149876,332.9115633582309,8,100.0,False,12,178.89407238944668,0.0312550899357114
2024-09-01 13:08:06.102,OnTrack,-1222.0459374534134,1062.430088761413,1880.074812599163,car,0 days 00:00:01.961000,0 days 01:00:22.183000,11782.0,333.0,8,100.0,False,12,180.10361111111115,0.0314664118706498
2024-09-01 13:08:06.309,OnTrack,-1206.0,1255.0,1881.0,pos,0 days 00:00:02.168000,0 days 01:00:22.390000,11787.1749952,334.9406232,8,100.0,False,12,199.41907764706627,0.03484107172196813
2024-09-01 13:08:06.369,OnTrack,-1201.0,1311.0,1881.0,pos,0 days 00:00:02.228000,0 days 01:00:22.450000,11788.6749952,335.5031232,8,100.0,False,12,205.02312533178534,0.03582017076113922
2024-09-01 13:08:06.422,OnTrack,-1196.6203548499193,1360.821878746025,1881.2974388850193,car,0 days 00:00:02.281000,0 days 01:00:22.503000,11790.0,336.0,8,100.0,False,12,209.97027777777782,0.03668450177311685
2024-09-01 13:08:06.568,OnTrack,-1185.0,1497.0,1883.0,pos,0 days 00:00:02.427000,0 days 01:00:22.649000,11828.3249664,336.0,8,100.0,False,12,223.59422019937134,0.039064779330546855
2024-09-01 13:08:06.582,OnTrack,-1183.93590311899,1509.5472191838312,1883.116190380339,car,0 days 00:00:02.441000,0 days 01:00:22.663000,11832.0,336.0,8,100.0,False,12,224.90361111111113,0.03929354672435037
2024-09-01 13:08:06.782,OnTrack,-1168.4935676094822,1691.787668310797,1883.8875211754967,car,0 days 00:00:02.641000,0 days 01:00:22.863000,12024.0,338.0,8,100.0,False,12,243.68138888888893,0.04257426545023181
2024-09-01 13:08:06.808,OnTrack,-1166.0,1721.0,1884.0,pos,0 days 00:00:02.667000,0 days 01:00:22.889000,12026.5999872,338.1624992,8,100.0,False,12,246.12786133084637,0.043001695577889465
2024-09-01 13:08:06.942,OnTrack,-1150.6209775691705,1900.2069232030296,1884.8475802834846,car,0 days 00:00:02.801000,0 days 01:00:23.023000,12040.0,339.0,8,100.0,False,12,258.7480555555556,0.04520660544567277
2024-09-01 13:08:07.108,OnTrack,-1132.0,2115.0,1886.0,pos,0 days 00:00:02.967000,0 days 01:00:23.189000,12083.871394742857,339.5928566857143,8,100.0,False,12,274.4022409224301,0.04794159249681904
2024-09-01 13:08:07.222,OnTrack,-1124.339437977688,2201.10339761528,1886.4569027140728,car,0 days 00:00:03.081000,0 days 01:00:23.303000,12114.0,340.0,8,100.0,False,12,285.1925,0.04982678921348213
2024-09-01 13:08:07.428,OnTrack,-1115.0,2304.0,1887.0,pos,0 days 00:00:03.287000,0 days 01:00:23.509000,12062.500032,341.9312488,8,100.0,False,12,304.80986994542604,0.053254195464325485
2024-09-01 13:08:07.542,OnTrack,-1107.215092141115,2393.962290843366,1887.4882265818733,car,0 days 00:00:03.401000,0 days 01:00:23.623000,12034.0,343.0,8,100.0,False,12,315.6813888888889,0.05515358932225057
2024-09-01 13:08:07.648,OnTrack,-1099.0,2490.0,1888.0,pos,0 days 00:00:03.507000,0 days 01:00:23.729000,12053.2124768,343.0,8,100.0,False,12,325.7789416610262,0.056917761358854964
2024-09-01 13:08:07.702,OnTrack,-1094.756293210854,2539.739973426158,1888.2564340863194,car,0 days 00:00:03.561000,0 days 01:00:23.783000,12063.0,343.0,8,100.0,False,12,330.92583333333334,0.0578169893766348
2024-09-01 13:08:07.848,OnTrack,-1083.0,2677.0,1889.0,pos,0 days 00:00:03.707000,0 days 01:00:23.929000,12129.763824978163,343.73366840635344,8,100.0,False,12,344.86727180629333,0.06025273756820683
2024-09-01 13:08:07.901,OnTrack,-1078.5781767517115,2727.845679076892,1889.32798324638,car,0 days 00:00:03.760000,0 days 01:00:23.982000,12154.0,344.0,8,100.0,False,12,349.94138888888887,0.061139250931352834
2024-09-01 13:08:08.028,OnTrack,-1068.0,2849.0,1890.0,pos,0 days 00:00:03.887000,0 days 01:00:24.109000,12166.170839466668,345.05833386666666,8,100.0,False,12,362.13355050588933,0.06326937801024513
2024-09-01 13:08:08.141,OnTrack,-1059.3428239922166,2950.1794460837614,1889.9594002020121,car,0 days 00:00:04,0 days 01:00:24.222000,12177.0,346.0,8,100.0,False,12,373.00805555555553,0.06516929357924033
2024-09-01 13:08:08.248,OnTrack,-1050.0,3060.0,1890.0,pos,0 days 00:00:04.107000,0 days 01:00:24.329000,12201.0750144,346.6687504,8,100.0,False,12,383.3178683067174,0.06697055015780608
2024-09-01 13:08:08.301,OnTrack,-1044.3278830097051,3126.3283234190867,1890.2762360278089,car,0 days 00:00:04.160000,0 days 01:00:24.382000,12213.0,347.0,8,100.0,False,12,388.43027777777775,0.06786375369256781
2024-09-01 13:08:08.541,OnTrack,-1014.6598322148092,3471.252390976164,1892.7883930735193,car,0 days 00:00:04.400000,0 days 01:00:24.622000,12282.0,348.0,8,100.0,False,12,411.6302777777778,0.07191709138466275
2024-09-01 13:08:08.568,OnTrack,-1012.0,3502.0,1893.0,pos,0 days 00:00:04.427000,0 days 01:00:24.649000,12279.36749376,348.06750016,8,100.0,False,12,414.2443430433827,0.07237380212908828
2024-09-01 13:08:08.941,OnTrack,-991.2083820024152,3741.1308316536774,1893.811350359801,car,0 days 00:00:04.800000,0 days 01:00:25.022000,12243.0,349.0,8,100.0,False,12,450.4080555555555,0.0786920667416605
2024-09-01 13:08:09.009,OnTrack,-987.0,3792.0,1894.0,pos,0 days 00:00:04.868000,0 days 01:00:25.090000,12245.975,349.0,8,100.0,False,12,457.00092438945194,0.07984392552370664
2024-09-01 13:08:09.101,OnTrack,-980.1425085244001,3876.186466014986,1894.398275192799,car,0 days 00:00:04.960000,0 days 01:00:25.182000,12250.0,349.0,8,100.0,False,12,465.9191666666666,0.08140205688445962
2024-09-01 13:08:09.209,OnTrack,-971.0,3985.0,1895.0,pos,0 days 00:00:05.068000,0 days 01:00:25.290000,12296.9125,349.0,8,100.0,False,12,476.38641932305933,0.08323082023466812
2024-09-01 13:08:09.369,OnTrack,-957.0,4139.0,1896.0,pos,0 days 00:00:05.228000,0 days 01:00:25.450000,12366.4125,349.0,8,100.0,False,12,491.8960692359758,0.08594055508739318
2024-09-01 13:08:09.421,OnTrack,-952.6786960989881,4189.18683396333,1896.3707623902278,car,0 days 00:00:05.280000,0 days 01:00:25.502000,12389.0,349.0,8,100.0,False,12,496.94138888888887,0.08682203717005782
2024-09-01 13:08:09.529,OnTrack,-944.0,4294.0,1897.0,pos,0 days 00:00:05.388000,0 days 01:00:25.610000,12364.97,349.27,8,100.0,False,12,507.42824439312534,0.08865422538931968
2024-09-01 13:08:09.689,OnTrack,-931.0,4449.0,1897.0,pos,0 days 00:00:05.548000,0 days 01:00:25.770000,12329.37,349.67,8,100.0,False,12,522.9837502820762,0.09137197186946147
2024-09-01 13:08:09.821,OnTrack,-920.085221783292,4578.495279240899,1897.4490456015942,car,0 days 00:00:05.680000,0 days 01:00:25.902000,12300.0,350.0,8,100.0,False,12,535.8302777777777,0.09361642506389511
2024-09-01 13:08:10.049,OnTrack,-901.0,4798.0,1899.0,pos,0 days 00:00:05.908000,0 days 01:00:26.130000,12288.081818181818,350.5181818181818,8,100.0,False,12,558.0456250647893,0.09749773129240473
2024-09-01 13:08:10.229,OnTrack,-885.0,4973.0,1900.0,pos,0 days 00:00:06.088000,0 days 01:00:26.310000,12278.672727272728,350.92727272727274,8,100.0,False,12,575.606386033653,0.10056582156554977
2024-09-01 13:08:10.261,OnTrack,-881.522911887345,5013.595697789096,1900.171086901852,car,0 days 00:00:06.120000,0 days 01:00:26.342000,12277.0,351.0,8,100.0,False,12,578.7302777777778,0.10111160553763965
2024-09-01 13:08:10.409,OnTrack,-864.0,5225.0,1901.0,pos,0 days 00:00:06.268000,0 days 01:00:26.490000,12296.322222222223,351.4111111111111,8,100.0,False,12,593.1860471584689,0.10363721393845807
2024-09-01 13:08:10.621,OnTrack,-845.0048917993089,5445.764432381606,1902.5457819735277,car,0 days 00:00:06.480000,0 days 01:00:26.702000,12324.0,352.0,8,100.0,False,12,613.9302777777777,0.10726149720840437
2024-09-01 13:08:10.821,OnTrack,-831.7754511559084,5594.480669088815,1903.8755683927652,car,0 days 00:00:06.680000,0 days 01:00:26.902000,12365.0,353.0,8,100.0,False,12,633.5413888888888,0.11068780996058232
2024-09-01 13:08:10.849,OnTrack,-830.0,5615.0,1904.0,pos,0 days 00:00:06.708000,0 days 01:00:26.930000,12390.9,352.825,8,100.0,False,12,636.2814082109977,0.11116652649486561
2024-09-01 13:08:10.981,OnTrack,-821.8812476104424,5710.774719970892,1904.3819223132355,car,0 days 00:00:06.840000,0 days 01:00:27.062000,12513.0,352.0,8,100.0,False,12,649.1858333333333,0.11342109514758889
2024-09-01 13:08:11.169,OnTrack,-807.0,5888.0,1905.0,pos,0 days 00:00:07.028000,0 days 01:00:27.250000,12473.385714285714,352.6714285714286,8,100.0,False,12,667.6156137755669,0.1166410142736035
2024-09-01 13:08:11.261,OnTrack,-796.0255504359347,6016.728075522468,1905.7042363558114,car,0 days 00:00:07.120000,0 days 01:00:27.342000,12454.0,353.0,8,100.0,False,12,676.641388888889,0.11821793300063803
2024-09-01 13:08:11.489,OnTrack,-765.0,6379.0,1908.0,pos,0 days 00:00:07.348000,0 days 01:00:27.570000,12422.242857142857,353.0,8,100.0,False,12,698.9980070436279,0.12212392106246464
2024-09-01 13:08:11.541,OnTrack,-759.3905797994729,6444.816215118063,1908.431618570814,car,0 days 00:00:07.400000,0 days 01:00:27.622000,12415.0,353.0,8,100.0,False,12,704.0969444444446,0.12301477085368717
2024-09-01 13:08:11.781,OnTrack,-740.7043115845064,6666.460798556957,1909.8827791502586,car,0 days 00:00:07.640000,0 days 01:00:27.862000,12089.0,350.0,8,0.0,False,10,727.4302777777779,0.12709140358998955
2024-09-01 13:08:11.809,OnTrack,-739.0,6687.0,1910.0,pos,0 days 00:00:07.668000,0 days 01:00:27.890000,12054.875,346.675,8,0.0,False,10,730.06965619826,0.12755253686737927
2024-09-01 13:08:11.941,OnTrack,-732.0397507284088,6771.967096162647,1910.4112588511273,car,0 days 00:00:07.800000,0 days 01:00:28.022000,11894.0,331.0,8,0.0,True,0,742.141388888889,0.12966162346754398
2024-09-01 13:08:12.189,OnTrack,-720.0,6919.0,1911.0,pos,0 days 00:00:08.048000,0 days 01:00:28.270000,11455.866666666667,303.44444444444446,8,0.0,True,0,762.5822199195903,0.13323289893627183
2024-09-01 13:08:12.301,OnTrack,-712.5761056983895,7006.093648556463,1911.4762412202226,car,0 days 00:00:08.160000,0 days 01:00:28.382000,11258.0,291.0,8,0.0,True,0,771.241388888889,0.13474576686581824
2024-09-01 13:08:12.409,OnTrack,-705.0,7094.0,1912.0,pos,0 days 00:00:08.268000,0 days 01:00:28.490000,11656.25,276.15,8,0.0,True,0,779.3945606513507,0.13617023059059885
2024-09-01 13:08:12.461,OnTrack,-701.492168902845,7134.566273138143,1912.2509447226198,car,0 days 00:00:08.320000,0 days 01:00:28.542000,11848.0,269.0,8,0.0,True,0,783.1969444444445,0.13683455582975224
2024-09-01 13:08:12.662,OnTrack,-689.3519444234886,7277.577593900757,1912.9925500615454,car,0 days 00:00:08.521000,0 days 01:00:28.743000,12789.0,246.0,6,0.0,True,0,796.9319444444445,0.13923423657117137
2024-09-01 13:08:12.669,OnTrack,-689.0,7282.0,1913.0,pos,0 days 00:00:08.528000,0 days 01:00:28.750000,12780.05774528,245.31751872,6,0.0,True,0,797.3824236570151,0.13931294106995662
2024-09-01 13:08:12.889,OnTrack,-678.0,7425.0,1913.0,pos,0 days 00:00:08.748000,0 days 01:00:28.970000,12499.00774528,223.86751872,6,0.0,True,0,810.5867130844096,0.14161989986449922
2024-09-01 13:08:13.049,OnTrack,-664.0,7588.0,1914.0,pos,0 days 00:00:08.908000,0 days 01:00:29.130000,12294.60774528,208.26751872,6,0.0,True,0,819.2552578144953,0.14313440585976075
2024-09-01 13:08:13.062,OnTrack,-663.0484237507258,7599.037250388075,1914.0706872187595,car,0 days 00:00:08.921000,0 days 01:00:29.143000,12278.0,207.0,5,0.0,True,0,819.9319444444444,0.14325263169695512
2024-09-01 13:08:13.462,OnTrack,-651.3120364231257,7735.966978355905,1914.7231582257455,car,0 days 00:00:09.321000,0 days 01:00:29.543000,10197.0,170.0,4,0.0,True,0,838.8208333333333,0.1465527629596761
2024-09-01 13:08:13.528,OnTrack,-648.0,7770.0,1915.0,pos,0 days 00:00:09.387000,0 days 01:00:29.609000,10329.274743466667,165.73750826666668,4,0.0,True,0,841.6189871607776,0.14704163633799763
2024-09-01 13:08:13.688,OnTrack,-637.0,7880.0,1916.0,pos,0 days 00:00:09.547000,0 days 01:00:29.769000,10649.941410133333,155.40417493333334,4,0.0,True,0,848.0470511958351,0.14816470160698464
2024-09-01 13:08:13.942,OnTrack,-627.249171735428,7956.846171490717,1916.8835935100235,car,0 days 00:00:09.801000,0 days 01:00:30.023000,11159.0,139.0,3,0.0,True,0,857.3541666666666,0.14979077410451055
2024-09-01 13:08:14.088,OnTrack,-621.0,7987.0,1917.0,pos,0 days 00:00:09.947000,0 days 01:00:30.169000,10738.0337024,126.2250112,3,0.0,True,0,862.26562345587,0.15064886862721633
2024-09-01 13:08:14.182,OnTrack,-615.1057149797034,8015.120738810538,1916.956340901656,car,0 days 00:00:10.041000,0 days 01:00:30.263000,10467.0,118.0,2,0.0,True,0,865.2208333333333,0.15116518171274965
2024-09-01 13:08:14.268,OnTrack,-609.0,8042.0,1917.0,pos,0 days 00:00:10.127000,0 days 01:00:30.349000,10033.417312,113.46111786666667,2,0.0,True,0,867.764076269099,0.15160951888739158
2024-09-01 13:08:14.528,OnTrack,-586.0,8112.0,1918.0,pos,0 days 00:00:10.387000,0 days 01:00:30.609000,8722.583978666666,99.73889564444444,2,0.0,True,0,874.7554786665635,0.15283100659679874
2024-09-01 13:08:14.542,OnTrack,-584.1181633461017,8116.3087842725445,1918.0256694176087,car,0 days 00:00:10.401000,0 days 01:00:30.623000,8652.0,99.0,2,0.0,True,0,875.1208333333333,0.15289483874515222
2024-09-01 13:08:14.741,OnTrack,-551.2014456606959,8182.4941390894755,1917.9854009711466,car,0 days 00:00:10.600000,0 days 01:00:30.822000,7963.0,92.0,2,0.0,True,0,880.2063888888888,0.15378335055629774
2024-09-01 13:08:14.768,OnTrack,-547.0,8190.0,1918.0,pos,0 days 00:00:10.627000,0 days 01:00:30.849000,7893.352107636364,91.38636218181819,2,0.0,True,0,880.8708851702651,0.15389944658317528
2024-09-01 13:08:15.168,OnTrack,-497.0,8250.0,1919.0,pos,0 days 00:00:11.027000,0 days 01:00:31.249000,6861.533925818182,82.29545309090909,2,0.0,True,0,889.9531484576099,0.15548623451904275
2024-09-01 13:08:15.181,OnTrack,-495.0623498604625,8251.60899857701,1919.0021981527616,car,0 days 00:00:11.040000,0 days 01:00:31.262000,6828.0,82.0,2,0.0,True,0,890.228611111111,0.1555343613792238
2024-09-01 13:08:15.329,OnTrack,-471.0,8270.0,1919.0,pos,0 days 00:00:11.188000,0 days 01:00:31.410000,6592.433333333333,78.3,2,0.0,True,0,893.2853059805196,0.15606840519506032
2024-09-01 13:08:15.529,OnTrack,-435.0,8289.0,1920.0,pos,0 days 00:00:11.388000,0 days 01:00:31.610000,6274.1,73.3,2,0.0,True,0,897.2878170299709,0.1567676952338434
2024-09-01 13:08:15.541,OnTrack,-432.22972558235114,8290.03521042883,1920.0366326795095,car,0 days 00:00:11.400000,0 days 01:00:31.622000,6255.0,73.0,2,0.0,False,0,897.5286111111111,0.15680976504958127
2024-09-01 13:08:15.769,OnTrack,-373.0,8307.0,1920.0,pos,0 days 00:00:11.628000,0 days 01:00:31.850000,6221.75,72.05,2,8.549999999999999,False,0,902.0927923068755,0.15760718607002708
2024-09-01 13:08:15.781,OnTrack,-370.65755937718666,8307.579718928362,1919.9933637339634,car,0 days 00:00:11.640000,0 days 01:00:31.862000,6220.0,72.0,2,9.0,False,0,902.3286111111111,0.1576483866410492
2024-09-01 13:08:16.029,OnTrack,-338.0,8314.0,1920.0,pos,0 days 00:00:11.888000,0 days 01:00:32.110000,6605.285714285715,69.34285714285714,2,15.2,False,0,907.0866508878723,0.15847967724310236
2024-09-01 13:08:16.061,OnTrack,-332.6070975167105,8314.912655230859,1920.0039407625877,car,0 days 00:00:11.920000,0 days 01:00:32.142000,6655.0,69.0,2,16.0,False,0,907.6952777777777,0.15858601217039875
2024-09-01 13:08:16.229,OnTrack,-299.0,8321.0,1920.0,pos,0 days 00:00:12.088000,0 days 01:00:32.310000,6556.3,69.0,2,15.3,False,0,910.8970809706241,0.15914540827230536
2024-09-01 13:08:16.301,OnTrack,-285.77353582911695,8324.05290568681,1919.9728942006657,car,0 days 00:00:12.160000,0 days 01:00:32.382000,6514.0,69.0,2,15.0,False,0,912.2952777777778,0.1593896911955555
2024-09-01 13:08:16.449,OnTrack,-259.0,8334.0,1920.0,pos,0 days 00:00:12.308000,0 days 01:00:32.530000,6475.15,70.85,2,15.616666666666667,False,0,915.242999083424,0.15990469593150236
2024-09-01 13:08:16.541,OnTrack,-239.16675300185622,8345.801367708222,1920.218231317905,car,0 days 00:00:12.400000,0 days 01:00:32.622000,6451.0,72.0,2,16.0,False,0,917.0952777777777,0.1602283127870234
2024-09-01 13:08:16.701,OnTrack,-202.81405935528755,8372.903961935914,1920.8325226715692,car,0 days 00:00:12.560000,0 days 01:00:32.782000,6117.0,72.0,2,0.0,True,0,920.2952777777778,0.16078739384800203
2024-09-01 13:08:16.769,OnTrack,-192.0,8382.0,1921.0,pos,0 days 00:00:12.628000,0 days 01:00:32.850000,5996.725,70.725,2,0.0,True,0,921.6168345749908,0.16101828677810495
2024-09-01 13:08:16.861,OnTrack,-182.74145465757223,8391.107892884027,1921.1043651227847,car,0 days 00:00:12.720000,0 days 01:00:32.942000,5834.0,69.0,2,0.0,True,0,923.3619444444445,0.1613231798647732
2024-09-01 13:08:17.061,OnTrack,-174.44396536091332,8407.94973693694,1921.005678318983,car,0 days 00:00:12.920000,0 days 01:00:33.142000,5848.0,66.0,2,0.0,False,0,927.0286111111111,0.16196379358047786
2024-09-01 13:08:17.069,OnTrack,-174.0,8409.0,1921.0,pos,0 days 00:00:12.928000,0 days 01:00:33.150000,5846.45,66.0,2,0.0,False,0,927.1752839153266,0.16198941920141458
2024-09-01 13:08:17.289,OnTrack,-159.0,8447.0,1921.0,pos,0 days 00:00:13.148000,0 days 01:00:33.370000,5803.825,66.0,2,0.0,False,0,931.2374499374138,0.16269913172938325
2024-09-01 13:08:17.381,OnTrack,-154.57774525994378,8462.316179358586,1921.3329375615845,car,0 days 00:00:13.240000,0 days 01:00:33.462000,5786.0,66.0,2,0.0,False,0,932.8952777777778,0.1629887755256053
2024-09-01 13:08:17.509,OnTrack,-150.0,8487.0,1922.0,pos,0 days 00:00:13.368000,0 days 01:00:33.590000,5824.4,63.6,2,0.0,False,0,935.1363858181311,0.16338032585715795
2024-09-01 13:08:17.541,OnTrack,-148.8453408390963,8495.111990275345,1922.1580519623858,car,0 days 00:00:13.400000,0 days 01:00:33.622000,5834.0,63.0,2,0.0,False,0,935.6952777777777,0.1634779714539616
2024-09-01 13:08:17.749,OnTrack,-142.0,8555.0,1923.0,pos,0 days 00:00:13.608000,0 days 01:00:33.830000,6150.333333333333,63.86666666666667,2,17.333333333333336,False,0,939.3800817917617,0.16412175399697296
2024-09-01 13:08:17.781,OnTrack,-141.29830118712314,8561.714206853532,1923.0749845597647,car,0 days 00:00:13.640000,0 days 01:00:33.862000,6199.0,64.0,2,20.0,False,0,939.9619444444444,0.16422341286859973
2024-09-01 13:08:18.061,OnTrack,-139.98557217161985,8587.387574852337,1923.092474916594,car,0 days 00:00:13.920000,0 days 01:00:34.142000,6280.0,68.0,2,39.0,False,0,945.2508333333333,0.1651474496221616
2024-09-01 13:08:18.209,OnTrack,-143.0,8615.0,1923.0,pos,0 days 00:00:14.068000,0 days 01:00:34.290000,6483.5,70.11428571428571,2,42.7,False,0,948.1624812714315,0.1656561518779204
2024-09-01 13:08:18.341,OnTrack,-147.86428811283588,8659.45400790463,1922.9744732354197,car,0 days 00:00:14.200000,0 days 01:00:34.422000,6665.0,72.0,2,46.0,False,0,950.8508333333333,0.1661258414788742
2024-09-01 13:08:18.429,OnTrack,-151.0,8687.0,1923.0,pos,0 days 00:00:14.288000,0 days 01:00:34.510000,6933.4,73.71111111111111,2,49.422222222222224,False,0,952.7041679201155,0.16644964281235125
2024-09-01 13:08:18.701,OnTrack,-156.1311789396689,8718.9704152127,1923.3550566945562,car,0 days 00:00:14.560000,0 days 01:00:34.782000,7763.0,79.0,2,60.0,False,0,958.7508333333333,0.16750607284816513
2024-09-01 13:08:18.861,OnTrack,-164.36625720586144,8750.461215894957,1923.9592403398533,car,0 days 00:00:14.720000,0 days 01:00:34.942000,7695.0,85.0,2,60.0,False,0,962.5286111111111,0.16816609910070934
2024-09-01 13:08:18.869,OnTrack,-165.0,8753.0,1924.0,pos,0 days 00:00:14.728000,0 days 01:00:34.950000,7719.65,85.15,2,60.35,False,0,962.7196688567427,0.1681994793404393
2024-09-01 13:08:19.021,OnTrack,-180.18078114977115,8814.698317169865,1924.878625325215,car,0 days 00:00:14.880000,0 days 01:00:35.102000,8188.0,88.0,2,67.0,False,0,966.4397222222223,0.16884942039746098
2024-09-01 13:08:19.049,OnTrack,-183.0,8826.0,1925.0,pos,0 days 00:00:14.908000,0 days 01:00:35.130000,8336.248844548638,89.3941897606455,2,67.92945984043034,False,0,967.1714730603811,0.16897726665838905
2024-09-01 13:08:19.262,OnTrack,-201.22850146615897,8895.741641073346,1925.1848014974994,car,0 days 00:00:15.121000,0 days 01:00:35.343000,9464.0,100.0,2,75.0,False,0,973.1341666666667,0.17001902574204297
2024-09-01 13:08:19.409,OnTrack,-211.0,8932.0,1925.0,pos,0 days 00:00:15.268000,0 days 01:00:35.490000,9668.8809824,102.7562464,2,75.9187488,False,0,977.3249623735413,0.170751211526463
2024-09-01 13:08:19.422,OnTrack,-211.76894465632546,8934.885021192911,1924.984785908174,car,0 days 00:00:15.281000,0 days 01:00:35.503000,9687.0,103.0,2,76.0,False,0,977.7119444444445,0.17081882225983183
2024-09-01 13:08:19.828,OnTrack,-234.0,9020.0,1925.0,pos,0 days 00:00:15.687000,0 days 01:00:35.909000,9754.666645333333,121.60832746666667,2,91.2249952,False,0,991.5703192413442,0.17324005816135993
2024-09-01 13:08:19.902,OnTrack,-240.3221556076528,9043.853410615315,1925.2803401890606,car,0 days 00:00:15.761000,0 days 01:00:35.983000,9767.0,125.0,3,94.0,False,0,994.3786111111111,0.17373070278576208
2024-09-01 13:08:20.088,OnTrack,-258.0,9111.0,1926.0,pos,0 days 00:00:15.947000,0 days 01:00:36.169000,10441.249536,135.84999253333334,3,97.09999786666667,False,0,1001.7564943242012,0.17501971365280916
2024-09-01 13:08:20.262,OnTrack,-273.4039387695899,9172.579023192722,1925.9321538783386,car,0 days 00:00:16.121000,0 days 01:00:36.343000,11072.0,146.0,3,100.0,False,0,1008.9786111111111,0.176281510126477
2024-09-01 13:08:20.288,OnTrack,-277.0,9187.0,1926.0,pos,0 days 00:00:16.147000,0 days 01:00:36.369000,11142.5246528,147.083328,3,100.0,False,0,1010.0770852101082,0.1764734276467035
2024-09-01 13:08:20.448,OnTrack,-306.0,9303.0,1927.0,pos,0 days 00:00:16.307000,0 days 01:00:36.529000,11576.5246528,153.74999466666668,3,100.0,False,0,1016.9684942884704,0.17767744524019363
2024-09-01 13:08:20.502,OnTrack,-313.82448721122677,9334.430067650044,1927.2960813900386,car,0 days 00:00:16.361000,0 days 01:00:36.583000,11723.0,156.0,3,100.0,False,0,1019.3786111111112,0.17809852357465752
2024-09-01 13:08:20.888,OnTrack,-340.0,9448.0,1928.0,pos,0 days 00:00:16.747000,0 days 01:00:36.969000,10747.38532352,172.40499456,3,100.0,False,0,1037.8999948785197,0.18133444697699339
2024-09-01 13:08:20.902,OnTrack,-341.2327641883228,9453.822594007364,1928.0053722106768,car,0 days 00:00:16.761000,0 days 01:00:36.983000,10712.0,173.0,4,100.0,False,0,1038.6008333333334,0.1814568924478971
2024-09-01 13:08:21.048,OnTrack,-356.0,9525.0,1928.0,pos,0 days 00:00:16.907000,0 days 01:00:37.129000,11141.135338057144,179.25713737142857,4,100.0,False,0,1046.0035340108275,0.18275023924442224
2024-09-01 13:08:21.182,OnTrack,-368.923627061134,9592.3485470219,1927.8788057222503,car,0 days 00:00:17.041000,0 days 01:00:37.263000,11535.0,185.0,4,100.0,False,0,1052.9897222222223,0.1839708159686169
2024-09-01 13:08:21.248,OnTrack,-375.0,9626.0,1928.0,pos,0 days 00:00:17.107000,0 days 01:00:37.329000,11665.580481775816,187.60214728176445,4,100.0,False,0,1056.5114776172832,0.18458611182573495
2024-09-01 13:08:21.408,OnTrack,-389.0,9710.0,1929.0,pos,0 days 00:00:17.267000,0 days 01:00:37.489000,11982.13983940806,193.91039535052298,4,100.0,False,0,1065.2469008404548,0.1861123023518937
2024-09-01 13:08:21.461,OnTrack,-393.1742830113909,9738.534837213929,1929.3557207785457,car,0 days 00:00:17.320000,0 days 01:00:37.542000,12087.0,196.0,4,100.0,False,0,1068.1797222222224,0.18662470387994975
2024-09-01 13:08:21.588,OnTrack,-402.0,9808.0,1930.0,pos,0 days 00:00:17.447000,0 days 01:00:37.669000,12220.98506752,199.81000192,4,100.0,False,0,1075.2757695020107,0.1878644743930555
2024-09-01 13:08:21.661,OnTrack,-406.2168238502514,9848.282002219923,1930.087741833429,car,0 days 00:00:17.520000,0 days 01:00:37.742000,12298.0,202.0,4,100.0,False,0,1079.4019444444446,0.18858537010074278
2024-09-01 13:08:21.829,OnTrack,-414.0,9943.0,1930.0,pos,0 days 00:00:17.688000,0 days 01:00:37.910000,11514.0,204.8,4,100.0,False,0,1089.0219442205052,0.19026610750118467
2024-09-01 13:08:21.901,OnTrack,-416.8497349078277,9985.233975945006,1930.2092633980778,car,0 days 00:00:17.760000,0 days 01:00:37.982000,11178.0,206.0,4,100.0,False,0,1093.135277777778,0.19098475965410933
2024-09-01 13:08:22.029,OnTrack,-421.0,10060.0,1931.0,pos,0 days 00:00:17.888000,0 days 01:00:38.110000,11149.657142857142,206.0,4,100.0,False,0,1100.3773220208677,0.19225003771007204
2024-09-01 13:08:22.181,OnTrack,-423.815406148858,10141.1844222177,1932.600338152807,car,0 days 00:00:18.040000,0 days 01:00:38.262000,11116.0,206.0,5,100.0,False,0,1109.1575,0.1937840474663703
2024-09-01 13:08:22.289,OnTrack,-425.0,10196.0,1933.0,pos,0 days 00:00:18.148000,0 days 01:00:38.370000,11416.375,216.125,5,100.0,False,0,1115.7387233086752,0.19493387162573006
2024-09-01 13:08:22.341,OnTrack,-425.46262419016085,10222.067298005775,1932.7088245431894,car,0 days 00:00:18.200000,0 days 01:00:38.422000,11561.0,221.0,5,100.0,False,0,1118.9797222222223,0.1955001157229852
2024-09-01 13:08:22.429,OnTrack,-426.0,10271.0,1932.0,pos,0 days 00:00:18.288000,0 days 01:00:38.510000,11667.4,223.6,5,100.0,False,0,1124.544393121108,0.19647233513240578
2024-09-01 13:08:22.781,OnTrack,-424.08522258083644,10569.377742890212,1933.964422658902,car,0 days 00:00:18.640000,0 days 01:00:38.862000,12093.0,234.0,5,100.0,False,0,1147.5797222222225,0.20049690270548157
2024-09-01 13:08:22.789,OnTrack,-424.0,10575.0,1934.0,pos,0 days 00:00:18.648000,0 days 01:00:38.870000,12058.457142857143,234.2,5,100.0,False,0,1148.1102370879826,0.20058959045986097
2024-09-01 13:08:23.061,OnTrack,-420.25198675202955,10703.575388169851,1933.8781980693818,car,0 days 00:00:18.920000,0 days 01:00:39.142000,10884.0,241.0,5,100.0,False,0,1166.324166666667,0.20377179767031117
2024-09-01 13:08:23.209,OnTrack,-416.0,10776.0,1934.0,pos,0 days 00:00:19.068000,0 days 01:00:39.290000,10999.228571428572,244.7,5,100.0,False,0,1176.4553780341514,0.20554185029541483
2024-09-01 13:08:23.341,OnTrack,-410.29582053439486,10863.524043149717,1934.7171785075234,car,0 days 00:00:19.200000,0 days 01:00:39.422000,11102.0,248.0,6,100.0,False,0,1185.6130555555558,0.20714181406565446
2024-09-01 13:08:23.429,OnTrack,-406.0,10926.0,1935.0,pos,0 days 00:00:19.288000,0 days 01:00:39.510000,11223.44,250.2,6,100.0,False,0,1191.771912261414,0.20821784535988147
2024-09-01 13:08:23.469,OnTrack,-404.0,10954.0,1935.0,pos,0 days 00:00:19.328000,0 days 01:00:39.550000,11278.64,251.2,6,100.0,False,0,1194.5852890028193,0.20870937837660566
2024-09-01 13:08:23.541,OnTrack,-400.0700744654763,11004.343537012013,1935.174027073697,car,0 days 00:00:19.400000,0 days 01:00:39.622000,11378.0,253.0,6,100.0,False,0,1199.6686111111112,0.2095974999758556
2024-09-01 13:08:23.709,OnTrack,-389.0,11122.0,1936.0,pos,0 days 00:00:19.568000,0 days 01:00:39.790000,11490.0,255.8,6,100.0,False,0,1211.627186636059,0.21168681656719332
2024-09-01 13:08:23.781,OnTrack,-383.36137002843964,11172.620515242952,1936.0756143834305,car,0 days 00:00:19.640000,0 days 01:00:39.862000,11538.0,257.0,6,100.0,False,0,1216.8019444444446,0.21259091315651196
2024-09-01 13:08:23.889,OnTrack,-374.0,11249.0,1936.0,pos,0 days 00:00:19.748000,0 days 01:00:39.970000,11459.7,258.7181818181818,6,100.0,False,0,1224.6253421426634,0.213957761120755
2024-09-01 13:08:24.109,OnTrack,-352.0,11407.0,1936.0,pos,0 days 00:00:19.968000,0 days 01:00:40.190000,11300.2,262.2181818181818,6,100.0,False,0,1240.7731975749375,0.2167789986668816
2024-09-01 13:08:24.221,OnTrack,-338.9930639651919,11487.96308363103,1936.0117440072886,car,0 days 00:00:20.080000,0 days 01:00:40.302000,11219.0,264.0,6,100.0,False,0,1249.068611111111,0.21822831385471292
2024-09-01 13:08:24.369,OnTrack,-319.0,11596.0,1936.0,pos,0 days 00:00:20.228000,0 days 01:00:40.450000,10902.65,267.0833333333333,6,100.0,False,0,1260.0990038106206,0.22015546499641683
2024-09-01 13:08:24.461,OnTrack,-304.34445412514924,11664.257287792138,1935.962585205868,car,0 days 00:00:20.320000,0 days 01:00:40.542000,10706.0,269.0,7,100.0,False,0,1267.0019444444445,0.2213614973006139
2024-09-01 13:08:24.549,OnTrack,-290.0,11727.0,1936.0,pos,0 days 00:00:20.408000,0 days 01:00:40.630000,10755.028571428571,270.25714285714287,7,100.0,False,0,1273.641376923937,0.2225214913490297
2024-09-01 13:08:24.741,OnTrack,-260.9443923910798,11846.516351456363,1936.6192525520476,car,0 days 00:00:20.600000,0 days 01:00:40.822000,10862.0,273.0,7,100.0,False,0,1288.2352777777778,0.22507123309064908
2024-09-01 13:08:24.869,OnTrack,-225.0,11961.0,1937.0,pos,0 days 00:00:20.728000,0 days 01:00:40.950000,10997.68,274.92,7,100.0,False,0,1298.0274888353583,0.22678205801171114
2024-09-01 13:08:24.941,OnTrack,-194.2086914588845,12050.105839650543,1937.0882268245618,car,0 days 00:00:20.800000,0 days 01:00:41.022000,11074.0,276.0,7,100.0,False,0,1303.568611111111,0.22775016317450492
2024-09-01 13:08:25.049,OnTrack,-148.0,12179.0,1937.0,pos,0 days 00:00:20.908000,0 days 01:00:41.130000,11127.1,277.8,7,100.0,False,0,1311.9350397732558,0.22921188561607794
2024-09-01 13:08:25.181,OnTrack,-123.29821170324101,12243.68000662144,1936.4200335713163,car,0 days 00:00:21.040000,0 days 01:00:41.262000,11192.0,280.0,7,100.0,False,0,1322.2352777777776,0.23101146936354677
2024-09-01 13:08:25.309,OnTrack,-106.0,12280.0,1936.0,pos,0 days 00:00:21.168000,0 days 01:00:41.390000,11242.0,281.6,7,100.0,False,0,1332.2834804921,0.23276701931181287
2024-09-01 13:08:25.501,OnTrack,-44.868204720019804,12412.245862099538,1936.6837485982553,car,0 days 00:00:21.360000,0 days 01:00:41.582000,11317.0,284.0,7,100.0,False,0,1347.479722222222,0.23542199773348918
2024-09-01 13:08:25.589,OnTrack,-12.0,12480.0,1937.0,pos,0 days 00:00:21.448000,0 days 01:00:41.670000,11356.977818072739,285.2188359168518,7,100.0,False,0,1354.5015712999702,0.23664880486862017
2024-09-01 13:08:25.769,OnTrack,55.0,12606.0,1937.0,pos,0 days 00:00:21.628000,0 days 01:00:41.850000,11438.75062776698,287.7119093831396,7,100.0,False,0,1368.9636729931938,0.23917551960569142
2024-09-01 13:08:25.862,OnTrack,92.53349017912893,12669.603143010372,1936.6176309925504,car,0 days 00:00:21.721000,0 days 01:00:41.943000,11481.0,289.0,7,100.0,False,0,1376.46,0.24048522412331885
2024-09-01 13:08:25.989,OnTrack,147.0,12756.0,1936.0,pos,0 days 00:00:21.848000,0 days 01:00:42.070000,11526.2436816,289.7937488,7,100.0,False,0,1386.7155012837293,0.2422769917916235
2024-09-01 13:08:26.182,OnTrack,234.69154730241624,12885.381611300529,1935.965582359477,car,0 days 00:00:22.041000,0 days 01:00:42.263000,11595.0,291.0,7,100.0,False,0,1402.3266666666668,0.24500446269956266
2024-09-01 13:08:26.189,OnTrack,238.0,12890.0,1936.0,pos,0 days 00:00:22.048000,0 days 01:00:42.270000,11594.68500864,291.03499904,7,100.0,False,0,1402.8929858627089,0.2451034059298676
2024-09-01 13:08:26.382,OnTrack,333.08758061693834,13014.92428687354,1937.7527845156183,car,0 days 00:00:22.241000,0 days 01:00:42.463000,11586.0,292.0,7,100.0,False,0,1418.548888888889,0.24783869307813478
2024-09-01 13:08:26.428,OnTrack,357.0,13044.0,1938.0,pos,0 days 00:00:22.287000,0 days 01:00:42.509000,11445.207534628571,292.82142628571427,7,100.0,False,0,1422.3154205786175,0.24849675449479197
2024-09-01 13:08:26.568,OnTrack,432.0,13130.0,1938.0,pos,0 days 00:00:22.427000,0 days 01:00:42.649000,11016.707534628571,295.32142628571427,7,100.0,False,0,1433.8716863954137,0.2505157824178561
2024-09-01 13:08:26.662,OnTrack,481.46140415457137,13183.196212763942,1937.9105901737184,car,0 days 00:00:22.521000,0 days 01:00:42.743000,10729.0,297.0,8,100.0,False,0,1441.6488888888891,0.25187455948707416
2024-09-01 13:08:26.828,OnTrack,583.0,13282.0,1938.0,pos,0 days 00:00:22.687000,0 days 01:00:42.909000,10716.5500096,297.69166613333334,8,100.0,False,0,1455.3743458855301,0.2542725729433549
2024-09-01 13:08:26.902,OnTrack,644.5010441565389,13337.0424374098,1938.250989618623,car,0 days 00:00:22.761000,0 days 01:00:42.983000,10711.0,298.0,8,100.0,False,0,1461.5155555555557,0.255345521073983
2024-09-01 13:08:27.088,OnTrack,810.0,13478.0,1939.0,pos,0 days 00:00:22.947000,0 days 01:00:43.169000,10751.91997184,299.85999872,8,100.0,False,0,1477.0568685152023,0.258060787867258
2024-09-01 13:08:27.302,OnTrack,914.4787718377748,13558.164412153537,1938.6644514692628,car,0 days 00:00:23.161000,0 days 01:00:43.383000,10799.0,302.0,8,100.0,False,0,1495.0711111111113,0.26120810719952264
2024-09-01 13:08:27.448,OnTrack,987.0,13607.0,1939.0,pos,0 days 00:00:23.307000,0 days 01:00:43.529000,10799.0,303.8249984,8,100.0,False,0,1507.4002387098226,0.26336216399290646
2024-09-01 13:08:27.462,OnTrack,995.8623773599819,13612.961977235605,1939.0993602066317,car,0 days 00:00:23.321000,0 days 01:00:43.543000,10799.0,304.0,8,100.0,False,0,1508.5822222222225,0.26356867167921016
2024-09-01 13:08:27.622,OnTrack,1119.6058033450845,13694.579184195716,1940.7768444607448,car,0 days 00:00:23.481000,0 days 01:00:43.703000,10867.0,304.0,8,100.0,False,0,1522.0933333333337,0.26592923615889763
2024-09-01 13:08:27.648,OnTrack,1143.0,13709.0,1941.0,pos,0 days 00:00:23.507000,0 days 01:00:43.729000,10867.77999616,304.25999872,8,100.0,False,0,1524.296281206074,0.26631411941951394
2024-09-01 13:08:27.822,OnTrack,1320.4355249229977,13809.666471754897,1941.6934552117218,car,0 days 00:00:23.681000,0 days 01:00:43.903000,10873.0,306.0,8,100.0,False,0,1539.0933333333337,0.2688993542953465
2024-09-01 13:08:27.948,OnTrack,1443.0,13874.0,1942.0,pos,0 days 00:00:23.807000,0 days 01:00:44.029000,10921.50995072,306.62999936,8,100.0,False,0,1549.826231819819,0.2707745293807215
2024-09-01 13:08:28.022,OnTrack,1503.9271750765631,13904.435098641185,1942.3091518535014,car,0 days 00:00:23.881000,0 days 01:00:44.103000,10950.0,307.0,8,100.0,False,0,1556.1488888888891,0.2718791787002151
2024-09-01 13:08:28.301,OnTrack,1688.2511892057216,13985.117229890204,1943.962407665192,car,0 days 00:00:24.160000,0 days 01:00:44.382000,11064.0,310.0,8,100.0,False,0,1580.1738888888892,0.2760766544783436
2024-09-01 13:08:28.308,OnTrack,1693.0,13987.0,1944.0,pos,0 days 00:00:24.167000,0 days 01:00:44.389000,11065.612514742857,310.05000045714286,8,100.0,False,0,1580.7799685856282,0.2761825443783094
2024-09-01 13:08:28.861,OnTrack,2132.247404223194,14132.831115450908,1946.6339462534065,car,0 days 00:00:24.720000,0 days 01:00:44.942000,11193.0,314.0,8,100.0,False,0,1629.0183333333337,0.2846104056730033
2024-09-01 13:08:28.989,OnTrack,2256.0,14163.0,1948.0,pos,0 days 00:00:24.848000,0 days 01:00:45.070000,11220.733333333334,314.53333333333336,8,100.0,False,0,1640.2131819402548,0.28656628937195716
2024-09-01 13:08:29.101,OnTrack,2371.7916067784563,14187.810577452736,1949.576269226122,car,0 days 00:00:24.960000,0 days 01:00:45.182000,11245.0,315.0,8,100.0,False,0,1650.0183333333339,0.2882793751356755
2024-09-01 13:08:29.209,OnTrack,2479.0,14209.0,1951.0,pos,0 days 00:00:25.068000,0 days 01:00:45.290000,11219.62,315.54,8,100.0,False,0,1659.4885658869812,0.28993394628061525
2024-09-01 13:08:29.301,OnTrack,2558.5961620894327,14223.936507827868,1951.8146320510755,car,0 days 00:00:25.160000,0 days 01:00:45.382000,11198.0,316.0,8,100.0,False,0,1667.5738888888893,0.291346555956322
2024-09-01 13:08:29.589,OnTrack,2775.0,14259.0,1953.0,pos,0 days 00:00:25.448000,0 days 01:00:45.670000,11208.8,317.8,8,100.0,False,0,1693.0085322293187,0.29579031451394067
2024-09-01 13:08:29.621,OnTrack,2801.918301067849,14262.897473003799,1953.1650991087397,car,0 days 00:00:25.480000,0 days 01:00:45.702000,11210.0,318.0,8,100.0,False,0,1695.840555555556,0.2962851053282997
2024-09-01 13:08:29.769,OnTrack,2933.0,14281.0,1954.0,pos,0 days 00:00:25.628000,0 days 01:00:45.850000,11315.45,318.925,8,100.0,False,0,1708.95281576259,0.2985759854371673
2024-09-01 13:08:29.781,OnTrack,2943.612289401983,14282.413934336528,1954.0606608239846,car,0 days 00:00:25.640000,0 days 01:00:45.862000,11324.0,319.0,8,100.0,False,0,1710.0183333333337,0.2987621450290244
2024-09-01 13:08:29.949,OnTrack,3091.0,14301.0,1955.0,pos,0 days 00:00:25.808000,0 days 01:00:46.030000,11372.0,320.2,8,100.0,False,0,1724.9820880865464,0.301376504992665
2024-09-01 13:08:30.061,OnTrack,3190.4440586691303,14311.864685238656,1956.2788643476008,car,0 days 00:00:25.920000,0 days 01:00:46.142000,11404.0,321.0,8,100.0,False,0,1734.9850000000004,0.30312414205686794
2024-09-01 13:08:30.129,OnTrack,3251.0,14318.0,1957.0,pos,0 days 00:00:25.988000,0 days 01:00:46.210000,11405.02,321.34,8,100.0,False,0,1741.0625918348328,0.304185975335372
2024-09-01 13:08:30.261,OnTrack,3368.2707860222163,14329.159892837333,1957.7893628987956,car,0 days 00:00:26.120000,0 days 01:00:46.342000,11407.0,322.0,8,100.0,False,0,1752.8738888888893,0.3062495604880331
2024-09-01 13:08:30.309,OnTrack,3411.0,14333.0,1958.0,pos,0 days 00:00:26.168000,0 days 01:00:46.390000,11410.3,322.3,8,100.0,False,0,1757.1754302964732,0.3070010949674067
2024-09-01 13:08:30.421,OnTrack,3511.0876174337095,14341.543012717842,1958.4825340986094,car,0 days 00:00:26.280000,0 days 01:00:46.502000,11418.0,323.0,8,100.0,False,0,1767.2294444444449,0.30875766024770107
2024-09-01 13:08:30.509,OnTrack,3590.0,14348.0,1959.0,pos,0 days 00:00:26.368000,0 days 01:00:46.590000,11443.3,323.55,8,100.0,False,0,1775.151114644045,0.31014167767892453
2024-09-01 13:08:30.729,OnTrack,3788.0,14364.0,1961.0,pos,0 days 00:00:26.588000,0 days 01:00:46.810000,11506.55,324.925,8,100.0,False,0,1795.0315660764302,0.3136150476412844
2024-09-01 13:08:30.741,OnTrack,3798.830736129439,14364.914506237426,1961.0991518116161,car,0 days 00:00:26.600000,0 days 01:00:46.822000,11510.0,325.0,8,100.0,False,0,1796.1183333333338,0.3138049198259802
2024-09-01 13:08:31.049,OnTrack,4076.0,14389.0,1963.0,pos,0 days 00:00:26.908000,0 days 01:00:47.130000,11528.2875,326.925,8,100.0,False,0,1824.0919642773779,0.31869227209711154
2024-09-01 13:08:31.061,OnTrack,4086.6172985441035,14389.84184462149,1963.0697417285799,car,0 days 00:00:26.920000,0 days 01:00:47.142000,11529.0,327.0,8,100.0,False,0,1825.1850000000004,0.3188832394632026
2024-09-01 13:08:31.209,OnTrack,4221.0,14400.0,1964.0,pos,0 days 00:00:27.068000,0 days 01:00:47.290000,11552.881818181819,327.6727272727273,8,100.0,False,0,1838.6853457896732,0.32124192310309896
2024-09-01 13:08:31.501,OnTrack,4536.623801266702,14423.57440004604,1965.9951717013773,car,0 days 00:00:27.360000,0 days 01:00:47.582000,11600.0,329.0,8,100.0,False,0,1865.3961111111114,0.32590863654543034
2024-09-01 13:08:31.509,OnTrack,4544.0,14424.0,1966.0,pos,0 days 00:00:27.368000,0 days 01:00:47.590000,11602.84,329.04,8,100.0,False,0,1866.1284389920286,0.32603658362313265
2024-09-01 13:08:31.529,OnTrack,4562.0,14425.0,1966.0,pos,0 days 00:00:27.388000,0 days 01:00:47.610000,11609.94,329.14,8,100.0,False,0,1867.959360056916,0.3263564690267343
2024-09-01 13:08:31.701,OnTrack,4716.293511153473,14434.647259398189,1966.5879173095918,car,0 days 00:00:27.560000,0 days 01:00:47.782000,11671.0,330.0,8,100.0,False,0,1883.7294444444447,0.3291117051239536
2024-09-01 13:08:31.809,OnTrack,4818.0,14441.0,1967.0,pos,0 days 00:00:27.668000,0 days 01:00:47.890000,11691.057142857142,330.77142857142854,8,100.0,False,0,1893.6861381075946,0.3308512672667764
2024-09-01 13:08:31.981,OnTrack,4992.842653163168,14450.650620784536,1967.1091446297028,car,0 days 00:00:27.840000,0 days 01:00:48.062000,11723.0,332.0,8,100.0,False,0,1909.551666666667,0.3336231786854616
2024-09-01 13:08:32.129,OnTrack,5148.0,14458.0,1967.0,pos,0 days 00:00:27.988000,0 days 01:00:48.210000,11481.1125,327.375,8,75.025,False,0,1923.0900656058955,0.3359885106988665
2024-09-01 13:08:32.301,OnTrack,5325.723659779285,14464.927972725514,1966.977600452833,car,0 days 00:00:28.160000,0 days 01:00:48.382000,11200.0,322.0,8,46.0,True,0,1938.1738888888892,0.33862384817532587
2024-09-01 13:08:32.489,OnTrack,5493.0,14471.0,1967.0,pos,0 days 00:00:28.348000,0 days 01:00:48.570000,10943.778529624715,299.08588476318596,8,22.044334070603483,True,0,1953.139288327237,0.34123849548656343
2024-09-01 13:08:32.662,OnTrack,5598.184547918386,14475.687920293136,1966.9821064091877,car,0 days 00:00:28.521000,0 days 01:00:48.743000,10708.0,278.0,8,0.0,True,0,1966.0511111111116,0.34349435660568106
2024-09-01 13:08:32.829,OnTrack,5691.0,14480.0,1967.0,pos,0 days 00:00:28.688000,0 days 01:00:48.910000,10842.196274285714,264.8785865142857,8,0.0,True,0,1978.183878212067,0.3456141067004962
2024-09-01 13:08:32.942,OnTrack,5768.121815120541,14483.123848430294,1967.0693772071718,car,0 days 00:00:28.801000,0 days 01:00:49.023000,10933.0,256.0,8,0.0,True,0,1985.9622222222226,0.3469730832073257
2024-09-01 13:08:33.048,OnTrack,5843.0,14486.0,1967.0,pos,0 days 00:00:28.907000,0 days 01:00:49.129000,10908.855584711111,244.51668053333333,8,0.0,True,0,1992.8087012699834,0.3481692509479476
2024-09-01 13:08:33.302,OnTrack,6004.410449743942,14491.62202387177,1966.0362480302074,car,0 days 00:00:29.161000,0 days 01:00:49.383000,10851.0,217.0,7,0.0,True,0,2007.662222222223,0.35076435165208697
2024-09-01 13:08:33.328,OnTrack,6020.0,14492.0,1966.0,pos,0 days 00:00:29.187000,0 days 01:00:49.409000,10896.499776,214.0750144,7,0.0,True,0,2009.0872263811248,0.35101331816366754
2024-09-01 13:08:33.408,OnTrack,6067.0,14493.0,1966.0,pos,0 days 00:00:29.267000,0 days 01:00:49.489000,11036.499776,205.0750144,7,0.0,True,0,2013.3651594583243,0.35176072796479135
2024-09-01 13:08:33.542,OnTrack,6140.41644071558,14495.670218670128,1965.9839175339403,car,0 days 00:00:29.401000,0 days 01:00:49.623000,11271.0,190.0,5,0.0,True,0,2020.3288888888894,0.352977380851794
2024-09-01 13:08:33.688,OnTrack,6215.0,14499.0,1966.0,pos,0 days 00:00:29.547000,0 days 01:00:49.769000,10922.4253056,184.5250048,5,0.0,True,0,2027.8385810087345,0.3542894204261645
2024-09-01 13:08:33.782,OnTrack,6261.553360087044,14500.607262506637,1966.1063476575005,car,0 days 00:00:29.641000,0 days 01:00:49.863000,10698.0,181.0,4,0.0,True,0,2032.395555555556,0.3550855823525675
2024-09-01 13:08:33.908,OnTrack,6322.0,14503.0,1966.0,pos,0 days 00:00:29.767000,0 days 01:00:49.989000,10795.6499008,169.80001137777776,4,0.0,True,0,2037.953594709462,0.3560566431110445
2024-09-01 13:08:34.068,OnTrack,6393.0,14508.0,1965.0,pos,0 days 00:00:29.927000,0 days 01:00:50.149000,10919.6499008,155.57778915555556,4,0.0,True,0,2044.3430907912366,0.35717297006370613
2024-09-01 13:08:34.142,OnTrack,6419.551424484889,14510.458813511434,1964.7998658227775,car,0 days 00:00:30.001000,0 days 01:00:50.223000,10977.0,149.0,3,0.0,True,0,2047.2955555555561,0.3576888035427492
2024-09-01 13:08:34.302,OnTrack,6468.277559807911,14516.644745696722,1964.9706627554622,car,0 days 00:00:30.161000,0 days 01:00:50.383000,9982.0,143.0,3,0.0,True,0,2053.6511111111117,0.35879920064997056
2024-09-01 13:08:34.328,OnTrack,6477.0,14518.0,1965.0,pos,0 days 00:00:30.187000,0 days 01:00:50.409000,9897.1754176,141.7000064,3,0.0,True,0,2054.6409879341672,0.3589721448326181
2024-09-01 13:08:34.508,OnTrack,6543.0,14530.0,1965.0,pos,0 days 00:00:30.367000,0 days 01:00:50.589000,9309.9254176,132.7000064,3,0.0,True,0,2061.076844716642,0.3600965715945719
2024-09-01 13:08:34.622,OnTrack,6581.750522828446,14538.968144403127,1964.5215862781808,car,0 days 00:00:30.481000,0 days 01:00:50.703000,8938.0,127.0,3,0.0,True,0,2064.9400000000005,0.3607715143928673
2024-09-01 13:08:34.748,OnTrack,6622.0,14550.0,1964.0,pos,0 days 00:00:30.607000,0 days 01:00:50.829000,8503.062853941707,121.7280345932328,3,0.0,True,0,2069.1008962435203,0.36149847635738264
2024-09-01 13:08:34.861,OnTrack,6657.663730225364,14560.995578764414,1964.0142968809616,car,0 days 00:00:30.720000,0 days 01:00:50.942000,8113.0,117.0,3,0.0,True,0,2072.7075000000004,0.36212859631197714
2024-09-01 13:08:34.928,OnTrack,6678.0,14568.0,1964.0,pos,0 days 00:00:30.787000,0 days 01:00:51.009000,7958.56485248,114.31999744,3,0.0,True,0,2074.7789134176905,0.3624904988155045
2024-09-01 13:08:35.061,OnTrack,6715.6509205619,14582.962853106164,1963.561486680782,car,0 days 00:00:30.920000,0 days 01:00:51.142000,7652.0,109.0,3,0.0,True,0,2078.763055555556,0.3631865795697318
2024-09-01 13:08:35.209,OnTrack,6754.0,14601.0,1963.0,pos,0 days 00:00:31.068000,0 days 01:00:51.290000,7352.916666666667,105.3,3,0.0,True,0,2083.046362103616,0.36393492818516493
2024-09-01 13:08:35.301,OnTrack,6776.365657357782,14612.7913609918,1962.9445192497456,car,0 days 00:00:31.160000,0 days 01:00:51.382000,7167.0,103.0,3,0.0,True,0,2085.629722222223,0.3643862743464151
2024-09-01 13:08:35.409,OnTrack,6801.0,14628.0,1963.0,pos,0 days 00:00:31.268000,0 days 01:00:51.490000,7079.1,100.9,3,0.0,True,0,2088.5843022014,0.36490247738063525
2024-09-01 13:08:35.509,OnTrack,6822.0,14644.0,1963.0,pos,0 days 00:00:31.368000,0 days 01:00:51.590000,6997.711111111111,98.95555555555555,3,0.0,True,0,2091.246773081986,0.3653676452071173
2024-09-01 13:08:35.661,OnTrack,6850.021429043212,14668.42228426056,1963.1264871678525,car,0 days 00:00:31.520000,0 days 01:00:51.742000,6874.0,96.0,3,0.0,False,0,2095.229722222223,0.3660635175293509
2024-09-01 13:08:35.809,OnTrack,6875.0,14699.0,1963.0,pos,0 days 00:00:31.668000,0 days 01:00:51.890000,6915.1625,94.6125,3,9.25,False,0,2099.056005524657,0.3667320183194539
2024-09-01 13:08:35.981,OnTrack,6903.307535436693,14749.540739026224,1962.154123471886,car,0 days 00:00:31.840000,0 days 01:00:52.062000,6963.0,93.0,3,20.0,False,0,2103.4963888888897,0.36750781027021234
2024-09-01 13:08:36.029,OnTrack,6910.0,14763.0,1962.0,pos,0 days 00:00:31.888000,0 days 01:00:52.110000,6985.8,93.34285714285714,3,24.114285714285714,False,0,2104.747025755616,0.36772631257844623
2024-09-01 13:08:36.261,OnTrack,6932.073503539913,14813.354636058806,1962.3680406224935,car,0 days 00:00:32.120000,0 days 01:00:52.342000,7096.0,95.0,3,44.0,False,0,2110.885277777779,0.3687987439700415
2024-09-01 13:08:36.409,OnTrack,6948.0,14844.0,1962.0,pos,0 days 00:00:32.268000,0 days 01:00:52.490000,7376.46,97.96,3,53.62,False,0,2114.9261778313075,0.3695047410604276
2024-09-01 13:08:36.461,OnTrack,6955.380503089909,14856.005934632216,1961.548672097571,car,0 days 00:00:32.320000,0 days 01:00:52.542000,7475.0,99.0,3,57.0,False,0,2116.385277777779,0.3697596645435985
2024-09-01 13:08:36.529,OnTrack,6966.0,14872.0,1961.0,pos,0 days 00:00:32.388000,0 days 01:00:52.610000,7576.15,100.36,3,56.66,False,0,2118.330605196552,0.3700995382052355
2024-09-01 13:08:36.809,OnTrack,7016.0,14932.0,1962.0,pos,0 days 00:00:32.668000,0 days 01:00:52.890000,7992.65,105.96,3,55.26,False,0,2126.6978009321397,0.3715613946643818
2024-09-01 13:08:36.861,OnTrack,7027.022797641093,14942.52854819329,1961.9047509986233,car,0 days 00:00:32.720000,0 days 01:00:52.942000,8070.0,107.0,3,55.0,False,0,2128.274166666668,0.3718368059854288
2024-09-01 13:08:37.029,OnTrack,7066.0,14975.0,1961.0,pos,0 days 00:00:32.888000,0 days 01:00:53.110000,8147.7,109.1,3,52.9,False,0,2133.390378664149,0.37273067387034853
2024-09-01 13:08:37.101,OnTrack,7083.572333446706,14987.722826076173,1960.8938314531897,car,0 days 00:00:32.960000,0 days 01:00:53.182000,8181.0,110.0,3,52.0,False,0,2135.607500000001,0.3731180334168381
2024-09-01 13:08:37.229,OnTrack,7116.0,15009.0,1961.0,pos,0 days 00:00:33.088000,0 days 01:00:53.310000,8333.177777777777,111.42222222222222,3,58.044444444444444,False,0,2139.5976324334515,0.3738151607525689
2024-09-01 13:08:37.461,OnTrack,7179.095472303469,15045.145788994374,1960.9991394194437,car,0 days 00:00:33.320000,0 days 01:00:53.542000,8609.0,114.0,3,69.0,False,0,2147.007500000001,0.3751097596965744
2024-09-01 13:08:37.529,OnTrack,7199.0,15054.0,1961.0,pos,0 days 00:00:33.388000,0 days 01:00:53.610000,8683.46,115.7,3,69.0,False,0,2149.2297216372694,0.37549801033116614
2024-09-01 13:08:37.589,OnTrack,7217.0,15061.0,1961.0,pos,0 days 00:00:33.448000,0 days 01:00:53.670000,8749.16,117.2,3,69.0,False,0,2151.2103785390127,0.3758440565068103
2024-09-01 13:08:37.661,OnTrack,7237.790265321679,15069.052052170795,1960.8955614843906,car,0 days 00:00:33.520000,0 days 01:00:53.742000,8828.0,119.0,3,69.0,False,0,2153.6186111111124,0.37626480563852677
2024-09-01 13:08:37.861,OnTrack,7300.76996256838,15091.474873332245,1960.116503980818,car,0 days 00:00:33.720000,0 days 01:00:53.942000,9473.0,124.0,3,76.0,False,0,2160.5075000000015,0.377468382922578
2024-09-01 13:08:37.889,OnTrack,7313.0,15095.0,1960.0,pos,0 days 00:00:33.748000,0 days 01:00:53.970000,9501.896777408607,124.79715248023746,3,75.90035593997032,False,0,2161.500206369623,0.37764182146331804
2024-09-01 13:08:38.142,OnTrack,7450.917088123418,15128.784040847284,1959.0790648247234,car,0 days 00:00:34.001000,0 days 01:00:54.223000,9763.0,132.0,3,75.0,False,0,2170.810833333335,0.37926850746370805
2024-09-01 13:08:38.189,OnTrack,7469.0,15133.0,1959.0,pos,0 days 00:00:34.048000,0 days 01:00:54.270000,9662.859608949975,133.88944134056652,3,77.36180167570815,False,0,2172.610507037141,0.37958293355237654
2024-09-01 13:08:38.341,OnTrack,7497.225497511924,15139.576502464144,1959.0091809018702,car,0 days 00:00:34.200000,0 days 01:00:54.422000,9339.0,140.0,3,85.0,False,0,2178.5497222222234,0.38062059065458165
2024-09-01 13:08:38.449,OnTrack,7515.0,15143.0,1959.0,pos,0 days 00:00:34.308000,0 days 01:00:54.530000,8985.3,142.025,3,87.7,False,0,2182.8250708985843,0.38136754892771707
2024-09-01 13:08:38.501,OnTrack,7528.759565592628,15145.485885001744,1958.9313501298616,car,0 days 00:00:34.360000,0 days 01:00:54.582000,8815.0,143.0,3,89.0,False,0,2184.9052777777792,0.3817309877618031
2024-09-01 13:08:38.769,OnTrack,7645.0,15166.0,1958.0,pos,0 days 00:00:34.628000,0 days 01:00:54.850000,9667.24,148.36,3,96.37,False,0,2195.9199378326343,0.38365539020861156
2024-09-01 13:08:38.901,OnTrack,7719.5903375405605,15179.624519235234,1957.2998373053288,car,0 days 00:00:34.760000,0 days 01:00:54.982000,10087.0,151.0,4,100.0,False,0,2201.683055555557,0.38466228082457293
2024-09-01 13:08:38.989,OnTrack,7765.0,15188.0,1957.0,pos,0 days 00:00:34.848000,0 days 01:00:55.070000,10246.800842379294,158.004968433065,4,100.0,False,0,2205.6866077232917,0.3853617527600792
2024-09-01 13:08:39.102,OnTrack,7809.738090033661,15196.288635118099,1957.0224082418824,car,0 days 00:00:34.961000,0 days 01:00:55.183000,10452.0,167.0,4,100.0,False,0,2211.007222222224,0.3862913323848046
2024-09-01 13:08:39.409,OnTrack,7933.0,15227.0,1957.0,pos,0 days 00:00:35.268000,0 days 01:00:55.490000,11104.374592,179.4718672,4,100.0,False,0,2226.3380887998956,0.3889698314947941
2024-09-01 13:08:39.422,OnTrack,7942.452278259407,15229.741842422321,1956.869282569789,car,0 days 00:00:35.281000,0 days 01:00:55.503000,11132.0,180.0,4,100.0,False,0,2227.007222222224,0.3890867376896977
2024-09-01 13:08:39.568,OnTrack,8061.0,15265.0,1955.0,pos,0 days 00:00:35.427000,0 days 01:00:55.649000,11276.7832064,185.4749952,4,100.0,False,0,2234.6126211786523,0.39041549847648693
2024-09-01 13:08:39.662,OnTrack,8116.738968040903,15281.956750567926,1954.359224952078,car,0 days 00:00:35.521000,0 days 01:00:55.743000,11370.0,189.0,4,100.0,False,0,2239.6072222222238,0.39128811936730096
2024-09-01 13:08:39.942,OnTrack,8205.105102069228,15309.972317248034,1954.9137885829687,car,0 days 00:00:35.801000,0 days 01:00:56.023000,11812.0,197.0,4,100.0,False,0,2254.929444444446,0.3939651081974728
2024-09-01 13:08:39.988,OnTrack,8225.0,15316.0,1955.0,pos,0 days 00:00:35.847000,0 days 01:00:56.069000,11490.000896,198.1499968,4,100.0,False,0,2257.4903471230973,0.3944125307557989
2024-09-01 13:08:40.142,OnTrack,8305.907638043456,15340.077559388572,1955.0158647899555,car,0 days 00:00:36.001000,0 days 01:00:56.223000,10412.0,202.0,4,100.0,False,0,2266.151666666668,0.3959257744182659
2024-09-01 13:08:40.148,OnTrack,8309.0,15341.0,1955.0,pos,0 days 00:00:36.007000,0 days 01:00:56.229000,10416.9498944,202.1499968,4,100.0,False,0,2266.492537602048,0.39598532894458116
2024-09-01 13:08:40.342,OnTrack,8398.937974020559,15368.330101098454,1953.7187247958857,car,0 days 00:00:36.201000,0 days 01:00:56.423000,10577.0,207.0,5,100.0,False,0,2277.6516666666676,0.3979349719811577
2024-09-01 13:08:40.468,OnTrack,8482.0,15397.0,1953.0,pos,0 days 00:00:36.327000,0 days 01:00:56.549000,10775.974797866667,209.62499733333334,5,100.0,False,0,2285.025406055475,0.39922325886893084
2024-09-01 13:08:40.582,OnTrack,8591.439037902506,15437.111658421973,1952.8838666810682,car,0 days 00:00:36.441000,0 days 01:00:56.663000,10956.0,212.0,5,100.0,False,0,2291.785000000001,0.4004042466671466
2024-09-01 13:08:40.689,OnTrack,8682.0,15471.0,1953.0,pos,0 days 00:00:36.548000,0 days 01:00:56.770000,11015.996320914286,214.29285302857141,5,100.0,False,0,2298.2097857303597,0.4015267391742369
2024-09-01 13:08:40.862,OnTrack,8729.167063263933,15489.529117503556,1953.1600614767863,car,0 days 00:00:36.721000,0 days 01:00:56.943000,11113.0,218.0,5,100.0,False,0,2308.740555555557,0.4033665997888597
2024-09-01 13:08:40.948,OnTrack,8750.0,15498.0,1953.0,pos,0 days 00:00:36.807000,0 days 01:00:57.029000,11241.56980864,219.71999744,5,100.0,False,0,2314.027336182209,0.4042902682019565
2024-09-01 13:08:41.062,OnTrack,8803.037665326721,15518.877198823338,1952.394365889662,car,0 days 00:00:36.921000,0 days 01:00:57.143000,11412.0,222.0,5,100.0,False,0,2321.0738888888905,0.4055213913780481
2024-09-01 13:08:41.248,OnTrack,8923.0,15565.0,1951.0,pos,0 days 00:00:37.107000,0 days 01:00:57.329000,11615.66985984,223.85999872,5,100.0,False,0,2332.6401162307584,0.4075421597073642
2024-09-01 13:08:41.262,OnTrack,8931.693655833218,15568.268916683697,1950.9135931280703,car,0 days 00:00:37.121000,0 days 01:00:57.343000,11631.0,224.0,5,100.0,False,0,2333.518333333335,0.407695595504076
2024-09-01 13:08:41.422,OnTrack,9026.820256975392,15603.35075079396,1950.1489188234102,car,0 days 00:00:37.281000,0 days 01:00:57.503000,11652.0,228.0,5,100.0,False,0,2343.6516666666685,0.4094660188638417
2024-09-01 13:08:41.508,OnTrack,9077.0,15622.0,1950.0,pos,0 days 00:00:37.367000,0 days 01:00:57.589000,11726.576365991636,229.29323178020175,5,100.0,False,0,2349.1760106101055,0.4104311926366878
2024-09-01 13:08:41.549,OnTrack,9101.0,15631.0,1950.0,pos,0 days 00:00:37.408000,0 days 01:00:57.630000,11762.130212313285,229.90977246786045,5,100.0,False,0,2351.829108389925,0.4108947228621945
2024-09-01 13:08:41.789,OnTrack,9248.0,15681.0,1950.0,pos,0 days 00:00:37.648000,0 days 01:00:57.870000,11970.250613213328,233.51879676092474,5,100.0,False,0,2367.497440303154,0.4136321814965111
2024-09-01 13:08:41.821,OnTrack,9270.915534212398,15688.669211344475,1950.0085478756953,car,0 days 00:00:37.680000,0 days 01:00:57.902000,11998.0,234.0,5,100.0,False,0,2369.5866666666684,0.4139971961502418
2024-09-01 13:08:42.021,OnTrack,9431.51905060625,15742.96718869678,1950.1016519596658,car,0 days 00:00:37.880000,0 days 01:00:58.102000,11864.0,233.0,5,0.0,True,0,2382.5311111111128,0.4162587566920476
2024-09-01 13:08:42.129,OnTrack,9502.0,15767.0,1950.0,pos,0 days 00:00:37.988000,0 days 01:00:58.210000,11320.625,224.9,5,0.0,True,0,2389.2324452809266,0.4174295657600575
2024-09-01 13:08:42.181,OnTrack,9528.221253349562,15775.995772672304,1949.8901158382903,car,0 days 00:00:38.040000,0 days 01:00:58.262000,11059.0,221.0,5,0.0,True,0,2392.3533333333353,0.41797482494866256
2024-09-01 13:08:42.469,OnTrack,9647.0,15813.0,1948.0,pos,0 days 00:00:38.328000,0 days 01:00:58.550000,10295.8,204.2,5,0.0,True,0,2408.42861711235,0.4207833832957575
2024-09-01 13:08:42.541,OnTrack,9702.619478256216,15827.810158792587,1946.8994734142661,car,0 days 00:00:38.400000,0 days 01:00:58.622000,10105.0,200.0,5,0.0,True,0,2412.3533333333353,0.4214690815797789
2024-09-01 13:08:42.701,OnTrack,9840.367988169346,15863.119826304386,1944.2492108318033,car,0 days 00:00:38.560000,0 days 01:00:58.782000,9813.0,196.0,5,0.0,True,0,2421.064444444446,0.4229910244679984
2024-09-01 13:08:42.729,OnTrack,9856.0,15867.0,1944.0,pos,0 days 00:00:38.588000,0 days 01:00:58.810000,9825.25,194.775,5,0.0,True,0,2422.5602302809493,0.423252357446895
2024-09-01 13:08:42.861,OnTrack,9888.389892416237,15874.207854345666,1943.8555780160084,car,0 days 00:00:38.720000,0 days 01:00:58.942000,9883.0,189.0,5,0.0,True,0,2429.464444444446,0.42445861225306725
2024-09-01 13:08:42.969,OnTrack,9906.0,15875.0,1944.0,pos,0 days 00:00:38.828000,0 days 01:00:59.050000,10059.85,186.03,5,0.0,True,0,2434.945795234746,0.4254162745703913
2024-09-01 13:08:43.261,OnTrack,10050.321813844661,15882.188624180733,1942.2075589570168,car,0 days 00:00:39.120000,0 days 01:00:59.342000,10538.0,178.0,4,0.0,True,0,2449.242222222224,0.4279140438105045
2024-09-01 13:08:43.289,OnTrack,10065.0,15882.0,1942.0,pos,0 days 00:00:39.148000,0 days 01:00:59.370000,10507.783333333333,177.53333333333333,4,0.8166666666666667,True,0,2450.6012903267665,0.42815149044732637
2024-09-01 13:08:43.469,OnTrack,10152.0,15875.0,1941.0,pos,0 days 00:00:39.328000,0 days 01:00:59.550000,10313.533333333333,174.53333333333333,4,6.066666666666666,True,0,2459.3035175548475,0.4296718812071865
2024-09-01 13:08:43.501,OnTrack,10167.182092059475,15872.894421780551,1940.9889804034208,car,0 days 00:00:39.360000,0 days 01:00:59.582000,10279.0,174.0,4,7.0,False,0,2460.842222222224,0.429940712656552
2024-09-01 13:08:43.649,OnTrack,10237.0,15860.0,1941.0,pos,0 days 00:00:39.508000,0 days 01:00:59.730000,10209.625,172.15,4,12.55,False,0,2467.917266365542,0.4311768136522135
2024-09-01 13:08:43.661,OnTrack,10242.525522949967,15858.720721848345,1940.9071870839666,car,0 days 00:00:39.520000,0 days 01:00:59.742000,10204.0,172.0,4,13.0,False,0,2468.486666666668,0.43127629519111194
2024-09-01 13:08:43.809,OnTrack,10309.0,15840.0,1939.0,pos,0 days 00:00:39.668000,0 days 01:00:59.890000,10198.45,170.15,4,28.416666666666664,False,0,2475.4509961632066,0.4324930529173399
2024-09-01 13:08:43.901,OnTrack,10349.451029416148,15825.536700127861,1938.5591835734085,car,0 days 00:00:39.760000,0 days 01:00:59.982000,10195.0,169.0,4,38.0,False,0,2479.753333333335,0.43324472642664086
2024-09-01 13:08:44.109,OnTrack,10438.0,15785.0,1939.0,pos,0 days 00:00:39.968000,0 days 01:01:00.190000,10162.066666666668,168.13333333333333,4,43.2,False,0,2489.461537947458,0.43494087434409756
2024-09-01 13:08:44.141,OnTrack,10451.095962868258,15777.83807978235,1938.9400393053174,car,0 days 00:00:40,0 days 01:01:00.222000,10157.0,168.0,4,44.0,False,0,2490.9533333333347,0.435201510140066
2024-09-01 13:08:44.369,OnTrack,10540.0,15720.0,1938.0,pos,0 days 00:00:40.228000,0 days 01:01:00.450000,10133.25,168.0,4,51.6,False,0,2501.5904606821077,0.4370599527787899
2024-09-01 13:08:44.381,OnTrack,10544.448320153591,15716.652538300032,1937.9946000345983,car,0 days 00:00:40.240000,0 days 01:01:00.462000,10132.0,168.0,4,52.0,False,0,2502.153333333335,0.43715829385349114
2024-09-01 13:08:44.429,OnTrack,10562.0,15703.0,1938.0,pos,0 days 00:00:40.288000,0 days 01:01:00.510000,10201.2,168.4,4,55.46666666666667,False,0,2504.409129772148,0.43755241043672966
2024-09-01 13:08:44.669,OnTrack,10645.0,15627.0,1937.0,pos,0 days 00:00:40.528000,0 days 01:01:00.750000,10547.2,170.4,4,72.8,False,0,2515.7963476870814,0.4395419035221908
2024-09-01 13:08:44.741,OnTrack,10669.574609226294,15598.851623914388,1936.6617163774786,car,0 days 00:00:40.600000,0 days 01:01:00.822000,10651.0,171.0,4,78.0,False,0,2519.253333333335,0.4401458832730956
2024-09-01 13:08:44.941,OnTrack,10734.835916586075,15510.996997553762,1936.012906726078,car,0 days 00:00:40.800000,0 days 01:01:01.022000,10701.0,175.0,4,82.0,False,0,2528.975555555557,0.4418444802465549
2024-09-01 13:08:44.989,OnTrack,10748.0,15491.0,1936.0,pos,0 days 00:00:40.848000,0 days 01:01:01.070000,10762.733333333334,175.8,4,82.53333333333333,False,0,2531.34624166574,0.44225866952959497
2024-09-01 13:08:45.301,OnTrack,10810.89740408459,15369.596299763172,1936.955195495238,car,0 days 00:00:41.160000,0 days 01:01:01.382000,11164.0,181.0,4,86.0,False,0,2547.075555555557,0.4450067824977152
2024-09-01 13:08:45.329,OnTrack,10816.0,15357.0,1937.0,pos,0 days 00:00:41.188000,0 days 01:01:01.410000,11205.252640852288,181.4982203001484,4,86.29893218008904,False,0,2548.5034522032006,0.445256254364194
2024-09-01 13:08:45.509,OnTrack,10848.0,15269.0,1937.0,pos,0 days 00:00:41.368000,0 days 01:01:01.590000,11470.448189188426,184.70106508681673,4,88.22063905209004,False,0,2557.755080635175,0.4468726325640466
2024-09-01 13:08:45.582,OnTrack,10858.693357273565,15235.941906322747,1937.0306702657663,car,0 days 00:00:41.441000,0 days 01:01:01.663000,11578.0,186.0,4,89.0,False,0,2561.5938888888904,0.447543321623853
2024-09-01 13:08:45.749,OnTrack,10881.0,15146.0,1937.0,pos,0 days 00:00:41.608000,0 days 01:01:01.830000,11096.086268342857,191.96427885714286,4,95.56070674285715,False,0,2570.6127378962497,0.4491190302713031
2024-09-01 13:08:45.862,OnTrack,10899.610000063256,15042.690184806102,1936.538017819198,car,0 days 00:00:41.721000,0 days 01:01:01.943000,10770.0,196.0,4,100.0,False,0,2576.838333333335,0.4502067216782373
2024-09-01 13:08:45.969,OnTrack,10915.0,14950.0,1936.0,pos,0 days 00:00:41.828000,0 days 01:01:02.050000,10724.5250816,198.6749952,4,100.0,False,0,2582.7893584237686,0.45124644212244663
2024-09-01 13:08:46.102,OnTrack,10924.468439419934,14891.36195029501,1935.5154004552019,car,0 days 00:00:41.961000,0 days 01:01:02.183000,10668.0,202.0,5,100.0,False,0,2590.3050000000017,0.4525595211431889
2024-09-01 13:08:46.308,OnTrack,10930.0,14837.0,1935.0,pos,0 days 00:00:42.167000,0 days 01:01:02.389000,10882.5832,208.8666624,5,100.0,False,0,2602.2977035107697,0.4546548003315646
2024-09-01 13:08:46.342,OnTrack,10931.76039936542,14818.35972420248,1934.9156615810466,car,0 days 00:00:42.201000,0 days 01:01:02.423000,10918.0,210.0,5,100.0,False,0,2604.305000000001,0.45500550078497026
2024-09-01 13:08:46.582,OnTrack,10949.29368276751,14629.753040162912,1934.2598921820882,car,0 days 00:00:42.441000,0 days 01:01:02.663000,11109.0,215.0,5,100.0,False,0,2618.6383333333347,0.45750971803727036
2024-09-01 13:08:46.648,OnTrack,10953.0,14589.0,1934.0,pos,0 days 00:00:42.507000,0 days 01:01:02.729000,11159.049902933333,216.09999786666665,5,100.0,False,0,2622.623155406199,0.4582059175848666
2024-09-01 13:08:46.822,OnTrack,10958.655515060178,14522.545512773322,1933.1623089556576,car,0 days 00:00:42.681000,0 days 01:01:02.903000,11291.0,219.0,5,100.0,False,0,2633.2383333333346,0.46006052537798525
2024-09-01 13:08:46.868,OnTrack,10960.0,14504.0,1933.0,pos,0 days 00:00:42.727000,0 days 01:01:02.949000,11318.71492288,219.91999744,5,100.0,False,0,2636.0815988412955,0.4605572803457461
2024-09-01 13:08:47.222,OnTrack,10973.985516965735,14284.370884915212,1932.9807189459545,car,0 days 00:00:43.081000,0 days 01:01:03.303000,11532.0,227.0,5,100.0,False,0,2658.4605555555568,0.4644671712405597
2024-09-01 13:08:47.268,OnTrack,10976.0,14254.0,1933.0,pos,0 days 00:00:43.127000,0 days 01:01:03.349000,11553.118123054546,227.8363613090909,5,100.0,False,0,2661.4236060085477,0.4649848541752445
2024-09-01 13:08:47.428,OnTrack,10983.0,14152.0,1933.0,pos,0 days 00:00:43.287000,0 days 01:01:03.509000,11626.57266850909,230.7454522181818,5,100.0,False,0,2671.823253470766,0.4668018060305509
2024-09-01 13:08:47.568,OnTrack,10989.0,14062.0,1933.0,pos,0 days 00:00:43.427000,0 days 01:01:03.649000,11690.845395781818,233.29090676363637,5,100.0,False,0,2681.0054619033635,0.4684060556657457
2024-09-01 13:08:47.662,OnTrack,10994.079418221176,13991.74395951807,1932.9874934347124,car,0 days 00:00:43.521000,0 days 01:01:03.743000,11734.0,235.0,5,100.0,False,0,2687.182777777779,0.46948531201357957
2024-09-01 13:08:47.788,OnTrack,11002.0,13891.0,1933.0,pos,0 days 00:00:43.647000,0 days 01:01:03.869000,11338.281652,236.1812488,5,100.0,False,0,2695.4778711086574,0.4709345712574371
2024-09-01 13:08:47.968,OnTrack,11014.0,13756.0,1933.0,pos,0 days 00:00:43.827000,0 days 01:01:04.049000,10772.969152,237.8687488,5,100.0,False,0,2707.4036342479335,0.473018155103964
2024-09-01 13:08:47.982,OnTrack,11014.91888713281,13746.217068066802,1932.9566022343986,car,0 days 00:00:43.841000,0 days 01:01:04.063000,10729.0,238.0,6,100.0,False,0,2708.3383333333345,0.47318145902782704
2024-09-01 13:08:48.169,OnTrack,11027.0,13623.0,1932.0,pos,0 days 00:00:44.028000,0 days 01:01:04.250000,10797.25492992,239.86999808,6,100.0,False,0,2720.822443220079,0.47536259321559415
2024-09-01 13:08:48.182,OnTrack,11027.86115029974,13614.424211558999,1931.9681144276283,car,0 days 00:00:44.041000,0 days 01:01:04.263000,10802.0,240.0,6,100.0,False,0,2721.671666666668,0.4755109634485713
2024-09-01 13:08:48.349,OnTrack,11039.0,13504.0,1932.0,pos,0 days 00:00:44.208000,0 days 01:01:04.430000,10852.644076420207,231.2105321915343,6,58.14539138825852,False,0,2732.2565371244045,0.47736027613789395
2024-09-01 13:08:48.581,OnTrack,11052.496150798363,13357.414819167694,1931.9526573218454,car,0 days 00:00:44.440000,0 days 01:01:04.662000,10923.0,219.0,6,0.0,True,0,2745.944166666668,0.47975168065250984
2024-09-01 13:08:48.609,OnTrack,11054.0,13337.0,1932.0,pos,0 days 00:00:44.468000,0 days 01:01:04.690000,10983.4,216.5,6,0.0,True,0,2747.5142380187363,0.48002599226417436
2024-09-01 13:08:48.861,OnTrack,11065.754250811457,13132.77064697973,1932.9605653550163,car,0 days 00:00:44.720000,0 days 01:01:04.942000,11527.0,194.0,6,0.0,True,0,2761.033055555557,0.4823879031553187
2024-09-01 13:08:48.909,OnTrack,11067.0,13106.0,1933.0,pos,0 days 00:00:44.768000,0 days 01:01:04.990000,11378.8,191.9,6,0.0,True,0,2763.5577549408417,0.48282900053374905
2024-09-01 13:08:49.021,OnTrack,11068.25047472632,13069.518093780269,1932.7448039351125,car,0 days 00:00:44.880000,0 days 01:01:05.102000,11033.0,187.0,5,0.0,True,0,2769.344166666668,0.48383996091091597
2024-09-01 13:08:49.169,OnTrack,11067.0,13037.0,1932.0,pos,0 days 00:00:45.028000,0 days 01:01:05.250000,10433.6,175.9,5,0.0,True,0,2776.5505001616966,0.4850989998409679
2024-09-01 13:08:49.181,OnTrack,11066.794398704438,13032.653469008328,1931.9402830949634,car,0 days 00:00:45.040000,0 days 01:01:05.262000,10385.0,175.0,4,0.0,True,0,2777.121944444446,0.4851988384896834
2024-09-01 13:08:49.349,OnTrack,11062.0,12953.0,1931.0,pos,0 days 00:00:45.208000,0 days 01:01:05.430000,9940.64,169.12,4,0.0,True,0,2784.986931849014,0.48657295270928635
2024-09-01 13:08:49.381,OnTrack,11060.554728171845,12937.815780184392,1930.7452298469834,car,0 days 00:00:45.240000,0 days 01:01:05.462000,9856.0,168.0,4,0.0,True,0,2786.455277777779,0.4868294915842043
2024-09-01 13:08:49.569,OnTrack,11048.0,12855.0,1929.0,pos,0 days 00:00:45.428000,0 days 01:01:05.650000,9615.7125,163.3,4,0.5875,True,0,2794.887865347385,0.48830277283583257
2024-09-01 13:08:49.701,OnTrack,11034.280243742387,12799.247530088085,1928.2704081952077,car,0 days 00:00:45.560000,0 days 01:01:05.782000,9447.0,160.0,4,1.0,False,0,2800.677500000001,0.48931429629966483
2024-09-01 13:08:49.809,OnTrack,11020.0,12755.0,1928.0,pos,0 days 00:00:45.668000,0 days 01:01:05.890000,9431.25,158.875,4,12.25,False,0,2805.3654864409323,0.4901333476850552
2024-09-01 13:08:50.009,OnTrack,10986.0,12677.0,1928.0,pos,0 days 00:00:45.868000,0 days 01:01:06.090000,9402.083333333334,156.79166666666666,4,33.083333333333336,False,0,2813.9440602574464,0.4916321346072489
2024-09-01 13:08:50.181,OnTrack,10947.383687165853,12614.230713137267,1927.7988043581845,car,0 days 00:00:46.040000,0 days 01:01:06.262000,9377.0,155.0,4,51.0,False,0,2821.344166666668,0.4929250281518184
2024-09-01 13:08:50.289,OnTrack,10920.0,12577.0,1928.0,pos,0 days 00:00:46.148000,0 days 01:01:06.370000,9597.242857142857,155.77142857142857,4,62.57142857142857,False,0,2826.0221291269318,0.49374232821916286
2024-09-01 13:08:50.461,OnTrack,10872.940597691708,12521.307621351496,1929.3652308809462,car,0 days 00:00:46.320000,0 days 01:01:06.542000,9948.0,157.0,4,81.0,False,0,2833.555277777779,0.49505846595048325
2024-09-01 13:08:50.589,OnTrack,10832.0,12482.0,1930.0,pos,0 days 00:00:46.448000,0 days 01:01:06.670000,9795.314285714287,159.74285714285713,4,80.54285714285714,False,0,2839.2647150606836,0.49605597790476985
2024-09-01 13:08:50.609,OnTrack,10825.0,12476.0,1930.0,pos,0 days 00:00:46.468000,0 days 01:01:06.690000,9771.457142857143,160.17142857142858,4,80.47142857142858,False,0,2840.16511848398,0.4962132899363966
2024-09-01 13:08:50.741,OnTrack,10783.09757723079,12441.294638042158,1930.0537579337808,car,0 days 00:00:46.600000,0 days 01:01:06.822000,9614.0,163.0,4,80.0,False,0,2846.233055555557,0.4972734364038742
2024-09-01 13:08:50.849,OnTrack,10739.0,12410.0,1930.0,pos,0 days 00:00:46.708000,0 days 01:01:06.930000,9956.9,166.43636363636364,4,84.9090909090909,False,0,2851.364103634456,0.4981698963425878
2024-09-01 13:08:51.129,OnTrack,10565.0,12304.0,1929.0,pos,0 days 00:00:46.988000,0 days 01:01:07.210000,10845.9,175.34545454545454,4,97.63636363636364,False,0,2865.2425164446113,0.5005946331421505
2024-09-01 13:08:51.181,OnTrack,10543.16143344702,12291.396620272297,1928.8159311871782,car,0 days 00:00:47.040000,0 days 01:01:07.262000,11011.0,177.0,4,100.0,False,0,2867.8663888888905,0.5010530573265318
2024-09-01 13:08:51.381,OnTrack,10499.033358476028,12268.37053783051,1928.234648221662,car,0 days 00:00:47.240000,0 days 01:01:07.462000,11387.0,184.0,4,100.0,False,0,2878.0886111111126,0.502839010715769
2024-09-01 13:08:51.469,OnTrack,10474.0,12256.0,1928.0,pos,0 days 00:00:47.328000,0 days 01:01:07.550000,11528.9,186.56666666666666,4,100.0,False,0,2882.6903208130225,0.5036429884477875
2024-09-01 13:08:51.621,OnTrack,10408.384239991221,12223.036916454184,1927.6013807372487,car,0 days 00:00:47.480000,0 days 01:01:07.702000,11774.0,191.0,4,100.0,False,0,2890.821944444446,0.5050636874375798
2024-09-01 13:08:51.809,OnTrack,10311.0,12174.0,1927.0,pos,0 days 00:00:47.668000,0 days 01:01:07.890000,11872.7,197.4625,4,100.0,False,0,2901.2471019593463,0.5068850962264234
2024-09-01 13:08:51.941,OnTrack,10249.638427035015,12143.408072884105,1926.4133018857356,car,0 days 00:00:47.800000,0 days 01:01:08.022000,11942.0,202.0,4,100.0,False,0,2908.777500000002,0.5082007533908487
2024-09-01 13:08:52.029,OnTrack,10201.0,12119.0,1926.0,pos,0 days 00:00:47.888000,0 days 01:01:08.110000,11470.91587287638,205.50248421653248,4,100.0,False,0,2913.8827082209946,0.5090926987748203
2024-09-01 13:08:52.142,OnTrack,10120.06312226552,12077.985731654779,1925.4891016691893,car,0 days 00:00:48.001000,0 days 01:01:08.223000,10866.0,210.0,4,100.0,False,0,2920.502500000002,0.5102492613408406
2024-09-01 13:08:52.249,OnTrack,10046.0,12040.0,1925.0,pos,0 days 00:00:48.108000,0 days 01:01:08.330000,11062.87964672,211.60499712,4,100.0,False,0,2926.7923126005862,0.5113481723102442
2024-09-01 13:08:52.342,OnTrack,9999.95630603428,12015.810860086141,1924.5512765207177,car,0 days 00:00:48.201000,0 days 01:01:08.423000,11234.0,213.0,5,100.0,False,0,2932.335833333335,0.512316696514251
2024-09-01 13:08:52.569,OnTrack,9918.0,11971.0,1924.0,pos,0 days 00:00:48.428000,0 days 01:01:08.650000,11469.5123008,221.5124928,5,100.0,False,0,2946.3230114356534,0.5147604360059826
2024-09-01 13:08:52.582,OnTrack,9911.778729841479,11967.650792037131,1924.0356182805199,car,0 days 00:00:48.441000,0 days 01:01:08.663000,11483.0,222.0,5,100.0,False,0,2947.135833333335,0.5149024464212771
2024-09-01 13:08:52.768,OnTrack,9808.0,11912.0,1925.0,pos,0 days 00:00:48.627000,0 days 01:01:08.849000,11662.0248768,226.6499968,5,100.0,False,0,2958.8730809326657,0.5169530941840279
2024-09-01 13:08:52.822,OnTrack,9778.80633657291,11896.06959729296,1925.1300210287566,car,0 days 00:00:48.681000,0 days 01:01:08.903000,11714.0,228.0,5,100.0,False,0,2962.3358333333354,0.5175580814609256
2024-09-01 13:08:53.028,OnTrack,9662.0,11832.0,1925.0,pos,0 days 00:00:48.887000,0 days 01:01:09.109000,11330.3252384,233.7937464,5,100.0,False,0,2975.810368108729,0.519912255585432
2024-09-01 13:08:53.142,OnTrack,9572.020108577555,11784.208808985939,1924.9820181128648,car,0 days 00:00:49.001000,0 days 01:01:09.223000,11118.0,237.0,5,100.0,False,0,2983.402500000002,0.5212386984457015
2024-09-01 13:08:53.268,OnTrack,9475.0,11733.0,1925.0,pos,0 days 00:00:49.127000,0 days 01:01:09.349000,11082.65003591111,239.79999715555556,5,100.0,False,0,2991.8806367887237,0.5227199377303766
2024-09-01 13:08:53.502,OnTrack,9371.535433318346,11677.176507859176,1924.9704708273234,car,0 days 00:00:49.361000,0 days 01:01:09.583000,11017.0,245.0,6,100.0,False,8,3007.902500000002,0.5255191628188189
2024-09-01 13:08:53.568,OnTrack,9344.0,11662.0,1925.0,pos,0 days 00:00:49.427000,0 days 01:01:09.649000,11082.999872,246.6499968,6,100.0,False,8,3012.498716871288,0.526322180882846
2024-09-01 13:08:53.862,OnTrack,9177.660748261098,11569.083869363434,1925.2151812103925,car,0 days 00:00:49.721000,0 days 01:01:09.943000,11377.0,254.0,6,100.0,False,14,3033.302500000002,0.5299568687403368
2024-09-01 13:08:53.928,OnTrack,9125.0,11539.0,1925.0,pos,0 days 00:00:49.787000,0 days 01:01:10.009000,11449.92985856,255.31999744,6,100.0,False,14,3038.0099093179397,0.5307793135515658
2024-09-01 13:08:54.062,OnTrack,9001.455710167307,11467.71001555711,1924.1812696478628,car,0 days 00:00:49.921000,0 days 01:01:10.143000,11598.0,258.0,6,100.0,False,12,3047.6358333333355,0.5324610859926368
2024-09-01 13:08:54.108,OnTrack,8964.0,11446.0,1924.0,pos,0 days 00:00:49.967000,0 days 01:01:10.189000,11519.2252192,258.95833066666665,6,100.0,False,12,3050.97836247508,0.5330450687235487
2024-09-01 13:08:54.448,OnTrack,8799.0,11351.0,1925.0,pos,0 days 00:00:50.307000,0 days 01:01:10.529000,10936.9752192,266.041664,6,100.0,False,12,3076.258846151784,0.5374618936098063
2024-09-01 13:08:54.542,OnTrack,8740.825056698732,11319.069825239985,1925.0231302774575,car,0 days 00:00:50.401000,0 days 01:01:10.623000,10776.0,268.0,6,100.0,False,12,3083.3691666666687,0.5387041578402313
2024-09-01 13:08:54.588,OnTrack,8708.0,11301.0,1925.0,pos,0 days 00:00:50.447000,0 days 01:01:10.669000,10811.278114299243,268.9223036418103,6,100.0,False,12,3086.8637860490726,0.5393147126877409
2024-09-01 13:08:54.889,OnTrack,8444.0,11153.0,1925.0,pos,0 days 00:00:50.748000,0 days 01:01:10.970000,11042.12028156164,274.9573929820036,6,100.0,False,12,3109.947163317946,0.5433476748922569
2024-09-01 13:08:54.941,OnTrack,8399.049062535421,11127.559499688366,1925.0912978285535,car,0 days 00:00:50.800000,0 days 01:01:11.022000,11082.0,276.0,7,100.0,False,12,3113.959166666669,0.5440486233575237
2024-09-01 13:08:55.101,OnTrack,8268.439282618776,11053.254107690813,1925.5835569354665,car,0 days 00:00:50.960000,0 days 01:01:11.182000,11096.0,279.0,7,100.0,False,12,3126.3591666666684,0.5462150624688158
2024-09-01 13:08:55.289,OnTrack,8145.0,10983.0,1926.0,pos,0 days 00:00:51.148000,0 days 01:01:11.370000,11292.616666666667,282.9166666666667,7,100.0,False,12,3141.168948792776,0.5488025214387927
2024-09-01 13:08:55.341,OnTrack,8118.475447506376,10967.99128641484,1926.013332261427,car,0 days 00:00:51.200000,0 days 01:01:11.422000,11347.0,284.0,7,100.0,False,12,3145.292500000002,0.5495229587462725
2024-09-01 13:08:55.581,OnTrack,8024.927721850227,10915.05768375705,1925.768003372441,car,0 days 00:00:51.440000,0 days 01:01:11.662000,11378.0,287.0,7,100.0,False,12,3164.4258333333355,0.5528657975900405
2024-09-01 13:08:55.669,OnTrack,7979.0,10888.0,1926.0,pos,0 days 00:00:51.528000,0 days 01:01:11.750000,11398.9,288.1,7,100.0,False,12,3171.5036005719667,0.5541023743453948
2024-09-01 13:08:55.981,OnTrack,7750.6456742383925,10748.584537234012,1927.9868627896328,car,0 days 00:00:51.840000,0 days 01:01:12.062000,11473.0,292.0,7,100.0,False,12,3196.87027777778,0.5585342583471848
2024-09-01 13:08:55.989,OnTrack,7745.0,10745.0,1928.0,pos,0 days 00:00:51.848000,0 days 01:01:12.070000,11454.5,292.125,7,100.0,False,12,3197.5255007612354,0.5586487342099248
2024-09-01 13:08:56.289,OnTrack,7554.0,10617.0,1927.0,pos,0 days 00:00:52.148000,0 days 01:01:12.370000,10760.75,296.8125,7,100.0,False,12,3222.27242595921,0.562972339583563
2024-09-01 13:08:56.301,OnTrack,7546.117460376969,10611.466286162993,1926.976324964538,car,0 days 00:00:52.160000,0 days 01:01:12.382000,10733.0,297.0,7,100.0,False,12,3223.27027777778,0.5631466771002583
2024-09-01 13:08:56.469,OnTrack,7433.0,10530.0,1927.0,pos,0 days 00:00:52.328000,0 days 01:01:12.550000,10788.44,300.36,7,100.0,False,12,3237.306240838758,0.5655989399502547
2024-09-01 13:08:56.501,OnTrack,7412.291678313439,10514.456809494228,1927.051075095788,car,0 days 00:00:52.360000,0 days 01:01:12.582000,10799.0,301.0,8,100.0,False,12,3239.9925000000026,0.5660682638946085
2024-09-01 13:08:56.689,OnTrack,7287.0,10416.0,1927.0,pos,0 days 00:00:52.548000,0 days 01:01:12.770000,10879.84,303.82,8,100.0,False,12,3255.8617738240837,0.5688408296591483
2024-09-01 13:08:56.701,OnTrack,7277.486226512459,10408.358090311322,1926.9123645004977,car,0 days 00:00:52.560000,0 days 01:01:12.782000,10885.0,304.0,8,100.0,False,12,3256.8813888888913,0.5690189694942178
2024-09-01 13:08:56.941,OnTrack,7052.359637406676,10224.892439871519,1922.9766685691181,car,0 days 00:00:52.800000,0 days 01:01:13.022000,10928.0,308.0,8,100.0,False,12,3277.4147222222246,0.5726064063021639
2024-09-01 13:08:56.989,OnTrack,7009.0,10189.0,1922.0,pos,0 days 00:00:52.848000,0 days 01:01:13.070000,10962.5,308.3,8,100.0,False,12,3281.528622618934,0.5733251574892116
2024-09-01 13:08:57.101,OnTrack,6916.2135023057035,10111.332343493012,1919.675469817864,car,0 days 00:00:52.960000,0 days 01:01:13.182000,11043.0,309.0,8,100.0,False,12,3291.1480555555577,0.5750057958555304
2024-09-01 13:08:57.341,OnTrack,6761.906627719234,9979.367042642603,1915.117503048175,car,0 days 00:00:53.200000,0 days 01:01:13.422000,11179.0,313.0,8,100.0,False,12,3312.0147222222245,0.5786514702739951
2024-09-01 13:08:57.349,OnTrack,6758.0,9976.0,1915.0,pos,0 days 00:00:53.208000,0 days 01:01:13.430000,11180.5,313.075,8,100.0,False,12,3312.713927842628,0.5787736304677755
2024-09-01 13:08:57.661,OnTrack,6640.389555293785,9873.543680064704,1911.439777738017,car,0 days 00:00:53.520000,0 days 01:01:13.742000,11239.0,316.0,8,100.0,False,12,3340.1036111111134,0.5835589595870296
2024-09-01 13:08:57.689,OnTrack,6626.0,9861.0,1911.0,pos,0 days 00:00:53.548000,0 days 01:01:13.770000,11248.275,316.35,8,100.0,False,12,3342.5709393650977,0.5839900334926609
2024-09-01 13:08:57.821,OnTrack,6541.569245047904,9787.535960497553,1908.4129861689191,car,0 days 00:00:53.680000,0 days 01:01:13.902000,11292.0,318.0,8,100.0,False,12,3354.236944444447,0.5860282342730185
2024-09-01 13:08:57.929,OnTrack,6465.0,9721.0,1906.0,pos,0 days 00:00:53.788000,0 days 01:01:14.010000,11343.3,320.025,8,100.0,False,12,3363.86034372187,0.5877095656099692
2024-09-01 13:08:57.981,OnTrack,6429.217118959195,9689.92275724067,1904.8335987632404,car,0 days 00:00:53.840000,0 days 01:01:14.062000,11368.0,321.0,8,100.0,False,12,3368.5036111111135,0.5885208040032148
2024-09-01 13:08:58.189,OnTrack,6290.0,9569.0,1900.0,pos,0 days 00:00:54.048000,0 days 01:01:14.270000,11443.4,321.8666666666667,8,100.0,False,12,3387.094519068132,0.591768874173579
2024-09-01 13:08:58.221,OnTrack,6268.333272562436,9550.146197441522,1899.1970050044038,car,0 days 00:00:54.080000,0 days 01:01:14.302000,11455.0,322.0,8,100.0,False,12,3389.97027777778,0.592271306120613
2024-09-01 13:08:58.349,OnTrack,6181.0,9474.0,1896.0,pos,0 days 00:00:54.208000,0 days 01:01:14.430000,11494.822222222223,323.77777777777777,8,100.0,False,12,3401.532674422455,0.5942914051779755
2024-09-01 13:08:58.549,OnTrack,6045.0,9355.0,1892.0,pos,0 days 00:00:54.408000,0 days 01:01:14.630000,11557.044444444444,326.55555555555554,8,100.0,False,12,3419.7476034467322,0.5974737870043952
2024-09-01 13:08:58.581,OnTrack,6023.140546800445,9335.983772717036,1891.3401884299883,car,0 days 00:00:54.440000,0 days 01:01:14.662000,11567.0,327.0,8,100.0,False,12,3422.67027777778,0.5979844157124882
2024-09-01 13:08:58.789,OnTrack,5880.0,9212.0,1887.0,pos,0 days 00:00:54.648000,0 days 01:01:14.870000,11637.77172784991,329.5892095554845,8,100.0,False,12,3441.7252958135696,0.6013135718688681
2024-09-01 13:08:58.822,OnTrack,5857.130930179502,9192.101071924271,1886.4305151746312,car,0 days 00:00:54.681000,0 days 01:01:14.903000,11649.0,330.0,8,100.0,False,12,3444.7619444444467,0.6018441133496087
2024-09-01 13:08:58.969,OnTrack,5755.0,9103.0,1884.0,pos,0 days 00:00:54.828000,0 days 01:01:15.050000,11696.1624384,331.8374976,8,100.0,False,12,3458.340306811183,0.6042164274865921
2024-09-01 13:08:59.062,OnTrack,5690.599531293341,9046.993071639028,1881.8762818071586,car,0 days 00:00:54.921000,0 days 01:01:15.143000,11726.0,333.0,8,100.0,False,12,3466.961944444447,0.6057227382101479
2024-09-01 13:08:59.189,OnTrack,5602.0,8970.0,1879.0,pos,0 days 00:00:55.048000,0 days 01:01:15.270000,11780.428489142858,333.9071414857143,8,100.0,False,12,3478.7634893137956,0.6077846195310048
2024-09-01 13:08:59.342,OnTrack,5492.269052392466,8874.26573586814,1877.32604088764,car,0 days 00:00:55.201000,0 days 01:01:15.423000,11846.0,335.0,8,100.0,False,12,3493.017500000002,0.6102749780990189
2024-09-01 13:08:59.502,OnTrack,5380.1327528421925,8776.758969128861,1877.007603822986,car,0 days 00:00:55.361000,0 days 01:01:15.583000,11846.0,336.0,8,100.0,False,12,3507.950833333336,0.6128840230502525
2024-09-01 13:08:59.528,OnTrack,5363.0,8762.0,1877.0,pos,0 days 00:00:55.387000,0 days 01:01:15.609000,11875.50985472,336.0,8,100.0,False,12,3510.3769492708716,0.613307896635382
2024-09-01 13:08:59.668,OnTrack,5264.0,8677.0,1877.0,pos,0 days 00:00:55.527000,0 days 01:01:15.749000,12034.40985472,336.0,8,100.0,False,12,3523.439892056616,0.615590160357931
2024-09-01 13:08:59.702,OnTrack,5229.68886908908,8647.275766136818,1876.8939604727116,car,0 days 00:00:55.561000,0 days 01:01:15.783000,12073.0,336.0,8,100.0,False,12,3526.617500000003,0.6161453292392944
2024-09-01 13:08:59.888,OnTrack,5009.0,8455.0,1876.0,pos,0 days 00:00:55.747000,0 days 01:01:15.969000,12015.34003968,336.92999936,8,100.0,False,12,3544.0507693187537,0.6191911450852484
2024-09-01 13:09:00.102,OnTrack,4928.171673235682,8384.951603338963,1877.2503385716818,car,0 days 00:00:55.961000,0 days 01:01:16.183000,11949.0,338.0,8,100.0,False,12,3564.173055555558,0.6227067666910572
2024-09-01 13:09:00.188,OnTrack,4896.0,8357.0,1878.0,pos,0 days 00:00:56.047000,0 days 01:01:16.269000,11928.2166976,338.3583328,8,100.0,False,12,3572.2654172859175,0.6241206061229422
2024-09-01 13:09:00.342,OnTrack,4790.549840696698,8264.985623791148,1879.2785040062997,car,0 days 00:00:56.201000,0 days 01:01:16.423000,11891.0,339.0,8,100.0,False,12,3586.7730555555577,0.6266552766842186
2024-09-01 13:09:00.408,OnTrack,4740.0,8221.0,1880.0,pos,0 days 00:00:56.267000,0 days 01:01:16.489000,11900.56998144,339.32999936,8,100.0,False,12,3593.001989044469,0.6277435512916392
2024-09-01 13:09:00.542,OnTrack,4642.478627070956,8136.61502874067,1882.0064881862081,car,0 days 00:00:56.401000,0 days 01:01:16.623000,11920.0,340.0,8,100.0,False,12,3605.661944444447,0.6299554079469396
2024-09-01 13:09:00.668,OnTrack,4554.0,8060.0,1884.0,pos,0 days 00:00:56.527000,0 days 01:01:16.749000,11917.6375024,340.0,8,100.0,False,12,3617.5644738717865,0.6320349325658665
2024-09-01 13:09:00.702,OnTrack,4530.18548437711,8039.265721795158,1884.468712045971,car,0 days 00:00:56.561000,0 days 01:01:16.783000,11917.0,340.0,8,100.0,False,12,3620.773055555558,0.6325955129571164
2024-09-01 13:09:00.948,OnTrack,4355.0,7886.0,1888.0,pos,0 days 00:00:56.807000,0 days 01:01:17.029000,11906.457148342857,339.1214290285714,8,100.0,False,12,3643.939524438051,0.6366429923327265
2024-09-01 13:09:00.982,OnTrack,4329.409638162887,7863.701444980907,1888.7801206840004,car,0 days 00:00:56.841000,0 days 01:01:17.063000,11905.0,339.0,8,100.0,False,12,3647.139722222224,0.6372021079491379
2024-09-01 13:09:01.108,OnTrack,4232.0,7779.0,1892.0,pos,0 days 00:00:56.967000,0 days 01:01:17.189000,11921.274983466667,339.0,8,100.0,False,12,3659.0011319111777,0.6392744484221387
2024-09-01 13:09:01.222,OnTrack,4142.872296947323,7701.428050313581,1894.1545028929977,car,0 days 00:00:57.081000,0 days 01:01:17.303000,11936.0,339.0,8,100.0,False,12,3669.7397222222244,0.6411506179422994
2024-09-01 13:09:01.369,OnTrack,4032.0,7605.0,1896.0,pos,0 days 00:00:57.228000,0 days 01:01:17.450000,11942.824991085714,339.0,8,100.0,False,12,3683.601649311121,0.6435724744748209
2024-09-01 13:09:01.502,OnTrack,3940.6212465352996,7525.8481116788735,1897.2029808459602,car,0 days 00:00:57.361000,0 days 01:01:17.583000,11949.0,339.0,8,100.0,False,10,3696.106388888891,0.6457572129343212
2024-09-01 13:09:01.569,OnTrack,3890.0,7482.0,1898.0,pos,0 days 00:00:57.428000,0 days 01:01:17.650000,11870.713432118204,337.7992857686841,8,75.98571537368227,False,10,3702.375548417935,0.6468525155471155
2024-09-01 13:09:01.781,OnTrack,3699.9011113710985,7316.99845650906,1901.8621089111505,car,0 days 00:00:57.640000,0 days 01:01:17.862000,11623.0,334.0,8,0.0,False,0,3721.991388888891,0.6502796545791434
2024-09-01 13:09:01.789,OnTrack,3693.0,7311.0,1902.0,pos,0 days 00:00:57.648000,0 days 01:01:17.870000,11614.577777777778,333.68888888888887,8,0.0,False,0,3722.7206069826852,0.650407058337132
2024-09-01 13:09:02.141,OnTrack,3446.424011769046,7096.168614154256,1905.8462027584824,car,0 days 00:00:58,0 days 01:01:18.222000,11244.0,320.0,8,0.0,True,0,3753.991388888891,0.6558704651889296
2024-09-01 13:09:02.189,OnTrack,3421.0,7074.0,1906.0,pos,0 days 00:00:58.048000,0 days 01:01:18.270000,11189.828571428572,316.74285714285713,8,0.0,True,0,3758.145330754058,0.6565962121343111
2024-09-01 13:09:02.421,OnTrack,3313.669415506955,6980.581128946889,1905.913299295676,car,0 days 00:00:58.280000,0 days 01:01:18.502000,10928.0,301.0,8,0.0,True,0,3777.402500000002,0.6599606867010196
2024-09-01 13:09:02.449,OnTrack,3298.0,6967.0,1906.0,pos,0 days 00:00:58.308000,0 days 01:01:18.530000,10937.955555555556,296.8777777777778,8,0.0,True,0,3779.538404497852,0.6603338566237718
2024-09-01 13:09:02.781,OnTrack,3063.9461685042147,6764.319594720656,1908.9521527630918,car,0 days 00:00:58.640000,0 days 01:01:18.862000,11056.0,248.0,7,0.0,True,0,3802.202500000002,0.6642935649236039
2024-09-01 13:09:02.789,OnTrack,3059.0,6760.0,1909.0,pos,0 days 00:00:58.648000,0 days 01:01:18.870000,11076.84,247.24,7,0.0,True,0,3802.724421433548,0.6643847512951083
2024-09-01 13:09:02.981,OnTrack,2962.436312329347,6674.7178969074375,1909.3572094679287,car,0 days 00:00:58.840000,0 days 01:01:19.062000,11577.0,229.0,6,0.0,True,0,3814.924722222225,0.6665163003917307
2024-09-01 13:09:03.189,OnTrack,2888.0,6607.0,1909.0,pos,0 days 00:00:59.048000,0 days 01:01:19.270000,11422.733333333334,208.2,6,0.0,True,0,3826.4818719254586,0.6685354827410972
2024-09-01 13:09:03.341,OnTrack,2840.823396871243,6562.9821816547465,1908.9373214438724,car,0 days 00:00:59.200000,0 days 01:01:19.422000,11310.0,193.0,5,0.0,True,0,3834.224722222225,0.669888258040758
2024-09-01 13:09:03.589,OnTrack,2768.0,6492.0,1909.0,pos,0 days 00:00:59.448000,0 days 01:01:19.670000,10576.075,177.5,5,0.0,True,0,3846.2707852304297,0.6719928598180213
2024-09-01 13:09:03.661,OnTrack,2744.9106584802416,6468.628684276342,1908.9921782522583,car,0 days 00:00:59.520000,0 days 01:01:19.742000,10363.0,173.0,4,0.0,True,0,3849.6025000000027,0.6725749531393497
2024-09-01 13:09:03.749,OnTrack,2716.0,6438.0,1909.0,pos,0 days 00:00:59.608000,0 days 01:01:19.830000,10106.48,169.26,4,0.0,True,0,3853.563837578326,0.673267049644407
2024-09-01 13:09:03.969,OnTrack,2648.0,6354.0,1909.0,pos,0 days 00:00:59.828000,0 days 01:01:20.050000,9465.18,159.91,4,0.0,True,0,3863.024254344693,0.6749199058453571
2024-09-01 13:09:04.061,OnTrack,2627.814019542507,6322.038924774693,1908.523703635842,car,0 days 00:00:59.920000,0 days 01:01:20.142000,9197.0,156.0,4,0.0,True,0,3866.935833333336,0.6756033088863171
2024-09-01 13:09:04.149,OnTrack,2612.0,6292.0,1908.0,pos,0 days 00:01:00.008000,0 days 01:01:20.230000,9111.2,154.53333333333333,4,0.3666666666666667,True,0,3870.6750944583187,0.6762566057853895
2024-09-01 13:09:04.301,OnTrack,2588.257928755227,6236.5610045694975,1907.5238517153393,car,0 days 00:01:00.160000,0 days 01:01:20.382000,8963.0,152.0,4,1.0,False,0,3877.0691666666694,0.6773737322460828
2024-09-01 13:09:04.469,OnTrack,2568.0,6171.0,1907.0,pos,0 days 00:01:00.328000,0 days 01:01:20.550000,8910.92,149.06,4,1.8399999999999999,False,0,3883.911312554821,0.6785691429281198
2024-09-01 13:09:04.669,OnTrack,2553.0,6089.0,1906.0,pos,0 days 00:01:00.528000,0 days 01:01:20.750000,8848.92,145.56,4,2.84,False,0,3891.8952295161307,0.6799640356673367
2024-09-01 13:09:04.701,OnTrack,2551.4458279591895,6075.716898855303,1906.0742135887156,car,0 days 00:01:00.560000,0 days 01:01:20.782000,8839.0,145.0,4,3.0,False,0,3893.1802777777802,0.6801885500878153
2024-09-01 13:09:04.849,OnTrack,2547.0,6014.0,1907.0,pos,0 days 00:01:00.708000,0 days 01:01:20.930000,9060.075,145.0,4,59.425,False,0,3899.1425948046567,0.6812302433782144
2024-09-01 13:09:04.861,OnTrack,2546.8102867852676,6008.978492470489,1907.0405531438244,car,0 days 00:01:00.720000,0 days 01:01:20.942000,9078.0,145.0,4,64.0,False,0,3899.624722222225,0.6813144772245084
2024-09-01 13:09:05.009,OnTrack,2546.0,5947.0,1907.0,pos,0 days 00:01:00.868000,0 days 01:01:21.090000,9099.275,145.0,4,68.625,False,0,3905.577432687271,0.6823544921252885
2024-09-01 13:09:05.021,OnTrack,2545.9795093633393,5941.996465918595,1906.9732176219222,car,0 days 00:01:00.880000,0 days 01:01:21.102000,9101.0,145.0,4,69.0,False,0,3906.0691666666694,0.6824404043612015
2024-09-01 13:09:05.329,OnTrack,2546.0,5812.0,1906.0,pos,0 days 00:01:01.188000,0 days 01:01:21.410000,9586.371947626998,153.32432100151843,4,83.08731246410812,False,0,3919.3585083276816,0.6847622228723096
2024-09-01 13:09:05.502,OnTrack,2545.9920021574553,5735.667537133233,1906.0151030536479,car,0 days 00:01:01.361000,0 days 01:01:21.583000,9859.0,158.0,4,91.0,False,0,3927.179722222225,0.6861286892980288
2024-09-01 13:09:05.509,OnTrack,2546.0,5733.0,1906.0,pos,0 days 00:01:01.368000,0 days 01:01:21.590000,9876.70951424,158.31499136,4,91.31499136,False,0,3927.4994037480146,0.6861845417625957
2024-09-01 13:09:05.702,OnTrack,2544.470938117052,5655.794048453453,1905.0678004288857,car,0 days 00:01:01.561000,0 days 01:01:21.783000,10365.0,167.0,4,100.0,False,0,3936.4575000000027,0.6877496361241301
2024-09-01 13:09:05.729,OnTrack,2543.0,5634.0,1905.0,pos,0 days 00:01:01.588000,0 days 01:01:21.810000,10460.0055744,168.3499904,4,100.0,False,0,3937.7471667056025,0.6879749574460287
2024-09-01 13:09:05.848,OnTrack,2533.0,5509.0,1905.0,pos,0 days 00:01:01.707000,0 days 01:01:21.929000,10878.7370496,174.2999936,4,100.0,False,0,3943.5437476153493,0.6889876945101129
2024-09-01 13:09:05.862,OnTrack,2531.956823209755,5497.0384089249455,1905.0004469788767,car,0 days 00:01:01.721000,0 days 01:01:21.943000,10928.0,175.0,4,100.0,False,0,3944.2352777777805,0.6891085137028975
2024-09-01 13:09:06.062,OnTrack,2523.9992213651685,5434.6543277969,1904.7132203361832,car,0 days 00:01:01.921000,0 days 01:01:22.143000,10520.0,181.0,4,80.0,False,0,3954.290833333336,0.6908653482868755
2024-09-01 13:09:06.188,OnTrack,2517.0,5412.0,1904.0,pos,0 days 00:01:02.047000,0 days 01:01:22.269000,10176.125349333333,183.09999786666665,4,83.67499626666667,False,0,3960.730582351849,0.6919904550724086
2024-09-01 13:09:06.302,OnTrack,2505.6409554068878,5365.198003836374,1902.8937799514322,car,0 days 00:01:02.161000,0 days 01:01:22.383000,9865.0,185.0,4,87.0,False,0,3966.624166666669,0.6930201398760638
2024-09-01 13:09:06.408,OnTrack,2487.0,5303.0,1902.0,pos,0 days 00:01:02.267000,0 days 01:01:22.489000,9839.8250304,187.6499968,4,85.0125024,False,0,3972.1686362496166,0.6939888298563757
2024-09-01 13:09:06.462,OnTrack,2473.198200432016,5265.686345135021,1901.7770748563596,car,0 days 00:01:02.321000,0 days 01:01:22.543000,9827.0,189.0,5,84.0,False,0,3975.0241666666693,0.6944877276611328
2024-09-01 13:09:06.728,OnTrack,2390.0,5076.0,1902.0,pos,0 days 00:01:02.587000,0 days 01:01:22.809000,10385.5997312,194.8187472,5,97.2999936,False,0,3989.443829964599,0.6970070278659954
2024-09-01 13:09:06.782,OnTrack,2380.4384055550518,5055.274519116411,1901.9426003690307,car,0 days 00:01:02.641000,0 days 01:01:22.863000,10499.0,196.0,5,100.0,False,0,3992.4463888888918,0.6975316134375719
2024-09-01 13:09:07.028,OnTrack,2345.0,5002.0,1901.0,pos,0 days 00:01:02.887000,0 days 01:01:23.109000,10763.4498624,203.90713874285714,5,100.0,False,0,4006.430090375731,0.6999747455199689
2024-09-01 13:09:07.062,OnTrack,2333.1858331130284,4987.198579428395,1900.811751819846,car,0 days 00:01:02.921000,0 days 01:01:23.143000,10800.0,205.0,5,100.0,False,0,4008.390833333336,0.7003173124740452
2024-09-01 13:09:07.262,OnTrack,2225.2876487463623,4854.919169541433,1899.510266175717,car,0 days 00:01:03.121000,0 days 01:01:23.343000,11111.0,210.0,5,100.0,False,0,4020.0575000000026,0.7023556288421963
2024-09-01 13:09:07.388,OnTrack,2166.0,4786.0,1899.0,pos,0 days 00:01:03.247000,0 days 01:01:23.469000,11172.949937066667,213.1499968,5,100.0,False,0,4027.5847949329313,0.7036707438538841
2024-09-01 13:09:07.502,OnTrack,2133.2612766750626,4752.5361588063215,1898.9157625374687,car,0 days 00:01:03.361000,0 days 01:01:23.583000,11229.0,216.0,5,100.0,False,0,4034.4575000000027,0.7048714936166001
2024-09-01 13:09:07.702,OnTrack,2081.685247090254,4701.1527405806455,1899.0109149902705,car,0 days 00:01:03.561000,0 days 01:01:23.783000,11452.0,218.0,5,98.0,False,0,4046.568611111114,0.7069874601321094
2024-09-01 13:09:07.708,OnTrack,2079.0,4698.0,1899.0,pos,0 days 00:01:03.567000,0 days 01:01:23.789000,11460.356964571429,218.1499968,5,97.67857828571428,False,0,4046.936540354315,0.7070517420920013
2024-09-01 13:09:07.982,OnTrack,1920.6011127039542,4498.4604088373235,1898.0114037157941,car,0 days 00:01:03.841000,0 days 01:01:24.063000,11842.0,225.0,5,83.0,False,0,4064.0686111111136,0.7100449346843362
2024-09-01 13:09:07.989,OnTrack,1918.0,4495.0,1898.0,pos,0 days 00:01:03.848000,0 days 01:01:24.070000,11847.5342232,225.1312464,5,83.2406184,False,0,4064.512395817536,0.7101224695669963
2024-09-01 13:09:08.249,OnTrack,1882.0,4429.0,1898.0,pos,0 days 00:01:04.108000,0 days 01:01:24.330000,12053.0967232,230.0062464,5,92.1781184,False,0,4081.169309375483,0.7130326460996858
2024-09-01 13:09:08.302,OnTrack,1871.7923805509417,4403.8566488109245,1897.8141482358217,car,0 days 00:01:04.161000,0 days 01:01:24.383000,12095.0,231.0,5,94.0,False,0,4084.601944444447,0.7136323714922822
2024-09-01 13:09:08.469,OnTrack,1829.0,4296.0,1897.0,pos,0 days 00:01:04.328000,0 days 01:01:24.550000,11591.205195411705,233.79497811144685,5,98.19246716717028,False,0,4095.4914649342854,0.715534910451347
2024-09-01 13:09:08.541,OnTrack,1814.1760389705287,4252.491116377011,1896.8969366048625,car,0 days 00:01:04.400000,0 days 01:01:24.622000,11374.0,235.0,5,100.0,False,0,4100.203333333336,0.7163581343212635
2024-09-01 13:09:08.741,OnTrack,1782.6810275928306,4124.6970148237615,1897.0526846607731,car,0 days 00:01:04.600000,0 days 01:01:24.822000,10931.0,237.0,5,100.0,False,0,4113.370000000003,0.7186585199367485
2024-09-01 13:09:08.769,OnTrack,1778.0,4100.0,1897.0,pos,0 days 00:01:04.628000,0 days 01:01:24.850000,10952.3,237.8,5,100.0,False,0,4115.244782872134,0.7189860685608909
2024-09-01 13:09:08.989,OnTrack,1741.0,3871.0,1896.0,pos,0 days 00:01:04.848000,0 days 01:01:25.070000,11119.657142857142,244.0857142857143,5,100.0,False,0,4130.236387036386,0.7216052941739913
2024-09-01 13:09:09.021,OnTrack,1737.3803882740438,3845.487889190683,1895.8774793982639,car,0 days 00:01:04.880000,0 days 01:01:25.102000,11144.0,245.0,6,100.0,False,0,4132.425555555558,0.7219877700047287
2024-09-01 13:09:09.221,OnTrack,1728.2196173973102,3755.635096708046,1895.4590130343913,car,0 days 00:01:05.080000,0 days 01:01:25.302000,11275.0,247.0,6,100.0,False,0,4146.14777777778,0.7243852183044112
2024-09-01 13:09:09.369,OnTrack,1724.0,3690.0,1895.0,pos,0 days 00:01:05.228000,0 days 01:01:25.450000,11361.4875,250.7,6,100.0,False,0,4156.545932673182,0.7262019093891428
2024-09-01 13:09:09.541,OnTrack,1714.2247524061768,3570.1058958084495,1894.0995932923195,car,0 days 00:01:05.400000,0 days 01:01:25.622000,11462.0,255.0,6,100.0,False,0,4168.814444444447,0.7283453758196764
2024-09-01 13:09:09.589,OnTrack,1711.0,3535.0,1894.0,pos,0 days 00:01:05.448000,0 days 01:01:25.670000,11494.6,255.6,6,100.0,False,0,4172.246374248501,0.7289449779934435
2024-09-01 13:09:09.689,OnTrack,1704.0,3464.0,1894.0,pos,0 days 00:01:05.548000,0 days 01:01:25.770000,11562.516666666666,256.85,6,100.0,False,0,4179.4076949099435,0.7301961526038833
2024-09-01 13:09:09.781,OnTrack,1697.680982890278,3398.7997118580606,1893.4255354458717,car,0 days 00:01:05.640000,0 days 01:01:25.862000,11625.0,258.0,6,100.0,False,0,4186.014444444447,0.7313504365224365
2024-09-01 13:09:09.849,OnTrack,1693.0,3350.0,1893.0,pos,0 days 00:01:05.708000,0 days 01:01:25.930000,11413.35,258.6375,6,100.0,False,0,4190.910128989174,0.7322057754316498
2024-09-01 13:09:10.049,OnTrack,1679.0,3206.0,1893.0,pos,0 days 00:01:05.908000,0 days 01:01:26.130000,10790.85,260.5125,6,100.0,False,0,4205.402045230078,0.7347376991527679
2024-09-01 13:09:10.101,OnTrack,1675.583665293059,3171.7340478084616,1892.9294711025389,car,0 days 00:01:05.960000,0 days 01:01:26.182000,10629.0,261.0,6,100.0,False,0,4209.2144444444475,0.7354037742145315
2024-09-01 13:09:10.349,OnTrack,1660.0,3017.0,1892.0,pos,0 days 00:01:06.208000,0 days 01:01:26.430000,10739.825,266.425,6,100.0,False,0,4227.653781450296,0.7386253629948353
2024-09-01 13:09:10.421,OnTrack,1655.061358587861,2965.7004181807843,1891.8399025422166,car,0 days 00:01:06.280000,0 days 01:01:26.502000,10772.0,268.0,7,100.0,False,0,4233.03666666667,0.7395658221129278
2024-09-01 13:09:10.609,OnTrack,1642.0,2822.0,1891.0,pos,0 days 00:01:06.468000,0 days 01:01:26.690000,10861.3,269.88,7,100.0,False,0,4247.129187454345,0.7420279663235018
2024-09-01 13:09:10.621,OnTrack,1641.2379832961533,2812.975628539991,1890.862683858735,car,0 days 00:01:06.480000,0 days 01:01:26.702000,10867.0,270.0,7,100.0,False,0,4248.03666666667,0.7421865145862651
2024-09-01 13:09:10.689,OnTrack,1637.0,2762.0,1890.0,pos,0 days 00:01:06.548000,0 days 01:01:26.770000,10915.45,271.7,7,100.0,False,0,4253.203503379342,0.7430892272585226
2024-09-01 13:09:10.861,OnTrack,1625.2278956010816,2629.2938258370095,1889.156584863508,car,0 days 00:01:06.720000,0 days 01:01:26.942000,11038.0,276.0,7,100.0,False,0,4266.436666666669,0.745401230686892
2024-09-01 13:09:10.909,OnTrack,1622.0,2594.0,1889.0,pos,0 days 00:01:06.768000,0 days 01:01:26.990000,11060.0,277.0,7,100.0,False,0,4270.162499643226,0.7460521815161302
2024-09-01 13:09:11.101,OnTrack,1610.0257939980663,2465.1742022227127,1887.995042723231,car,0 days 00:01:06.960000,0 days 01:01:27.182000,11148.0,281.0,7,100.0,False,0,4285.170000000004,0.7486741843980378
2024-09-01 13:09:11.229,OnTrack,1599.0,2346.0,1887.0,pos,0 days 00:01:07.088000,0 days 01:01:27.310000,11232.48,282.28,7,100.0,False,0,4295.21092143426,0.7504284622132462
2024-09-01 13:09:11.301,OnTrack,1590.716260524784,2255.704301932578,1886.3290020759755,car,0 days 00:01:07.160000,0 days 01:01:27.382000,11280.0,283.0,7,100.0,False,0,4300.892222222225,0.751421058360832
2024-09-01 13:09:11.449,OnTrack,1573.0,2062.0,1885.0,pos,0 days 00:01:07.308000,0 days 01:01:27.530000,11352.15,285.3125,7,100.0,False,0,4312.68094513643,0.7534806995215996
2024-09-01 13:09:11.621,OnTrack,1562.1756007404865,1944.214875371812,1884.3615301267535,car,0 days 00:01:07.480000,0 days 01:01:27.702000,11436.0,288.0,7,100.0,False,0,4326.492222222226,0.755893706848661
2024-09-01 13:09:11.781,OnTrack,1557.3071080301756,1890.9808547811074,1884.2094529305882,car,0 days 00:01:07.640000,0 days 01:01:27.862000,11521.0,290.0,7,100.0,False,0,4339.3811111111145,0.758145561122047
2024-09-01 13:09:11.849,OnTrack,1554.0,1854.0,1884.0,pos,0 days 00:01:07.708000,0 days 01:01:27.930000,11527.335396171453,291.2670792342906,7,100.0,False,0,4344.901568491138,0.7591100558623941
2024-09-01 13:09:11.942,OnTrack,1548.1930337638528,1788.5725573984466,1883.5649428211555,car,0 days 00:01:07.801000,0 days 01:01:28.023000,11536.0,293.0,7,100.0,False,0,4352.484722222226,0.7604349301228756
2024-09-01 13:09:12.029,OnTrack,1541.0,1709.0,1883.0,pos,0 days 00:01:07.888000,0 days 01:01:28.110000,11559.6142336,293.6214272,7,100.0,False,0,4359.592303012853,0.7616767156883177
2024-09-01 13:09:12.222,OnTrack,1519.327902408105,1477.2673645248663,1881.3273954577724,car,0 days 00:01:08.081000,0 days 01:01:28.303000,11612.0,295.0,7,100.0,False,0,4375.42916666667,0.7644436189802395
2024-09-01 13:09:12.269,OnTrack,1515.0,1431.0,1881.0,pos,0 days 00:01:08.128000,0 days 01:01:28.350000,11525.442020266666,295.4895813333333,7,100.0,False,0,4379.30804132523,0.7651213081550866
2024-09-01 13:09:12.568,OnTrack,1500.0,1267.0,1880.0,pos,0 days 00:01:08.427000,0 days 01:01:28.649000,10974.783569066667,298.60416533333336,7,100.0,False,0,4404.188286299805,0.769468206204397
2024-09-01 13:09:12.702,OnTrack,1490.0269307771564,1160.06247879544,1879.4330525751077,car,0 days 00:01:08.561000,0 days 01:01:28.783000,10728.0,300.0,8,100.0,False,0,4415.42916666667,0.7714321322424722
2024-09-01 13:09:12.788,OnTrack,1483.0,1085.0,1879.0,pos,0 days 00:01:08.647000,0 days 01:01:28.869000,10753.561073066667,300.95555413333335,8,100.0,False,0,4422.669262350854,0.7726970698601909
2024-09-01 13:09:12.968,OnTrack,1469.0,935.0,1878.0,pos,0 days 00:01:08.827000,0 days 01:01:29.049000,10807.061073066667,302.95555413333335,8,100.0,False,0,4437.878715456443,0.7753543564786839
2024-09-01 13:09:13.062,OnTrack,1461.6608502643742,855.5377246080805,1877.4612840823588,car,0 days 00:01:08.921000,0 days 01:01:29.143000,10835.0,304.0,8,100.0,False,0,4445.82916666667,0.776743402321769
2024-09-01 13:09:13.148,OnTrack,1455.0,783.0,1877.0,pos,0 days 00:01:09.007000,0 days 01:01:29.229000,10871.5499456,304.42999936,8,100.0,False,0,4453.104009698737,0.7780144107470255
2024-09-01 13:09:13.262,OnTrack,1446.4260766816415,689.2046379705491,1876.4843270184372,car,0 days 00:01:09.121000,0 days 01:01:29.343000,10920.0,305.0,8,100.0,False,0,4462.773611111114,0.7797038141897981
2024-09-01 13:09:13.368,OnTrack,1438.0,597.0,1876.0,pos,0 days 00:01:09.227000,0 days 01:01:29.449000,10945.8374688,306.10416533333336,8,100.0,False,0,4471.823206587074,0.7812848946398376
2024-09-01 13:09:13.728,OnTrack,1405.0,238.0,1874.0,pos,0 days 00:01:09.587000,0 days 01:01:29.809000,11033.5874688,309.85416533333336,8,100.0,False,0,4502.893310942198,0.786713240548456
2024-09-01 13:09:13.742,OnTrack,1403.9170541217045,226.24799370072145,1873.9450147114858,car,0 days 00:01:09.601000,0 days 01:01:29.823000,11037.0,310.0,8,100.0,False,0,4504.1069444444465,0.7869252778941048
2024-09-01 13:09:14.068,OnTrack,1383.0,-2.0,1873.0,pos,0 days 00:01:09.927000,0 days 01:01:30.149000,11145.666624,312.7166656,8,100.0,False,0,4532.445424888758,0.7918763740545196
2024-09-01 13:09:14.102,OnTrack,1380.6228808451542,-28.476199472236594,1872.836662751374,car,0 days 00:01:09.961000,0 days 01:01:30.183000,11157.0,313.0,8,100.0,False,0,4535.406944444447,0.792393789521802
2024-09-01 13:09:14.342,OnTrack,1361.7890982304714,-238.42132459187636,1871.2840815315867,car,0 days 00:01:10.201000,0 days 01:01:30.423000,11138.0,314.0,8,100.0,False,0,4556.340277777781,0.7960511114623705
2024-09-01 13:09:14.388,OnTrack,1358.0,-279.0,1871.0,pos,0 days 00:01:10.247000,0 days 01:01:30.469000,11150.18996608,314.22999936,8,100.0,False,0,4560.360333936107,0.796753466856805
2024-09-01 13:09:14.542,OnTrack,1345.201379300794,-412.4189390614892,1870.148194581538,car,0 days 00:01:10.401000,0 days 01:01:30.623000,11191.0,315.0,8,100.0,False,0,4573.840277777781,0.7991085860145973
2024-09-01 13:09:14.569,OnTrack,1343.0,-436.0,1870.0,pos,0 days 00:01:10.428000,0 days 01:01:30.650000,11190.8312512,315.1687488,8,100.0,False,0,4576.207376862951,0.7995221485983405
2024-09-01 13:09:14.702,OnTrack,1332.502299015356,-553.3760561027078,1869.250753939389,car,0 days 00:01:10.561000,0 days 01:01:30.783000,11190.0,316.0,8,100.0,False,0,4587.884722222225,0.8015623306711145
2024-09-01 13:09:14.749,OnTrack,1329.0,-593.0,1869.0,pos,0 days 00:01:10.608000,0 days 01:01:30.830000,11168.5563376,316.2937488,8,100.0,False,0,4592.0184431047,0.8022845447513531
2024-09-01 13:09:14.862,OnTrack,1321.0674589902317,-681.8052513854121,1868.4528222037334,car,0 days 00:01:10.721000,0 days 01:01:30.943000,11117.0,317.0,8,100.0,False,0,4601.973611111113,0.8040238403423674
2024-09-01 13:09:14.949,OnTrack,1313.0,-769.0,1868.0,pos,0 days 00:01:10.808000,0 days 01:01:31.030000,11131.1374688,317.5437488,8,100.0,False,0,4609.655915730593,0.805366037535311
2024-09-01 13:09:15.022,OnTrack,1303.598450771965,-868.3671024122152,1867.55272998892,car,0 days 00:01:10.881000,0 days 01:01:31.103000,11143.0,318.0,8,100.0,False,0,4616.1069444444465,0.8064931150283563
2024-09-01 13:09:15.109,OnTrack,1292.0,-991.0,1867.0,pos,0 days 00:01:10.968000,0 days 01:01:31.190000,11196.946154629612,318.0,8,100.0,False,0,4623.793772701473,0.8078361025588247
2024-09-01 13:09:15.301,OnTrack,1276.2017415019618,-1165.9823537790305,1866.0620996555595,car,0 days 00:01:11.160000,0 days 01:01:31.382000,11316.0,318.0,8,100.0,False,0,4640.751944444446,0.8107989127620493
2024-09-01 13:09:15.349,OnTrack,1273.0,-1202.0,1866.0,pos,0 days 00:01:11.208000,0 days 01:01:31.430000,11323.95,318.0,8,100.0,False,0,4644.989973464961,0.8115393508124391
2024-09-01 13:09:15.609,OnTrack,1252.0,-1431.0,1866.0,pos,0 days 00:01:11.468000,0 days 01:01:31.690000,11367.0125,318.0,8,100.0,False,0,4667.9564576539215,0.8155518902959744
2024-09-01 13:09:15.621,OnTrack,1250.4759144423435,-1447.2036700889498,1865.8785942301633,car,0 days 00:01:11.480000,0 days 01:01:31.702000,11369.0,318.0,8,100.0,False,0,4669.018611111113,0.8157374621340272
2024-09-01 13:09:15.749,OnTrack,1232.0,-1643.0,1864.0,pos,0 days 00:01:11.608000,0 days 01:01:31.830000,11293.8,318.8,8,100.0,False,0,4680.360593803796,0.8177190520457228
2024-09-01 13:09:15.781,OnTrack,1227.801835448836,-1687.8610147174031,1863.6017209983759,car,0 days 00:01:11.640000,0 days 01:01:31.862000,11275.0,319.0,8,100.0,False,0,4683.196388888891,0.8182145018347519
2024-09-01 13:09:15.941,OnTrack,1211.184669285791,-1868.9762373327394,1862.455882338456,car,0 days 00:01:11.800000,0 days 01:01:32.022000,11311.0,319.0,8,100.0,False,0,4697.374166666669,0.8206915415354766
2024-09-01 13:09:16.189,OnTrack,1195.0,-2049.0,1862.0,pos,0 days 00:01:12.048000,0 days 01:01:32.270000,11349.085714285715,319.8857142857143,8,100.0,False,0,4719.417943778633,0.8245428722528931
2024-09-01 13:09:16.221,OnTrack,1193.3025576109674,-2067.2372078622484,1861.9196737708594,car,0 days 00:01:12.080000,0 days 01:01:32.302000,11354.0,320.0,8,100.0,False,0,4722.263055555558,0.8250399497875324
2024-09-01 13:09:16.489,OnTrack,1180.0,-2209.0,1861.0,pos,0 days 00:01:12.348000,0 days 01:01:32.570000,11388.244444444445,320.0,8,100.0,False,0,4746.07746896015,0.8292006333852896
2024-09-01 13:09:16.581,OnTrack,1173.6875037625693,-2281.149645736434,1860.5600494535977,car,0 days 00:01:12.440000,0 days 01:01:32.662000,11400.0,320.0,8,100.0,False,0,4754.263055555558,0.8306307603973185
2024-09-01 13:09:16.669,OnTrack,1166.0,-2368.0,1860.0,pos,0 days 00:01:12.528000,0 days 01:01:32.750000,11397.525,320.275,8,100.0,False,0,4762.102291523024,0.8320003755104288
2024-09-01 13:09:16.901,OnTrack,1137.1023473380187,-2678.8556670905327,1857.6853908443254,car,0 days 00:01:12.760000,0 days 01:01:32.982000,11391.0,321.0,8,100.0,False,0,4782.796388888892,0.8356158998577112
2024-09-01 13:09:16.989,OnTrack,1128.0,-2776.0,1857.0,pos,0 days 00:01:12.848000,0 days 01:01:33.070000,11406.766666666666,321.0,8,100.0,False,0,4790.644718419058,0.8369871037329097
2024-09-01 13:09:17.141,OnTrack,1118.6026895509535,-2877.3408914528854,1856.455168938272,car,0 days 00:01:13,0 days 01:01:33.222000,11434.0,321.0,8,100.0,False,0,4804.196388888891,0.8393547544530057
2024-09-01 13:09:17.349,OnTrack,1110.0,-2972.0,1856.0,pos,0 days 00:01:13.208000,0 days 01:01:33.430000,11414.933333333332,321.0,8,100.0,False,0,4822.737918022246,0.8425941975092687
2024-09-01 13:09:17.381,OnTrack,1107.972182288584,-2994.1279580074165,1855.826222932249,car,0 days 00:01:13.240000,0 days 01:01:33.462000,11412.0,321.0,8,100.0,False,0,4825.596388888892,0.8430936090483002
2024-09-01 13:09:17.541,OnTrack,1095.0106457547427,-3135.1160637014937,1854.5682616838947,car,0 days 00:01:13.400000,0 days 01:01:33.622000,11419.0,322.0,8,100.0,False,0,4839.907500000003,0.8455939437932324
2024-09-01 13:09:17.669,OnTrack,1084.0,-3256.0,1854.0,pos,0 days 00:01:13.528000,0 days 01:01:33.750000,11385.08,321.36,8,100.0,False,0,4851.318062692421,0.8475875155108699
2024-09-01 13:09:17.741,OnTrack,1078.1820322925023,-3320.672200044512,1854.0276126912895,car,0 days 00:01:13.600000,0 days 01:01:33.822000,11366.0,321.0,8,100.0,False,0,4857.740833333337,0.8487096559559778
2024-09-01 13:09:17.769,OnTrack,1076.0,-3345.0,1854.0,pos,0 days 00:01:13.628000,0 days 01:01:33.850000,11350.425,321.175,8,100.0,False,0,4860.242589289728,0.8491467448229806
2024-09-01 13:09:17.901,OnTrack,1065.7433024784523,-3458.6042071468537,1853.2204270873974,car,0 days 00:01:13.760000,0 days 01:01:33.982000,11277.0,322.0,8,100.0,False,0,4872.051944444448,0.85120999070091
2024-09-01 13:09:17.929,OnTrack,1063.0,-3488.0,1853.0,pos,0 days 00:01:13.788000,0 days 01:01:34.010000,11283.3,321.9,8,100.0,False,0,4874.554284792646,0.85164718166866
2024-09-01 13:09:18.181,OnTrack,1029.831755757184,-3830.779812921034,1851.1090857393303,car,0 days 00:01:14.040000,0 days 01:01:34.262000,11340.0,321.0,8,100.0,False,0,4897.018611111115,0.8555719877287536
2024-09-01 13:09:18.209,OnTrack,1027.0,-3860.0,1851.0,pos,0 days 00:01:14.068000,0 days 01:01:34.290000,11343.5,320.825,8,96.5,False,0,4899.509739979241,0.8560072199070743
2024-09-01 13:09:18.341,OnTrack,1018.4178087504945,-3949.735907117113,1850.8825102594033,car,0 days 00:01:14.200000,0 days 01:01:34.422000,11360.0,320.0,8,80.0,False,0,4911.240833333337,0.858056792444214
2024-09-01 13:09:18.542,OnTrack,1010.4760489664585,-4031.3301743843235,1851.0178365781176,car,0 days 00:01:14.401000,0 days 01:01:34.623000,11039.0,318.0,8,0.0,False,0,4928.995833333338,0.8611588187684877
2024-09-01 13:09:18.549,OnTrack,1010.0,-4036.0,1851.0,pos,0 days 00:01:14.408000,0 days 01:01:34.630000,11036.51506816,317.6500096,8,0.0,False,0,4929.606323776366,0.8612654792824268
2024-09-01 13:09:18.742,OnTrack,992.6513168133745,-4203.708957940164,1850.0374012885188,car,0 days 00:01:14.601000,0 days 01:01:34.823000,10968.0,308.0,8,0.0,True,0,4946.106944444448,0.864148349441776
2024-09-01 13:09:18.749,OnTrack,992.0,-4210.0,1850.0,pos,0 days 00:01:14.608000,0 days 01:01:34.830000,10952.28543104,307.37001728,8,0.0,True,0,4946.6885127284295,0.8642499568834134
2024-09-01 13:09:18.942,OnTrack,974.6559119132937,-4373.372896438671,1849.0377480107666,car,0 days 00:01:14.801000,0 days 01:01:35.023000,10519.0,290.0,8,0.0,True,0,4962.21805555556,0.8669631672835086
2024-09-01 13:09:18.949,OnTrack,974.0,-4379.0,1849.0,pos,0 days 00:01:14.808000,0 days 01:01:35.030000,10527.4872672,289.3875168,8,0.0,True,0,4962.764239215213,0.8670585925772362
2024-09-01 13:09:19.148,OnTrack,954.0,-4534.0,1848.0,pos,0 days 00:01:15.007000,0 days 01:01:35.229000,10768.7748448,271.9750112,8,0.0,True,0,4977.739798011927,0.8696750148587407
2024-09-01 13:09:19.182,OnTrack,950.3891687616693,-4560.726415079973,1847.9458037814209,car,0 days 00:01:15.041000,0 days 01:01:35.263000,10810.0,269.0,8,0.0,True,0,4980.151388888893,0.8700963507294096
2024-09-01 13:09:19.368,OnTrack,930.0,-4705.0,1848.0,pos,0 days 00:01:15.227000,0 days 01:01:35.449000,11207.316393244444,249.36668017777777,8,0.0,True,0,4992.479672902367,0.872250260137628
2024-09-01 13:09:19.542,OnTrack,910.4949989350474,-4820.225828691688,1847.2190745108383,car,0 days 00:01:15.401000,0 days 01:01:35.623000,11579.0,231.0,7,0.0,True,0,5003.251388888894,0.8741322171383492
2024-09-01 13:09:19.588,OnTrack,905.0,-4849.0,1847.0,pos,0 days 00:01:15.447000,0 days 01:01:35.669000,11495.28023296,227.78000896,7,0.0,True,0,5006.061379716499,0.8746231585924858
2024-09-01 13:09:19.742,OnTrack,885.1301871017099,-4943.1605083998065,1846.4688589039815,car,0 days 00:01:15.601000,0 days 01:01:35.823000,11215.0,217.0,6,0.0,True,0,5015.306944444449,0.8762384773854386
2024-09-01 13:09:19.888,OnTrack,865.0,-5027.0,1846.0,pos,0 days 00:01:15.747000,0 days 01:01:35.969000,10730.28042496,208.97000703999998,6,0.0,True,0,5023.719269732846,0.8777082185565431
2024-09-01 13:09:19.942,OnTrack,857.4239442648117,-5056.1215708550535,1845.7758605484248,car,0 days 00:01:15.801000,0 days 01:01:36.023000,10551.0,206.0,5,0.0,True,0,5026.751388888893,0.8782379686799107
2024-09-01 13:09:20.108,OnTrack,830.0,-5148.0,1845.0,pos,0 days 00:01:15.967000,0 days 01:01:36.189000,10297.8501952,197.7000064,5,0.0,True,0,5035.826235171933,0.8798234607699543
2024-09-01 13:09:20.142,OnTrack,822.4214152691678,-5170.077792499122,1844.8522461833238,car,0 days 00:01:16.001000,0 days 01:01:36.223000,10246.0,196.0,5,0.0,True,0,5037.640277777782,0.8801403972901851
2024-09-01 13:09:20.348,OnTrack,771.0,-5306.0,1844.0,pos,0 days 00:01:16.207000,0 days 01:01:36.429000,10497.777621333333,189.1333376,5,0.0,True,0,5048.313107476831,0.8820050775876189
2024-09-01 13:09:20.502,OnTrack,749.4009774225557,-5353.651653431583,1843.2634737850549,car,0 days 00:01:16.361000,0 days 01:01:36.583000,10686.0,184.0,4,0.0,True,0,5056.040277777782,0.8833551133908121
2024-09-01 13:09:20.588,OnTrack,736.0,-5378.0,1843.0,pos,0 days 00:01:16.447000,0 days 01:01:36.669000,10614.5126064,182.208336,4,0.0,True,0,5060.292909710358,0.8840981027573172
2024-09-01 13:09:20.788,OnTrack,687.0,-5460.0,1843.0,pos,0 days 00:01:16.647000,0 days 01:01:36.869000,10448.2626064,178.04166933333335,4,0.0,True,0,5070.010842874629,0.8857959503773171
2024-09-01 13:09:20.982,OnTrack,629.3622152942535,-5533.400899689464,1843.0059703059621,car,0 days 00:01:16.841000,0 days 01:01:37.063000,10287.0,174.0,4,0.0,False,0,5079.240277777782,0.887408451082907
2024-09-01 13:09:21.049,OnTrack,609.0,-5556.0,1843.0,pos,0 days 00:01:16.908000,0 days 01:01:37.130000,10296.37997312,172.82750336,4,5.8624832,False,0,5082.38609862783,0.8879580663511862
2024-09-01 13:09:21.349,OnTrack,504.0,-5649.0,1843.0,pos,0 days 00:01:17.208000,0 days 01:01:37.430000,10338.37997312,167.57750336,4,32.1124832,False,0,5096.27362689077,0.890384395737316
2024-09-01 13:09:21.382,OnTrack,486.75787042223305,-5660.642516113271,1843.000268279937,car,0 days 00:01:17.241000,0 days 01:01:37.463000,10343.0,167.0,4,35.0,False,0,5097.795833333336,0.8906503447351092
2024-09-01 13:09:21.529,OnTrack,403.0,-5712.0,1843.0,pos,0 days 00:01:17.388000,0 days 01:01:37.610000,10343.6124992,167.0,4,59.499968,False,0,5104.577665916603,0.8918352179088692
2024-09-01 13:09:21.622,OnTrack,362.14197380175773,-5734.074696208418,1842.9988816887558,car,0 days 00:01:17.481000,0 days 01:01:37.703000,10344.0,167.0,4,75.0,False,0,5108.92916666667,0.8925954809264307
2024-09-01 13:09:21.901,OnTrack,275.0313930782061,-5765.094887363995,1842.999568751997,car,0 days 00:01:17.760000,0 days 01:01:37.982000,10496.0,174.0,4,80.0,False,0,5122.41416666667,0.8949514834599609
2024-09-01 13:09:21.909,OnTrack,272.0,-5766.0,1843.0,pos,0 days 00:01:17.768000,0 days 01:01:37.990000,10512.16,174.16,4,80.2,False,0,5122.806692329351,0.8950200627299462
2024-09-01 13:09:22.101,OnTrack,181.859569643355,-5788.289662055254,1843.001889841492,car,0 days 00:01:17.960000,0 days 01:01:38.182000,10900.0,178.0,4,85.0,False,0,5132.303055555559,0.8966791992386794
2024-09-01 13:09:22.109,OnTrack,177.0,-5789.0,1843.0,pos,0 days 00:01:17.968000,0 days 01:01:38.190000,10917.2,178.16,4,85.28,False,0,5132.702219511718,0.896748938303715
2024-09-01 13:09:22.301,OnTrack,32.76182549977726,-5798.12705348385,1842.906081952629,car,0 days 00:01:18.160000,0 days 01:01:38.382000,11330.0,182.0,4,92.0,False,0,5142.414166666669,0.898445740091077
2024-09-01 13:09:22.409,OnTrack,-36.0,-5799.0,1843.0,pos,0 days 00:01:18.268000,0 days 01:01:38.490000,11429.9,186.05,4,92.45,False,0,5148.075156662105,0.8994347876825888
2024-09-01 13:09:22.541,OnTrack,-83.7671619610514,-5797.542681956147,1843.3855271219686,car,0 days 00:01:18.400000,0 days 01:01:38.622000,11552.0,191.0,4,93.0,False,0,5155.147500000003,0.9006704168128878
2024-09-01 13:09:22.729,OnTrack,-142.0,-5785.0,1844.0,pos,0 days 00:01:18.588000,0 days 01:01:38.810000,11602.916666666666,195.7,4,92.21666666666667,False,0,5165.388259075233,0.9024596088282022
2024-09-01 13:09:22.781,OnTrack,-172.12108677571854,-5777.818535398795,1844.0616551864873,car,0 days 00:01:18.640000,0 days 01:01:38.862000,11617.0,197.0,4,92.0,False,0,5168.280833333336,0.9029649786673208
2024-09-01 13:09:22.969,OnTrack,-314.0,-5739.0,1844.0,pos,0 days 00:01:18.828000,0 days 01:01:39.050000,11159.011111111111,202.22222222222223,4,96.17777777777778,False,0,5179.003644337896,0.9048383913401654
2024-09-01 13:09:23.141,OnTrack,-437.7122031917055,-5687.793235864659,1843.8711055674992,car,0 days 00:01:19,0 days 01:01:39.222000,10740.0,207.0,5,100.0,False,0,5188.980833333336,0.9065815342805262
2024-09-01 13:09:23.301,OnTrack,-538.7752542115476,-5632.446538250035,1843.8231765745397,car,0 days 00:01:19.160000,0 days 01:01:39.382000,11074.0,209.0,5,100.0,False,0,5198.269722222224,0.9082044223603113
2024-09-01 13:09:23.409,OnTrack,-593.0,-5600.0,1844.0,pos,0 days 00:01:19.268000,0 days 01:01:39.490000,11175.925,211.025,5,100.0,False,0,5204.6106463147,0.9093122631631881
2024-09-01 13:09:23.461,OnTrack,-614.9477404044507,-5585.987941687348,1844.1489616414779,car,0 days 00:01:19.320000,0 days 01:01:39.542000,11225.0,212.0,5,100.0,False,0,5207.691944444447,0.9098506054843039
2024-09-01 13:09:23.709,OnTrack,-701.0,-5521.0,1845.0,pos,0 days 00:01:19.568000,0 days 01:01:39.790000,11287.885714285714,217.31428571428572,5,90.25714285714285,False,0,5222.674388211933,0.9124682306585472
2024-09-01 13:09:23.741,OnTrack,-713.9995645219335,-5510.038274330862,1845.0309474073313,car,0 days 00:01:19.600000,0 days 01:01:39.822000,11296.0,218.0,5,89.0,False,0,5224.647500000002,0.9128129586060169
2024-09-01 13:09:23.941,OnTrack,-807.0580559870335,-5427.021688550733,1844.8815889067555,car,0 days 00:01:19.800000,0 days 01:01:40.022000,11626.0,225.0,5,95.0,False,0,5237.147500000001,0.9149968690004644
2024-09-01 13:09:24.009,OnTrack,-838.0,-5397.0,1845.0,pos,0 days 00:01:19.868000,0 days 01:01:40.090000,11687.625,225.425,5,97.125,False,0,5241.406385218716,0.9157409508962975
2024-09-01 13:09:24.101,OnTrack,-877.4177999608834,-5356.306761748458,1845.403952453363,car,0 days 00:01:19.960000,0 days 01:01:40.182000,11771.0,226.0,5,100.0,False,0,5247.191944444446,0.9167517623307585
2024-09-01 13:09:24.229,OnTrack,-932.0,-5294.0,1846.0,pos,0 days 00:01:20.088000,0 days 01:01:40.310000,11608.2,228.4,5,100.0,False,0,5255.361975977281,0.9181791716737604
2024-09-01 13:09:24.421,OnTrack,-1022.1177731662971,-5177.465605041818,1845.9689296976726,car,0 days 00:01:20.280000,0 days 01:01:40.502000,11364.0,232.0,5,100.0,False,0,5267.814166666667,0.9203547291681761
2024-09-01 13:09:24.449,OnTrack,-1034.0,-5161.0,1846.0,pos,0 days 00:01:20.308000,0 days 01:01:40.530000,11258.65,232.7,5,100.0,False,0,5269.640729693086,0.9206738531665368
2024-09-01 13:09:24.581,OnTrack,-1082.275197084679,-5089.847615044882,1846.4800465471972,car,0 days 00:01:20.440000,0 days 01:01:40.662000,10762.0,236.0,5,100.0,False,0,5278.303055555556,0.9221872726458282
2024-09-01 13:09:24.861,OnTrack,-1161.5772792247626,-4949.58958689037,1847.9899250693052,car,0 days 00:01:20.720000,0 days 01:01:40.942000,10987.0,242.0,6,100.0,False,0,5297.125277777778,0.9254757563864454
2024-09-01 13:09:24.869,OnTrack,-1164.0,-4945.0,1848.0,pos,0 days 00:01:20.728000,0 days 01:01:40.950000,10990.38789804101,242.1708183886223,6,100.0,False,0,5297.6706513296285,0.9255710401439449
2024-09-01 13:09:24.989,OnTrack,-1201.0,-4873.0,1848.0,pos,0 days 00:01:20.848000,0 days 01:01:41.070000,11041.206368656147,244.733094217957,6,100.0,False,0,5305.897377072972,0.9270083546929975
2024-09-01 13:09:25.142,OnTrack,-1243.0388088299558,-4783.010367384953,1848.4023603762196,car,0 days 00:01:21.001000,0 days 01:01:41.223000,11106.0,248.0,6,100.0,False,0,5316.483055555556,0.9288578085546293
2024-09-01 13:09:25.249,OnTrack,-1273.0,-4709.0,1849.0,pos,0 days 00:01:21.108000,0 days 01:01:41.330000,11185.2467328,249.3374976,6,100.0,False,0,5323.92915154551,0.9301587370690705
2024-09-01 13:09:25.462,OnTrack,-1339.1444277802316,-4521.297408685544,1850.7117498164578,car,0 days 00:01:21.321000,0 days 01:01:41.543000,11343.0,252.0,6,100.0,False,0,5338.883055555556,0.9327713759814795
2024-09-01 13:09:25.509,OnTrack,-1351.0,-4485.0,1851.0,pos,0 days 00:01:21.368000,0 days 01:01:41.590000,11375.377645511111,252.78333013333332,6,100.0,False,0,5342.213420447756,0.9333532334619099
2024-09-01 13:09:25.822,OnTrack,-1395.6205045966346,-4320.525126168458,1851.7734048741559,car,0 days 00:01:21.681000,0 days 01:01:41.903000,11591.0,258.0,6,100.0,False,0,5364.683055555556,0.9372789670356196
2024-09-01 13:09:25.868,OnTrack,-1402.0,-4293.0,1852.0,pos,0 days 00:01:21.727000,0 days 01:01:41.949000,11546.807265828571,258.98571154285713,6,100.0,False,0,5368.028422180625,0.9378634455112778
2024-09-01 13:09:26.028,OnTrack,-1427.0,-4180.0,1853.0,pos,0 days 00:01:21.887000,0 days 01:01:42.109000,11393.092980114287,262.4142829714286,6,100.0,False,0,5379.750551960712,0.9399114519970214
2024-09-01 13:09:26.102,OnTrack,-1436.881494972822,-4126.506437542216,1853.05298928129,car,0 days 00:01:21.961000,0 days 01:01:42.183000,11322.0,264.0,6,100.0,False,0,5385.21638888889,0.9408664038435658
2024-09-01 13:09:26.188,OnTrack,-1447.0,-4064.0,1853.0,pos,0 days 00:01:22.047000,0 days 01:01:42.269000,11114.8836416,265.4333312,6,100.0,False,0,5391.603538384075,0.9419823208174399
2024-09-01 13:09:26.342,OnTrack,-1463.3855227479314,-3948.138395628525,1853.5652807854262,car,0 days 00:01:22.201000,0 days 01:01:42.423000,10744.0,268.0,7,100.0,False,0,5403.083055555558,0.9439879397673632
2024-09-01 13:09:26.428,OnTrack,-1471.0,-3883.0,1854.0,pos,0 days 00:01:22.287000,0 days 01:01:42.509000,10759.0499776,268.0,7,100.0,False,0,5409.474055093929,0.9451045293931839
2024-09-01 13:09:26.542,OnTrack,-1478.9724486237578,-3797.4826160559624,1854.5208989257874,car,0 days 00:01:22.401000,0 days 01:01:42.623000,10779.0,268.0,7,100.0,False,0,5417.971944444446,0.9465892197038609
2024-09-01 13:09:26.728,OnTrack,-1488.0,-3658.0,1855.0,pos,0 days 00:01:22.587000,0 days 01:01:42.809000,10834.7999616,271.87499733333334,7,100.0,False,0,5432.0490770279,0.9490486753977028
2024-09-01 13:09:26.782,OnTrack,-1490.090309813944,-3616.872410191313,1854.9836615067256,car,0 days 00:01:22.641000,0 days 01:01:42.863000,10851.0,273.0,7,100.0,False,0,5436.171944444446,0.9497689932381767
2024-09-01 13:09:26.808,OnTrack,-1491.0,-3597.0,1855.0,pos,0 days 00:01:22.667000,0 days 01:01:42.889000,10873.61988864,273.51999744,7,100.0,False,0,5438.16159907775,0.9501166114329793
2024-09-01 13:09:26.982,OnTrack,-1495.4834410518781,-3463.151813041998,1855.8500076073199,car,0 days 00:01:22.841000,0 days 01:01:43.063000,11025.0,277.0,7,100.0,False,0,5451.560833333335,0.9524576295904523
2024-09-01 13:09:27.008,OnTrack,-1496.0,-3443.0,1856.0,pos,0 days 00:01:22.867000,0 days 01:01:43.089000,11047.48988928,277.51999744,7,100.0,False,0,5453.577566415352,0.9528099787377037
2024-09-01 13:09:27.182,OnTrack,-1498.7138656859838,-3307.8283211822973,1856.8762979693565,car,0 days 00:01:23.041000,0 days 01:01:43.263000,11198.0,281.0,7,100.0,False,0,5467.171944444445,0.9551850910164068
2024-09-01 13:09:27.208,OnTrack,-1499.0,-3288.0,1857.0,pos,0 days 00:01:23.067000,0 days 01:01:43.289000,11211.6499328,281.3714267428571,7,100.0,False,0,5469.216834033354,0.9555423594667041
2024-09-01 13:09:27.408,OnTrack,-1500.0,-3131.0,1858.0,pos,0 days 00:01:23.267000,0 days 01:01:43.489000,11316.649932799999,284.2285696,7,100.0,False,0,5485.048255242409,0.9583083118936909
2024-09-01 13:09:27.462,OnTrack,-1499.8051377809209,-3079.624501909463,1858.3311672551135,car,0 days 00:01:23.321000,0 days 01:01:43.543000,11345.0,285.0,7,100.0,False,0,5489.338611111112,0.9590578921158942
2024-09-01 13:09:27.702,OnTrack,-1497.0912009914086,-2834.5769139438494,1859.9597128632192,car,0 days 00:01:23.561000,0 days 01:01:43.783000,11352.0,287.0,7,100.0,False,0,5508.471944444446,0.9624007309596623
2024-09-01 13:09:27.709,OnTrack,-1497.0,-2829.0,1860.0,pos,0 days 00:01:23.568000,0 days 01:01:43.790000,11355.4124064,287.0874976,7,100.0,False,0,5509.032732101714,0.962498707759165
2024-09-01 13:09:27.862,OnTrack,-1494.9681107880158,-2737.0106967090815,1860.732768520651,car,0 days 00:01:23.721000,0 days 01:01:43.943000,11430.0,289.0,7,100.0,False,0,5521.31638888889,0.9646448202183124
2024-09-01 13:09:27.989,OnTrack,-1493.0,-2669.0,1861.0,pos,0 days 00:01:23.848000,0 days 01:01:44.070000,11516.5186192,289.0,7,100.0,False,0,5531.497343709817,0.9664235636630184
2024-09-01 13:09:28.022,OnTrack,-1492.4181723803629,-2648.114882445787,1861.0027855549001,car,0 days 00:01:23.881000,0 days 01:01:44.103000,11539.0,289.0,7,100.0,False,0,5534.160833333334,0.9668889094769626
2024-09-01 13:09:28.189,OnTrack,-1489.0,-2526.0,1861.0,pos,0 days 00:01:24.048000,0 days 01:01:44.270000,11587.5343192,292.6531208,7,100.0,False,0,5547.824811547361,0.9692761818010521
2024-09-01 13:09:28.342,OnTrack,-1485.0914425838391,-2401.9474417681427,1862.1693838892434,car,0 days 00:01:24.201000,0 days 01:01:44.423000,11632.0,296.0,7,100.0,False,8,5560.471944444446,0.9714857982005647
2024-09-01 13:09:28.449,OnTrack,-1482.0,-2313.0,1863.0,pos,0 days 00:01:24.308000,0 days 01:01:44.530000,11212.054227994307,296.7670242411063,7,100.0,False,8,5569.314860035136,0.9730307690226232
2024-09-01 13:09:28.621,OnTrack,-1476.4892189231532,-2171.14454664043,1863.437045639312,car,0 days 00:01:24.480000,0 days 01:01:44.702000,10537.0,298.0,7,100.0,False,8,5583.566944444446,0.9755207910453462
2024-09-01 13:09:28.729,OnTrack,-1472.0,-2082.0,1864.0,pos,0 days 00:01:24.588000,0 days 01:01:44.810000,10628.414285714285,299.15714285714284,7,100.0,False,8,5592.575324541285,0.977094670639796
2024-09-01 13:09:28.829,OnTrack,-1467.0,-1999.0,1865.0,pos,0 days 00:01:24.688000,0 days 01:01:44.910000,10713.057142857142,300.22857142857146,7,100.0,False,8,5600.948608393348,0.9785575907710106
2024-09-01 13:09:28.901,OnTrack,-1463.6300370721106,-1938.8722617639755,1865.5024838577356,car,0 days 00:01:24.760000,0 days 01:01:44.982000,10774.0,301.0,8,100.0,False,8,5606.978055555557,0.9796110125574363
2024-09-01 13:09:29.029,OnTrack,-1458.0,-1832.0,1866.0,pos,0 days 00:01:24.888000,0 days 01:01:45.110000,10807.92,301.64,8,100.0,False,8,5617.697907446331,0.9814839082351323
2024-09-01 13:09:29.101,OnTrack,-1454.6911178893065,-1772.580147691852,1866.2734458215662,car,0 days 00:01:24.960000,0 days 01:01:45.182000,10827.0,302.0,8,100.0,False,8,5623.755833333335,0.9825423056202062
2024-09-01 13:09:29.269,OnTrack,-1446.0,-1630.0,1867.0,pos,0 days 00:01:25.128000,0 days 01:01:45.350000,10900.266666666666,304.3333333333333,8,100.0,False,8,5638.021465308571,0.9850346945765328
2024-09-01 13:09:29.461,OnTrack,-1432.9328630148075,-1443.3843024829632,1868.1914204736827,car,0 days 00:01:25.320000,0 days 01:01:45.542000,10984.0,307.0,8,100.0,False,8,5654.455833333335,0.9879059895489697
2024-09-01 13:09:29.609,OnTrack,-1423.0,-1307.0,1869.0,pos,0 days 00:01:25.468000,0 days 01:01:45.690000,11008.842857142858,308.0571428571429,8,100.0,False,8,5667.142950853898,0.9901225917752685
2024-09-01 13:09:29.741,OnTrack,-1415.715574059605,-1205.9063486493217,1869.414444359193,car,0 days 00:01:25.600000,0 days 01:01:45.822000,11031.0,309.0,8,100.0,False,8,5678.489166666669,0.9921049212673613
2024-09-01 13:09:29.941,OnTrack,-1404.5561178622415,-1057.026624180209,1869.963000248113,car,0 days 00:01:25.800000,0 days 01:01:46.022000,11042.0,311.0,8,100.0,False,8,5695.7669444444455,0.9951235707459087
2024-09-01 13:09:29.949,OnTrack,-1404.0,-1050.0,1870.0,pos,0 days 00:01:25.808000,0 days 01:01:46.030000,11045.7,311.075,8,100.0,False,8,5696.460626882478,0.9952447659688579
2024-09-01 13:09:30.109,OnTrack,-1391.0,-891.0,1871.0,pos,0 days 00:01:25.968000,0 days 01:01:46.190000,11119.7,312.575,8,100.0,False,8,5710.378379301917,0.997676375902951
2024-09-01 13:09:30.261,OnTrack,-1375.3373017105168,-707.3680246445124,1872.4087230405598,car,0 days 00:01:26.120000,0 days 01:01:46.342000,11190.0,314.0,8,100.0,False,8,5723.678055555557,1.0
