Date,Status,X,Y,Z,Source,Time,SessionTime,RPM,Speed,nGear,Throttle,Brake,DRS,Distance,RelativeDistance
2024-09-01 14:12:03.549,OnTrack,-1373.0,-674.0,1871.0,pos,0 days 00:00:00,0 days 02:04:19.630000,11491.0,321.0,8,100.0,False,0,,
2024-09-01 14:12:03.754,OnTrack,-1355.5448514289617,-470.40235687557964,1872.4284340535212,car,0 days 00:00:00.205000,0 days 02:04:19.835000,11491.0,321.0,8,100.0,False,0,25.947499999999998,0.004521058269626916
2024-09-01 14:12:03.850,OnTrack,-1347.0,-372.0,1873.0,pos,0 days 00:00:00.301000,0 days 02:04:19.931000,11521.0,321.6,8,100.0,False,0,34.526389498763564,0.006015832691540416
2024-09-01 14:12:03.914,OnTrack,-1341.1720549806842,-305.3143831331442,1873.3465422594722,car,0 days 00:00:00.365000,0 days 02:04:19.995000,11541.0,322.0,8,100.0,False,0,40.25861111111111,0.007014607445325482
2024-09-01 14:12:04.274,OnTrack,-1310.0339591566694,45.55818558951067,1874.9319710315574,car,0 days 00:00:00.725000,0 days 02:04:20.355000,11589.0,324.0,8,100.0,False,0,72.65861111111111,0.01265994082757472
2024-09-01 14:12:04.290,OnTrack,-1309.0,57.0,1875.0,pos,0 days 00:00:00.741000,0 days 02:04:20.371000,11592.42857142857,324.0571428571429,8,100.0,False,0,74.10100614249494,0.012911261840570447
2024-09-01 14:12:04.530,OnTrack,-1296.0,201.0,1876.0,pos,0 days 00:00:00.981000,0 days 02:04:20.611000,11643.857142857143,324.9142857142857,8,100.0,False,0,95.76289090645709,0.01668560014860846
2024-09-01 14:12:04.554,OnTrack,-1294.4800968469465,218.5919776968983,1876.0894843223923,car,0 days 00:00:01.005000,0 days 02:04:20.635000,11649.0,325.0,8,100.0,False,0,97.93638888888889,0.01706430757812925
2024-09-01 14:12:04.794,OnTrack,-1275.9353447369226,438.10617726762615,1876.8813644631775,car,0 days 00:00:01.245000,0 days 02:04:20.875000,11656.0,327.0,8,100.0,False,0,119.73638888888888,0.020862710903222875
2024-09-01 14:12:04.830,OnTrack,-1273.0,472.0,1877.0,pos,0 days 00:00:01.281000,0 days 02:04:20.911000,11667.0250784,327.0,8,100.0,False,0,123.00551212616756,0.021432318636003617
2024-09-01 14:12:04.954,OnTrack,-1262.9025753108447,585.6143974449177,1877.4221263441932,car,0 days 00:00:01.405000,0 days 02:04:21.035000,11705.0,327.0,8,100.0,False,0,134.26972222222224,0.023394979786618628
2024-09-01 14:12:05.090,OnTrack,-1252.0,708.0,1878.0,pos,0 days 00:00:01.541000,0 days 02:04:21.171000,11732.625,327.85,8,100.0,False,0,146.68053074002634,0.02555742273804649
2024-09-01 14:12:05.270,OnTrack,-1238.0,872.0,1879.0,pos,0 days 00:00:01.721000,0 days 02:04:21.351000,11769.187552,328.9750016,8,100.0,False,0,163.1486382082384,0.028426804121773817
2024-09-01 14:12:05.274,OnTrack,-1237.6884807903418,875.654403734588,1879.0191948353258,car,0 days 00:00:01.725000,0 days 02:04:21.355000,11770.0,329.0,8,100.0,False,0,163.51416666666668,0.02849049331956787
2024-09-01 14:12:05.434,OnTrack,-1225.2026835110446,1021.6740366481797,1879.6641169073894,car,0 days 00:00:01.885000,0 days 02:04:21.515000,11774.0,329.0,8,100.0,False,0,178.13638888888892,0.031038250086042492
2024-09-01 14:12:05.490,OnTrack,-1221.0,1072.0,1880.0,pos,0 days 00:00:01.941000,0 days 02:04:21.571000,11778.6,329.4,8,100.0,False,0,183.2711414805358,0.031932922623549125
2024-09-01 14:12:05.610,OnTrack,-1212.0,1182.0,1881.0,pos,0 days 00:00:02.061000,0 days 02:04:21.691000,11788.457142857143,330.25714285714287,8,100.0,False,0,194.3103699259631,0.03385638326729129
2024-09-01 14:12:05.714,OnTrack,-1202.107813555207,1298.7619823440593,1881.8153487617683,car,0 days 00:00:02.165000,0 days 02:04:21.795000,11797.0,331.0,8,100.0,False,0,203.88083333333333,0.035523928222761104
2024-09-01 14:12:05.910,OnTrack,-1182.0,1530.0,1883.0,pos,0 days 00:00:02.361000,0 days 02:04:21.991000,11832.28004608,331.0,8,100.0,False,0,221.90156951171014,0.03866383759067768
2024-09-01 14:12:05.914,OnTrack,-1181.6665927369731,1533.8263416953537,1883.0184395881604,car,0 days 00:00:02.365000,0 days 02:04:21.995000,11833.0,331.0,8,100.0,False,0,222.26972222222224,0.03872798403470298
2024-09-01 14:12:06.154,OnTrack,-1167.0300992872108,1701.4633344918645,1883.7485152088416,car,0 days 00:00:02.605000,0 days 02:04:22.235000,11864.0,332.0,8,100.0,False,0,244.40305555555557,0.04258446692134237
2024-09-01 14:12:06.250,OnTrack,-1161.0,1770.0,1884.0,pos,0 days 00:00:02.701000,0 days 02:04:22.331000,11872.533333333333,332.26666666666665,8,100.0,False,0,253.2711749038566,0.044129636371797135
2024-09-01 14:12:06.510,OnTrack,-1140.0,2009.0,1885.0,pos,0 days 00:00:02.961000,0 days 02:04:22.591000,11895.6444672,332.9888896,8,100.0,False,0,277.33225104748504,0.048322006630021404
2024-09-01 14:12:06.514,OnTrack,-1139.6691794191727,2012.832419211329,1885.024221409465,car,0 days 00:00:02.965000,0 days 02:04:22.595000,11896.0,333.0,8,100.0,False,0,277.7030555555556,0.048386615119765206
2024-09-01 14:12:06.674,OnTrack,-1126.6449049311232,2166.0008126521525,1886.2497927734719,car,0 days 00:00:03.125000,0 days 02:04:22.755000,11922.0,334.0,8,100.0,False,0,292.5475,0.050973091593937
2024-09-01 14:12:06.770,OnTrack,-1118.0,2268.0,1887.0,pos,0 days 00:00:03.221000,0 days 02:04:22.851000,11931.12,334.0,8,100.0,False,0,301.4514276839548,0.05252450024169513
2024-09-01 14:12:06.874,OnTrack,-1107.339460899192,2392.949011050122,1887.6951404268711,car,0 days 00:00:03.325000,0 days 02:04:22.955000,11941.0,334.0,8,100.0,False,0,311.10305555555556,0.05420618718665176
2024-09-01 14:12:07.074,OnTrack,-1085.729281034364,2643.895994399934,1888.7426900478629,car,0 days 00:00:03.525000,0 days 02:04:23.155000,11946.0,335.0,8,100.0,False,0,329.7141666666667,0.05744896270629082
2024-09-01 14:12:07.130,OnTrack,-1081.0,2698.0,1889.0,pos,0 days 00:00:03.581000,0 days 02:04:23.211000,11957.9,335.35,8,100.0,False,0,334.9362513083881,0.05835885186532911
2024-09-01 14:12:07.234,OnTrack,-1074.0778269565362,2775.8651809487965,1889.442718455755,car,0 days 00:00:03.685000,0 days 02:04:23.315000,11980.0,336.0,8,100.0,False,0,344.6475,0.06005092706354148
2024-09-01 14:12:07.449,OnTrack,-1063.0,2903.0,1890.0,pos,0 days 00:00:03.900000,0 days 02:04:23.530000,11980.0,336.8958336,8,100.0,False,0,364.7730984654714,0.06355758486770413
2024-09-01 14:12:07.474,OnTrack,-1061.3988277044832,2922.795499233167,1890.0048684510225,car,0 days 00:00:03.925000,0 days 02:04:23.555000,11980.0,337.0,8,100.0,False,0,367.1141666666667,0.06396548951172666
2024-09-01 14:12:07.609,OnTrack,-1051.0,3052.0,1890.0,pos,0 days 00:00:04.060000,0 days 02:04:23.690000,11980.0,337.0,8,100.0,False,0,379.75329929049184,0.06616771535505862
2024-09-01 14:12:07.715,OnTrack,-1039.7858608667475,3182.8918838985264,1890.435658047795,car,0 days 00:00:04.166000,0 days 02:04:23.796000,11980.0,337.0,8,100.0,False,0,389.6744444444444,0.06789636263677926
2024-09-01 14:12:07.929,OnTrack,-1015.0,3463.0,1892.0,pos,0 days 00:00:04.380000,0 days 02:04:24.010000,12013.883313066666,337.0,8,100.0,False,0,409.7043058432094,0.07138633934036795
2024-09-01 14:12:07.955,OnTrack,-1012.684946896471,3489.550132243751,1892.1570196121475,car,0 days 00:00:04.406000,0 days 02:04:24.036000,12018.0,337.0,8,100.0,False,0,412.1411111111111,0.07181092508496444
2024-09-01 14:12:08.155,OnTrack,-1000.5650199181205,3633.1379977131883,1893.0565819373592,car,0 days 00:00:04.606000,0 days 02:04:24.236000,12035.0,338.0,8,100.0,False,0,430.9188888888889,0.07508274038537638
2024-09-01 14:12:08.389,OnTrack,-988.0,3781.0,1894.0,pos,0 days 00:00:04.840000,0 days 02:04:24.470000,12053.524989866666,338.4874997333333,8,100.0,False,0,452.95372705997784,0.07892206160450317
2024-09-01 14:12:08.569,OnTrack,-973.0,3950.0,1895.0,pos,0 days 00:00:05.020000,0 days 02:04:24.650000,12067.774989866666,338.8624997333333,8,100.0,False,0,469.91151804774927,0.0818767648005671
2024-09-01 14:12:08.635,OnTrack,-967.7752290243359,4012.2170658457576,1895.3705217348913,car,0 days 00:00:05.086000,0 days 02:04:24.716000,12073.0,339.0,8,100.0,False,0,476.1188888888888,0.08295832893098333
2024-09-01 14:12:08.749,OnTrack,-959.0,4118.0,1896.0,pos,0 days 00:00:05.200000,0 days 02:04:24.830000,12038.8000384,338.43000064,8,100.0,False,0,486.82742964473806,0.08482417098666765
2024-09-01 14:12:08.835,OnTrack,-951.889699750307,4198.670418136418,1896.4695979774256,car,0 days 00:00:05.286000,0 days 02:04:24.916000,12013.0,338.0,8,100.0,False,0,494.8966666666666,0.08623014423139526
2024-09-01 14:12:08.929,OnTrack,-944.0,4287.0,1897.0,pos,0 days 00:00:05.380000,0 days 02:04:25.010000,12005.24501056,337.76500032,8,100.0,False,0,503.709020677809,0.08776559720285515
2024-09-01 14:12:09.129,OnTrack,-928.0,4473.0,1898.0,pos,0 days 00:00:05.580000,0 days 02:04:25.210000,11988.74501056,337.26500032,8,100.0,False,0,522.4325394488395,0.09102795848530171
2024-09-01 14:12:09.235,OnTrack,-919.3402258191161,4571.671241805561,1897.9146464154812,car,0 days 00:00:05.686000,0 days 02:04:25.316000,11980.0,337.0,8,100.0,False,0,532.3411111111111,0.09275441497837056
2024-09-01 14:12:09.289,OnTrack,-915.0,4622.0,1898.0,pos,0 days 00:00:05.740000,0 days 02:04:25.370000,11979.73000064,336.73000064,8,100.0,False,0,537.3848522880263,0.09363322980668737
2024-09-01 14:12:09.435,OnTrack,-903.7914615570091,4758.171624555153,1899.2934277061343,car,0 days 00:00:05.886000,0 days 02:04:25.516000,11979.0,336.0,8,100.0,False,0,551.0077777777777,0.0960068704249339
2024-09-01 14:12:09.509,OnTrack,-898.0,4827.0,1900.0,pos,0 days 00:00:05.960000,0 days 02:04:25.590000,11970.12001536,335.81500032,8,100.0,False,0,557.9044243718902,0.09720853305590052
2024-09-01 14:12:09.749,OnTrack,-878.0,5049.0,1901.0,pos,0 days 00:00:06.200000,0 days 02:04:25.830000,11941.32001536,335.21500032,8,100.0,False,0,580.2369343381218,0.10109972021706662
2024-09-01 14:12:09.835,OnTrack,-871.0019451577298,5128.564194884592,1901.0035648688258,car,0 days 00:00:06.286000,0 days 02:04:25.916000,11931.0,335.0,8,100.0,False,0,588.2299999999999,0.10249242146421199
2024-09-01 14:12:09.949,OnTrack,-862.0,5234.0,1901.0,pos,0 days 00:00:06.400000,0 days 02:04:26.030000,11920.093401553378,334.74031908460427,8,100.0,False,0,598.8187154731235,0.1043373853202479
2024-09-01 14:12:10.170,OnTrack,-845.0,5438.0,1902.0,pos,0 days 00:00:06.621000,0 days 02:04:26.251000,11898.949890456444,334.2369021537249,8,100.0,False,0,619.3229531487392,0.10791001672233821
2024-09-01 14:12:10.274,OnTrack,-836.4819341598234,5534.46933394286,1902.9416581191817,car,0 days 00:00:06.725000,0 days 02:04:26.355000,11889.0,334.0,8,100.0,False,0,628.9594444444443,0.10958906629022087
2024-09-01 14:12:10.390,OnTrack,-827.0,5641.0,1904.0,pos,0 days 00:00:06.841000,0 days 02:04:26.471000,11855.857069714286,333.5857133714286,8,100.0,False,0,639.6980145355146,0.11146014061777465
2024-09-01 14:12:10.554,OnTrack,-814.3201330769554,5790.3246580497025,1904.9154130091988,car,0 days 00:00:07.005000,0 days 02:04:26.635000,11809.0,333.0,8,100.0,False,0,654.8594444444443,0.11410184822232752
2024-09-01 14:12:10.570,OnTrack,-813.0,5806.0,1905.0,pos,0 days 00:00:07.021000,0 days 02:04:26.651000,11807.8,332.92,8,100.0,False,0,656.3370801289192,0.11435930952036359
2024-09-01 14:12:10.754,OnTrack,-796.0143555181008,6007.2633538870405,1906.096117698429,car,0 days 00:00:07.205000,0 days 02:04:26.835000,11794.0,332.0,8,100.0,False,0,673.3038888888888,0.11731558396119368
2024-09-01 14:12:10.930,OnTrack,-780.0,6197.0,1907.0,pos,0 days 00:00:07.381000,0 days 02:04:27.011000,11748.742857142857,330.74285714285713,8,100.0,False,0,689.4627821511249,0.12013108826840059
2024-09-01 14:12:11.034,OnTrack,-772.1144968783327,6290.697082269216,1907.3104439960666,car,0 days 00:00:07.485000,0 days 02:04:27.115000,11722.0,330.0,8,100.0,False,0,698.9705555555554,0.12178771020021828
2024-09-01 14:12:11.290,OnTrack,-755.0,6494.0,1908.0,pos,0 days 00:00:07.741000,0 days 02:04:27.371000,11694.072727272727,328.25454545454545,8,94.18181818181819,False,0,722.2347144235232,0.12584122664056668
2024-09-01 14:12:11.474,OnTrack,-740.8287233278169,6660.891317926414,1909.3443931202298,car,0 days 00:00:07.925000,0 days 02:04:27.555000,11674.0,327.0,8,90.0,False,0,738.937222222222,0.12875144962955656
2024-09-01 14:12:11.550,OnTrack,-735.0,6730.0,1910.0,pos,0 days 00:00:08.001000,0 days 02:04:27.631000,11515.3494656,327.0,8,70.5249344,False,0,745.851177983363,0.1299561281870184
2024-09-01 14:12:11.634,OnTrack,-728.7625288085297,6804.629069844083,1910.7322345187606,car,0 days 00:00:08.085000,0 days 02:04:27.715000,11340.0,327.0,8,49.0,False,0,753.4705555555553,0.1312837185129523
2024-09-01 14:12:11.670,OnTrack,-726.0,6838.0,1911.0,pos,0 days 00:00:08.121000,0 days 02:04:27.751000,11338.842848914286,325.8428489142857,8,42.6999552,False,0,756.7173848484068,0.1318494417781807
2024-09-01 14:12:11.914,OnTrack,-705.6213817302548,7087.511960778731,1911.8793408949566,car,0 days 00:00:08.365000,0 days 02:04:27.995000,11331.0,318.0,8,0.0,False,0,778.2038888888887,0.13559322197964876
2024-09-01 14:12:11.950,OnTrack,-703.0,7119.0,1912.0,pos,0 days 00:00:08.401000,0 days 02:04:28.031000,11223.17923328,313.13996544,8,0.0,False,0,781.2334531492573,0.13612108927139965
2024-09-01 14:12:12.114,OnTrack,-693.2690067245322,7231.789309534441,1912.7157948982606,car,0 days 00:00:08.565000,0 days 02:04:28.195000,10732.0,291.0,8,0.0,True,0,794.3705555555554,0.1384100807146188
2024-09-01 14:12:12.210,OnTrack,-688.0,7292.0,1913.0,pos,0 days 00:00:08.661000,0 days 02:04:28.291000,10186.514285714286,275.57142857142856,8,0.0,True,0,801.3350184225055,0.13962355956376168
2024-09-01 14:12:12.394,OnTrack,-677.137113171083,7419.095769517718,1912.960514135747,car,0 days 00:00:08.845000,0 days 02:04:28.475000,9141.0,246.0,8,0.0,True,0,813.5038888888887,0.14174384754734623
2024-09-01 14:12:12.470,OnTrack,-673.0,7470.0,1913.0,pos,0 days 00:00:08.921000,0 days 02:04:28.551000,9041.81966592,236.499968,8,0.0,True,0,818.3058930186166,0.14258054243053303
2024-09-01 14:12:12.594,OnTrack,-667.1718515258698,7546.49066960543,1913.344707798146,car,0 days 00:00:09.045000,0 days 02:04:28.675000,8880.0,221.0,8,0.0,True,0,825.7816666666665,0.1438831113976156
2024-09-01 14:12:12.730,OnTrack,-661.0,7624.0,1914.0,pos,0 days 00:00:09.181000,0 days 02:04:28.811000,9200.45,206.125,8,0.0,True,0,833.2693119322016,0.1451877488597133
2024-09-01 14:12:12.910,OnTrack,-652.0,7719.0,1915.0,pos,0 days 00:00:09.361000,0 days 02:04:28.991000,9624.5756032,186.437472,8,0.0,True,0,842.1299266622578,0.14673161071535637
2024-09-01 14:12:12.914,OnTrack,-651.8300701565372,7720.871782319144,1915.0184463618043,car,0 days 00:00:09.365000,0 days 02:04:28.995000,9634.0,186.0,6,0.0,True,0,842.3149999999998,0.146763857650286
2024-09-01 14:12:13.170,OnTrack,-641.0,7838.0,1916.0,pos,0 days 00:00:09.621000,0 days 02:04:29.251000,9611.89090909091,162.72727272727272,6,0.0,True,0,853.1130310996178,0.14864529238575633
2024-09-01 14:12:13.330,OnTrack,-627.0,7948.0,1917.0,pos,0 days 00:00:09.781000,0 days 02:04:29.411000,9598.072727272727,148.1818181818182,6,0.0,True,0,859.2535490551122,0.1497152081573135
2024-09-01 14:12:13.354,OnTrack,-625.4295703012266,7959.7856429279655,1917.0873443692199,car,0 days 00:00:09.805000,0 days 02:04:29.435000,9596.0,146.0,6,0.0,True,0,860.1594444444443,0.14987305017836974
2024-09-01 14:12:13.514,OnTrack,-620.5385177734096,7992.417695321007,1917.072775337897,car,0 days 00:00:09.965000,0 days 02:04:29.595000,9690.0,132.0,5,0.0,True,0,866.0261111111109,0.15089525046157537
2024-09-01 14:12:13.630,OnTrack,-616.0,8009.0,1917.0,pos,0 days 00:00:10.081000,0 days 02:04:29.711000,9528.01392822857,124.12855405714285,5,0.0,True,0,869.8638792929544,0.15156393814152275
2024-09-01 14:12:13.794,OnTrack,-602.1057403162589,8059.073294552994,1917.3112180239236,car,0 days 00:00:10.245000,0 days 02:04:29.875000,9299.0,113.0,2,0.0,True,0,874.8149999999998,0.15242661490099896
2024-09-01 14:12:13.989,OnTrack,-578.0,8132.0,1918.0,pos,0 days 00:00:10.440000,0 days 02:04:30.070000,8632.9529064,105.6874976,2,0.0,True,0,880.3741313264338,0.15339523063104293
2024-09-01 14:12:14.114,OnTrack,-560.7515061527374,8168.296245244608,1918.4156975872047,car,0 days 00:00:10.565000,0 days 02:04:30.195000,8206.0,101.0,2,0.0,True,0,883.7927777777776,0.15399089109196512
2024-09-01 14:12:14.315,OnTrack,-530.9961611187912,8212.038444219515,1918.938174712522,car,0 days 00:00:10.766000,0 days 02:04:30.396000,7633.0,95.0,2,0.0,True,0,889.0969444444443,0.15491508211506225
2024-09-01 14:12:14.369,OnTrack,-523.0,8222.0,1919.0,pos,0 days 00:00:10.820000,0 days 02:04:30.450000,7529.418427345455,94.14091112727273,2,0.0,True,0,890.4805520460528,0.15515616008362074
2024-09-01 14:12:14.755,OnTrack,-465.0467070972419,8274.171160920128,1918.7770486879162,car,0 days 00:00:11.206000,0 days 02:04:30.836000,6789.0,88.0,2,0.0,True,0,899.8524999999998,0.15678911596760592
2024-09-01 14:12:14.849,OnTrack,-449.0,8283.0,1919.0,pos,0 days 00:00:11.300000,0 days 02:04:30.930000,6759.62504,85.6500032,2,0.0,True,0,901.9945848016074,0.1571623500058196
2024-09-01 14:12:15.069,OnTrack,-407.0,8299.0,1920.0,pos,0 days 00:00:11.520000,0 days 02:04:31.150000,6690.87504,80.1500032,2,0.0,True,0,906.8337067454424,0.15800551224811302
2024-09-01 14:12:15.075,OnTrack,-405.7654259190301,8299.362668910742,1920.0151835736606,car,0 days 00:00:11.526000,0 days 02:04:31.156000,6689.0,80.0,2,0.0,False,0,906.9636111111109,0.15802814661391576
2024-09-01 14:12:15.275,OnTrack,-362.45024811838675,8309.56048592562,1920.0173033783858,car,0 days 00:00:11.726000,0 days 02:04:31.356000,6535.0,77.0,2,4.0,False,0,911.2413888888887,0.1587735009870865
2024-09-01 14:12:15.309,OnTrack,-355.0,8311.0,1920.0,pos,0 days 00:00:11.760000,0 days 02:04:31.390000,6590.856932571429,76.87857188571428,2,5.578565485714286,False,0,911.9604407434858,0.15889878763641754
2024-09-01 14:12:15.489,OnTrack,-316.0,8318.0,1920.0,pos,0 days 00:00:11.940000,0 days 02:04:31.570000,6886.571218285714,76.23571474285714,2,13.935708342857144,False,0,915.746309090068,0.1595584323573361
2024-09-01 14:12:15.555,OnTrack,-301.9379280629367,8321.067584046765,1920.014059405453,car,0 days 00:00:12.006000,0 days 02:04:31.636000,6995.0,76.0,2,17.0,False,0,917.1524999999998,0.15980344521183157
2024-09-01 14:12:15.715,OnTrack,-268.744449289522,8330.483621244199,1920.021488080362,car,0 days 00:00:12.166000,0 days 02:04:31.796000,7049.0,78.0,2,24.0,False,0,920.6191666666665,0.16040747265190763
2024-09-01 14:12:15.749,OnTrack,-262.0,8333.0,1920.0,pos,0 days 00:00:12.200000,0 days 02:04:31.830000,7013.6188832,78.0,2,21.4500096,False,0,921.3615572794572,0.16053682581576736
2024-09-01 14:12:16.029,OnTrack,-212.0,8361.0,1920.0,pos,0 days 00:00:12.480000,0 days 02:04:32.110000,6722.2438832,78.0,2,0.45000960000000134,False,0,927.4274122942514,0.16159373241474584
2024-09-01 14:12:16.035,OnTrack,-211.08354106735223,8361.74031428451,1920.028464706732,car,0 days 00:00:12.486000,0 days 02:04:32.116000,6716.0,78.0,2,0.0,True,0,927.5524999999998,0.1616155275320597
2024-09-01 14:12:16.189,OnTrack,-190.0,8383.0,1921.0,pos,0 days 00:00:12.640000,0 days 02:04:32.270000,6447.355778844444,75.00555804444444,2,0.0,True,0,930.6714930926287,0.16215897678591226
2024-09-01 14:12:16.369,OnTrack,-171.0,8414.0,1921.0,pos,0 days 00:00:12.820000,0 days 02:04:32.450000,6133.355778844444,71.50555804444444,2,0.0,True,0,934.1554698152131,0.16276602030736242
2024-09-01 14:12:16.395,OnTrack,-168.86346616660444,8418.671428611255,1920.9796900850656,car,0 days 00:00:12.846000,0 days 02:04:32.476000,6088.0,71.0,2,0.0,True,0,934.6524999999998,0.16285262219298471
2024-09-01 14:12:16.529,OnTrack,-160.0,8443.0,1921.0,pos,0 days 00:00:12.980000,0 days 02:04:32.610000,5880.97019776,68.99000192,2,0.0,True,0,937.1907994968154,0.16329489215852544
2024-09-01 14:12:16.595,OnTrack,-156.41958866998235,8455.123348259085,1921.156483226625,car,0 days 00:00:13.046000,0 days 02:04:32.676000,5779.0,68.0,2,0.0,False,0,938.4302777777775,0.1635108572238368
2024-09-01 14:12:16.830,OnTrack,-147.0,8499.0,1922.0,pos,0 days 00:00:13.281000,0 days 02:04:32.911000,6109.820280340533,67.46469210300884,2,10.706157939823063,False,0,942.7989970218275,0.16427205711846984
2024-09-01 14:12:17.034,OnTrack,-142.23318782179095,8537.916347466993,1921.9751095287156,car,0 days 00:00:13.485000,0 days 02:04:33.115000,6397.0,67.0,2,20.0,False,0,946.6005555555553,0.16493443567695834
2024-09-01 14:12:17.050,OnTrack,-142.0,8541.0,1922.0,pos,0 days 00:00:13.501000,0 days 02:04:33.131000,6420.44,67.16,2,20.8,False,0,946.9013495552938,0.1649868456278196
2024-09-01 14:12:17.234,OnTrack,-140.8063402332999,8576.830896746615,1922.7608322554831,car,0 days 00:00:13.685000,0 days 02:04:33.315000,6690.0,69.0,2,30.0,False,0,950.4338888888886,0.16560235063473475
2024-09-01 14:12:17.310,OnTrack,-141.0,8592.0,1923.0,pos,0 days 00:00:13.761000,0 days 02:04:33.391000,6884.2756544,70.74167253333333,2,32.8500096,False,0,951.9850671647017,0.1658726258971504
2024-09-01 14:12:17.490,OnTrack,-143.0,8629.0,1923.0,pos,0 days 00:00:13.941000,0 days 02:04:33.571000,7344.4,74.86666666666666,2,39.6,False,0,955.9040779519594,0.16655546918180167
2024-09-01 14:12:17.650,OnTrack,-147.0,8663.0,1923.0,pos,0 days 00:00:14.101000,0 days 02:04:33.731000,7753.4,78.53333333333333,2,45.6,False,0,959.5905546015555,0.16719779602417348
2024-09-01 14:12:17.714,OnTrack,-149.0899183218069,8676.905752021545,1923.433130186297,car,0 days 00:00:14.165000,0 days 02:04:33.795000,7917.0,80.0,2,48.0,False,0,961.1005555555553,0.16746089660419952
2024-09-01 14:12:17.790,OnTrack,-152.0,8694.0,1924.0,pos,0 days 00:00:14.241000,0 days 02:04:33.871000,8073.886242742858,82.44286537142857,2,50.71429485714286,False,0,962.9199689427148,0.16777790879958973
2024-09-01 14:12:17.994,OnTrack,-162.18265384490766,8743.709818291467,1923.9841689117495,car,0 days 00:00:14.445000,0 days 02:04:34.075000,8495.0,89.0,2,58.0,False,0,968.0227777777775,0.16866701549896676
2024-09-01 14:12:18.030,OnTrack,-164.0,8752.0,1924.0,pos,0 days 00:00:14.481000,0 days 02:04:34.111000,8591.9756896,90.35000959999999,2,59.125008,False,0,968.9761518107823,0.16883313013644488
2024-09-01 14:12:18.310,OnTrack,-182.0,8826.0,1925.0,pos,0 days 00:00:14.761000,0 days 02:04:34.391000,9346.2256896,100.85000959999999,2,67.875008,False,0,976.8832453769161,0.17021085171871228
2024-09-01 14:12:18.314,OnTrack,-182.47347400953564,8827.794469796292,1925.0064780347946,car,0 days 00:00:14.765000,0 days 02:04:34.395000,9357.0,101.0,2,68.0,False,0,977.0005555555553,0.17023129168993292
2024-09-01 14:12:18.470,OnTrack,-204.0,8908.0,1925.0,pos,0 days 00:00:14.921000,0 days 02:04:34.551000,10004.4010624,106.20000853333333,2,70.60000426666667,False,0,981.6596504137746,0.17104308624962958
2024-09-01 14:12:18.554,OnTrack,-211.76701899929603,8936.701134589352,1924.9848764929582,car,0 days 00:00:15.005000,0 days 02:04:34.635000,10353.0,109.0,2,72.0,False,0,984.2672222222219,0.1714974261316308
2024-09-01 14:12:18.714,OnTrack,-217.82059021609876,8958.835427983691,1925.0169473202861,car,0 days 00:00:15.165000,0 days 02:04:34.795000,10782.0,118.0,2,78.0,False,0,989.5116666666663,0.17241121123328432
2024-09-01 14:12:18.830,OnTrack,-225.0,8986.0,1925.0,pos,0 days 00:00:15.281000,0 days 02:04:34.911000,11134.834112,124.44445866666666,2,85.08890453333333,False,0,993.6969093002328,0.173140442404645
2024-09-01 14:12:19.074,OnTrack,-254.14454551621427,9098.067907328543,1924.9306504400006,car,0 days 00:00:15.525000,0 days 02:04:35.155000,11877.0,138.0,2,100.0,False,0,1003.3116666666664,0.17481570508127936
2024-09-01 14:12:19.110,OnTrack,-259.0,9117.0,1925.0,pos,0 days 00:00:15.561000,0 days 02:04:35.191000,11780.6993152,139.8000128,2,100.0,False,0,1004.7649142685905,0.17506891703189095
2024-09-01 14:12:19.274,OnTrack,-281.255307814514,9204.865933047908,1925.7069151295887,car,0 days 00:00:15.725000,0 days 02:04:35.355000,11342.0,148.0,3,100.0,False,0,1011.5338888888886,0.1762483342660751
2024-09-01 14:12:19.474,OnTrack,-305.2340014649743,9301.45412252968,1926.849520969896,car,0 days 00:00:15.925000,0 days 02:04:35.555000,12022.0,159.0,3,100.0,False,0,1020.3672222222218,0.1777874426470381
2024-09-01 14:12:19.530,OnTrack,-310.0,9321.0,1927.0,pos,0 days 00:00:15.981000,0 days 02:04:35.611000,11880.775,161.45,3,100.0,False,0,1022.9540082326364,0.178238160838931
2024-09-01 14:12:19.794,OnTrack,-324.30539080163567,9382.922040364314,1926.951044993016,car,0 days 00:00:16.245000,0 days 02:04:35.875000,11215.0,173.0,4,100.0,False,0,1035.7449999999997,0.18046684641968316
2024-09-01 14:12:19.830,OnTrack,-327.0,9395.0,1927.0,pos,0 days 00:00:16.281000,0 days 02:04:35.911000,11288.5755232,174.4625104,4,100.0,False,0,1037.5507579532696,0.1807814793102343
2024-09-01 14:12:20.090,OnTrack,-355.0,9523.0,1928.0,pos,0 days 00:00:16.541000,0 days 02:04:36.171000,11819.95,185.025,4,100.0,False,0,1051.0012909416253,0.18312508248579631
2024-09-01 14:12:20.114,OnTrack,-357.62925071505987,9535.72843216917,1928.0829345989614,car,0 days 00:00:16.565000,0 days 02:04:36.195000,11869.0,186.0,4,100.0,False,0,1052.278333333333,0.18334759267235357
2024-09-01 14:12:20.409,OnTrack,-386.0,9692.0,1929.0,pos,0 days 00:00:16.860000,0 days 02:04:36.490000,11150.347066311111,195.83333546666665,4,100.0,False,0,1068.4326999630428,0.18616230826506325
2024-09-01 14:12:20.474,OnTrack,-391.0207345394887,9727.754337730934,1929.3859707107395,car,0 days 00:00:16.925000,0 days 02:04:36.555000,10992.0,198.0,5,100.0,False,0,1072.078333333333,0.18679751862817254
2024-09-01 14:12:20.589,OnTrack,-399.0,9792.0,1930.0,pos,0 days 00:00:17.040000,0 days 02:04:36.670000,11285.2501632,203.0312528,5,100.0,False,0,1078.5965076158993,0.18793323674140372
2024-09-01 14:12:20.634,OnTrack,-401.9374091922897,9817.19874762079,1930.068668478489,car,0 days 00:00:17.085000,0 days 02:04:36.715000,11400.0,205.0,5,100.0,False,0,1081.189444444444,0.18838502664375703
2024-09-01 14:12:20.769,OnTrack,-410.0,9896.0,1930.0,pos,0 days 00:00:17.220000,0 days 02:04:36.850000,11185.885287795572,209.3765585827949,5,100.0,False,0,1089.1480904985694,0.18977173066372185
2024-09-01 14:12:21.029,OnTrack,-421.0,10074.0,1931.0,pos,0 days 00:00:17.480000,0 days 02:04:37.110000,10773.516407932293,217.80548222779902,5,100.0,False,0,1105.0977958357216,0.19255078634202014
2024-09-01 14:12:21.035,OnTrack,-421.17382198268564,10077.884351561705,1931.0225848942737,car,0 days 00:00:17.486000,0 days 02:04:37.116000,10764.0,218.0,5,100.0,False,0,1105.4722222222217,0.1926160259030974
2024-09-01 14:12:21.329,OnTrack,-426.0,10250.0,1932.0,pos,0 days 00:00:17.780000,0 days 02:04:37.410000,10943.33992192,226.81999616,5,100.0,False,0,1124.1462910807725,0.19586977109783807
2024-09-01 14:12:21.435,OnTrack,-426.92146603365273,10313.769505144077,1932.6715617592927,car,0 days 00:00:17.886000,0 days 02:04:37.516000,11008.0,230.0,6,100.0,False,0,1131.0277777777774,0.19706879228827343
2024-09-01 14:12:21.489,OnTrack,-427.0,10353.0,1933.0,pos,0 days 00:00:17.940000,0 days 02:04:37.570000,11073.87984384,231.3499968,6,100.0,False,0,1134.5626257103017,0.19768469954242943
2024-09-01 14:12:21.769,OnTrack,-422.0,10631.0,1934.0,pos,0 days 00:00:18.220000,0 days 02:04:37.850000,11415.47984384,238.34999679999999,6,100.0,False,0,1153.214210003447,0.2009345270560692
2024-09-01 14:12:21.835,OnTrack,-420.0182741545001,10689.15833514045,1934.1619355705175,car,0 days 00:00:18.286000,0 days 02:04:37.916000,11496.0,240.0,6,100.0,False,0,1157.694444444444,0.20171515721193534
2024-09-01 14:12:22.195,OnTrack,-406.29843771964556,10916.664800701374,1934.9136137144014,car,0 days 00:00:18.646000,0 days 02:04:38.276000,11850.0,250.0,6,100.0,False,0,1182.694444444444,0.2060711243278684
2024-09-01 14:12:22.229,OnTrack,-405.0,10934.0,1935.0,pos,0 days 00:00:18.680000,0 days 02:04:38.310000,11769.0378048,250.70833066666665,6,100.0,False,0,1185.1017151557496,0.20649056401017224
2024-09-01 14:12:22.629,OnTrack,-387.0,11133.0,1936.0,pos,0 days 00:00:19.080000,0 days 02:04:38.710000,10816.5378048,259.041664,6,100.0,False,0,1213.981151738797,0.21152247905346938
2024-09-01 14:12:22.675,OnTrack,-383.54692153356945,11164.441664644852,1936.0196908290702,car,0 days 00:00:19.126000,0 days 02:04:38.756000,10707.0,260.0,7,100.0,False,0,1217.3611111111106,0.21211139872862889
2024-09-01 14:12:22.789,OnTrack,-374.0,11248.0,1936.0,pos,0 days 00:00:19.240000,0 days 02:04:38.870000,10794.77990144,262.27999744,7,100.0,False,0,1225.787001672198,0.21357951481689078
2024-09-01 14:12:22.949,OnTrack,-359.0,11364.0,1936.0,pos,0 days 00:00:19.400000,0 days 02:04:39.030000,10917.97990144,265.47999744,7,100.0,False,0,1237.7184907024077,0.21565844177127919
2024-09-01 14:12:23.075,OnTrack,-338.53601792289385,11483.115526476064,1935.956879187046,car,0 days 00:00:19.526000,0 days 02:04:39.156000,11015.0,268.0,7,100.0,False,0,1247.1388888888882,0.21729983956005136
2024-09-01 14:12:23.289,OnTrack,-299.0,11687.0,1936.0,pos,0 days 00:00:19.740000,0 days 02:04:39.370000,11156.59396840612,269.6090223682514,7,100.0,False,0,1263.1599081173426,0.22009132087696648
2024-09-01 14:12:23.474,OnTrack,-283.14805098956873,11766.594907402621,1936.5014672659527,car,0 days 00:00:19.925000,0 days 02:04:39.555000,11279.0,271.0,7,100.0,False,0,1277.1747222222216,0.2225332436520372
2024-09-01 14:12:23.670,OnTrack,-245.0,11893.0,1937.0,pos,0 days 00:00:20.121000,0 days 02:04:39.751000,11385.983473066666,276.71667413333336,7,100.0,False,0,1292.2969636716668,0.22516812311095652
2024-09-01 14:12:23.714,OnTrack,-227.32006589027867,11948.801278819416,1937.0301922063047,car,0 days 00:00:20.165000,0 days 02:04:39.795000,11410.0,278.0,7,100.0,False,0,1295.7080555555551,0.22576246727398225
2024-09-01 14:12:23.810,OnTrack,-183.0,12085.0,1937.0,pos,0 days 00:00:20.261000,0 days 02:04:39.891000,11460.8,278.8,7,100.0,False,0,1303.157085679881,0.2270603764846686
2024-09-01 14:12:23.954,OnTrack,-126.82431950681688,12238.870398583156,1936.7421684661624,car,0 days 00:00:20.405000,0 days 02:04:40.035000,11537.0,280.0,7,100.0,False,0,1314.3747222222216,0.22901492272054558
2024-09-01 14:12:24.234,OnTrack,-52.20955820153638,12398.296687685399,1936.0172928849797,car,0 days 00:00:20.685000,0 days 02:04:40.315000,11708.0,284.0,7,100.0,False,0,1336.4636111111106,0.23286366166564557
2024-09-01 14:12:24.250,OnTrack,-49.0,12405.0,1936.0,pos,0 days 00:00:20.701000,0 days 02:04:40.331000,11670.88,284.2,7,100.0,False,0,1337.7365400665367,0.23308545513247575
2024-09-01 14:12:24.510,OnTrack,0.0,12504.0,1936.0,pos,0 days 00:00:20.961000,0 days 02:04:40.591000,11067.67940608,287.4500032,7,100.0,False,0,1358.573575006553,0.23671607269216613
2024-09-01 14:12:24.634,OnTrack,41.77207406479806,12579.45392595221,1935.943666636777,car,0 days 00:00:21.085000,0 days 02:04:40.715000,10780.0,289.0,7,100.0,False,0,1368.5747222222217,0.23845865942788844
2024-09-01 14:12:24.850,OnTrack,138.0,12741.0,1936.0,pos,0 days 00:00:21.301000,0 days 02:04:40.931000,10488.4,291.3142857142857,7,100.0,False,0,1386.0689269426146,0.24150682664714573
2024-09-01 14:12:24.914,OnTrack,167.30797369941592,12786.0353947176,1936.1776451896767,car,0 days 00:00:21.365000,0 days 02:04:40.995000,10402.0,292.0,8,100.0,False,0,1391.285833333333,0.24241581355454053
2024-09-01 14:12:25.090,OnTrack,249.0,12903.0,1937.0,pos,0 days 00:00:21.541000,0 days 02:04:41.171000,10483.085714285715,294.51428571428573,8,100.0,False,0,1405.7293899329086,0.24493243985793534
2024-09-01 14:12:25.194,OnTrack,297.943400130281,12968.883968698763,1937.6397976090268,car,0 days 00:00:21.645000,0 days 02:04:41.275000,10531.0,296.0,8,100.0,False,0,1414.3080555555553,0.2464271752719687
2024-09-01 14:12:25.310,OnTrack,359.0,13045.0,1938.0,pos,0 days 00:00:21.761000,0 days 02:04:41.391000,10582.2334464,296.9666688,8,100.0,False,0,1423.900932348147,0.2480986255061978
2024-09-01 14:12:25.434,OnTrack,439.1462499960175,13135.98867884121,1937.3851984115295,car,0 days 00:00:21.885000,0 days 02:04:41.515000,10637.0,298.0,8,100.0,False,0,1434.1747222222218,0.2498887171400968
2024-09-01 14:12:25.510,OnTrack,492.0,13192.0,1937.0,pos,0 days 00:00:21.961000,0 days 02:04:41.591000,10681.46014976,298.38000128,8,100.0,False,0,1440.4765912352327,0.25098674650768055
2024-09-01 14:12:25.634,OnTrack,579.9049665137117,13278.451652501932,1936.931032416811,car,0 days 00:00:22.085000,0 days 02:04:41.715000,10754.0,299.0,8,100.0,False,0,1450.785833333333,0.2527830152904612
2024-09-01 14:12:25.890,OnTrack,751.0,13429.0,1938.0,pos,0 days 00:00:22.341000,0 days 02:04:41.971000,10820.742857142857,301.74285714285713,8,100.0,False,0,1472.2570458424261,0.256524131115614
2024-09-01 14:12:25.914,OnTrack,764.5312522436429,13440.277360752472,1938.0798943983502,car,0 days 00:00:22.365000,0 days 02:04:41.995000,10827.0,302.0,8,100.0,False,0,1474.274722222222,0.25687568839405345
2024-09-01 14:12:26.154,OnTrack,882.173056336528,13531.854895024757,1938.6957565203186,car,0 days 00:00:22.605000,0 days 02:04:42.235000,10893.0,303.0,8,100.0,False,0,1494.4747222222218,0.26039530982372733
2024-09-01 14:12:26.230,OnTrack,925.0,13563.0,1939.0,pos,0 days 00:00:22.681000,0 days 02:04:42.311000,10906.842903771429,303.5428589714286,8,100.0,False,0,1500.8949041637457,0.26151395388035076
2024-09-01 14:12:26.410,OnTrack,1050.0,13650.0,1940.0,pos,0 days 00:00:22.861000,0 days 02:04:42.491000,10939.628571428571,304.8285714285714,8,100.0,False,0,1516.1559796848255,0.26417302360529454
2024-09-01 14:12:26.434,OnTrack,1069.7012636126904,13662.876979737246,1940.127864294114,car,0 days 00:00:22.885000,0 days 02:04:42.515000,10944.0,305.0,8,100.0,False,0,1518.1969444444442,0.2645286386204016
2024-09-01 14:12:26.610,OnTrack,1234.0,13763.0,1941.0,pos,0 days 00:00:23.061000,0 days 02:04:42.691000,11000.32,306.76,8,100.0,False,0,1533.2032720104503,0.2671433213967393
2024-09-01 14:12:26.634,OnTrack,1258.2100757916069,13776.595165213157,1941.1275142530417,car,0 days 00:00:23.085000,0 days 02:04:42.715000,11008.0,307.0,8,100.0,False,0,1535.2524999999996,0.26750037618616035
2024-09-01 14:12:26.834,OnTrack,1471.399548738525,13885.943610827426,1942.3033491358367,car,0 days 00:00:23.285000,0 days 02:04:42.915000,11075.0,308.0,8,100.0,False,0,1552.3636111111107,0.2704817936788434
2024-09-01 14:12:26.970,OnTrack,1587.0,13941.0,1943.0,pos,0 days 00:00:23.421000,0 days 02:04:43.051000,11086.657142857142,309.45714285714286,8,100.0,False,0,1564.087952572957,0.27252462751339435
2024-09-01 14:12:27.114,OnTrack,1661.4814005377177,13974.07612707709,1943.5296386415366,car,0 days 00:00:23.565000,0 days 02:04:43.195000,11099.0,311.0,8,100.0,False,0,1576.5524999999998,0.2746964338616818
2024-09-01 14:12:27.249,OnTrack,1730.0,14001.0,1944.0,pos,0 days 00:00:23.700000,0 days 02:04:43.330000,11138.771771401742,311.56016579439074,8,100.0,False,0,1588.2467428304137,0.2767340233502826
2024-09-01 14:12:27.355,OnTrack,1810.6273026116837,14031.788859878063,1944.4587885467936,car,0 days 00:00:23.806000,0 days 02:04:43.436000,11170.0,312.0,8,100.0,False,0,1597.4391666666663,0.27833569918814
2024-09-01 14:12:27.469,OnTrack,1909.0,14067.0,1945.0,pos,0 days 00:00:23.920000,0 days 02:04:43.550000,11146.63002624,312.56999936,8,100.0,False,0,1607.3391422382806,0.28006065790967966
2024-09-01 14:12:27.555,OnTrack,1980.4246572697243,14089.584615190743,1945.4116494602943,car,0 days 00:00:24.006000,0 days 02:04:43.636000,11129.0,313.0,8,100.0,False,0,1614.8280555555552,0.28136551631544454
2024-09-01 14:12:27.649,OnTrack,2059.0,14112.0,1946.0,pos,0 days 00:00:24.100000,0 days 02:04:43.730000,11126.18000384,313.93999872,8,100.0,False,0,1623.0423367607732,0.2827967618678828
2024-09-01 14:12:27.755,OnTrack,2152.6850219102585,14136.681072709485,1947.0209538710433,car,0 days 00:00:24.206000,0 days 02:04:43.836000,11123.0,315.0,8,100.0,False,0,1632.3280555555555,0.2844146932965977
2024-09-01 14:12:28.009,OnTrack,2383.0,14190.0,1950.0,pos,0 days 00:00:24.460000,0 days 02:04:44.090000,11323.8186488,315.7937496,8,100.0,False,0,1654.6149472183392,0.28829793198457565
2024-09-01 14:12:28.075,OnTrack,2438.117735243657,14201.27783811482,1950.5161337786021,car,0 days 00:00:24.526000,0 days 02:04:44.156000,11376.0,316.0,8,100.0,False,0,1660.416944444444,0.2893088643495215
2024-09-01 14:12:28.275,OnTrack,2597.7478283011515,14230.26282876167,1951.7126386362736,car,0 days 00:00:24.726000,0 days 02:04:44.356000,11355.0,317.0,8,100.0,False,0,1678.0280555555553,0.29237740118452327
2024-09-01 14:12:28.309,OnTrack,2626.0,14235.0,1952.0,pos,0 days 00:00:24.760000,0 days 02:04:44.390000,11362.528543085715,317.1214281142857,8,100.0,False,0,1681.0255730795836,0.2928996846950873
2024-09-01 14:12:28.529,OnTrack,2818.0,14265.0,1954.0,pos,0 days 00:00:24.980000,0 days 02:04:44.610000,11411.2428288,317.9071424,8,100.0,False,0,1700.4573713411667,0.29628545566432335
2024-09-01 14:12:28.555,OnTrack,2840.977951592078,14268.36525382802,1954.0465353378606,car,0 days 00:00:25.006000,0 days 02:04:44.636000,11417.0,318.0,8,100.0,False,0,1702.7613888888884,0.2966869046512197
2024-09-01 14:12:28.649,OnTrack,2923.0,14280.0,1954.0,pos,0 days 00:00:25.100000,0 days 02:04:44.730000,11432.03997952,318.93999872,8,100.0,False,0,1711.1067323369025,0.29814098631644836
2024-09-01 14:12:28.755,OnTrack,3009.800984798686,14291.61090971675,1954.5104980484352,car,0 days 00:00:25.206000,0 days 02:04:44.836000,11449.0,320.0,8,100.0,False,0,1720.5391666666665,0.29978448126699436
2024-09-01 14:12:28.909,OnTrack,3153.0,14308.0,1956.0,pos,0 days 00:00:25.360000,0 days 02:04:44.990000,11464.3999872,320.9624992,8,100.0,False,0,1734.2700151774302,0.30217692625046416
2024-09-01 14:12:28.915,OnTrack,3159.8881556154975,14308.70474373444,1956.0603180526778,car,0 days 00:00:25.366000,0 days 02:04:44.996000,11465.0,321.0,8,100.0,False,0,1734.805833333333,0.3022702865011535
2024-09-01 14:12:29.229,OnTrack,3561.0,14345.0,1959.0,pos,0 days 00:00:25.680000,0 days 02:04:45.310000,11366.87504,321.9812496,8,100.0,False,0,1762.8925360233454,0.30716407663366074
2024-09-01 14:12:29.235,OnTrack,3565.6101361500173,14345.382325576355,1959.037251504344,car,0 days 00:00:25.686000,0 days 02:04:45.316000,11365.0,322.0,8,100.0,False,0,1763.4280555555551,0.3072573848525506
2024-09-01 14:12:29.395,OnTrack,3627.3516740388127,14349.87910780193,1959.6949779736806,car,0 days 00:00:25.846000,0 days 02:04:45.476000,11427.0,321.0,8,100.0,False,0,1777.6947222222218,0.3097431900867097
2024-09-01 14:12:29.489,OnTrack,3668.0,14353.0,1960.0,pos,0 days 00:00:25.940000,0 days 02:04:45.570000,11432.2874928,321.5874992,8,100.0,False,0,1786.1019959423866,0.31120806240109716
2024-09-01 14:12:29.555,OnTrack,3715.8222104894503,14357.039407393953,1960.2425234118882,car,0 days 00:00:26.006000,0 days 02:04:45.636000,11436.0,322.0,8,100.0,False,0,1792.005833333333,0.3122367392624083
2024-09-01 14:12:29.709,OnTrack,3864.0,14370.0,1961.0,pos,0 days 00:00:26.160000,0 days 02:04:45.790000,11416.750016,321.5187504,8,100.0,False,0,1805.748120770858,0.31463117734943064
2024-09-01 14:12:29.875,OnTrack,4014.2476751458375,14383.1594649007,1962.3503272026715,car,0 days 00:00:26.326000,0 days 02:04:45.956000,11396.0,321.0,8,100.0,False,0,1820.5391666666662,0.31720834973072654
2024-09-01 14:12:29.970,OnTrack,4095.0,14390.0,1963.0,pos,0 days 00:00:26.421000,0 days 02:04:46.051000,11433.4061744,321.0,8,100.0,False,0,1829.0086772397492,0.3186840661125024
2024-09-01 14:12:30.035,OnTrack,4148.4034686016485,14394.357097593118,1963.2853492620507,car,0 days 00:00:26.486000,0 days 02:04:46.116000,11459.0,321.0,8,100.0,False,0,1834.8058333333329,0.3196941549648857
2024-09-01 14:12:30.250,OnTrack,4344.0,14409.0,1964.0,pos,0 days 00:00:26.701000,0 days 02:04:46.331000,11415.892248329103,321.0,8,100.0,False,0,1853.9941858179664,0.3230375082621655
2024-09-01 14:12:30.434,OnTrack,4583.484624806466,14425.40579906308,1965.7101447909095,car,0 days 00:00:26.885000,0 days 02:04:46.515000,11379.0,321.0,8,100.0,False,0,1870.383333333333,0.32589313176757
2024-09-01 14:12:30.470,OnTrack,4622.0,14428.0,1966.0,pos,0 days 00:00:26.921000,0 days 02:04:46.551000,11378.45999616,320.81999872,8,100.0,False,0,1873.5818432693914,0.3264504359316282
2024-09-01 14:12:30.750,OnTrack,4816.0,14440.0,1967.0,pos,0 days 00:00:27.201000,0 days 02:04:46.831000,11374.25999616,319.41999872,8,100.0,False,0,1898.3869188308126,0.33077243966977965
2024-09-01 14:12:30.834,OnTrack,4908.785758026665,14444.895650985825,1967.061575229578,car,0 days 00:00:27.285000,0 days 02:04:46.915000,11373.0,319.0,8,100.0,False,0,1905.8277777777773,0.33206892514527064
2024-09-01 14:12:31.050,OnTrack,5188.0,14459.0,1967.0,pos,0 days 00:00:27.501000,0 days 02:04:47.131000,11370.3,319.0,8,100.0,False,0,1924.9710302025887,0.33540442026745
2024-09-01 14:12:31.074,OnTrack,5210.68263791222,14460.105486585462,1966.9954155021082,car,0 days 00:00:27.525000,0 days 02:04:47.155000,11370.0,319.0,8,100.0,False,0,1927.0944444444442,0.33577440117189106
2024-09-01 14:12:31.354,OnTrack,5365.821777233877,14466.759090025002,1967.0009271935824,car,0 days 00:00:27.805000,0 days 02:04:47.435000,11301.0,318.0,8,100.0,False,0,1951.8277777777773,0.34008390463858745
2024-09-01 14:12:31.410,OnTrack,5400.0,14468.0,1967.0,pos,0 days 00:00:27.861000,0 days 02:04:47.491000,11287.466666666667,318.0,8,85.76666666666667,False,0,1956.7899782229827,0.34094851191706677
2024-09-01 14:12:31.594,OnTrack,5552.858210507282,14473.487097916277,1966.9906388416873,car,0 days 00:00:28.045000,0 days 02:04:47.675000,11243.0,318.0,8,39.0,False,0,1973.0277777777776,0.34377776475289873
2024-09-01 14:12:31.630,OnTrack,5593.0,14475.0,1967.0,pos,0 days 00:00:28.081000,0 days 02:04:47.711000,11173.51950592,316.37998848,8,31.97995008,False,0,1976.1536891900041,0.3443224194456579
2024-09-01 14:12:31.794,OnTrack,5819.590881575895,14483.89713609919,1967.0991298814138,car,0 days 00:00:28.245000,0 days 02:04:47.875000,10857.0,309.0,8,0.0,False,0,1990.1944444444441,0.3467688621725061
2024-09-01 14:12:31.890,OnTrack,5924.0,14488.0,1967.0,pos,0 days 00:00:28.341000,0 days 02:04:47.971000,10345.2,302.4,8,0.0,False,0,1998.3118761207063,0.3481832327904113
2024-09-01 14:12:31.954,OnTrack,5964.431048127557,14489.529174244155,1966.8121858563486,car,0 days 00:00:28.405000,0 days 02:04:48.035000,10004.0,298.0,8,0.0,True,0,2003.4388888888886,0.34907655675125815
2024-09-01 14:12:32.150,OnTrack,6011.0,14491.0,1966.0,pos,0 days 00:00:28.601000,0 days 02:04:48.231000,9499.9118416,260.6374512,8,0.0,True,0,2016.881165223333,0.35141872129830315
2024-09-01 14:12:32.274,OnTrack,6075.848637100326,14493.352341375677,1965.8202105877049,car,0 days 00:00:28.725000,0 days 02:04:48.355000,9181.0,237.0,8,0.0,True,0,2024.5055555555552,0.3527471850409511
2024-09-01 14:12:32.474,OnTrack,6217.090909883291,14498.632852490915,1965.9798057941255,car,0 days 00:00:28.925000,0 days 02:04:48.555000,9220.0,211.0,8,0.0,True,0,2036.2277777777774,0.35478964962197745
2024-09-01 14:12:32.490,OnTrack,6227.0,14499.0,1966.0,pos,0 days 00:00:28.941000,0 days 02:04:48.571000,9220.7,209.2,8,0.0,True,0,2037.098148664651,0.3549413019004529
2024-09-01 14:12:32.670,OnTrack,6324.0,14503.0,1966.0,pos,0 days 00:00:29.121000,0 days 02:04:48.751000,9228.5750112,188.9499712,8,0.0,True,0,2046.0824407729265,0.3565067131397963
2024-09-01 14:12:32.794,OnTrack,6383.388226852551,14507.291023137725,1965.0959465129104,car,0 days 00:00:29.245000,0 days 02:04:48.875000,9234.0,175.0,8,0.0,True,0,2051.783333333333,0.3575000291607802
2024-09-01 14:12:32.810,OnTrack,6391.0,14508.0,1965.0,pos,0 days 00:00:29.261000,0 days 02:04:48.891000,9221.0,173.73333333333332,8,0.0,True,0,2052.5043488527585,0.35762565795648804
2024-09-01 14:12:33.034,OnTrack,6498.163414304429,14521.845633072051,1964.951640034914,car,0 days 00:00:29.485000,0 days 02:04:49.115000,9039.0,156.0,8,0.0,True,0,2062.183333333333,0.3593121114810084
2024-09-01 14:12:33.150,OnTrack,6545.0,14530.0,1965.0,pos,0 days 00:00:29.601000,0 days 02:04:49.231000,9284.34054144,146.71997952,8,0.0,True,0,2066.7863998387693,0.36011414373421374
2024-09-01 14:12:33.234,OnTrack,6572.630784897317,14535.784229913555,1964.816086952129,car,0 days 00:00:29.685000,0 days 02:04:49.315000,9462.0,140.0,8,0.0,True,0,2069.9611111111108,0.3606673012504098
2024-09-01 14:12:33.470,OnTrack,6636.0,14554.0,1964.0,pos,0 days 00:00:29.921000,0 days 02:04:49.551000,8928.0494208,128.937488,8,0.0,True,0,2078.2776568207705,0.36211636523558705
2024-09-01 14:12:33.554,OnTrack,6662.067683234785,14562.721576195107,1964.023261522725,car,0 days 00:00:30.005000,0 days 02:04:49.635000,8738.0,125.0,5,0.0,True,0,2081.072222222222,0.362603286635269
2024-09-01 14:12:33.709,OnTrack,6712.0,14581.0,1964.0,pos,0 days 00:00:30.160000,0 days 02:04:49.790000,8449.791389696265,120.4308391049408,5,0.0,True,0,2086.039925514839,0.36346885272264307
2024-09-01 14:12:33.869,OnTrack,6757.0,14601.0,1963.0,pos,0 days 00:00:30.320000,0 days 02:04:49.950000,8152.285850288246,115.71428787042342,5,0.0,True,0,2090.9529387885336,0.36432488969305726
2024-09-01 14:12:33.995,OnTrack,6789.268248675971,14619.97803066905,1962.7462660411943,car,0 days 00:00:30.446000,0 days 02:04:50.076000,7918.0,112.0,3,0.0,True,0,2094.792222222222,0.364993841388493
2024-09-01 14:12:34.169,OnTrack,6829.0,14649.0,1963.0,pos,0 days 00:00:30.620000,0 days 02:04:50.250000,7733.125136,109.82500160000001,3,0.0,True,0,2100.0733885666277,0.36591402486569313
2024-09-01 14:12:34.315,OnTrack,6857.716120984007,14674.468585861989,1963.1106443374063,car,0 days 00:00:30.766000,0 days 02:04:50.396000,7578.0,108.0,3,0.0,True,0,2104.392222222222,0.36666653276101124
2024-09-01 14:12:34.369,OnTrack,6869.0,14689.0,1963.0,pos,0 days 00:00:30.820000,0 days 02:04:50.450000,7614.4499136,106.38000384,3,4.589989119999999,True,0,2105.9449706207542,0.36693708159954425
2024-09-01 14:12:34.515,OnTrack,6902.3823945225795,14745.600916088926,1962.19183942042,car,0 days 00:00:30.966000,0 days 02:04:50.596000,7713.0,102.0,3,17.0,False,0,2110.0588888888883,0.3676538853072894
2024-09-01 14:12:34.549,OnTrack,6909.0,14758.0,1962.0,pos,0 days 00:00:31,0 days 02:04:50.630000,7749.0641499428575,101.87857188571428,3,20.278559085714285,False,0,2111.012106346201,0.3678199726632249
2024-09-01 14:12:34.795,OnTrack,6934.16610821576,14813.691188395684,1961.1765342143804,car,0 days 00:00:31.246000,0 days 02:04:50.876000,8010.0,101.0,3,44.0,False,0,2117.9144444444437,0.36902262697438476
2024-09-01 14:12:34.955,OnTrack,6949.12924769856,14843.798151295821,1961.0063182612457,car,0 days 00:00:31.406000,0 days 02:04:51.036000,8296.0,104.0,3,52.0,False,0,2122.536666666666,0.3698279968944862
2024-09-01 14:12:34.969,OnTrack,6951.0,14847.0,1961.0,pos,0 days 00:00:31.420000,0 days 02:04:51.050000,8317.583136,104.583328,3,52.2333312,False,0,2122.9591109310495,0.36990160302744496
2024-09-01 14:12:35.129,OnTrack,6978.0,14888.0,1961.0,pos,0 days 00:00:31.580000,0 days 02:04:51.210000,8564.249802666667,111.24999466666667,3,54.899997866666666,False,0,2128.013702136106,0.3707823083503934
2024-09-01 14:12:35.195,OnTrack,6991.0463176475005,14904.400101816442,1961.0030272897927,car,0 days 00:00:31.646000,0 days 02:04:51.276000,8666.0,114.0,3,56.0,False,0,2130.136666666666,0.3711522108977298
2024-09-01 14:12:35.349,OnTrack,7025.0,14940.0,1961.0,pos,0 days 00:00:31.800000,0 days 02:04:51.430000,8800.749888,115.9249984,3,56.0,False,0,2135.096656508924,0.37201643300365933
2024-09-01 14:12:35.355,OnTrack,7026.4190140434275,14941.331383216153,1960.9999186232426,car,0 days 00:00:31.806000,0 days 02:04:51.436000,8806.0,116.0,3,56.0,False,0,2135.2922222222214,0.37205050811630447
2024-09-01 14:12:35.509,OnTrack,7065.0,14974.0,1961.0,pos,0 days 00:00:31.960000,0 days 02:04:51.590000,9118.23474048,117.9249984,3,53.69000192,False,0,2140.3956264678195,0.37293971855922997
2024-09-01 14:12:35.689,OnTrack,7114.0,15008.0,1961.0,pos,0 days 00:00:32.140000,0 days 02:04:51.770000,9483.18474048,120.17499839999999,3,50.99000192,False,0,2146.499784862794,0.3740032990887882
2024-09-01 14:12:35.755,OnTrack,7133.469621366838,15019.774347748129,1960.9919824523126,car,0 days 00:00:32.206000,0 days 02:04:51.836000,9617.0,121.0,3,50.0,False,0,2148.7366666666658,0.374393050431984
2024-09-01 14:12:35.889,OnTrack,7174.0,15042.0,1961.0,pos,0 days 00:00:32.340000,0 days 02:04:51.970000,9670.5999488,122.33999872,3,46.6500032,False,0,2153.279261960136,0.3751845462607579
2024-09-01 14:12:35.955,OnTrack,7193.1359875090975,15051.543286728605,1961.0475653375704,car,0 days 00:00:32.406000,0 days 02:04:52.036000,9697.0,123.0,3,45.0,False,0,2155.569999999999,0.3755836814436723
2024-09-01 14:12:36.195,OnTrack,7270.983063350392,15082.068253220708,1961.111813234018,car,0 days 00:00:32.646000,0 days 02:04:52.276000,9963.0,131.0,3,71.0,False,0,2164.3033333333324,0.3771053659561716
2024-09-01 14:12:36.229,OnTrack,7287.0,15087.0,1961.0,pos,0 days 00:00:32.680000,0 days 02:04:52.310000,10113.6619328,131.6374976,3,72.2749952,False,0,2165.5610104535367,0.3773245019632945
2024-09-01 14:12:36.355,OnTrack,7357.473444325992,15106.813185679464,1960.2933198113255,car,0 days 00:00:32.806000,0 days 02:04:52.436000,10672.0,134.0,3,77.0,False,0,2170.258888888888,0.37814305412245613
2024-09-01 14:12:36.409,OnTrack,7384.0,15114.0,1960.0,pos,0 days 00:00:32.860000,0 days 02:04:52.490000,10873.535236571428,135.5428534857143,3,81.43570377142858,False,0,2172.305925070723,0.37849972701418405
2024-09-01 14:12:36.635,OnTrack,7439.74803525083,15128.415396774593,1959.399986823962,car,0 days 00:00:33.086000,0 days 02:04:52.716000,11717.0,142.0,3,100.0,False,0,2181.3033333333324,0.3800674235950061
2024-09-01 14:12:36.770,OnTrack,7497.0,15139.0,1959.0,pos,0 days 00:00:33.221000,0 days 02:04:52.851000,11628.882899721828,153.29706413822726,3,100.0,False,0,2187.2960719382913,0.38111159048690946
2024-09-01 14:12:36.874,OnTrack,7577.129970169002,15153.186296377624,1958.4826736703462,car,0 days 00:00:33.325000,0 days 02:04:52.955000,11561.0,162.0,3,100.0,False,0,2192.0583333333325,0.38194136064828055
2024-09-01 14:12:36.970,OnTrack,7651.0,15166.0,1958.0,pos,0 days 00:00:33.421000,0 days 02:04:53.051000,11361.2,164.4,3,100.0,False,0,2196.4505217689148,0.3827066497839756
2024-09-01 14:12:37.034,OnTrack,7686.389002336825,15171.949428826525,1957.7528282611386,car,0 days 00:00:33.485000,0 days 02:04:53.115000,11228.0,166.0,4,100.0,False,0,2199.43611111111,0.38322685494382697
2024-09-01 14:12:37.354,OnTrack,7767.387524305413,15186.690729124908,1957.1310439533286,car,0 days 00:00:33.805000,0 days 02:04:53.435000,11685.0,180.0,4,100.0,False,0,2215.43611111111,0.38601467389802413
2024-09-01 14:12:37.410,OnTrack,7797.0,15194.0,1957.0,pos,0 days 00:00:33.861000,0 days 02:04:53.491000,11480.2,182.2,4,100.0,False,0,2218.3535799026245,0.386523009822728
2024-09-01 14:12:37.634,OnTrack,7979.92291197184,15241.296304324294,1956.2602191444585,car,0 days 00:00:34.085000,0 days 02:04:53.715000,10661.0,191.0,5,100.0,False,0,2230.291666666666,0.38860308635758084
2024-09-01 14:12:37.690,OnTrack,8023.0,15253.0,1956.0,pos,0 days 00:00:34.141000,0 days 02:04:53.771000,10670.45,193.45,5,100.0,False,0,2233.3390158197176,0.3891340524656392
2024-09-01 14:12:37.794,OnTrack,8089.357463952062,15271.934329580343,1955.4245265964255,car,0 days 00:00:34.245000,0 days 02:04:53.875000,10688.0,198.0,5,100.0,False,0,2239.0916666666662,0.3901363867823893
2024-09-01 14:12:38.070,OnTrack,8209.0,15310.0,1954.0,pos,0 days 00:00:34.521000,0 days 02:04:54.151000,11391.8006528,208.8428672,5,100.0,False,0,2255.110645219302,0.39292751253463404
2024-09-01 14:12:38.074,OnTrack,8210.644038481598,15310.516624674843,1953.9923354665693,car,0 days 00:00:34.525000,0 days 02:04:54.155000,11402.0,209.0,5,100.0,False,0,2255.3472222222213,0.39296873340043814
2024-09-01 14:12:38.274,OnTrack,8294.801227410839,15336.486403265391,1954.0282919854403,car,0 days 00:00:34.725000,0 days 02:04:54.355000,11736.0,215.0,5,100.0,False,0,2267.291666666666,0.39504991768916176
2024-09-01 14:12:38.330,OnTrack,8322.0,15345.0,1954.0,pos,0 days 00:00:34.781000,0 days 02:04:54.411000,11695.96,216.4,5,100.0,False,0,2270.68675969869,0.39564147423328294
2024-09-01 14:12:38.474,OnTrack,8402.548046764092,15370.72569751835,1953.6420710989325,car,0 days 00:00:34.925000,0 days 02:04:54.555000,11593.0,220.0,5,100.0,False,0,2279.5138888888882,0.3971795016125068
2024-09-01 14:12:38.690,OnTrack,8532.0,15414.0,1953.0,pos,0 days 00:00:35.141000,0 days 02:04:54.771000,10910.285714285714,223.85714285714286,5,100.0,False,0,2292.9659801821504,0.39952337630506596
2024-09-01 14:12:38.754,OnTrack,8566.12534448873,15426.141299452898,1952.9921269755168,car,0 days 00:00:35.205000,0 days 02:04:54.835000,10708.0,225.0,6,100.0,False,0,2297.013888888888,0.40022867859365985
2024-09-01 14:12:38.930,OnTrack,8674.0,15467.0,1953.0,pos,0 days 00:00:35.381000,0 days 02:04:55.011000,10842.933333333332,228.9111111111111,6,100.0,False,0,2308.310048688463,0.40219690661859087
2024-09-01 14:12:39.114,OnTrack,8854.352698843546,15537.99036247821,1952.075063692403,car,0 days 00:00:35.565000,0 days 02:04:55.195000,10984.0,233.0,6,100.0,False,0,2320.3138888888884,0.40428843994570957
2024-09-01 14:12:39.130,OnTrack,8867.0,15543.0,1952.0,pos,0 days 00:00:35.581000,0 days 02:04:55.211000,10997.42857142857,233.28571428571428,6,100.0,False,0,2321.3638769549816,0.40447138848523057
2024-09-01 14:12:39.394,OnTrack,8960.221146620495,15579.928079555537,1951.3500493198173,car,0 days 00:00:35.845000,0 days 02:04:55.475000,11219.0,238.0,6,100.0,False,0,2338.824999999999,0.4075137915968848
2024-09-01 14:12:39.510,OnTrack,9028.0,15604.0,1951.0,pos,0 days 00:00:35.961000,0 days 02:04:55.591000,11296.14017024,239.74000383999999,6,100.0,False,0,2346.5706038725584,0.4088633754273613
2024-09-01 14:12:39.594,OnTrack,9110.480381835387,15632.929454804365,1950.6212918234282,car,0 days 00:00:36.045000,0 days 02:04:55.675000,11352.0,241.0,6,100.0,False,0,2352.213888888888,0.4098466539856401
2024-09-01 14:12:39.730,OnTrack,9257.0,15684.0,1950.0,pos,0 days 00:00:36.181000,0 days 02:04:55.811000,11444.771428571428,242.94285714285715,6,100.0,False,0,2361.4219678677846,0.4114510575549596
2024-09-01 14:12:39.874,OnTrack,9340.087972139558,15712.497563123976,1949.7449323438295,car,0 days 00:00:36.325000,0 days 02:04:55.955000,11543.0,245.0,6,100.0,False,0,2371.2694444444437,0.4131668689206735
2024-09-01 14:12:40.110,OnTrack,9412.0,15736.0,1950.0,pos,0 days 00:00:36.561000,0 days 02:04:56.191000,11645.66011136,247.36000256,6,96.45999616,False,0,2387.6224125153335,0.41601618856726147
2024-09-01 14:12:40.274,OnTrack,9518.159275586071,15771.516721251506,1950.2625697285625,car,0 days 00:00:36.725000,0 days 02:04:56.355000,11717.0,249.0,6,94.0,False,0,2398.93611111111,0.4179874725289727
2024-09-01 14:12:40.329,OnTrack,9556.0,15784.0,1950.0,pos,0 days 00:00:36.780000,0 days 02:04:56.410000,11583.493726942757,247.40248904034067,6,74.14522092994847,False,0,2402.6924998993086,0.4186419807704148
2024-09-01 14:12:40.489,OnTrack,9660.0,15817.0,1948.0,pos,0 days 00:00:36.940000,0 days 02:04:56.570000,11195.11229362008,242.755189838189,6,16.38593084606339,False,0,2413.439253488921,0.42051448097999033
2024-09-01 14:12:40.515,OnTrack,9676.544202751402,15821.89339584755,1947.6482112270933,car,0 days 00:00:36.966000,0 days 02:04:56.596000,11132.0,242.0,6,7.0,True,0,2415.136666666666,0.4208102360193666
2024-09-01 14:12:40.649,OnTrack,9760.0,15845.0,1946.0,pos,0 days 00:00:37.100000,0 days 02:04:56.730000,11187.992803657144,233.3857225142857,6,3.6500032,True,0,2423.6426376382,0.42229230521301
2024-09-01 14:12:40.795,OnTrack,9843.967924583265,15865.927046523853,1944.7073805466946,car,0 days 00:00:37.246000,0 days 02:04:56.876000,11249.0,224.0,6,0.0,True,0,2432.5588888888883,0.4238458611028258
2024-09-01 14:12:40.889,OnTrack,9905.0,15875.0,1944.0,pos,0 days 00:00:37.340000,0 days 02:04:56.970000,11239.8937624,220.4750048,6,0.0,True,0,2438.1714811286247,0.42482379179208307
2024-09-01 14:12:41.115,OnTrack,10088.24526380174,15879.211027697667,1942.3475174267987,car,0 days 00:00:37.566000,0 days 02:04:57.196000,11218.0,212.0,5,0.0,True,0,2451.4033333333327,0.42712929231554686
2024-09-01 14:12:41.169,OnTrack,10126.0,15878.0,1942.0,pos,0 days 00:00:37.620000,0 days 02:04:57.250000,11141.7251808,211.3250016,5,0.0,True,0,2454.560403652225,0.4276793760952182
2024-09-01 14:12:41.355,OnTrack,10216.995837517661,15869.557899746427,1941.000615535581,car,0 days 00:00:37.806000,0 days 02:04:57.436000,10879.0,209.0,5,0.0,False,0,2465.336666666666,0.42955701798816026
2024-09-01 14:12:41.515,OnTrack,10270.121345761321,15854.678227936236,1940.3111819291923,car,0 days 00:00:37.966000,0 days 02:04:57.596000,10618.0,201.0,5,0.0,True,0,2474.269999999999,0.4311135502375869
2024-09-01 14:12:41.589,OnTrack,10301.0,15844.0,1940.0,pos,0 days 00:00:38.040000,0 days 02:04:57.670000,10575.185788342857,199.6785737142857,5,9.778554514285714,True,0,2478.337134988911,0.4318222024882974
2024-09-01 14:12:41.795,OnTrack,10404.049561959562,15802.317742644958,1939.0799242203316,car,0 days 00:00:38.246000,0 days 02:04:57.876000,10456.0,196.0,5,37.0,False,0,2489.5144444444436,0.43376972218561366
2024-09-01 14:12:41.809,OnTrack,10411.0,15799.0,1939.0,pos,0 days 00:00:38.260000,0 days 02:04:57.890000,10462.22994304,195.89500096,5,37.97999104,False,0,2490.2690799429156,0.43390120888224804
2024-09-01 14:12:41.989,OnTrack,10495.0,15752.0,1938.0,pos,0 days 00:00:38.440000,0 days 02:04:58.070000,10542.32994304,194.54500096,5,50.57999104,False,0,2499.9204727962774,0.43558285487793585
2024-09-01 14:12:42.109,OnTrack,10548.0,15715.0,1938.0,pos,0 days 00:00:38.560000,0 days 02:04:58.190000,10595.72994304,193.64500096,5,58.97999104,False,0,2506.337545916688,0.4367009572576578
2024-09-01 14:12:42.195,OnTrack,10590.602779213219,15677.86868777655,1937.7215917096682,car,0 days 00:00:38.646000,0 days 02:04:58.276000,10634.0,193.0,5,65.0,False,0,2510.958888888888,0.43750617397839175
2024-09-01 14:12:42.395,OnTrack,10696.879833372826,15564.87379572002,1936.2578009704648,car,0 days 00:00:38.846000,0 days 02:04:58.476000,10793.0,195.0,5,76.0,False,0,2521.7922222222214,0.4393937597286295
2024-09-01 14:12:42.449,OnTrack,10720.0,15536.0,1936.0,pos,0 days 00:00:38.900000,0 days 02:04:58.530000,10846.999872,195.89999786666667,5,78.6999936,False,0,2524.749377906236,0.43990901064528
2024-09-01 14:12:42.635,OnTrack,10776.219629782325,15447.661356546958,1935.7999172048467,car,0 days 00:00:39.086000,0 days 02:04:58.716000,11033.0,199.0,5,88.0,False,0,2535.058888888888,0.44170532627815123
2024-09-01 14:12:42.829,OnTrack,10812.0,15367.0,1936.0,pos,0 days 00:00:39.280000,0 days 02:04:58.910000,11382.1997696,203.84999679999999,5,99.63999232,False,0,2546.0477440624436,0.4436200099492616
2024-09-01 14:12:42.835,OnTrack,10813.002603920126,15364.575461554101,1936.0005155011688,car,0 days 00:00:39.286000,0 days 02:04:58.916000,11393.0,204.0,5,100.0,False,0,2546.3922222222213,0.44368003137070755
2024-09-01 14:12:43.130,OnTrack,10856.0,15245.0,1936.0,pos,0 days 00:00:39.581000,0 days 02:04:59.211000,11768.2028808,210.4531208,5,100.0,False,0,2563.6613763525675,0.44668898607117824
2024-09-01 14:12:43.155,OnTrack,10859.332876573671,15233.804644820568,1936.0706249781283,car,0 days 00:00:39.606000,0 days 02:04:59.236000,11800.0,211.0,5,100.0,False,0,2565.147777777777,0.4469479747003498
2024-09-01 14:12:43.315,OnTrack,10879.979577052609,15155.934860437263,1936.8712673996763,car,0 days 00:00:39.766000,0 days 02:04:59.396000,11886.0,216.0,5,100.0,False,0,2574.7477777777767,0.44862066607286805
2024-09-01 14:12:43.450,OnTrack,10899.0,15056.0,1937.0,pos,0 days 00:00:39.901000,0 days 02:04:59.531000,11983.741863736337,219.38709428789284,5,100.0,False,0,2583.0291772113715,0.45006360621713387
2024-09-01 14:12:43.594,OnTrack,10921.0323125173,14910.020193239854,1936.0971737230661,car,0 days 00:00:40.045000,0 days 02:04:59.675000,12088.0,223.0,5,100.0,False,0,2592.030277777777,0.4516319461401126
2024-09-01 14:12:43.610,OnTrack,10923.0,14896.0,1936.0,pos,0 days 00:00:40.061000,0 days 02:04:59.691000,12043.76,223.32,5,100.0,False,0,2593.0391176918856,0.45180772507975653
2024-09-01 14:12:43.970,OnTrack,10940.0,14732.0,1935.0,pos,0 days 00:00:40.421000,0 days 02:05:00.051000,11048.36,230.52,5,100.0,False,0,2616.1390089369265,0.45583261974555767
2024-09-01 14:12:43.994,OnTrack,10941.092336969274,14719.94644754273,1934.920793088335,car,0 days 00:00:40.445000,0 days 02:05:00.075000,10982.0,231.0,6,100.0,False,0,2617.6969444444435,0.4561040723791372
2024-09-01 14:12:44.210,OnTrack,10954.0,14577.0,1934.0,pos,0 days 00:00:40.661000,0 days 02:05:00.291000,11189.0,234.6,6,100.0,False,0,2631.790887870239,0.45855978254300067
2024-09-01 14:12:44.234,OnTrack,10955.505595725557,14557.39121658397,1933.8955755364902,car,0 days 00:00:40.685000,0 days 02:05:00.315000,11212.0,235.0,6,100.0,False,0,2633.3636111111105,0.4588338117717886
2024-09-01 14:12:44.394,OnTrack,10965.32270421917,14411.323305668522,1933.239372111742,car,0 days 00:00:40.845000,0 days 02:05:00.475000,11247.0,237.0,6,100.0,False,0,2643.8969444444438,0.46066912591663506
2024-09-01 14:12:44.490,OnTrack,10970.0,14338.0,1933.0,pos,0 days 00:00:40.941000,0 days 02:05:00.571000,11299.457142857143,238.71428571428572,6,100.0,False,0,2650.2997277471927,0.4617847384573239
2024-09-01 14:12:44.674,OnTrack,10975.597481313154,14252.840789883545,1932.9712521360775,car,0 days 00:00:41.125000,0 days 02:05:00.755000,11400.0,242.0,6,100.0,False,0,2662.719166666666,0.46394868515858645
2024-09-01 14:12:44.750,OnTrack,10978.0,14217.0,1933.0,pos,0 days 00:00:41.201000,0 days 02:05:00.831000,11476.38025728,243.14000384,6,100.0,False,0,2667.8773489509813,0.4648474400549251
2024-09-01 14:12:44.874,OnTrack,10983.071758535276,14141.229763659354,1933.0044877313542,car,0 days 00:00:41.325000,0 days 02:05:00.955000,11601.0,245.0,6,100.0,False,0,2676.330277777777,0.4663202672550389
2024-09-01 14:12:45.110,OnTrack,10995.0,13971.0,1933.0,pos,0 days 00:00:41.561000,0 days 02:05:01.191000,11741.757295542857,247.52857417142857,6,100.0,False,0,2692.5674026070337,0.4691494025275806
2024-09-01 14:12:45.154,OnTrack,10997.191018159225,13942.704829810653,1933.0260044151073,car,0 days 00:00:41.605000,0 days 02:05:01.235000,11768.0,248.0,6,100.0,False,0,2695.619166666666,0.46968113788315435
2024-09-01 14:12:45.270,OnTrack,11004.0,13862.0,1933.0,pos,0 days 00:00:41.721000,0 days 02:05:01.351000,11805.3375824,249.4500032,6,100.0,False,0,2703.70385701364,0.4710898036949112
2024-09-01 14:12:45.474,OnTrack,11023.727225454373,13652.092806866709,1932.0526237052966,car,0 days 00:00:41.925000,0 days 02:05:01.555000,11871.0,252.0,6,100.0,False,0,2718.019166666666,0.4735840844190304
2024-09-01 14:12:45.490,OnTrack,11025.0,13639.0,1932.0,pos,0 days 00:00:41.941000,0 days 02:05:01.571000,11877.8,252.13333333333333,6,100.0,False,0,2719.144090487508,0.4737800896658911
2024-09-01 14:12:45.714,OnTrack,11035.415847345084,13538.120695504229,1931.96681814891,car,0 days 00:00:42.165000,0 days 02:05:01.795000,11973.0,254.0,6,100.0,False,0,2734.952499999999,0.47653452614555564
2024-09-01 14:12:45.770,OnTrack,11038.0,13513.0,1932.0,pos,0 days 00:00:42.221000,0 days 02:05:01.851000,11792.05,254.35,6,80.05,False,0,2738.940362237312,0.4772293660162999
2024-09-01 14:12:45.874,OnTrack,11044.053613952156,13452.179586388054,1932.0080285261224,car,0 days 00:00:42.325000,0 days 02:05:01.955000,11456.0,255.0,6,43.0,True,0,2746.2858333333324,0.47850923123811195
2024-09-01 14:12:46.070,OnTrack,11057.0,13304.0,1932.0,pos,0 days 00:00:42.521000,0 days 02:05:02.151000,11103.1995392,239.31997952,6,0.85994496,True,0,2759.310782114791,0.4807786811812618
2024-09-01 14:12:46.074,OnTrack,11057.227123148032,13300.850242502922,1932.0028505405708,car,0 days 00:00:42.525000,0 days 02:05:02.155000,11096.0,239.0,6,0.0,True,0,2759.56361111111,0.4808227337730186
2024-09-01 14:12:46.350,OnTrack,11067.0,13084.0,1932.0,pos,0 days 00:00:42.801000,0 days 02:05:02.431000,10788.566381511111,215.99997866666666,6,0.0,True,0,2775.7988505473195,0.4836515405371557
2024-09-01 14:12:46.434,OnTrack,11066.125961160727,13026.492509675463,1931.4702251511064,car,0 days 00:00:42.885000,0 days 02:05:02.515000,10695.0,209.0,6,0.0,True,0,2780.46361111111,0.48446432228193864
2024-09-01 14:12:46.710,OnTrack,11053.0,12879.0,1929.0,pos,0 days 00:00:43.161000,0 days 02:05:02.791000,10248.4710144,194.214272,6,0.0,True,0,2795.3394556628696,0.4870562698695065
2024-09-01 14:12:46.714,OnTrack,11052.772267699835,12877.41632483486,1928.9847472439815,car,0 days 00:00:43.165000,0 days 02:05:02.795000,10242.0,194.0,5,0.0,True,0,2795.552499999999,0.48709339043457733
2024-09-01 14:12:46.954,OnTrack,11035.389187804974,12801.238515514908,1929.036646029917,car,0 days 00:00:43.405000,0 days 02:05:03.035000,10005.0,190.0,5,0.0,False,0,2808.219166666666,0.4893004137733168
2024-09-01 14:12:46.989,OnTrack,11031.0,12788.0,1929.0,pos,0 days 00:00:43.440000,0 days 02:05:03.070000,10011.980618470143,189.32132875984732,5,4.459839578146263,False,0,2810.031157001941,0.48961613258591075
2024-09-01 14:12:47.209,OnTrack,10990.0,12685.0,1928.0,pos,0 days 00:00:43.660000,0 days 02:05:03.290000,10055.858711476807,185.05540305086598,5,32.49306566573793,False,0,2821.206688984411,0.4915633425786586
2024-09-01 14:12:47.315,OnTrack,10964.025840478364,12638.051129286101,1927.225926370456,car,0 days 00:00:43.766000,0 days 02:05:03.396000,10077.0,183.0,5,46.0,False,0,2826.569999999999,0.49249783883531545
2024-09-01 14:12:47.429,OnTrack,10932.0,12591.0,1927.0,pos,0 days 00:00:43.880000,0 days 02:05:03.510000,10057.7625216,183.23749973333332,5,49.562496,False,0,2832.3617488590626,0.49350698553826844
2024-09-01 14:12:47.609,OnTrack,10873.0,12521.0,1929.0,pos,0 days 00:00:44.060000,0 days 02:05:03.690000,10027.3875216,183.61249973333332,5,55.187495999999996,False,0,2841.555623869649,0.495108914226833
2024-09-01 14:12:47.795,OnTrack,10802.192588381784,12456.201302077827,1929.892720203688,car,0 days 00:00:44.246000,0 days 02:05:03.876000,9996.0,184.0,5,61.0,False,0,2851.1033333333326,0.4967724945650845
2024-09-01 14:12:47.949,OnTrack,10738.0,12408.0,1930.0,pos,0 days 00:00:44.400000,0 days 02:05:04.030000,10209.1935728,184.9624992,5,68.218744,False,0,2859.0407197244335,0.49815549432932815
2024-09-01 14:12:48.115,OnTrack,10664.756348552613,12360.815193578574,1930.1150625801076,car,0 days 00:00:44.566000,0 days 02:05:04.196000,10439.0,186.0,5,76.0,False,0,2867.636666666666,0.4996532408177549
2024-09-01 14:12:48.169,OnTrack,10640.0,12346.0,1930.0,pos,0 days 00:00:44.620000,0 days 02:05:04.250000,10548.3497408,187.0124976,5,84.0999808,False,0,2870.4436321551766,0.5001423227922954
2024-09-01 14:12:48.275,OnTrack,10590.08436363434,12317.283210511237,1929.4451035133854,car,0 days 00:00:44.726000,0 days 02:05:04.356000,10763.0,189.0,5,100.0,False,0,2876.0366666666655,0.5011168457687083
2024-09-01 14:12:48.349,OnTrack,10555.0,12298.0,1929.0,pos,0 days 00:00:44.800000,0 days 02:05:04.430000,10906.92975104,193.43999232,5,100.0,False,0,2880.0892623409154,0.5018229647083565
2024-09-01 14:12:48.475,OnTrack,10495.572107433223,12267.059197050463,1928.4080404191923,car,0 days 00:00:44.926000,0 days 02:05:04.556000,11152.0,201.0,5,100.0,False,0,2887.2033333333325,0.5030625110804918
2024-09-01 14:12:48.549,OnTrack,10456.0,12247.0,1928.0,pos,0 days 00:00:45,0 days 02:05:04.630000,11235.8665216,203.1583296,5,100.0,False,0,2891.4422378214485,0.5038010922228044
2024-09-01 14:12:48.715,OnTrack,10346.574867369733,12191.823036059732,1926.652918686236,car,0 days 00:00:45.166000,0 days 02:05:04.796000,11424.0,208.0,5,100.0,False,0,2901.0699999999993,0.5054786208407961
2024-09-01 14:12:48.829,OnTrack,10279.0,12158.0,1926.0,pos,0 days 00:00:45.280000,0 days 02:05:04.910000,11338.500096,209.781248,5,100.0,False,0,2907.7287370101744,0.5066388304187949
2024-09-01 14:12:49.035,OnTrack,10199.487588345206,12118.739495148015,1926.0095279488728,car,0 days 00:00:45.486000,0 days 02:05:05.116000,11184.0,213.0,5,100.0,False,0,2920.0033333333326,0.508777539936596
2024-09-01 14:12:49.049,OnTrack,10194.0,12116.0,1926.0,pos,0 days 00:00:45.500000,0 days 02:05:05.130000,11170.389013333333,213.583328,5,100.0,False,0,2920.85922615258,0.5089266695756122
2024-09-01 14:12:49.369,OnTrack,10018.0,12025.0,1925.0,pos,0 days 00:00:45.820000,0 days 02:05:05.450000,10859.277902222222,226.91666133333334,5,100.0,False,0,2941.116810450422,0.5124563244175978
2024-09-01 14:12:49.395,OnTrack,9996.6049672948,12013.572772708188,1924.964083946314,car,0 days 00:00:45.846000,0 days 02:05:05.476000,10834.0,228.0,6,100.0,False,0,2942.803333333333,0.512750181946327
2024-09-01 14:12:49.589,OnTrack,9825.0,11921.0,1925.0,pos,0 days 00:00:46.040000,0 days 02:05:05.670000,11087.65483264,233.33499648,6,100.0,False,0,2955.5400689253047,0.5149694140024456
2024-09-01 14:12:49.795,OnTrack,9736.634411492114,11873.212037510248,1925.0219668995012,car,0 days 00:00:46.246000,0 days 02:05:05.876000,11357.0,239.0,6,100.0,False,0,2969.3588888888885,0.5173771870161403
2024-09-01 14:12:49.970,OnTrack,9673.0,11839.0,1925.0,pos,0 days 00:00:46.421000,0 days 02:05:06.051000,11500.645675733333,242.64582933333332,6,100.0,False,0,2981.3356525355607,0.5194640025601486
2024-09-01 14:12:50.150,OnTrack,9561.0,11779.0,1925.0,pos,0 days 00:00:46.601000,0 days 02:05:06.231000,11648.395885866667,246.39583466666667,6,100.0,False,0,2993.8427456632644,0.5216432220153562
2024-09-01 14:12:50.275,OnTrack,9480.75815728388,11736.119874052962,1925.100798321328,car,0 days 00:00:46.726000,0 days 02:05:06.356000,11751.0,249.0,6,100.0,False,0,3002.5588888888883,0.5231619113460995
2024-09-01 14:12:50.450,OnTrack,9376.0,11680.0,1925.0,pos,0 days 00:00:46.901000,0 days 02:05:06.531000,11028.419650353308,251.50895954738434,6,100.0,False,0,3014.7973763411255,0.5252943293017276
2024-09-01 14:12:50.554,OnTrack,9320.734482102867,11650.09247955489,1924.5145090100045,car,0 days 00:00:47.005000,0 days 02:05:06.635000,10599.0,253.0,6,100.0,False,0,3022.1663888888884,0.5265782963551258
2024-09-01 14:12:50.670,OnTrack,9240.0,11605.0,1924.0,pos,0 days 00:00:47.121000,0 days 02:05:06.751000,10685.0335232,256.8666752,6,100.0,False,0,3030.516132868834,0.5280331447632499
2024-09-01 14:12:50.794,OnTrack,9103.591087862744,11526.83792047357,1923.9784524851702,car,0 days 00:00:47.245000,0 days 02:05:06.875000,10777.0,261.0,7,100.0,False,0,3039.5663888888885,0.5296100494678151
2024-09-01 14:12:50.850,OnTrack,9050.0,11496.0,1924.0,pos,0 days 00:00:47.301000,0 days 02:05:06.931000,10825.8,262.2,7,100.0,False,0,3043.6859602198274,0.5303278381577876
2024-09-01 14:12:51.074,OnTrack,8961.754714330924,11445.127455366095,1923.8446213368634,car,0 days 00:00:47.525000,0 days 02:05:07.155000,11021.0,267.0,7,100.0,False,0,3060.333055555555,0.5332284061521169
2024-09-01 14:12:51.150,OnTrack,8934.0,11429.0,1924.0,pos,0 days 00:00:47.601000,0 days 02:05:07.231000,11070.943025371429,268.0857179428571,7,100.0,False,0,3066.020610198023,0.5342193981918234
2024-09-01 14:12:51.350,OnTrack,8804.0,11354.0,1925.0,pos,0 days 00:00:47.801000,0 days 02:05:07.431000,11202.3715968,270.9428608,7,100.0,False,0,3081.106558825335,0.5368479540371525
2024-09-01 14:12:51.354,OnTrack,8800.511059462313,11352.022008764972,1925.0133906714814,car,0 days 00:00:47.805000,0 days 02:05:07.435000,11205.0,271.0,7,100.0,False,0,3081.410833333333,0.5369009704271946
2024-09-01 14:12:51.594,OnTrack,8552.07607122205,11213.35299619146,1925.0403140402923,car,0 days 00:00:48.045000,0 days 02:05:07.675000,11289.0,276.0,7,100.0,False,0,3099.810833333333,0.5401069622245214
2024-09-01 14:12:51.650,OnTrack,8510.0,11190.0,1925.0,pos,0 days 00:00:48.101000,0 days 02:05:07.731000,11336.88,276.28,7,100.0,False,0,3104.110891147213,0.5408561986418763
2024-09-01 14:12:51.794,OnTrack,8454.963035259187,11159.484201282277,1924.9797925192345,car,0 days 00:00:48.245000,0 days 02:05:07.875000,11460.0,277.0,7,100.0,False,0,3115.199722222222,0.5427883019825513
2024-09-01 14:12:51.930,OnTrack,8415.0,11137.0,1925.0,pos,0 days 00:00:48.381000,0 days 02:05:08.011000,11579.0,280.4,7,100.0,False,0,3125.8056208200355,0.5446362598036312
2024-09-01 14:12:51.954,OnTrack,8403.5949504495,11130.547083475712,1925.000742884371,car,0 days 00:00:48.405000,0 days 02:05:08.035000,11600.0,281.0,7,100.0,False,0,3127.6886111111107,0.544964349555133
2024-09-01 14:12:52.230,OnTrack,8209.0,11020.0,1925.0,pos,0 days 00:00:48.681000,0 days 02:05:08.311000,11739.533462755555,284.8333368888889,7,100.0,False,0,3149.5575952792415,0.5487747725909424
2024-09-01 14:12:52.314,OnTrack,8149.849076879771,10986.26118692334,1925.0357973473583,car,0 days 00:00:48.765000,0 days 02:05:08.395000,11782.0,286.0,7,100.0,False,0,3156.2886111111106,0.5499475759357604
2024-09-01 14:12:52.450,OnTrack,8057.0,10933.0,1925.0,pos,0 days 00:00:48.901000,0 days 02:05:08.531000,11180.685714285713,288.42857142857144,7,100.0,False,0,3167.2591688300545,0.551859071482447
2024-09-01 14:12:52.594,OnTrack,7956.172910342826,10874.460575793,1924.7041027551595,car,0 days 00:00:49.045000,0 days 02:05:08.675000,10544.0,291.0,8,100.0,False,0,3178.921944444444,0.5538911781647183
2024-09-01 14:12:52.650,OnTrack,7918.0,10852.0,1925.0,pos,0 days 00:00:49.101000,0 days 02:05:08.731000,10535.88,291.28,8,100.0,False,0,3183.4555145430004,0.554681101455402
2024-09-01 14:12:52.794,OnTrack,7822.813364999865,10794.739229953311,1927.2996827486795,car,0 days 00:00:49.245000,0 days 02:05:08.875000,10515.0,292.0,8,100.0,False,0,3195.1441666666665,0.5567177168266128
2024-09-01 14:12:52.850,OnTrack,7779.0,10767.0,1928.0,pos,0 days 00:00:49.301000,0 days 02:05:08.931000,10528.066666666668,292.93333333333334,8,100.0,False,0,3199.7253577832334,0.5575159375408356
2024-09-01 14:12:53.034,OnTrack,7591.937941820684,10642.574068916629,1927.7645186022376,car,0 days 00:00:49.485000,0 days 02:05:09.115000,10571.0,296.0,8,100.0,False,0,3214.8774999999996,0.5601560268701226
2024-09-01 14:12:53.150,OnTrack,7479.0,10564.0,1927.0,pos,0 days 00:00:49.601000,0 days 02:05:09.231000,10627.5501248,296.7250016,8,100.0,False,0,3224.4379861133334,0.5618218333950032
2024-09-01 14:12:53.194,OnTrack,7442.845688024032,10537.970194496382,1926.786768080309,car,0 days 00:00:49.645000,0 days 02:05:09.275000,10649.0,297.0,8,100.0,False,0,3228.0775,0.5624559775073352
2024-09-01 14:12:53.529,OnTrack,7260.0,10394.0,1926.0,pos,0 days 00:00:49.980000,0 days 02:05:09.610000,10781.138914133333,300.72222293333334,8,100.0,False,0,3256.0823730105826,0.5673355097441345
2024-09-01 14:12:53.554,OnTrack,7249.088911058425,10385.218855861152,1925.9262679724297,car,0 days 00:00:50.005000,0 days 02:05:09.635000,10791.0,301.0,8,100.0,False,0,3258.1775,0.5677005619149187
2024-09-01 14:12:53.795,OnTrack,7151.274250218025,10307.327905652603,1924.853470056433,car,0 days 00:00:50.246000,0 days 02:05:09.876000,10868.0,302.0,8,100.0,False,0,3278.394722222222,0.5712231841219391
2024-09-01 14:12:53.969,OnTrack,7023.0,10201.0,1922.0,pos,0 days 00:00:50.420000,0 days 02:05:10.050000,10938.566614755555,303.9333319111111,8,100.0,False,0,3293.133757405523,0.5737912942251007
2024-09-01 14:12:54.155,OnTrack,6816.033537340282,10026.00461844729,1916.6876944666496,car,0 days 00:00:50.606000,0 days 02:05:10.236000,11014.0,306.0,8,100.0,False,0,3308.9947222222218,0.5765548878718411
2024-09-01 14:12:54.189,OnTrack,6789.0,10003.0,1916.0,pos,0 days 00:00:50.640000,0 days 02:05:10.270000,11014.0,306.4249984,8,100.0,False,0,3311.8995846094567,0.5770610272732454
2024-09-01 14:12:54.315,OnTrack,6741.907939400004,9962.379519290313,1914.906455268606,car,0 days 00:00:50.766000,0 days 02:05:10.396000,11014.0,308.0,8,100.0,False,0,3322.68361111111,0.5789400218659875
2024-09-01 14:12:54.449,OnTrack,6711.0,9935.0,1914.0,pos,0 days 00:00:50.900000,0 days 02:05:10.530000,11079.085652114285,308.95714194285716,8,100.0,False,0,3334.198233948583,0.5809463146032836
2024-09-01 14:12:54.595,OnTrack,6616.1970341978495,9853.086603488744,1910.7692458791107,car,0 days 00:00:51.046000,0 days 02:05:10.676000,11150.0,310.0,8,100.0,False,0,3346.7947222222215,0.5831411101511318
2024-09-01 14:12:54.629,OnTrack,6593.0,9833.0,1910.0,pos,0 days 00:00:51.080000,0 days 02:05:10.710000,11172.7374144,310.4249984,8,100.0,False,0,3349.734942788339,0.5836534103151158
2024-09-01 14:12:54.755,OnTrack,6516.560293064371,9766.395894313519,1907.6179066898308,car,0 days 00:00:51.206000,0 days 02:05:10.836000,11257.0,312.0,8,100.0,False,0,3360.6613888888883,0.585557219911436
2024-09-01 14:12:54.869,OnTrack,6436.0,9696.0,1905.0,pos,0 days 00:00:51.320000,0 days 02:05:10.950000,11263.26999296,313.13999872,8,100.0,False,0,3370.6089104571533,0.587290462984892
2024-09-01 14:12:55.149,OnTrack,6158.0,9454.0,1895.0,pos,0 days 00:00:51.600000,0 days 02:05:11.230000,11278.66999296,315.93999872,8,100.0,False,0,3395.242949675172,0.5915826655755437
2024-09-01 14:12:55.155,OnTrack,6153.593874072327,9450.174605910524,1894.8483463478235,car,0 days 00:00:51.606000,0 days 02:05:11.236000,11279.0,316.0,8,100.0,False,0,3395.772499999999,0.5916749337275908
2024-09-01 14:12:55.509,OnTrack,6011.0,9327.0,1891.0,pos,0 days 00:00:51.960000,0 days 02:05:11.590000,11388.418142254546,318.4136354909091,8,100.0,False,0,3427.1186266315044,0.5971366416003393
2024-09-01 14:12:55.595,OnTrack,5955.951418974155,9279.161928838867,1889.473889824001,car,0 days 00:00:52.046000,0 days 02:05:11.676000,11415.0,319.0,8,100.0,False,0,3434.7613888888877,0.5984683064430616
2024-09-01 14:12:55.669,OnTrack,5904.0,9234.0,1888.0,pos,0 days 00:00:52.120000,0 days 02:05:11.750000,11428.742833371429,319.5285705142857,8,100.0,False,0,3441.3457812195475,0.5996155623018917
2024-09-01 14:12:55.875,OnTrack,5767.387678377429,9115.40908474188,1884.106585698261,car,0 days 00:00:52.326000,0 days 02:05:11.956000,11467.0,321.0,8,100.0,False,0,3459.7280555555544,0.60281846560284
2024-09-01 14:12:55.929,OnTrack,5729.0,9082.0,1883.0,pos,0 days 00:00:52.380000,0 days 02:05:12.010000,11474.199982933333,321.44999893333335,8,100.0,False,0,3464.565051639228,0.6036612574380552
2024-09-01 14:12:56.115,OnTrack,5582.101329444341,8953.718203149941,1878.7569056740697,car,0 days 00:00:52.566000,0 days 02:05:12.196000,11499.0,323.0,8,100.0,False,0,3481.2613888888877,0.606570405278697
2024-09-01 14:12:56.230,OnTrack,5500.0,8882.0,1877.0,pos,0 days 00:00:52.681000,0 days 02:05:12.311000,11538.10002176,323.0,8,100.0,False,0,3491.5757629863183,0.6083675682542906
2024-09-01 14:12:56.315,OnTrack,5450.6422115080895,8838.969305105878,1876.5477299960162,car,0 days 00:00:52.766000,0 days 02:05:12.396000,11567.0,323.0,8,100.0,False,0,3499.2058333333316,0.6096970216752444
2024-09-01 14:12:56.475,OnTrack,5365.4913963390945,8764.94032942805,1877.0001944391038,car,0 days 00:00:52.926000,0 days 02:05:12.556000,11587.0,324.0,8,100.0,False,0,3513.605833333332,0.612206058734022
2024-09-01 14:12:56.530,OnTrack,5323.0,8728.0,1877.0,pos,0 days 00:00:52.981000,0 days 02:05:12.611000,11581.77501824,324.27499904,8,100.0,False,0,3518.566450099628,0.6130703900743713
2024-09-01 14:12:56.675,OnTrack,5172.925501453433,8597.504605437172,1876.3861431510952,car,0 days 00:00:53.126000,0 days 02:05:12.756000,11568.0,325.0,8,100.0,False,0,3531.661388888888,0.615352034984418
2024-09-01 14:12:56.770,OnTrack,5078.0,8515.0,1876.0,pos,0 days 00:00:53.221000,0 days 02:05:12.851000,11545.041713066666,325.0,8,100.0,False,0,3540.2422140002404,0.616847146664923
2024-09-01 14:12:56.915,OnTrack,4975.564376994294,8426.098812918597,1875.9924059478683,car,0 days 00:00:53.366000,0 days 02:05:12.996000,11510.0,325.0,8,100.0,False,0,3553.328055555554,0.6191272064848933
2024-09-01 14:12:57.154,OnTrack,4881.111941609545,8344.424067019605,1877.3356104342379,car,0 days 00:00:53.605000,0 days 02:05:13.235000,11524.0,324.0,8,100.0,False,0,3574.838055555554,0.6228750805914421
2024-09-01 14:12:57.230,OnTrack,4846.0,8314.0,1878.0,pos,0 days 00:00:53.681000,0 days 02:05:13.311000,11526.94500992,324.0,8,100.0,False,0,3581.677061726882,0.6240667000309609
2024-09-01 14:12:57.890,OnTrack,4387.0,7915.0,1888.0,pos,0 days 00:00:54.341000,0 days 02:05:13.971000,11552.52,324.0,8,100.0,False,0,3641.086081089813,0.6344180494203511
2024-09-01 14:12:57.954,OnTrack,4333.101098778888,7868.114084029944,1889.318947559851,car,0 days 00:00:54.405000,0 days 02:05:14.035000,11555.0,324.0,8,100.0,False,0,3646.8380555555536,0.6354202658853292
2024-09-01 14:12:58.190,OnTrack,4141.0,7701.0,1894.0,pos,0 days 00:00:54.641000,0 days 02:05:14.271000,11487.571355428572,323.15714194285715,8,100.0,False,0,3668.021179901499,0.6391111856078756
2024-09-01 14:12:58.234,OnTrack,4111.845793284433,7675.637635509332,1894.628090720414,car,0 days 00:00:54.685000,0 days 02:05:14.315000,11475.0,323.0,8,100.0,False,0,3671.960277777776,0.6397975288404958
2024-09-01 14:12:58.470,OnTrack,3979.0,7560.0,1897.0,pos,0 days 00:00:54.921000,0 days 02:05:14.551000,11462.544430933332,321.68888746666664,8,100.0,False,0,3693.0204000385625,0.6434670168415164
2024-09-01 14:12:58.594,OnTrack,3900.7140756254466,7491.718459848469,1898.3034910307929,car,0 days 00:00:55.045000,0 days 02:05:14.675000,11456.0,321.0,8,100.0,False,0,3704.060277777776,0.6453905906173538
2024-09-01 14:12:58.830,OnTrack,3737.0,7349.0,1901.0,pos,0 days 00:00:55.281000,0 days 02:05:14.911000,11401.214226285714,320.15714194285715,8,100.0,False,0,3725.0443990622293,0.649046836308227
2024-09-01 14:12:58.874,OnTrack,3706.4917489220634,7322.484296012234,1901.5021123960705,car,0 days 00:00:55.325000,0 days 02:05:14.955000,11391.0,320.0,8,100.0,False,0,3728.949166666665,0.6497271978794383
2024-09-01 14:12:59.010,OnTrack,3616.0,7244.0,1903.0,pos,0 days 00:00:55.461000,0 days 02:05:15.091000,11397.12,319.32,8,100.0,False,0,3741.0013921526843,0.6518271617950747
2024-09-01 14:12:59.074,OnTrack,3578.605285480632,7211.656843727323,1903.6321174812915,car,0 days 00:00:55.525000,0 days 02:05:15.155000,11400.0,319.0,8,100.0,False,0,3746.6713888888867,0.6528150945682885
2024-09-01 14:12:59.210,OnTrack,3482.0,7128.0,1905.0,pos,0 days 00:00:55.661000,0 days 02:05:15.291000,11390.65,318.575,8,100.0,False,0,3758.7265143574805,0.6549155637730741
2024-09-01 14:12:59.370,OnTrack,3282.0,6954.0,1907.0,pos,0 days 00:00:55.821000,0 days 02:05:15.451000,11379.65,318.075,8,100.0,False,0,3772.8390990906682,0.6573745219738175
2024-09-01 14:12:59.394,OnTrack,3255.200088416476,6930.664699594078,1907.251120227583,car,0 days 00:00:55.845000,0 days 02:05:15.475000,11378.0,318.0,8,100.0,False,0,3774.9380555555535,0.6577402413873702
2024-09-01 14:12:59.770,OnTrack,3027.0,6732.0,1909.0,pos,0 days 00:00:56.221000,0 days 02:05:15.851000,11197.690909090908,303.4727272727273,8,100.0,False,0,3806.7729954310134,0.6632871194367785
2024-09-01 14:12:59.834,OnTrack,3004.5234352738707,6712.662447226232,1909.0756485538236,car,0 days 00:00:56.285000,0 days 02:05:15.915000,11167.0,301.0,8,100.0,True,0,3811.726944444443,0.6641502889966389
2024-09-01 14:13:00.114,OnTrack,2916.3112511315417,6634.90365076393,1909.0122480744863,car,0 days 00:00:56.565000,0 days 02:05:16.195000,9445.0,253.0,8,0.0,True,0,3831.4047222222207,0.6675789191132244
2024-09-01 14:13:00.169,OnTrack,2889.0,6609.0,1909.0,pos,0 days 00:00:56.620000,0 days 02:05:16.250000,9521.074809375816,247.0031118735281,8,0.0,True,0,3834.935850101803,0.6681941781902491
2024-09-01 14:13:00.429,OnTrack,2726.0,6449.0,1909.0,pos,0 days 00:00:56.880000,0 days 02:05:16.510000,9880.700762496741,218.65421917255426,8,0.0,True,0,3850.4958800759177,0.670905337345856
2024-09-01 14:13:00.435,OnTrack,2723.037662406034,6445.996439097724,1908.9982730293846,car,0 days 00:00:56.886000,0 days 02:05:16.516000,9889.0,218.0,7,0.0,True,0,3850.8430555555537,0.6709658287447662
2024-09-01 14:13:00.635,OnTrack,2661.691380041283,6379.97408744099,1908.863338985101,car,0 days 00:00:57.086000,0 days 02:05:16.716000,10487.0,204.0,7,0.0,True,0,3862.176388888887,0.6729405338373224
2024-09-01 14:13:00.889,OnTrack,2627.0,6320.0,1908.0,pos,0 days 00:00:57.340000,0 days 02:05:16.970000,10202.0438936,195.2687544,7,0.0,True,0,3875.8650914742316,0.6753256353701844
2024-09-01 14:13:00.955,OnTrack,2612.7957379207746,6293.52891409376,1907.5475419538743,car,0 days 00:00:57.406000,0 days 02:05:17.036000,10128.0,193.0,5,0.0,False,0,3879.3319444444423,0.6759296952715449
2024-09-01 14:13:01.049,OnTrack,2592.0,6251.0,1907.0,pos,0 days 00:00:57.500000,0 days 02:05:17.130000,10023.4251424,190.6500032,5,0.0,False,0,3884.220540738438,0.6767814778595337
2024-09-01 14:13:01.189,OnTrack,2569.0,6185.0,1907.0,pos,0 days 00:00:57.640000,0 days 02:05:17.270000,9867.6751424,187.15000320000001,5,0.0,False,0,3891.4028072356286,0.6780329065267189
2024-09-01 14:13:01.275,OnTrack,2559.0921336259203,6140.124301944253,1907.0798076717729,car,0 days 00:00:57.726000,0 days 02:05:17.356000,9772.0,185.0,5,0.0,False,0,3895.7763888888867,0.6787949536411364
2024-09-01 14:13:01.489,OnTrack,2546.0,6022.0,1907.0,pos,0 days 00:00:57.940000,0 days 02:05:17.570000,9965.13488448,183.39500096,5,34.774979200000004,False,0,3906.546926941012,0.680671598024175
2024-09-01 14:13:01.675,OnTrack,2543.8232209031275,5930.652199401014,1906.2111054971529,car,0 days 00:00:58.126000,0 days 02:05:17.756000,10133.0,182.0,5,65.0,False,0,3915.9986111111093,0.6823184470415802
2024-09-01 14:13:01.749,OnTrack,2544.0,5894.0,1906.0,pos,0 days 00:00:58.200000,0 days 02:05:17.830000,10227.686199854545,183.68181527272728,5,70.88635345454546,False,0,3919.832689066955,0.6829864917414037
2024-09-01 14:13:01.949,OnTrack,2545.0,5787.0,1906.0,pos,0 days 00:00:58.400000,0 days 02:05:18.030000,10483.595290763637,188.2272698181818,5,86.79544436363636,False,0,3930.408252584397,0.6848291640179812
2024-09-01 14:13:02.115,OnTrack,2544.793409533451,5684.8526086877955,1905.7609498671172,car,0 days 00:00:58.566000,0 days 02:05:18.196000,10696.0,192.0,5,100.0,False,0,3939.465277777776,0.6864072481744026
2024-09-01 14:13:02.309,OnTrack,2538.0,5557.0,1905.0,pos,0 days 00:00:58.760000,0 days 02:05:18.390000,11077.764033828571,200.31428022857142,5,100.0,False,0,3950.3894719126765,0.6883106653911905
2024-09-01 14:13:02.395,OnTrack,2530.7555611455846,5500.527575086036,1904.494346504347,car,0 days 00:00:58.846000,0 days 02:05:18.476000,11247.0,204.0,5,100.0,False,0,3955.331944444443,0.6891718353039815
2024-09-01 14:13:02.715,OnTrack,2486.9875030463218,5304.102017827339,1902.1877651832535,car,0 days 00:00:59.166000,0 days 02:05:18.796000,11556.0,212.0,5,100.0,False,0,3974.1763888888872,0.6924552665167026
2024-09-01 14:13:02.749,OnTrack,2482.0,5287.0,1902.0,pos,0 days 00:00:59.200000,0 days 02:05:18.830000,11442.221856914286,212.7285686857143,5,100.0,False,0,3976.2130104982402,0.6928101247870202
2024-09-01 14:13:02.995,OnTrack,2445.33384807715,5187.1755570186015,1901.1217951205115,car,0 days 00:00:59.446000,0 days 02:05:19.076000,10619.0,218.0,5,100.0,False,0,3991.1319444444425,0.6954095802139976
2024-09-01 14:13:03.150,OnTrack,2412.0,5119.0,1901.0,pos,0 days 00:00:59.601000,0 days 02:05:19.231000,10817.40008192,221.8750016,5,100.0,False,0,4000.708004189152,0.6970781002679242
2024-09-01 14:13:03.195,OnTrack,2399.8224520047065,5095.625046247218,1901.026928669778,car,0 days 00:00:59.646000,0 days 02:05:19.276000,10875.0,223.0,6,100.0,False,0,4003.5208333333317,0.6975682039181156
2024-09-01 14:13:03.330,OnTrack,2358.0,5021.0,1901.0,pos,0 days 00:00:59.781000,0 days 02:05:19.411000,10905.3749568,225.89285302857144,6,100.0,False,0,4012.057316067198,0.6990555894410936
2024-09-01 14:13:03.475,OnTrack,2306.4856083108366,4946.334077583376,1900.09588670999,car,0 days 00:00:59.926000,0 days 02:05:19.556000,10938.0,229.0,6,100.0,False,0,4021.331944444443,0.7006715884900447
2024-09-01 14:13:03.490,OnTrack,2300.0,4938.0,1900.0,pos,0 days 00:00:59.941000,0 days 02:05:19.571000,10956.124768,229.2499968,6,100.0,False,0,4022.2939665741405,0.7008392099605153
2024-09-01 14:13:03.715,OnTrack,2179.114417521217,4799.28834509863,1899.0573001957735,car,0 days 00:01:00.166000,0 days 02:05:19.796000,11228.0,233.0,6,100.0,False,0,4036.865277777776,0.7033780960580778
2024-09-01 14:13:03.750,OnTrack,2162.0,4781.0,1899.0,pos,0 days 00:01:00.201000,0 days 02:05:19.831000,11243.964949156065,234.05263401029006,6,100.0,False,0,4039.184110918067,0.7037821264943355
2024-09-01 14:13:04.030,OnTrack,2057.0,4676.0,1899.0,pos,0 days 00:01:00.481000,0 days 02:05:20.111000,11371.68430886062,242.4736906941068,6,100.0,False,0,4058.245280940815,0.7071033196867476
2024-09-01 14:13:04.114,OnTrack,2024.110801477913,4641.115933147332,1898.7593397278617,car,0 days 00:01:00.565000,0 days 02:05:20.195000,11410.0,245.0,6,100.0,False,0,4064.019444444443,0.7081094023405005
2024-09-01 14:13:04.274,OnTrack,1955.828949449513,4556.18737066832,1898.085293086945,car,0 days 00:01:00.725000,0 days 02:05:20.355000,11748.0,248.0,6,100.0,False,0,4075.0416666666647,0.7100298998422806
2024-09-01 14:13:04.310,OnTrack,1940.0,4531.0,1898.0,pos,0 days 00:01:00.761000,0 days 02:05:20.391000,11620.311592,248.562504,6,100.0,False,0,4077.5419507476677,0.7104655460517743
2024-09-01 14:13:04.570,OnTrack,1832.0,4308.0,1898.0,pos,0 days 00:01:01.021000,0 days 02:05:20.651000,10698.125,252.625,6,100.0,False,0,4095.8310790419746,0.7136522197089376
2024-09-01 14:13:04.594,OnTrack,1824.9098454305006,4290.448407640387,1897.989532888921,car,0 days 00:01:01.045000,0 days 02:05:20.675000,10613.0,253.0,6,100.0,False,0,4097.530555555553,0.7139483342612355
2024-09-01 14:13:04.954,OnTrack,1776.7938185230812,4104.052381912628,1897.1395745975688,car,0 days 00:01:01.405000,0 days 02:05:21.035000,10720.0,257.0,7,100.0,False,0,4123.230555555553,0.7184262684564147
2024-09-01 14:13:04.990,OnTrack,1773.0,4083.0,1897.0,pos,0 days 00:01:01.441000,0 days 02:05:21.071000,10740.61014656,257.54000384,7,100.0,False,0,4125.834025367723,0.7188798936119801
2024-09-01 14:13:05.210,OnTrack,1747.0,3926.0,1896.0,pos,0 days 00:01:01.661000,0 days 02:05:21.291000,10866.56,260.84,7,100.0,False,0,4141.888461081023,0.7216771973732599
2024-09-01 14:13:05.354,OnTrack,1732.985202570127,3797.1727298596697,1895.319055932159,car,0 days 00:01:01.805000,0 days 02:05:21.435000,10949.0,263.0,7,100.0,False,0,4152.452777777775,0.7235179100185941
2024-09-01 14:13:05.430,OnTrack,1727.0,3733.0,1895.0,pos,0 days 00:01:01.881000,0 days 02:05:21.511000,11005.24018944,263.76000256,7,100.0,False,0,4158.032429897346,0.7244901012646421
2024-09-01 14:13:05.554,OnTrack,1719.3532445746182,3645.5759262128076,1894.5779618541442,car,0 days 00:01:02.005000,0 days 02:05:21.635000,11097.0,265.0,7,100.0,False,0,4167.174999999997,0.7260830906535325
2024-09-01 14:13:05.714,OnTrack,1711.1913351560543,3547.55934460495,1894.1177943868975,car,0 days 00:01:02.165000,0 days 02:05:21.795000,11176.0,269.0,7,100.0,False,0,4179.130555555553,0.7281662109276409
2024-09-01 14:13:05.750,OnTrack,1709.0,3523.0,1894.0,pos,0 days 00:01:02.201000,0 days 02:05:21.831000,11194.4501312,269.9000064,7,100.0,False,0,4181.845728588431,0.7286392991054522
2024-09-01 14:13:05.874,OnTrack,1700.3856547226385,3430.7707258867376,1893.5353468365763,car,0 days 00:01:02.325000,0 days 02:05:21.955000,11258.0,273.0,7,100.0,False,0,4191.263888888886,0.730280306967907
2024-09-01 14:13:05.950,OnTrack,1695.0,3373.0,1893.0,pos,0 days 00:01:02.401000,0 days 02:05:22.031000,11297.583466666667,274.26667093333333,7,100.0,False,0,4197.079973220684,0.7312936938516194
2024-09-01 14:13:06.050,OnTrack,1688.0,3297.0,1892.0,pos,0 days 00:01:02.501000,0 days 02:05:22.131000,11349.666666666666,275.93333333333334,7,100.0,False,0,4204.779860507328,0.7326353120842997
2024-09-01 14:13:06.114,OnTrack,1682.4579267021147,3241.4464493311257,1891.6678454759567,car,0 days 00:01:02.565000,0 days 02:05:22.195000,11383.0,277.0,7,100.0,False,0,4209.730555555553,0.733497914677543
2024-09-01 14:13:06.350,OnTrack,1659.0,3017.0,1892.0,pos,0 days 00:01:02.801000,0 days 02:05:22.431000,11533.871592228572,280.37143222857145,7,100.0,False,0,4228.131655372016,0.7367040981054436
2024-09-01 14:13:06.394,OnTrack,1655.9010775305846,2983.3390328912515,1891.9502787526849,car,0 days 00:01:02.845000,0 days 02:05:22.475000,11562.0,281.0,7,100.0,False,0,4231.586111111108,0.7373059979295609
2024-09-01 14:13:06.589,OnTrack,1643.0,2829.0,1891.0,pos,0 days 00:01:03.040000,0 days 02:05:22.670000,11639.3906504,283.4375008,7,100.0,False,0,4246.982276264219,0.7399886054942978
2024-09-01 14:13:06.714,OnTrack,1626.7786619438912,2653.3309587568688,1889.7429706856512,car,0 days 00:01:03.165000,0 days 02:05:22.795000,11689.0,285.0,7,100.0,False,0,4256.919444444441,0.7417200446070396
2024-09-01 14:13:06.789,OnTrack,1618.0,2559.0,1889.0,pos,0 days 00:01:03.240000,0 days 02:05:22.870000,11757.01239928956,286.39751505389506,7,100.0,False,0,4262.905433687278,0.7427630354989646
2024-09-01 14:13:06.875,OnTrack,1611.6242618991132,2488.940394885178,1888.320482043096,car,0 days 00:01:03.326000,0 days 02:05:22.956000,11835.0,288.0,7,100.0,False,0,4269.799444444441,0.7439642388651683
2024-09-01 14:13:07.129,OnTrack,1604.0,2399.0,1887.0,pos,0 days 00:01:03.580000,0 days 02:05:23.210000,10752.3255456,291.1749984,7,100.0,False,0,4290.383626847953,0.7475507997314909
2024-09-01 14:13:07.195,OnTrack,1599.7655396853377,2353.207036691787,1886.6603086569926,car,0 days 00:01:03.646000,0 days 02:05:23.276000,10471.0,292.0,8,100.0,False,0,4295.7549999999965,0.7484867007241992
2024-09-01 14:13:07.329,OnTrack,1589.0,2238.0,1886.0,pos,0 days 00:01:03.780000,0 days 02:05:23.410000,10530.0436936,292.8374992,8,100.0,False,0,4306.667488506824,0.7503880783677488
2024-09-01 14:13:07.515,OnTrack,1575.0324754328747,2085.1700564801004,1885.3343662091024,car,0 days 00:01:03.966000,0 days 02:05:23.596000,10612.0,294.0,8,100.0,False,0,4321.888333333331,0.753040138349388
2024-09-01 14:13:07.609,OnTrack,1568.0,2009.0,1885.0,pos,0 days 00:01:04.060000,0 days 02:05:23.690000,10642.5499584,295.87999744,8,100.0,False,0,4329.64638743706,0.7543918914917671
2024-09-01 14:13:07.715,OnTrack,1559.8221245037873,1922.3169299228864,1884.5663758989658,car,0 days 00:01:04.166000,0 days 02:05:23.796000,10677.0,298.0,8,100.0,False,0,4338.443888888885,0.755924756572828
2024-09-01 14:13:07.829,OnTrack,1551.0,1828.0,1884.0,pos,0 days 00:01:04.280000,0 days 02:05:23.910000,10730.674939733333,299.4249984,8,100.0,False,0,4347.957260780802,0.7575823539777413
2024-09-01 14:13:07.955,OnTrack,1541.537319594405,1722.4251874017434,1883.2211357904098,car,0 days 00:01:04.406000,0 days 02:05:24.036000,10790.0,301.0,8,100.0,False,0,4358.510555555553,0.7594211461778837
2024-09-01 14:13:07.989,OnTrack,1539.0,1694.0,1883.0,pos,0 days 00:01:04.440000,0 days 02:05:24.070000,10800.87995904,301.16999936,8,100.0,False,0,4361.36042825999,0.7599177042492887
2024-09-01 14:13:08.149,OnTrack,1527.0,1561.0,1882.0,pos,0 days 00:01:04.600000,0 days 02:05:24.230000,10852.07995904,301.96999936,8,100.0,False,0,4374.784475999116,0.7622566926698626
2024-09-01 14:13:08.155,OnTrack,1526.5441583478905,1555.994981524229,1881.9684757663247,car,0 days 00:01:04.606000,0 days 02:05:24.236000,10854.0,302.0,8,100.0,False,0,4375.288333333329,0.7623444841090208
2024-09-01 14:13:08.355,OnTrack,1511.091368843384,1387.8408058281086,1881.0793762346675,car,0 days 00:01:04.806000,0 days 02:05:24.436000,10950.0,303.0,8,100.0,False,0,4392.121666666663,0.7652775019670826
2024-09-01 14:13:08.369,OnTrack,1510.0,1376.0,1881.0,pos,0 days 00:01:04.820000,0 days 02:05:24.450000,10953.35996928,303.20999808,8,100.0,False,0,4393.30586632466,0.7654838353578398
2024-09-01 14:13:08.555,OnTrack,1495.4316503947061,1218.0138802847264,1879.6071119470914,car,0 days 00:01:05.006000,0 days 02:05:24.636000,10998.0,306.0,8,100.0,False,0,4409.121666666663,0.7682395596059169
2024-09-01 14:13:08.649,OnTrack,1488.0,1138.0,1879.0,pos,0 days 00:01:05.100000,0 days 02:05:24.730000,11010.757125485714,307.00714148571427,8,100.0,False,0,4417.1617201212775,0.7696404479442628
2024-09-01 14:13:08.835,OnTrack,1472.9652668960048,977.7057776837661,1878.3817792690197,car,0 days 00:01:05.286000,0 days 02:05:24.916000,11036.0,309.0,8,100.0,False,0,4433.154999999997,0.7724270959933673
2024-09-01 14:13:08.929,OnTrack,1464.0,881.0,1878.0,pos,0 days 00:01:05.380000,0 days 02:05:25.010000,11071.249952,310.00714148571427,8,100.0,False,0,4441.277312920708,0.7738423171128848
2024-09-01 14:13:09.115,OnTrack,1442.3230433841907,643.1907785354992,1876.6760927366947,car,0 days 00:01:05.566000,0 days 02:05:25.196000,11141.0,312.0,8,100.0,False,0,4457.421666666663,0.7766552880738997
2024-09-01 14:13:09.229,OnTrack,1431.0,518.0,1876.0,pos,0 days 00:01:05.680000,0 days 02:05:25.310000,11182.3249536,312.85499904,8,100.0,False,0,4467.358405995412,0.7783866524641248
2024-09-01 14:13:09.515,OnTrack,1417.4567634250463,367.38118014178394,1875.5881359105094,car,0 days 00:01:05.966000,0 days 02:05:25.596000,11286.0,315.0,8,100.0,False,0,4492.421666666664,0.7827536420362061
2024-09-01 14:13:09.610,OnTrack,1412.0,309.0,1875.0,pos,0 days 00:01:06.061000,0 days 02:05:25.691000,11290.31817309091,315.6477259636364,8,100.0,False,0,4500.7869646437475,0.7842112005523323
2024-09-01 14:13:09.790,OnTrack,1397.0,151.0,1873.0,pos,0 days 00:01:06.241000,0 days 02:05:25.871000,11298.500002909092,316.8750004363636,8,100.0,False,0,4516.688722687494,0.7869819019572957
2024-09-01 14:13:09.955,OnTrack,1383.0583060178114,4.37052313538843,1872.1090570790643,car,0 days 00:01:06.406000,0 days 02:05:26.036000,11306.0,318.0,8,100.0,False,0,4531.288333333331,0.7895257189124434
2024-09-01 14:13:10.070,OnTrack,1374.0,-94.0,1872.0,pos,0 days 00:01:06.521000,0 days 02:05:26.151000,11352.0000256,318.4791669333333,8,100.0,False,0,4541.469317966708,0.7912996402832758
2024-09-01 14:13:10.195,OnTrack,1364.3761132928314,-202.7230920548154,1872.0478363030588,car,0 days 00:01:06.646000,0 days 02:05:26.276000,11402.0,319.0,8,100.0,False,0,4552.554999999998,0.7932311949390637
2024-09-01 14:13:10.210,OnTrack,1363.0,-218.0,1872.0,pos,0 days 00:01:06.661000,0 days 02:05:26.291000,11403.0445554333,319.08356443466397,8,100.0,False,0,4553.88770476081,0.7934634036635976
2024-09-01 14:13:10.490,OnTrack,1330.0,-572.0,1869.0,pos,0 days 00:01:06.941000,0 days 02:05:26.571000,11422.54317310387,320.6434538483096,8,100.0,False,0,4578.8491312580845,0.7978126497831539
2024-09-01 14:13:10.554,OnTrack,1324.0277536820397,-635.8748401379098,1868.4816453388264,car,0 days 00:01:07.005000,0 days 02:05:26.635000,11427.0,321.0,8,100.0,False,0,4584.56583333333,0.7988087204332082
2024-09-01 14:13:10.754,OnTrack,1312.163217911878,-764.169983735746,1867.895435050223,car,0 days 00:01:07.205000,0 days 02:05:26.835000,11520.0,322.0,8,100.0,False,0,4602.454722222219,0.8019256569028314
2024-09-01 14:13:10.990,OnTrack,1299.0,-912.0,1868.0,pos,0 days 00:01:07.441000,0 days 02:05:27.071000,11564.67147702857,323.6857161142857,8,100.0,False,0,4623.683877640278,0.8056245970188353
2024-09-01 14:13:11.030,OnTrack,1296.0,-946.0,1868.0,pos,0 days 00:01:07.481000,0 days 02:05:27.111000,11572.2429056,323.9714304,8,100.0,False,0,4627.293608849944,0.8062535518367017
2024-09-01 14:13:11.034,OnTrack,1295.695062327723,-949.4487980914289,1867.9943137635196,car,0 days 00:01:07.485000,0 days 02:05:27.115000,11573.0,324.0,8,100.0,False,0,4627.654722222219,0.8063164717556919
2024-09-01 14:13:11.270,OnTrack,1277.0,-1158.0,1866.0,pos,0 days 00:01:07.721000,0 days 02:05:27.351000,11620.937552,325.4750016,8,100.0,False,0,4649.012255956971,0.8100377803407323
2024-09-01 14:13:11.354,OnTrack,1270.1900647219688,-1233.121662638775,1865.2529894802374,car,0 days 00:01:07.805000,0 days 02:05:27.435000,11638.0,326.0,8,100.0,False,0,4656.632499999997,0.8113655216394046
2024-09-01 14:13:12.370,OnTrack,1185.0,-2154.0,1861.0,pos,0 days 00:01:08.821000,0 days 02:05:28.451000,11660.577777777778,327.8814814814815,8,100.0,False,0,4749.210898406813,0.8274962600036381
2024-09-01 14:13:12.434,OnTrack,1179.621483845073,-2212.143934920114,1860.6074834511896,car,0 days 00:01:08.885000,0 days 02:05:28.515000,11662.0,328.0,8,100.0,False,0,4755.032499999997,0.8285106082077169
2024-09-01 14:13:12.670,OnTrack,1160.0,-2426.0,1859.0,pos,0 days 00:01:09.121000,0 days 02:05:28.751000,11674.455569066668,327.3444437333333,8,100.0,False,0,4776.472624683185,0.8322463073309759
2024-09-01 14:13:12.794,OnTrack,1149.9665486625593,-2537.5669955991134,1858.2102980574277,car,0 days 00:01:09.245000,0 days 02:05:28.875000,11681.0,327.0,8,100.0,False,0,4787.732499999996,0.8342082131953573
2024-09-01 14:13:12.830,OnTrack,1147.0,-2570.0,1858.0,pos,0 days 00:01:09.281000,0 days 02:05:28.911000,11675.77996288,327.0,8,100.0,False,0,4791.001862545779,0.834777862624937
2024-09-01 14:13:12.994,OnTrack,1133.0374381274014,-2718.3676715668753,1857.1660314325075,car,0 days 00:01:09.445000,0 days 02:05:29.075000,11652.0,327.0,8,100.0,False,0,4805.899166666663,0.8373735492996021
2024-09-01 14:13:13.030,OnTrack,1130.0,-2751.0,1857.0,pos,0 days 00:01:09.481000,0 days 02:05:29.111000,11633.3248672,327.0,8,100.0,False,0,4809.170861040493,0.8379436050238335
2024-09-01 14:13:13.154,OnTrack,1119.7947538363878,-2863.472998682166,1856.4586456568486,car,0 days 00:01:09.605000,0 days 02:05:29.235000,11569.0,327.0,8,100.0,False,0,4820.432499999996,0.8399058181829978
2024-09-01 14:13:13.249,OnTrack,1112.0,-2950.0,1856.0,pos,0 days 00:01:09.700000,0 days 02:05:29.330000,11568.408099643753,326.4080996437535,8,100.0,False,0,4829.028827096357,0.84140363090898
2024-09-01 14:13:13.429,OnTrack,1097.0,-3113.0,1855.0,pos,0 days 00:01:09.880000,0 days 02:05:29.510000,11567.286604987452,325.2866049874512,8,100.0,False,0,4845.261532555195,0.8442319961562329
2024-09-01 14:13:13.475,OnTrack,1093.2681118851744,-3152.546990465451,1854.8142652947001,car,0 days 00:01:09.926000,0 days 02:05:29.556000,11567.0,325.0,8,100.0,False,0,4849.411666666662,0.8449551100648834
2024-09-01 14:13:13.675,OnTrack,1076.3904539092891,-3330.7585644808905,1854.0936091114013,car,0 days 00:01:10.126000,0 days 02:05:29.756000,11570.0,325.0,8,100.0,False,0,4867.467222222218,0.8481010863152795
2024-09-01 14:13:13.689,OnTrack,1075.0,-3346.0,1854.0,pos,0 days 00:01:10.140000,0 days 02:05:29.770000,11568.186380218182,324.9681821090909,8,100.0,False,0,4868.730559014336,0.8483212084561921
2024-09-01 14:13:13.909,OnTrack,1051.0,-3615.0,1852.0,pos,0 days 00:01:10.360000,0 days 02:05:29.990000,11539.686380218182,324.4681821090909,8,100.0,False,0,4888.564863291939,0.8517771115442181
2024-09-01 14:13:14.115,OnTrack,1035.4452074510639,-3778.4962120036703,1851.3323839830614,car,0 days 00:01:10.566000,0 days 02:05:30.196000,11513.0,324.0,8,100.0,False,0,4907.067222222217,0.8550009382269174
2024-09-01 14:13:14.275,OnTrack,1025.4115175326535,-3876.9976018261395,1851.1134465162377,car,0 days 00:01:10.726000,0 days 02:05:30.356000,11469.0,322.0,8,100.0,False,0,4921.378333333329,0.8574944874026159
2024-09-01 14:13:14.309,OnTrack,1023.0,-3901.0,1851.0,pos,0 days 00:01:10.760000,0 days 02:05:30.390000,11462.058359466666,322.0,8,100.0,False,0,4924.418609759716,0.8580242211680835
2024-09-01 14:13:14.509,OnTrack,1005.0,-4079.0,1850.0,pos,0 days 00:01:10.960000,0 days 02:05:30.590000,11421.225026133334,322.0,8,100.0,False,0,4942.308215392586,0.8611412825222353
2024-09-01 14:13:14.515,OnTrack,1004.2361232524091,-4086.321473761974,1849.9707656870564,car,0 days 00:01:10.966000,0 days 02:05:30.596000,11420.0,322.0,8,100.0,False,0,4942.844999999996,0.8612348111661638
2024-09-01 14:13:14.749,OnTrack,969.0,-4415.0,1849.0,pos,0 days 00:01:11.200000,0 days 02:05:30.830000,11404.121437257143,321.16428617142856,8,100.0,False,0,4963.742885257994,0.8648760312052192
2024-09-01 14:13:14.795,OnTrack,964.3471780783814,-4456.66157475677,1848.819104796923,car,0 days 00:01:11.246000,0 days 02:05:30.876000,11401.0,321.0,8,100.0,False,0,4967.811666666661,0.8655849703259421
2024-09-01 14:13:15.035,OnTrack,951.6791338649583,-4553.625765004528,1848.0349185650184,car,0 days 00:01:11.486000,0 days 02:05:31.116000,10699.0,311.0,8,0.0,True,0,4988.5449999999955,0.8691975190540895
2024-09-01 14:13:15.069,OnTrack,949.0,-4573.0,1848.0,pos,0 days 00:01:11.520000,0 days 02:05:31.150000,10594.11039488,306.750016,8,0.0,True,0,4991.343261265103,0.8696850844161934
2024-09-01 14:13:15.229,OnTrack,930.0,-4704.0,1848.0,pos,0 days 00:01:11.680000,0 days 02:05:31.310000,10100.51039488,286.750016,8,0.0,True,0,5003.976136831228,0.871886220038022
2024-09-01 14:13:15.235,OnTrack,929.0299846911544,-4709.82063098307,1847.9921659986521,car,0 days 00:01:11.686000,0 days 02:05:31.316000,10082.0,286.0,8,0.0,True,0,5004.433888888884,0.871965978154438
2024-09-01 14:13:15.435,OnTrack,888.0471866703814,-4922.855766594028,1847.2519117995782,car,0 days 00:01:11.886000,0 days 02:05:31.516000,10808.0,263.0,8,0.0,True,0,5019.044999999995,0.8745117989355277
2024-09-01 14:13:15.489,OnTrack,878.0,-4971.0,1847.0,pos,0 days 00:01:11.940000,0 days 02:05:31.570000,10825.5499584,258.1785828571428,8,0.0,True,0,5022.774479957534,0.8751616186177106
2024-09-01 14:13:15.715,OnTrack,850.4011561919385,-5089.937757126347,1845.974909292917,car,0 days 00:01:12.166000,0 days 02:05:31.796000,10899.0,238.0,7,0.0,True,0,5037.556111111106,0.8777371505867029
2024-09-01 14:13:15.929,OnTrack,824.0,-5168.0,1845.0,pos,0 days 00:01:12.380000,0 days 02:05:32.010000,10957.085679542857,225.77143588571428,7,0.0,True,0,5050.831140352853,0.8800501742203071
2024-09-01 14:13:15.995,OnTrack,811.7488715268041,-5201.740798683913,1844.6896024944485,car,0 days 00:01:12.446000,0 days 02:05:32.076000,10975.0,222.0,6,0.0,True,0,5054.822777777772,0.8807456718747739
2024-09-01 14:13:16.190,OnTrack,767.0,-5315.0,1844.0,pos,0 days 00:01:12.641000,0 days 02:05:32.271000,11101.7500416,216.14999808,6,0.0,True,0,5066.373921761746,0.8827583280085979
2024-09-01 14:13:16.330,OnTrack,732.0,-5387.0,1844.0,pos,0 days 00:01:12.781000,0 days 02:05:32.411000,11192.7498752,211.95000576,6,0.0,True,0,5074.456996033726,0.8841667122375735
2024-09-01 14:13:16.395,OnTrack,715.918485218487,-5416.742725952119,1843.8855958615818,car,0 days 00:01:12.846000,0 days 02:05:32.476000,11235.0,210.0,5,0.0,True,0,5078.156111111106,0.8848112411829783
2024-09-01 14:13:16.590,OnTrack,652.0,-5507.0,1843.0,pos,0 days 00:01:13.041000,0 days 02:05:32.671000,11061.44994304,205.1249984,5,13.16250432,True,0,5089.048913982215,0.8867091888272539
2024-09-01 14:13:16.790,OnTrack,536.0,-5625.0,1842.0,pos,0 days 00:01:13.241000,0 days 02:05:32.871000,10883.44994304,200.1249984,5,26.66250432,True,0,5100.10082674435,0.8886348595696548
2024-09-01 14:13:16.795,OnTrack,533.8607692855804,-5627.025931647568,1841.9983471260646,car,0 days 00:01:13.246000,0 days 02:05:32.876000,10879.0,200.0,5,27.0,False,0,5100.378333333328,0.8886832119526964
2024-09-01 14:13:17.030,OnTrack,475.0,-5671.0,1843.0,pos,0 days 00:01:13.481000,0 days 02:05:33.111000,10650.854104533333,200.0,5,45.60417173333333,False,0,5113.435955587193,0.890958354878701
2024-09-01 14:13:17.035,OnTrack,473.29288400602684,-5672.011260112355,1843.0137071767513,car,0 days 00:01:13.486000,0 days 02:05:33.116000,10646.0,200.0,5,46.0,False,0,5113.711666666662,0.8910063944145276
2024-09-01 14:13:17.250,OnTrack,369.0,-5730.0,1843.0,pos,0 days 00:01:13.701000,0 days 02:05:33.331000,10683.782423390065,197.30125547213828,5,60.3933041485958,False,0,5125.475376020158,0.8930560876587366
2024-09-01 14:13:17.274,OnTrack,356.4610616831912,-5735.821508726234,1842.9881988581806,car,0 days 00:01:13.725000,0 days 02:05:33.355000,10688.0,197.0,5,62.0,False,0,5126.790277777773,0.8932851944114105
2024-09-01 14:13:17.550,OnTrack,213.0,-5782.0,1843.0,pos,0 days 00:01:14.001000,0 days 02:05:33.631000,11030.0431744,198.9714304,5,75.8000128,False,0,5142.044862034739,0.8959431331070336
2024-09-01 14:13:17.554,OnTrack,210.85357068876797,-5782.459451509743,1843.0002960544693,car,0 days 00:01:14.005000,0 days 02:05:33.635000,11035.0,199.0,5,76.0,False,0,5142.26805555555,0.8959820220525192
2024-09-01 14:13:17.790,OnTrack,80.0,-5800.0,1843.0,pos,0 days 00:01:14.241000,0 days 02:05:33.871000,11189.3835008,202.9333376,5,82.8833408,False,0,5155.572875932813,0.8983002364543894
2024-09-01 14:13:17.794,OnTrack,77.73612378027343,-5800.122420895121,1843.000136936344,car,0 days 00:01:14.245000,0 days 02:05:33.875000,11192.0,203.0,5,83.0,False,0,5155.801388888884,0.8983400522512778
2024-09-01 14:13:17.970,OnTrack,-22.0,-5800.0,1843.0,pos,0 days 00:01:14.421000,0 days 02:05:34.051000,11393.771428571428,206.77142857142857,5,86.14285714285714,False,0,5165.966871050841,0.9001112724918814
2024-09-01 14:13:18.074,OnTrack,-79.44011121151489,-5795.622338320544,1842.9639725344764,car,0 days 00:01:14.525000,0 days 02:05:34.155000,11513.0,209.0,5,88.0,False,0,5172.056944444439,0.9011723988693267
2024-09-01 14:13:18.130,OnTrack,-115.0,-5790.0,1843.0,pos,0 days 00:01:14.581000,0 days 02:05:34.211000,11575.766666666666,210.16666666666666,5,90.8,False,0,5175.357854975507,0.9017475451783653
2024-09-01 14:13:18.314,OnTrack,-270.14084575053243,-5749.499770830041,1843.6000764203782,car,0 days 00:01:14.765000,0 days 02:05:34.395000,11782.0,214.0,5,100.0,False,0,5186.3236111111055,0.9036582041034857
2024-09-01 14:13:18.450,OnTrack,-370.0,-5718.0,1844.0,pos,0 days 00:01:14.901000,0 days 02:05:34.531000,11399.84,217.4,5,100.0,False,0,5194.570499529318,0.9050951310938259
2024-09-01 14:13:18.514,OnTrack,-400.4651695890414,-5707.38117862493,1844.0553330410248,car,0 days 00:01:14.965000,0 days 02:05:34.595000,11220.0,219.0,5,100.0,False,0,5198.4902777777725,0.9057781080999066
2024-09-01 14:13:18.674,OnTrack,-442.4257480514734,-5687.62241797168,1843.9373763331653,car,0 days 00:01:15.125000,0 days 02:05:34.755000,10813.0,223.0,5,100.0,False,0,5208.401388888883,0.9075050070632008
2024-09-01 14:13:18.750,OnTrack,-471.0,-5671.0,1844.0,pos,0 days 00:01:15.201000,0 days 02:05:34.831000,10856.7001472,224.9000064,5,100.0,False,0,5213.181450230619,0.9083378786638705
2024-09-01 14:13:18.874,OnTrack,-540.2819850300472,-5629.451258606963,1844.3689004502555,car,0 days 00:01:15.325000,0 days 02:05:34.955000,10928.0,228.0,6,100.0,False,0,5221.06805555555,0.9097120304019403
2024-09-01 14:13:19.070,OnTrack,-670.0,-5545.0,1845.0,pos,0 days 00:01:15.521000,0 days 02:05:35.151000,11074.02019072,231.92000512,6,100.0,False,0,5233.696776760196,0.9119124421732893
2024-09-01 14:13:19.074,OnTrack,-672.2570157394252,-5543.346390917297,1845.002550729249,car,0 days 00:01:15.525000,0 days 02:05:35.155000,11077.0,232.0,6,100.0,False,0,5233.956944444439,0.9119577734483768
2024-09-01 14:13:19.190,OnTrack,-732.0,-5496.0,1845.0,pos,0 days 00:01:15.641000,0 days 02:05:35.271000,11212.471727542857,234.07143314285713,6,100.0,False,0,5241.548011308847,0.9132804309538253
2024-09-01 14:13:19.354,OnTrack,-811.9006862300963,-5423.542272910396,1845.6485852077526,car,0 days 00:01:15.805000,0 days 02:05:35.435000,11404.0,237.0,6,100.0,False,0,5252.390277777772,0.9151695732018581
2024-09-01 14:13:19.450,OnTrack,-857.0,-5378.0,1846.0,pos,0 days 00:01:15.901000,0 days 02:05:35.531000,11434.6,238.8,6,100.0,False,0,5258.7688497592735,0.9162809671937794
2024-09-01 14:13:19.514,OnTrack,-886.2800074229044,-5346.492707455955,1846.09356844701,car,0 days 00:01:15.965000,0 days 02:05:35.595000,11455.0,240.0,6,100.0,False,0,5263.056944444438,0.9170281191713228
2024-09-01 14:13:19.670,OnTrack,-955.0,-5266.0,1846.0,pos,0 days 00:01:16.121000,0 days 02:05:35.751000,11607.96691768889,243.46667235555554,6,100.0,False,0,5273.684754107902,0.9188798947476606
2024-09-01 14:13:19.829,OnTrack,-1021.0,-5179.0,1846.0,pos,0 days 00:01:16.280000,0 days 02:05:35.910000,11763.875062755556,247.00000142222223,6,100.0,False,0,5284.7161098089455,0.9208019836547768
2024-09-01 14:13:19.874,OnTrack,-1038.8039009220668,-5153.536087725521,1846.2093831170687,car,0 days 00:01:16.325000,0 days 02:05:35.955000,11808.0,248.0,6,100.0,False,0,5287.856944444438,0.9213492385503285
2024-09-01 14:13:20.009,OnTrack,-1090.0,-5075.0,1847.0,pos,0 days 00:01:16.460000,0 days 02:05:36.090000,11352.95332747963,250.52336417294106,6,100.0,False,0,5297.327758188872,0.9229994206796037
2024-09-01 14:13:20.089,OnTrack,-1119.0,-5027.0,1847.0,pos,0 days 00:01:16.540000,0 days 02:05:36.170000,11083.296167897619,252.01869038134407,6,100.0,False,0,5302.975445904301,0.9239834663583822
2024-09-01 14:13:20.195,OnTrack,-1155.6521354795252,-4961.86405111401,1847.2898281893224,car,0 days 00:01:16.646000,0 days 02:05:36.276000,10726.0,254.0,6,100.0,False,0,5310.505277777772,0.9252954543595561
2024-09-01 14:13:20.329,OnTrack,-1199.0,-4877.0,1848.0,pos,0 days 00:01:16.780000,0 days 02:05:36.410000,10726.957141942858,256.3928548571429,6,100.0,False,0,5320.1007285876385,0.9269673530871694
2024-09-01 14:13:20.475,OnTrack,-1242.3990346410365,-4781.319240078164,1848.6958092445902,car,0 days 00:01:16.926000,0 days 02:05:36.556000,10728.0,259.0,7,100.0,False,0,5330.649722222216,0.9288053958623056
2024-09-01 14:13:20.549,OnTrack,-1263.0,-4732.0,1849.0,pos,0 days 00:01:17,0 days 02:05:36.630000,10781.8554624,260.027776,7,100.0,False,0,5336.03261442342,0.9297433039189879
2024-09-01 14:13:20.809,OnTrack,-1329.0,-4553.0,1850.0,pos,0 days 00:01:17.260000,0 days 02:05:36.890000,10971.077684622222,263.6388871111111,7,100.0,False,0,5355.126841898585,0.9330702569984264
2024-09-01 14:13:20.835,OnTrack,-1335.2116693370729,-4533.878619553627,1850.1557704658323,car,0 days 00:01:17.286000,0 days 02:05:36.916000,10990.0,264.0,7,100.0,False,0,5357.049722222216,0.9334052971367309
2024-09-01 14:13:21.075,OnTrack,-1388.3118443421358,-4349.566061746751,1851.9219168876346,car,0 days 00:01:17.526000,0 days 02:05:37.156000,11057.0,268.0,7,100.0,False,0,5374.916388888882,0.9365183616355842
2024-09-01 14:13:21.089,OnTrack,-1391.0,-4339.0,1852.0,pos,0 days 00:01:17.540000,0 days 02:05:37.170000,11070.2123792,268.2624976,7,100.0,False,0,5375.965963308048,0.9367012381018088
2024-09-01 14:13:21.235,OnTrack,-1415.8940173147723,-4231.642398320459,1852.537961267972,car,0 days 00:01:17.686000,0 days 02:05:37.316000,11208.0,271.0,7,100.0,False,0,5386.960833333327,0.9386169697927718
2024-09-01 14:13:21.475,OnTrack,-1446.4857745385098,-4067.098490079539,1852.9560520791697,car,0 days 00:01:17.926000,0 days 02:05:37.556000,11208.0,274.0,7,100.0,False,0,5405.227499999994,0.9417997297654801
2024-09-01 14:13:21.489,OnTrack,-1448.0,-4058.0,1853.0,pos,0 days 00:01:17.940000,0 days 02:05:37.570000,11225.42984064,274.27999744,7,100.0,False,0,5406.302288567933,0.9419869995118211
2024-09-01 14:13:21.675,OnTrack,-1466.3382251080263,-3926.0064277766014,1853.8120113049831,car,0 days 00:01:18.126000,0 days 02:05:37.756000,11457.0,278.0,7,100.0,False,0,5420.671944444438,0.9444907494504343
2024-09-01 14:13:21.709,OnTrack,-1470.0,-3888.0,1854.0,pos,0 days 00:01:18.160000,0 days 02:05:37.790000,11469.938840177778,278.28333226666666,7,100.0,False,0,5423.31091024339,0.9449505593800466
2024-09-01 14:13:21.869,OnTrack,-1488.0,-3655.0,1855.0,pos,0 days 00:01:18.320000,0 days 02:05:37.950000,11530.827729066667,279.6166656,7,100.0,False,0,5435.772500551434,0.9471218504838094
2024-09-01 14:13:22.035,OnTrack,-1496.6156100185017,-3486.1089355131476,1856.0416912234102,car,0 days 00:01:18.486000,0 days 02:05:38.116000,11594.0,281.0,7,100.0,False,0,5448.771944444438,0.9493868564887431
2024-09-01 14:13:22.229,OnTrack,-1498.0,-3370.0,1857.0,pos,0 days 00:01:18.680000,0 days 02:05:38.310000,11594.0,283.90999808,7,100.0,False,0,5464.072817373514,0.9520528604617081
2024-09-01 14:13:22.235,OnTrack,-1498.0310243110323,-3366.7785526114226,1857.0208989138425,car,0 days 00:01:18.686000,0 days 02:05:38.316000,11594.0,284.0,7,100.0,False,0,5464.549722222217,0.9521359557352431
2024-09-01 14:13:22.475,OnTrack,-1498.772088666743,-3253.454822509372,1857.464081959916,car,0 days 00:01:18.926000,0 days 02:05:38.556000,10389.0,289.0,8,100.0,False,0,5483.816388888883,0.9554929543925889
2024-09-01 14:13:22.630,OnTrack,-1499.0,-3160.0,1858.0,pos,0 days 00:01:19.081000,0 days 02:05:38.711000,10436.9531448,290.9375008,8,100.0,False,0,5496.388346895399,0.9576834758189599
2024-09-01 14:13:22.790,OnTrack,-1499.0,-3031.0,1859.0,pos,0 days 00:01:19.241000,0 days 02:05:38.871000,10486.4531448,292.9375008,8,100.0,False,0,5509.451334406635,0.9599595535803515
2024-09-01 14:13:22.795,OnTrack,-1498.9811688643852,-3026.864472819897,1859.0271719140242,car,0 days 00:01:19.246000,0 days 02:05:38.876000,10488.0,293.0,8,100.0,False,0,5509.860833333327,0.9600309041346986
2024-09-01 14:13:22.995,OnTrack,-1497.1836808094226,-2863.325057930211,1859.909547139926,car,0 days 00:01:19.446000,0 days 02:05:39.076000,10568.0,296.0,8,100.0,False,0,5526.305277777771,0.9628961625042901
2024-09-01 14:13:23.010,OnTrack,-1497.0,-2851.0,1860.0,pos,0 days 00:01:19.461000,0 days 02:05:39.091000,10573.8593,296.1406232,8,100.0,False,0,5527.543716612325,0.9631119464578265
2024-09-01 14:13:23.150,OnTrack,-1495.0,-2736.0,1861.0,pos,0 days 00:01:19.601000,0 days 02:05:39.231000,10628.5469,297.4531256,8,100.0,False,0,5539.137303598969,0.9651319978046078
2024-09-01 14:13:23.315,OnTrack,-1491.5306868473183,-2608.152375081225,1861.5875230876832,car,0 days 00:01:19.766000,0 days 02:05:39.396000,10693.0,299.0,8,100.0,False,0,5552.88305555555,0.9675270395448733
2024-09-01 14:13:23.490,OnTrack,-1487.0,-2475.0,1862.0,pos,0 days 00:01:19.941000,0 days 02:05:39.571000,10763.43742272,300.74999808,8,100.0,False,0,5567.560477395065,0.9700844142200575
2024-09-01 14:13:23.690,OnTrack,-1481.0,-2307.0,1863.0,pos,0 days 00:01:20.141000,0 days 02:05:39.771000,10843.93742272,302.74999808,8,100.0,False,0,5584.435316186194,0.9730246639344906
2024-09-01 14:13:23.715,OnTrack,-1480.0103057627407,-2281.928391276937,1863.1218507839258,car,0 days 00:01:20.166000,0 days 02:05:39.796000,10854.0,303.0,8,100.0,False,0,5586.549722222216,0.9733930752609963
2024-09-01 14:13:23.910,OnTrack,-1471.0,-2071.0,1864.0,pos,0 days 00:01:20.361000,0 days 02:05:39.991000,10891.63160940669,304.46616660026064,8,100.0,False,0,5603.079907440389,0.9762732729902223
2024-09-01 14:13:24.114,OnTrack,-1463.338378351409,-1918.6808376727106,1865.0518768062448,car,0 days 00:01:20.565000,0 days 02:05:40.195000,10931.0,306.0,8,100.0,False,0,5620.464722222216,0.9793023802504711
2024-09-01 14:13:24.290,OnTrack,-1456.0,-1798.0,1866.0,pos,0 days 00:01:20.741000,0 days 02:05:40.371000,11104.8,308.2,8,100.0,False,0,5635.555752948519,0.9819318215940436
2024-09-01 14:13:24.354,OnTrack,-1452.622468663294,-1745.0463361964862,1866.3336136382927,car,0 days 00:01:20.805000,0 days 02:05:40.435000,11168.0,309.0,8,100.0,False,0,5641.064722222216,0.9828916971539999
2024-09-01 14:13:24.470,OnTrack,-1446.0,-1643.0,1867.0,pos,0 days 00:01:20.921000,0 days 02:05:40.551000,11096.9498432,310.4500032,8,100.0,False,0,5651.078799805394,0.984636536859949
2024-09-01 14:13:24.514,OnTrack,-1443.5509641332922,-1605.380056013657,1867.3120348720138,car,0 days 00:01:20.965000,0 days 02:05:40.595000,11070.0,311.0,8,100.0,False,0,5654.886944444438,0.9853000629727647
2024-09-01 14:13:24.730,OnTrack,-1431.0,-1419.0,1869.0,pos,0 days 00:01:21.181000,0 days 02:05:40.811000,11208.6,312.8,8,100.0,False,0,5673.659551309213,0.9885709773000967
2024-09-01 14:13:24.754,OnTrack,-1429.3337031338317,-1395.8503276926594,1869.139833529334,car,0 days 00:01:21.205000,0 days 02:05:40.835000,11224.0,313.0,8,100.0,False,0,5675.753611111104,0.98893584352553
2024-09-01 14:13:24.990,OnTrack,-1411.0,-1153.0,1870.0,pos,0 days 00:01:21.441000,0 days 02:05:41.071000,11247.6000256,314.9666688,8,100.0,False,0,5696.432853467173,0.9925389675129479
2024-09-01 14:13:25.114,OnTrack,-1402.360069493238,-1040.9017363763967,1870.3395385587328,car,0 days 00:01:21.565000,0 days 02:05:41.195000,11260.0,316.0,8,100.0,False,0,5707.353611111104,0.9944417859600695
2024-09-01 14:13:25.410,OnTrack,-1386.0,-833.0,1871.0,pos,0 days 00:01:21.861000,0 days 02:05:41.491000,11361.955555555556,318.46666666666664,8,100.0,False,0,5733.561352256506,0.9990081883045597
2024-09-01 14:13:25.474,OnTrack,-1383.2529874628942,-799.1101893741964,1871.1149936604857,car,0 days 00:01:21.925000,0 days 02:05:41.555000,11384.0,319.0,8,100.0,False,0,5739.253611111104,1.0
