Date,Status,X,Y,Z,Source,Time,SessionTime,RPM,Speed,nGear,Throttle,Brake,DRS,Distance,RelativeDistance
2024-09-01 14:09:24.269,OnTrack,-1380.0,-755.0,1871.0,pos,0 days 00:00:00,0 days 02:01:40.350000,11260.0,317.0,8,100.0,False,0,,
2024-09-01 14:09:24.314,OnTrack,-1372.7685506085645,-668.4873682986265,1871.2553504432583,car,0 days 00:00:00.045000,0 days 02:01:40.395000,11260.0,317.0,8,100.0,False,0,4.666944444444445,0.0008125376773783873
2024-09-01 14:09:24.469,OnTrack,-1355.0,-457.0,1872.0,pos,0 days 00:00:00.200000,0 days 02:01:40.550000,11266.458336,317.6458336,8,100.0,False,0,18.343265363532087,0.0031936515232707107
2024-09-01 14:09:24.554,OnTrack,-1349.9544247090669,-397.9464506378629,1872.3195878859742,car,0 days 00:00:00.285000,0 days 02:01:40.635000,11270.0,318.0,8,100.0,False,0,25.866944444444442,0.004503560565154026
2024-09-01 14:09:24.749,OnTrack,-1344.0,-333.0,1873.0,pos,0 days 00:00:00.480000,0 days 02:01:40.830000,11322.9285888,319.3928576,8,100.0,False,0,43.18861196605559,0.007519346946130756
2024-09-01 14:09:24.834,OnTrack,-1338.9090639871579,-277.2474599171213,1873.4050218985742,car,0 days 00:00:00.565000,0 days 02:01:40.915000,11346.0,320.0,8,100.0,False,0,50.75583333333333,0.008836836911389577
2024-09-01 14:09:25.034,OnTrack,-1321.4966759298459,-85.59315789763752,1874.5732531144145,car,0 days 00:00:00.765000,0 days 02:01:41.115000,11408.0,321.0,8,100.0,False,0,68.58916666666667,0.011941706793402104
2024-09-01 14:09:25.109,OnTrack,-1315.0,-14.0,1875.0,pos,0 days 00:00:00.840000,0 days 02:01:41.190000,11397.374990933333,321.3125002666667,8,100.0,False,0,75.2903797332267,0.013108420510597118
2024-09-01 14:09:25.274,OnTrack,-1301.7223963615108,132.90285323123797,1875.8394975386313,car,0 days 00:00:01.005000,0 days 02:01:41.355000,11374.0,322.0,8,100.0,False,0,90.05583333333333,0.015679157642030265
2024-09-01 14:09:25.349,OnTrack,-1296.0,199.0,1876.0,pos,0 days 00:00:01.080000,0 days 02:01:41.430000,11398.3750208,322.2083335111111,8,100.0,False,0,96.77379795298322,0.01684878788591681
2024-09-01 14:09:25.469,OnTrack,-1287.0,307.0,1876.0,pos,0 days 00:00:01.200000,0 days 02:01:41.550000,11437.3750208,322.5416668444444,8,100.0,False,0,107.53051719922145,0.018721584911164074
2024-09-01 14:09:25.634,OnTrack,-1274.0916657781202,455.29782053033955,1876.919024257791,car,0 days 00:00:01.365000,0 days 02:01:41.715000,11491.0,323.0,8,100.0,False,0,122.35583333333332,0.021302744400292208
2024-09-01 14:09:25.649,OnTrack,-1273.0,468.0,1877.0,pos,0 days 00:00:01.380000,0 days 02:01:41.730000,11492.28571977143,323.10714331428574,8,100.0,False,0,123.70611612516728,0.021537835187538844
2024-09-01 14:09:25.890,OnTrack,-1255.0,684.0,1878.0,pos,0 days 00:00:01.621000,0 days 02:01:41.971000,11512.942857142858,324.8285714285714,8,100.0,False,0,145.4604483055415,0.025325369998200887
2024-09-01 14:09:25.914,OnTrack,-1252.31520796659,715.5471650685954,1878.1780263133137,car,0 days 00:00:01.645000,0 days 02:01:41.995000,11515.0,325.0,8,100.0,False,0,147.6336111111111,0.025703728189437686
2024-09-01 14:09:26.110,OnTrack,-1227.0,1009.0,1880.0,pos,0 days 00:00:01.841000,0 days 02:01:42.191000,11552.100048457143,326.4000018285714,8,100.0,False,0,165.4264594677793,0.02880154944053125
2024-09-01 14:09:26.194,OnTrack,-1220.0789259096478,1088.9584437410435,1880.4386549789374,car,0 days 00:00:01.925000,0 days 02:01:42.275000,11568.0,327.0,8,100.0,False,0,173.06694444444443,0.03013179495574714
2024-09-01 14:09:26.474,OnTrack,-1209.0289885760421,1214.4835755289662,1880.9245144277463,car,0 days 00:00:02.205000,0 days 02:01:42.555000,11583.0,328.0,8,100.0,False,0,198.57805555555555,0.034573403210638586
2024-09-01 14:09:26.490,OnTrack,-1208.0,1226.0,1881.0,pos,0 days 00:00:02.221000,0 days 02:01:42.571000,11583.8,328.08,8,100.0,False,0,200.0383809329088,0.03482765294608247
2024-09-01 14:09:26.650,OnTrack,-1195.0,1372.0,1882.0,pos,0 days 00:00:02.381000,0 days 02:01:42.731000,11591.8,328.88,8,100.0,False,0,214.65938256568384,0.037373240288949346
2024-09-01 14:09:26.674,OnTrack,-1193.0128546415085,1394.7233940981923,1882.1229703472923,car,0 days 00:00:02.405000,0 days 02:01:42.755000,11593.0,329.0,8,100.0,False,0,216.8558333333333,0.03775565302740531
2024-09-01 14:09:26.914,OnTrack,-1174.3793056618233,1613.3694286398686,1882.804108441128,car,0 days 00:00:02.645000,0 days 02:01:42.995000,11582.0,330.0,8,100.0,False,0,238.85583333333332,0.04158595979773853
2024-09-01 14:09:26.970,OnTrack,-1170.0,1664.0,1883.0,pos,0 days 00:00:02.701000,0 days 02:01:43.051000,11612.8,330.0,8,100.0,False,0,243.98856550953974,0.042479593379776276
2024-09-01 14:09:27.074,OnTrack,-1161.6725495585395,1758.4938922426416,1883.4836990599663,car,0 days 00:00:02.805000,0 days 02:01:43.155000,11670.0,330.0,8,100.0,False,0,253.5225,0.04413949764462734
2024-09-01 14:09:27.170,OnTrack,-1154.0,1846.0,1884.0,pos,0 days 00:00:02.901000,0 days 02:01:43.251000,11679.333333333334,330.26666666666665,8,100.0,False,0,262.3353513249494,0.04567385783080432
2024-09-01 14:09:27.350,OnTrack,-1140.0,2011.0,1885.0,pos,0 days 00:00:03.081000,0 days 02:01:43.431000,11696.833358222222,330.76666737777776,8,100.0,False,0,278.8892843702856,0.04855597791349495
2024-09-01 14:09:27.434,OnTrack,-1133.2303444877327,2089.8984479295505,1885.5097690974649,car,0 days 00:00:03.165000,0 days 02:01:43.515000,11705.0,331.0,8,100.0,False,0,286.6225,0.04990236828544685
2024-09-01 14:09:27.670,OnTrack,-1113.0,2323.0,1887.0,pos,0 days 00:00:03.401000,0 days 02:01:43.751000,11786.125088,331.7375008,8,100.0,False,0,308.37524038827144,0.053689625957378515
2024-09-01 14:09:27.754,OnTrack,-1105.3378065261977,2412.292161480207,1887.4811603651951,car,0 days 00:00:03.485000,0 days 02:01:43.835000,11815.0,332.0,8,100.0,False,0,316.1336111111111,0.055040395953126146
2024-09-01 14:09:27.914,OnTrack,-1090.1969808452081,2590.3193609319655,1888.318301391459,car,0 days 00:00:03.645000,0 days 02:01:43.995000,11741.0,333.0,8,100.0,False,0,330.93361111111113,0.05761714778044122
2024-09-01 14:09:28.050,OnTrack,-1078.0,2734.0,1889.0,pos,0 days 00:00:03.781000,0 days 02:01:44.131000,11790.3,333.0,8,100.0,False,0,343.50767979376974,0.059806354162524035
2024-09-01 14:09:28.154,OnTrack,-1069.354220352291,2835.7491826261858,1889.5138859989067,car,0 days 00:00:03.885000,0 days 02:01:44.235000,11828.0,333.0,8,100.0,False,0,353.1336111111111,0.06148227552141382
2024-09-01 14:09:28.314,OnTrack,-1057.1877403586323,2978.7233897637293,1890.2867258459703,car,0 days 00:00:04.045000,0 days 02:01:44.395000,11828.0,334.0,8,100.0,False,0,367.97805555555556,0.0640667653422043
2024-09-01 14:09:28.490,OnTrack,-1045.0,3121.0,1891.0,pos,0 days 00:00:04.221000,0 days 02:01:44.571000,11749.146971493168,334.0,8,100.0,False,0,384.3137285743981,0.0669108852950235
2024-09-01 14:09:28.593,OnTrack,-1038.3803437534766,3197.667443194192,1891.3315728460275,car,0 days 00:00:04.324000,0 days 02:01:44.674000,11703.0,334.0,8,100.0,False,0,393.86305555555555,0.06857346946720771
2024-09-01 14:09:28.793,OnTrack,-1025.2715089418155,3346.8039108443995,1891.936004211806,car,0 days 00:00:04.524000,0 days 02:01:44.874000,11764.0,333.0,8,100.0,False,0,412.36305555555555,0.07179440925135155
2024-09-01 14:09:28.810,OnTrack,-1024.0,3361.0,1892.0,pos,0 days 00:00:04.541000,0 days 02:01:44.891000,11760.828858092307,332.93461563076926,8,100.0,False,0,413.9320261717095,0.07206757465014739
2024-09-01 14:09:29.030,OnTrack,-1006.0,3563.0,1893.0,pos,0 days 00:00:04.761000,0 days 02:01:45.111000,11719.7903488,332.0884608,8,100.0,False,0,434.1815652458761,0.07559311767796136
2024-09-01 14:09:29.229,OnTrack,-991.0,3747.0,1894.0,pos,0 days 00:00:04.960000,0 days 02:01:45.310000,11682.66923076923,331.32307692307694,8,100.0,False,0,452.45355837228607,0.0787743603588509
2024-09-01 14:09:29.313,OnTrack,-984.6986336564987,3819.989313028414,1894.3865219545942,car,0 days 00:00:05.044000,0 days 02:01:45.394000,11667.0,331.0,8,100.0,False,0,460.1741666666666,0.08011855573253529
2024-09-01 14:09:29.429,OnTrack,-975.0,3930.0,1895.0,pos,0 days 00:00:05.160000,0 days 02:01:45.510000,11711.225,331.0,8,100.0,False,0,470.8422285932824,0.08197591708816486
2024-09-01 14:09:29.473,OnTrack,-970.6723405051798,3980.246403596153,1895.30676139033,car,0 days 00:00:05.204000,0 days 02:01:45.554000,11728.0,331.0,8,100.0,False,0,474.88527777777773,0.08267983157289951
2024-09-01 14:09:29.673,OnTrack,-948.61022102024,4240.221017801893,1896.9052201405525,car,0 days 00:00:05.404000,0 days 02:01:45.754000,11569.0,330.0,8,100.0,False,0,493.2186111111111,0.08587175388151053
2024-09-01 14:09:29.689,OnTrack,-947.0,4259.0,1897.0,pos,0 days 00:00:05.420000,0 days 02:01:45.770000,11571.706468523453,329.92039798460434,8,100.0,False,0,494.68237936846543,0.08612660303907159
2024-09-01 14:09:29.874,OnTrack,-931.1081578291439,4440.471875854567,1897.584062555512,car,0 days 00:00:05.605000,0 days 02:01:45.955000,11603.0,329.0,8,100.0,False,0,511.58777777777783,0.0890699149473611
2024-09-01 14:09:30.089,OnTrack,-915.0,4623.0,1898.0,pos,0 days 00:00:05.820000,0 days 02:01:46.170000,11722.1458688,329.0,8,100.0,False,0,531.2387990622163,0.09249125312325869
2024-09-01 14:09:30.114,OnTrack,-912.9777617452141,4646.550020360034,1898.1033109140621,car,0 days 00:00:05.845000,0 days 02:01:46.195000,11736.0,329.0,8,100.0,False,0,533.521111111111,0.09288861472748117
2024-09-01 14:09:30.314,OnTrack,-895.8596414991035,4849.998792511596,1899.3086525298745,car,0 days 00:00:06.045000,0 days 02:01:46.395000,11622.0,328.0,8,100.0,False,0,551.7433333333333,0.09606119205240364
2024-09-01 14:09:30.449,OnTrack,-886.0,4967.0,1900.0,pos,0 days 00:00:06.180000,0 days 02:01:46.530000,11566.64997376,327.32499968,8,100.0,False,0,563.9955150038181,0.09819435634348593
2024-09-01 14:09:30.714,OnTrack,-873.4605372704578,5109.883329304832,1900.4632277643275,car,0 days 00:00:06.445000,0 days 02:01:46.795000,11458.0,326.0,8,100.0,False,0,587.9655555555556,0.10236765673487146
2024-09-01 14:09:30.849,OnTrack,-864.0,5219.0,1901.0,pos,0 days 00:00:06.580000,0 days 02:01:46.930000,11428.29998592,325.32499968,8,100.0,False,0,600.1635078650324,0.1044913794310165
2024-09-01 14:09:30.914,OnTrack,-857.6851469277021,5292.837472927973,1901.4487278574084,car,0 days 00:00:06.645000,0 days 02:01:46.995000,11414.0,325.0,8,100.0,False,0,606.0211111111112,0.10551121658426109
2024-09-01 14:09:31.089,OnTrack,-838.0,5524.0,1903.0,pos,0 days 00:00:06.820000,0 days 02:01:47.170000,11374.6249856,323.24999936,8,100.0,False,0,621.725358940412,0.10824540234715024
2024-09-01 14:09:31.114,OnTrack,-835.4632334580746,5553.654265109413,1903.2086397617863,car,0 days 00:00:06.845000,0 days 02:01:47.195000,11369.0,323.0,8,100.0,False,0,623.9655555555556,0.10863543144996217
2024-09-01 14:09:31.474,OnTrack,-807.5104695315163,5876.524821370904,1905.5971732562857,car,0 days 00:00:07.205000,0 days 02:01:47.555000,11296.0,322.0,8,100.0,False,0,656.1655555555557,0.11424160772290443
2024-09-01 14:09:31.569,OnTrack,-801.0,5952.0,1906.0,pos,0 days 00:00:07.300000,0 days 02:01:47.650000,11290.910710857142,321.3214281142857,8,100.0,False,0,664.6204118581909,0.11571363923827616
2024-09-01 14:09:31.754,OnTrack,-788.2787137435971,6100.917362951953,1906.491002158159,car,0 days 00:00:07.485000,0 days 02:01:47.835000,11281.0,320.0,8,100.0,False,0,681.0544444444446,0.11857488406913998
2024-09-01 14:09:31.914,OnTrack,-777.0687633468286,6234.176757598035,1906.9401732936174,car,0 days 00:00:07.645000,0 days 02:01:47.995000,11374.0,320.0,8,100.0,False,0,695.2766666666668,0.12105104198127457
2024-09-01 14:09:31.929,OnTrack,-776.0,6247.0,1907.0,pos,0 days 00:00:07.660000,0 days 02:01:48.010000,11360.34994176,319.92499968,8,100.0,False,0,696.6083178996496,0.1212828889237026
2024-09-01 14:09:32.109,OnTrack,-763.0,6404.0,1908.0,pos,0 days 00:00:07.840000,0 days 02:01:48.190000,11196.54994176,319.02499968,8,100.0,False,0,712.5566284572399,0.12405956719207145
2024-09-01 14:09:32.114,OnTrack,-762.6380965073068,6408.36569254364,1908.0379252177129,car,0 days 00:00:07.845000,0 days 02:01:48.195000,11192.0,319.0,8,100.0,False,0,712.998888888889,0.12413656687959855
2024-09-01 14:09:32.370,OnTrack,-744.0,6631.0,1910.0,pos,0 days 00:00:08.101000,0 days 02:01:48.451000,11192.64,317.72,8,100.0,False,0,735.5890751748435,0.12806962794660673
2024-09-01 14:09:32.450,OnTrack,-738.0,6701.0,1910.0,pos,0 days 00:00:08.181000,0 days 02:01:48.531000,11192.84,317.32,8,100.0,False,0,742.6152960187576,0.12929292709516585
2024-09-01 14:09:32.514,OnTrack,-733.2424601226754,6755.313481268731,1910.1319829656131,car,0 days 00:00:08.245000,0 days 02:01:48.595000,11193.0,317.0,8,100.0,False,0,748.2211111111113,0.13026892670886941
2024-09-01 14:09:32.670,OnTrack,-721.0,6894.0,1911.0,pos,0 days 00:00:08.401000,0 days 02:01:48.751000,10987.599662933333,314.39999573333336,8,34.99989333333333,False,0,761.8256865502174,0.132637549318502
2024-09-01 14:09:32.754,OnTrack,-713.160451352466,6986.009574731511,1911.5742949076434,car,0 days 00:00:08.485000,0 days 02:01:48.835000,10877.0,313.0,8,0.0,False,0,769.087777777778,0.1339019146455794
2024-09-01 14:09:32.990,OnTrack,-692.0,7242.0,1913.0,pos,0 days 00:00:08.721000,0 days 02:01:49.071000,10277.166016,302.1833216,8,0.0,False,0,788.904001357383,0.13735201534282473
2024-09-01 14:09:32.994,OnTrack,-691.774981556199,7244.790421197535,1913.0110515995852,car,0 days 00:00:08.725000,0 days 02:01:49.075000,10267.0,302.0,8,0.0,True,0,789.2211111111113,0.13740722568994493
2024-09-01 14:09:33.230,OnTrack,-684.0,7345.0,1913.0,pos,0 days 00:00:08.961000,0 days 02:01:49.311000,9810.170933028572,268.2856777142857,8,0.0,True,0,806.598398637375,0.14043269578366652
2024-09-01 14:09:33.274,OnTrack,-682.0304669278758,7369.7172720990175,1912.9584790405638,car,0 days 00:00:09.005000,0 days 02:01:49.355000,9725.0,262.0,8,0.0,True,0,809.5988888888891,0.1409550956984253
2024-09-01 14:09:33.450,OnTrack,-672.0,7493.0,1913.0,pos,0 days 00:00:09.181000,0 days 02:01:49.531000,9927.4,239.37142857142857,8,0.0,True,0,820.9389152802429,0.14292944932854165
2024-09-01 14:09:33.554,OnTrack,-666.6292532886248,7557.937738825927,1913.4804672266205,car,0 days 00:00:09.285000,0 days 02:01:49.635000,10047.0,226.0,8,0.0,True,0,827.1766666666668,0.14401547211795415
2024-09-01 14:09:33.714,OnTrack,-658.9812757982495,7647.57582192631,1914.6639601478973,car,0 days 00:00:09.445000,0 days 02:01:49.795000,10019.0,203.0,8,0.0,True,0,836.1988888888891,0.14558628479346453
2024-09-01 14:09:33.770,OnTrack,-656.0,7681.0,1915.0,pos,0 days 00:00:09.501000,0 days 02:01:49.851000,10097.633333333333,200.2,8,0.0,True,0,839.270358949103,0.14612104263739695
2024-09-01 14:09:33.954,OnTrack,-645.0842877502772,7798.282995460919,1915.7429377544306,car,0 days 00:00:09.685000,0 days 02:01:50.035000,10356.0,191.0,8,0.0,True,0,848.9322222222224,0.14780321992417256
2024-09-01 14:09:34.030,OnTrack,-641.0,7840.0,1916.0,pos,0 days 00:00:09.761000,0 days 02:01:50.111000,10495.017134933334,182.13330346666666,8,0.0,True,0,852.5733862817481,0.14843716425822231
2024-09-01 14:09:34.194,OnTrack,-634.1534886984,7904.427254612796,1916.5909975573381,car,0 days 00:00:09.925000,0 days 02:01:50.275000,10795.0,163.0,6,0.0,True,0,859.7988888888891,0.1496951593289129
2024-09-01 14:09:34.354,OnTrack,-627.1863839397905,7951.786024501769,1916.9834613347139,car,0 days 00:00:10.085000,0 days 02:01:50.435000,10053.0,145.0,4,0.0,True,0,866.2433333333336,0.1508171683828489
2024-09-01 14:09:34.390,OnTrack,-625.0,7964.0,1917.0,pos,0 days 00:00:10.121000,0 days 02:01:50.471000,10068.750112,142.8624848,4,0.0,True,0,867.6055170871234,0.15105433118532977
2024-09-01 14:09:34.490,OnTrack,-618.0,8000.0,1917.0,pos,0 days 00:00:10.221000,0 days 02:01:50.571000,10112.5,136.925,4,0.0,True,0,871.2156769245782,0.1516828775338474
2024-09-01 14:09:34.674,OnTrack,-603.8231232025635,8061.334960907182,1917.9351582183454,car,0 days 00:00:10.405000,0 days 02:01:50.755000,10193.0,126.0,3,0.0,True,0,877.4433333333336,0.1527671427386549
2024-09-01 14:09:34.690,OnTrack,-602.0,8067.0,1918.0,pos,0 days 00:00:10.421000,0 days 02:01:50.771000,10123.8,125.1,3,0.0,True,0,877.9750371075017,0.1528597149462007
2024-09-01 14:09:34.834,OnTrack,-579.5517340845149,8122.838881044216,1918.1869460621247,car,0 days 00:00:10.565000,0 days 02:01:50.915000,9501.0,117.0,2,0.0,True,0,882.6433333333337,0.1536724879752791
2024-09-01 14:09:35.030,OnTrack,-545.0,8193.0,1918.0,pos,0 days 00:00:10.761000,0 days 02:01:51.111000,8930.56210980654,107.16486396218174,2,0.0,True,0,888.3505052836064,0.15466613430985118
2024-09-01 14:09:35.113,OnTrack,-534.9599799145342,8211.856598421158,1918.0807403990943,car,0 days 00:00:10.844000,0 days 02:01:51.194000,8689.0,103.0,2,0.0,True,0,890.6258333333336,0.15506227996592387
2024-09-01 14:09:35.410,OnTrack,-497.0,8250.0,1919.0,pos,0 days 00:00:11.141000,0 days 02:01:51.491000,7925.050164622222,94.75000177777778,2,0.0,True,0,898.3648058487274,0.15640967263961186
2024-09-01 14:09:35.473,OnTrack,-479.5163666842551,8261.027738879062,1919.2557602160546,car,0 days 00:00:11.204000,0 days 02:01:51.554000,7763.0,93.0,2,0.0,True,0,899.9258333333336,0.15668145510065565
2024-09-01 14:09:35.670,OnTrack,-415.0,8297.0,1920.0,pos,0 days 00:00:11.401000,0 days 02:01:51.751000,7222.070306133333,87.25416106666667,2,0.0,True,0,904.643858798995,0.15750288623173414
2024-09-01 14:09:35.713,OnTrack,-404.2940481899503,8302.036623516546,1920.093337639792,car,0 days 00:00:11.444000,0 days 02:01:51.794000,7104.0,86.0,2,0.0,True,0,905.6591666666669,0.1576796562589849
2024-09-01 14:09:35.873,OnTrack,-377.86870916587594,8310.298946428324,1920.1930362963658,car,0 days 00:00:11.604000,0 days 02:01:51.954000,7158.0,84.0,2,0.0,False,0,909.3925000000003,0.15832964771092023
2024-09-01 14:09:36.073,OnTrack,-354.32325755287826,8311.686431245775,1920.0174608763036,car,0 days 00:00:11.804000,0 days 02:01:52.154000,6770.0,79.0,2,0.0,False,0,913.7813888888892,0.15909377456661802
2024-09-01 14:09:36.089,OnTrack,-352.0,8312.0,1920.0,pos,0 days 00:00:11.820000,0 days 02:01:52.170000,6766.384519061934,78.960049934386,2,0.0,False,0,914.1281159606049,0.1591541414325385
2024-09-01 14:09:36.829,OnTrack,-208.0,8364.0,1920.0,pos,0 days 00:00:12.560000,0 days 02:01:52.910000,6599.168525676387,77.11235939973908,2,0.0,False,0,929.9782695018133,0.16191373008797993
2024-09-01 14:09:36.874,OnTrack,-201.61617984931053,8370.132918798068,1920.2329006090904,car,0 days 00:00:12.605000,0 days 02:01:52.955000,6589.0,77.0,2,0.0,False,0,930.9138888888892,0.162076625964015
2024-09-01 14:09:37.029,OnTrack,-183.0,8394.0,1921.0,pos,0 days 00:00:12.760000,0 days 02:01:53.110000,6278.999872,74.78571337142857,2,0.0,False,0,934.1041328959166,0.162632062928521
2024-09-01 14:09:37.154,OnTrack,-170.60613433759843,8416.021762893877,1920.9672796078814,car,0 days 00:00:12.885000,0 days 02:01:53.235000,6029.0,73.0,2,0.0,False,0,936.591666666667,0.1630651546305
2024-09-01 14:09:37.209,OnTrack,-166.0,8426.0,1921.0,pos,0 days 00:00:12.940000,0 days 02:01:53.290000,6047.375021381818,72.12499898181818,2,0.37500043636363634,False,0,937.6505986647812,0.16324951983057726
2024-09-01 14:09:37.449,OnTrack,-152.0,8470.0,1922.0,pos,0 days 00:00:13.180000,0 days 02:01:53.530000,6127.5568395636365,68.30681716363637,2,2.0113640727272726,False,0,942.0406251141511,0.16401384474107558
2024-09-01 14:09:37.594,OnTrack,-146.89353648176987,8498.001306291746,1921.9458954936524,car,0 days 00:00:13.325000,0 days 02:01:53.675000,6176.0,66.0,2,3.0,False,0,944.6583333333336,0.16446960044628883
2024-09-01 14:09:37.669,OnTrack,-145.0,8512.0,1922.0,pos,0 days 00:00:13.400000,0 days 02:01:53.750000,6147.49997568,66.0,2,7.87500416,False,0,946.0225984627007,0.16470712562635903
2024-09-01 14:09:37.794,OnTrack,-142.84248661387159,8533.727800109998,1922.5675987127224,car,0 days 00:00:13.525000,0 days 02:01:53.875000,6100.0,66.0,2,16.0,False,0,948.3250000000003,0.16510798490801104
2024-09-01 14:09:37.889,OnTrack,-142.0,8553.0,1923.0,pos,0 days 00:00:13.620000,0 days 02:01:53.970000,6261.8959424,67.1875008,2,19.958336,False,0,950.1145173986822,0.16541954857200197
2024-09-01 14:09:38.034,OnTrack,-141.99131007102596,8592.44347027213,1923.1327634109662,car,0 days 00:00:13.765000,0 days 02:01:54.115000,6509.0,69.0,2,26.0,False,0,952.9250000000003,0.16590886723271708
2024-09-01 14:09:38.169,OnTrack,-143.0,8627.0,1923.0,pos,0 days 00:00:13.900000,0 days 02:01:54.250000,6703.062592,71.02500096,2,29.3750016,False,0,955.6455725828908,0.16638253212287293
2024-09-01 14:09:38.434,OnTrack,-147.12099655123137,8662.656683894153,1922.9432207572586,car,0 days 00:00:14.165000,0 days 02:01:54.515000,7084.0,75.0,2,36.0,False,0,961.2583333333337,0.16735974100935846
2024-09-01 14:09:38.469,OnTrack,-148.0,8668.0,1923.0,pos,0 days 00:00:14.200000,0 days 02:01:54.550000,7168.52515456,75.8750016,2,37.05000192,False,0,962.0235779112356,0.16749297380425385
2024-09-01 14:09:38.634,OnTrack,-153.40121509239506,8700.876565244942,1923.5304506801872,car,0 days 00:00:14.365000,0 days 02:01:54.715000,7567.0,80.0,2,42.0,False,0,965.7027777777781,0.1681335403569005
2024-09-01 14:09:38.749,OnTrack,-159.0,8730.0,1924.0,pos,0 days 00:00:14.480000,0 days 02:01:54.830000,7929.6095768,81.796876,2,46.3125024,False,0,968.3316878238679,0.168591246354543
2024-09-01 14:09:38.954,OnTrack,-173.3210013120398,8791.441052653114,1924.7772895588098,car,0 days 00:00:14.685000,0 days 02:01:55.035000,8576.0,85.0,2,54.0,False,0,973.2583333333337,0.16944899924772203
2024-09-01 14:09:39.050,OnTrack,-180.0,8818.0,1925.0,pos,0 days 00:00:14.781000,0 days 02:01:55.131000,9096.8,90.28,2,58.32,False,0,975.743146940476,0.16988161735601534
2024-09-01 14:09:39.154,OnTrack,-186.34382069644715,8842.297046681597,1925.087868804373,car,0 days 00:00:14.885000,0 days 02:01:55.235000,9661.0,96.0,2,63.0,False,0,978.591666666667,0.1703775584647725
2024-09-01 14:09:39.370,OnTrack,-199.0,8889.0,1925.0,pos,0 days 00:00:15.101000,0 days 02:01:55.451000,10299.742857142857,106.02857142857142,2,74.57142857142857,False,0,985.0781089405082,0.1715068795446302
2024-09-01 14:09:39.434,OnTrack,-203.60374636810715,8906.35688743387,1925.0006929098367,car,0 days 00:00:15.165000,0 days 02:01:55.515000,10489.0,109.0,2,78.0,False,0,987.0694444444448,0.17185358072020898
2024-09-01 14:09:39.594,OnTrack,-216.63332454501818,8955.840793534575,1925.0086026121753,car,0 days 00:00:15.325000,0 days 02:01:55.675000,11577.0,114.0,2,82.0,False,0,992.1361111111115,0.17273571197640694
2024-09-01 14:09:39.610,OnTrack,-218.0,8961.0,1925.0,pos,0 days 00:00:15.341000,0 days 02:01:55.691000,11637.88,114.72,2,82.48,False,0,992.658948858971,0.17282674056574385
2024-09-01 14:09:39.790,OnTrack,-234.0,9021.0,1925.0,pos,0 days 00:00:15.521000,0 days 02:01:55.871000,12322.78097408,122.82001152,2,87.88000768,False,0,998.8249429339403,0.17390027005897973
2024-09-01 14:09:39.794,OnTrack,-234.36661272917186,9022.371928258364,1925.0133875592085,car,0 days 00:00:15.525000,0 days 02:01:55.875000,12338.0,123.0,2,88.0,False,0,998.9694444444448,0.17392542847325285
2024-09-01 14:09:39.970,OnTrack,-251.0,9085.0,1926.0,pos,0 days 00:00:15.701000,0 days 02:01:56.051000,11352.4,134.73333333333335,2,96.8,False,0,1005.6665875761956,0.1750914335950454
2024-09-01 14:09:40.034,OnTrack,-257.3602120267457,9109.557844842288,1926.1128651578288,car,0 days 00:00:15.765000,0 days 02:01:56.115000,10994.0,139.0,2,100.0,False,0,1008.2361111111114,0.17553880011287806
2024-09-01 14:09:40.150,OnTrack,-269.0,9155.0,1926.0,pos,0 days 00:00:15.881000,0 days 02:01:56.231000,11038.4667648,144.15556693333335,2,100.0,False,0,1013.0509839115327,0.17637709283495745
2024-09-01 14:09:40.370,OnTrack,-292.0,9246.0,1926.0,pos,0 days 00:00:16.101000,0 days 02:01:56.451000,11122.8,153.93333333333334,2,100.0,False,0,1022.6611693709517,0.1780502727635652
2024-09-01 14:09:40.394,OnTrack,-295.28078110169804,9259.59586587797,1926.0936625450915,car,0 days 00:00:16.125000,0 days 02:01:56.475000,11132.0,155.0,3,100.0,False,0,1023.7361111111114,0.178237425337431
2024-09-01 14:09:40.594,OnTrack,-328.41795170270245,9401.032957295061,1927.5854578516783,car,0 days 00:00:16.325000,0 days 02:01:56.675000,10531.0,165.0,3,100.0,False,0,1032.902777777778,0.1798333864917365
2024-09-01 14:09:40.670,OnTrack,-339.0,9447.0,1928.0,pos,0 days 00:00:16.401000,0 days 02:01:56.751000,10770.02080512,168.42001152,3,100.0,False,0,1036.5048891399022,0.18046053156163822
2024-09-01 14:09:40.794,OnTrack,-351.16661404943807,9500.727781789976,1928.2165786950545,car,0 days 00:00:16.525000,0 days 02:01:56.875000,11160.0,174.0,4,100.0,False,0,1042.5694444444448,0.1815164000726405
2024-09-01 14:09:41.090,OnTrack,-368.0,9588.0,1928.0,pos,0 days 00:00:16.821000,0 days 02:01:57.171000,11768.444444444445,187.9777777777778,4,100.0,False,0,1058.1787823463933,0.18423406155656105
2024-09-01 14:09:41.154,OnTrack,-373.39333932303884,9619.02502508524,1928.2899431490905,car,0 days 00:00:16.885000,0 days 02:01:57.235000,11900.0,191.0,4,100.0,False,0,1061.6694444444447,0.1848418027687025
2024-09-01 14:09:41.270,OnTrack,-384.0,9683.0,1929.0,pos,0 days 00:00:17.001000,0 days 02:01:57.351000,11628.8494016,196.0750112,4,100.0,False,0,1068.0503920152664,0.18595275670877792
2024-09-01 14:09:41.314,OnTrack,-387.70467216440915,9707.1592229195,1929.2453435554735,car,0 days 00:00:17.045000,0 days 02:01:57.395000,11526.0,198.0,4,100.0,False,0,1070.4694444444447,0.18637392547683576
2024-09-01 14:09:41.474,OnTrack,-399.60913998254443,9794.740147758357,1929.9316613433873,car,0 days 00:00:17.205000,0 days 02:01:57.555000,10589.0,198.0,4,100.0,False,0,1079.2694444444446,0.18790604818496903
2024-09-01 14:09:41.510,OnTrack,-402.0,9815.0,1930.0,pos,0 days 00:00:17.241000,0 days 02:01:57.591000,10624.1002496,199.41429577142858,4,100.0,False,0,1081.2912020471845,0.18825804599559393
2024-09-01 14:09:41.750,OnTrack,-415.0,9953.0,1930.0,pos,0 days 00:00:17.481000,0 days 02:01:57.831000,10858.1002496,208.8428672,4,100.0,False,0,1095.2844315482605,0.19069433516363019
2024-09-01 14:09:41.754,OnTrack,-415.1593170143481,9955.196432679491,1930.010472796647,car,0 days 00:00:17.485000,0 days 02:01:57.835000,10862.0,209.0,5,100.0,False,0,1095.525,0.19073621929860413
2024-09-01 14:09:41.950,OnTrack,-421.0,10072.0,1931.0,pos,0 days 00:00:17.681000,0 days 02:01:58.031000,11210.217527286175,216.3653531035854,5,100.0,False,0,1107.6062673724025,0.19283962658090953
2024-09-01 14:09:42.230,OnTrack,-427.0,10335.0,1932.0,pos,0 days 00:00:17.961000,0 days 02:01:58.311000,11707.670487960519,226.88727236579243,5,100.0,False,0,1125.5350097094954,0.19596110763351526
2024-09-01 14:09:42.233,OnTrack,-427.03384860674157,10336.648607468716,1932.0114263107685,car,0 days 00:00:17.964000,0 days 02:01:58.314000,11713.0,227.0,5,100.0,False,0,1125.7286111111114,0.19599481457712234
2024-09-01 14:09:42.469,OnTrack,-427.0,10399.0,1933.0,pos,0 days 00:00:18.200000,0 days 02:01:58.550000,11111.2,232.9,5,100.0,False,0,1141.0676222273637,0.19866541085570405
2024-09-01 14:09:42.553,OnTrack,-425.5760667905115,10455.617369799402,1933.279467296527,car,0 days 00:00:18.284000,0 days 02:01:58.634000,10897.0,235.0,5,100.0,False,0,1146.6175000000003,0.19963167151057004
2024-09-01 14:09:42.829,OnTrack,-418.0,10733.0,1934.0,pos,0 days 00:00:18.560000,0 days 02:01:58.910000,11017.257142857143,242.8857142857143,5,100.0,False,0,1165.244125058814,0.2028746573319897
2024-09-01 14:09:42.833,OnTrack,-417.90489852272555,10735.867568752748,1934.0121395470255,car,0 days 00:00:18.564000,0 days 02:01:58.914000,11019.0,243.0,6,100.0,False,0,1165.5175000000002,0.20292225323599264
2024-09-01 14:09:43.034,OnTrack,-413.9779178691269,10821.854242873695,1934.70824452875,car,0 days 00:00:18.765000,0 days 02:01:59.115000,11148.0,248.0,6,100.0,False,0,1179.364166666667,0.20533302510325996
2024-09-01 14:09:43.189,OnTrack,-409.0,10886.0,1935.0,pos,0 days 00:00:18.920000,0 days 02:01:59.270000,11287.5000576,251.10000128,6,100.0,False,0,1190.1915041314837,0.20721811710308588
2024-09-01 14:09:43.234,OnTrack,-406.84147249500757,10913.94812493573,1934.9986411521772,car,0 days 00:00:18.965000,0 days 02:01:59.315000,11328.0,252.0,6,100.0,False,0,1193.364166666667,0.20777049304801745
2024-09-01 14:09:43.369,OnTrack,-399.0,11012.0,1935.0,pos,0 days 00:00:19.100000,0 days 02:01:59.450000,11446.125056,254.70000128,6,100.0,False,0,1202.9616231540822,0.20944145680082316
2024-09-01 14:09:43.434,OnTrack,-395.02564373023785,11056.39300145932,1935.229377636721,car,0 days 00:00:19.165000,0 days 02:01:59.515000,11503.0,256.0,6,100.0,False,0,1207.5863888888891,0.21024665096015205
2024-09-01 14:09:43.589,OnTrack,-383.0,11169.0,1936.0,pos,0 days 00:00:19.320000,0 days 02:01:59.670000,11503.0,256.0,6,100.0,False,0,1218.6052082702324,0.21216508089094469
2024-09-01 14:09:43.594,OnTrack,-382.4701990549176,11173.446424973157,1936.0132876268901,car,0 days 00:00:19.325000,0 days 02:01:59.675000,11503.0,256.0,6,100.0,False,0,1218.9641666666669,0.21222757728985972
2024-09-01 14:09:43.809,OnTrack,-355.0,11386.0,1936.0,pos,0 days 00:00:19.540000,0 days 02:01:59.890000,11256.64576,262.2708352,6,100.0,False,0,1234.657331467772,0.2149598334437519
2024-09-01 14:09:43.834,OnTrack,-352.36957070533055,11404.903337117048,1935.988362304093,car,0 days 00:00:19.565000,0 days 02:01:59.915000,11228.0,263.0,6,100.0,False,0,1236.4975000000004,0.21528021571591321
2024-09-01 14:09:44.089,OnTrack,-331.0,11532.0,1936.0,pos,0 days 00:00:19.820000,0 days 02:02:00.170000,10867.0155344,266.1875008,6,100.0,False,0,1255.3643887143426,0.2185650326058072
2024-09-01 14:09:44.154,OnTrack,-323.07774618887345,11571.730606605384,1936.0070804136612,car,0 days 00:00:19.885000,0 days 02:02:00.235000,10775.0,267.0,7,100.0,False,0,1260.2308333333337,0.2194123042317878
2024-09-01 14:09:44.314,OnTrack,-297.4865187375151,11693.44312142425,1936.0141173233708,car,0 days 00:00:20.045000,0 days 02:02:00.395000,10865.0,272.0,7,100.0,False,0,1272.3197222222227,0.22151703845710224
2024-09-01 14:09:44.449,OnTrack,-272.0,11797.0,1936.0,pos,0 days 00:00:20.180000,0 days 02:02:00.530000,10882.55000832,273.35000064,7,100.0,False,0,1282.5713289585372,0.22330189294296127
2024-09-01 14:09:44.489,OnTrack,-264.0,11826.0,1936.0,pos,0 days 00:00:20.220000,0 days 02:02:00.570000,10887.75000832,273.75000064,7,100.0,False,0,1285.6264324925355,0.2238338012952496
2024-09-01 14:09:44.514,OnTrack,-258.97587188632497,11843.940864323169,1936.0277136397958,car,0 days 00:00:20.245000,0 days 02:02:00.595000,10891.0,274.0,7,100.0,False,0,1287.5419444444449,0.2241673012224338
2024-09-01 14:09:44.754,OnTrack,-206.13268871293334,12018.780237237681,1936.9922172463187,car,0 days 00:00:20.485000,0 days 02:02:00.835000,11185.0,279.0,7,100.0,False,0,1306.1419444444448,0.22740565149189731
2024-09-01 14:09:44.789,OnTrack,-196.0,12048.0,1937.0,pos,0 days 00:00:20.520000,0 days 02:02:00.870000,11185.0,279.6562512,7,100.0,False,0,1308.8764336717736,0.2278817393373901
2024-09-01 14:09:44.914,OnTrack,-153.23889695919726,12163.03868044637,1936.5403494529432,car,0 days 00:00:20.645000,0 days 02:02:00.995000,11185.0,282.0,7,100.0,False,0,1318.675277777778,0.22958776565196592
2024-09-01 14:09:45.049,OnTrack,-106.0,12281.0,1936.0,pos,0 days 00:00:20.780000,0 days 02:02:01.130000,11246.875029333334,283.1250005333333,7,100.0,False,0,1329.2999278862817,0.23143756879937605
2024-09-01 14:09:45.154,OnTrack,-76.58982140085571,12348.915685109438,1936.1747249103141,car,0 days 00:00:20.885000,0 days 02:02:01.235000,11295.0,284.0,7,100.0,False,0,1337.6086111111115,0.23288415087249512
2024-09-01 14:09:45.349,OnTrack,-25.0,12454.0,1937.0,pos,0 days 00:00:21.080000,0 days 02:02:01.430000,11390.55003136,286.92500096,7,100.0,False,0,1353.1538235258827,0.2355906477978845
2024-09-01 14:09:45.354,OnTrack,-23.37794530768603,12457.19480648687,1937.0076178435284,car,0 days 00:00:21.085000,0 days 02:02:01.435000,11393.0,287.0,7,100.0,False,0,1353.5530555555558,0.23566015603180226
2024-09-01 14:09:45.510,OnTrack,34.0,12567.0,1937.0,pos,0 days 00:00:21.241000,0 days 02:02:01.591000,11422.64004864,287.78000128,7,100.0,False,0,1366.019674278985,0.2378306548545074
2024-09-01 14:09:45.554,OnTrack,51.37060992639502,12598.151843945729,1937.0227951288696,car,0 days 00:00:21.285000,0 days 02:02:01.635000,11431.0,288.0,7,100.0,False,0,1369.5530555555558,0.2384458336829537
2024-09-01 14:09:45.750,OnTrack,133.0,12733.0,1937.0,pos,0 days 00:00:21.481000,0 days 02:02:01.831000,11507.5626,290.4500032,7,100.0,False,0,1385.4227500078325,0.241208824505848
2024-09-01 14:09:45.874,OnTrack,188.18303242946462,12816.63601952125,1936.204441241395,car,0 days 00:00:21.605000,0 days 02:02:01.955000,11556.0,292.0,7,100.0,False,0,1395.5086111111113,0.24296482187259932
2024-09-01 14:09:45.930,OnTrack,214.0,12854.0,1936.0,pos,0 days 00:00:21.661000,0 days 02:02:02.011000,11360.0,292.35,7,100.0,False,0,1400.0634668925413,0.24375784436975853
2024-09-01 14:09:46.034,OnTrack,263.4221842817434,12922.673467433193,1936.2527236106803,car,0 days 00:00:21.765000,0 days 02:02:02.115000,10996.0,293.0,7,100.0,False,0,1408.5308333333335,0.24523205396089756
2024-09-01 14:09:46.150,OnTrack,321.0,12998.0,1937.0,pos,0 days 00:00:21.881000,0 days 02:02:02.231000,10768.832832,293.9666688,7,100.0,False,0,1418.007904176336,0.24688205798875576
2024-09-01 14:09:46.274,OnTrack,385.6538117123469,13076.807344544726,1937.688246218682,car,0 days 00:00:22.005000,0 days 02:02:02.355000,10526.0,295.0,8,100.0,False,0,1428.1975000000002,0.2486561160737712
2024-09-01 14:09:46.370,OnTrack,438.0,13136.0,1938.0,pos,0 days 00:00:22.101000,0 days 02:02:02.451000,10589.2,296.6,8,100.0,False,0,1436.1431218102327,0.25003948739260035
2024-09-01 14:09:46.510,OnTrack,518.0,13219.0,1938.0,pos,0 days 00:00:22.241000,0 days 02:02:02.591000,10681.3668352,298.9333376,8,100.0,False,0,1447.7972543569094,0.2520685284287774
2024-09-01 14:09:46.514,OnTrack,520.3470107563094,13221.333719820726,1937.9970651405192,car,0 days 00:00:22.245000,0 days 02:02:02.595000,10684.0,299.0,8,100.0,False,0,1448.1308333333334,0.2521266061474973
2024-09-01 14:09:46.770,OnTrack,677.0,13367.0,1938.0,pos,0 days 00:00:22.501000,0 days 02:02:02.851000,10724.8,300.6,8,100.0,False,0,1469.5359409494572,0.25585333926666776
2024-09-01 14:09:46.834,OnTrack,717.7708484635882,13402.075727664458,1938.259972648414,car,0 days 00:00:22.565000,0 days 02:02:02.915000,10735.0,301.0,8,100.0,False,0,1474.8863888888889,0.25678487821970053
2024-09-01 14:09:46.990,OnTrack,820.0,13485.0,1939.0,pos,0 days 00:00:22.721000,0 days 02:02:03.071000,10726.2249856,301.0,8,100.0,False,0,1487.9285747763095,0.2590555860789974
2024-09-01 14:09:46.994,OnTrack,822.6853911322194,13487.071979730426,1939.0076842012304,car,0 days 00:00:22.725000,0 days 02:02:03.075000,10726.0,301.0,8,100.0,False,0,1488.2641666666666,0.2591140142558021
2024-09-01 14:09:47.150,OnTrack,928.0,13565.0,1939.0,pos,0 days 00:00:22.881000,0 days 02:02:03.231000,10754.600046933334,302.9500032,8,100.0,False,0,1501.4180063924478,0.26140416159023566
2024-09-01 14:09:47.234,OnTrack,981.4686361252042,13603.264085354745,1939.139151205259,car,0 days 00:00:22.965000,0 days 02:02:03.315000,10770.0,304.0,8,100.0,False,0,1508.530833333333,0.2626425392805939
2024-09-01 14:09:47.430,OnTrack,1124.0,13697.0,1940.0,pos,0 days 00:00:23.161000,0 days 02:02:03.511000,10864.3251232,305.2250016,8,100.0,False,0,1525.1680739127003,0.2655391636092672
2024-09-01 14:09:47.554,OnTrack,1256.7831938205027,13775.07183286086,1940.7641777427962,car,0 days 00:00:23.285000,0 days 02:02:03.635000,10924.0,306.0,8,100.0,False,0,1535.730833333333,0.2673781912875513
2024-09-01 14:09:47.590,OnTrack,1292.0,13795.0,1941.0,pos,0 days 00:00:23.321000,0 days 02:02:03.671000,10930.171472457143,306.2571446857143,8,100.0,False,0,1538.8036876469773,0.267913190136724
2024-09-01 14:09:47.750,OnTrack,1413.0,13859.0,1942.0,pos,0 days 00:00:23.481000,0 days 02:02:03.831000,10957.600043885714,307.4000018285714,8,100.0,False,0,1552.4916955966785,0.2702963387513656
2024-09-01 14:09:47.834,OnTrack,1474.4107552773244,13889.163185223551,1942.3326081557932,car,0 days 00:00:23.565000,0 days 02:02:03.915000,10972.0,308.0,8,100.0,False,0,1559.6863888888888,0.27154896977080306
2024-09-01 14:09:48.050,OnTrack,1647.0,13967.0,1943.0,pos,0 days 00:00:23.781000,0 days 02:02:04.131000,10984.342857142858,308.77142857142854,8,100.0,False,0,1578.2076849526277,0.2747736173029978
2024-09-01 14:09:48.114,OnTrack,1704.0717063345564,13990.503590124577,1943.4012821545307,car,0 days 00:00:23.845000,0 days 02:02:04.195000,10988.0,309.0,8,100.0,False,0,1583.7197222222223,0.2757332897426368
2024-09-01 14:09:48.310,OnTrack,1888.0,14060.0,1945.0,pos,0 days 00:00:24.041000,0 days 02:02:04.391000,11029.300053942858,311.10000274285716,8,100.0,False,0,1600.6930190898954,0.2786884231020515
2024-09-01 14:09:48.394,OnTrack,1964.1692012062263,14085.469041839184,1945.6106368984395,car,0 days 00:00:24.125000,0 days 02:02:04.475000,11047.0,312.0,8,100.0,False,0,1607.9863888888888,0.2799582341802164
2024-09-01 14:09:48.713,OnTrack,2255.5134117938874,14163.119074595508,1947.8418737394168,car,0 days 00:00:24.444000,0 days 02:02:04.794000,11169.0,313.0,8,100.0,False,0,1635.7216666666668,0.2847870806460935
2024-09-01 14:09:48.730,OnTrack,2273.0,14167.0,1948.0,pos,0 days 00:00:24.461000,0 days 02:02:04.811000,11167.1937568,313.1062496,8,100.0,False,0,1637.2029842798859,0.2850449852316811
2024-09-01 14:09:48.873,OnTrack,2429.8996175041316,14199.235859420025,1949.5325345247177,car,0 days 00:00:24.604000,0 days 02:02:04.954000,11152.0,314.0,8,100.0,False,0,1649.677222222222,0.2872168105973755
2024-09-01 14:09:49.009,OnTrack,2566.0,14225.0,1951.0,pos,0 days 00:00:24.740000,0 days 02:02:05.090000,11162.2,314.425,8,100.0,False,0,1661.5558844737645,0.28928494334485666
2024-09-01 14:09:49.193,OnTrack,2686.3196669999534,14246.029901748896,1952.51904231226,car,0 days 00:00:24.924000,0 days 02:02:05.274000,11176.0,315.0,8,100.0,False,0,1677.677222222222,0.2920917464868905
2024-09-01 14:09:49.353,OnTrack,2761.268760895506,14256.843748329642,1953.486500950196,car,0 days 00:00:25.084000,0 days 02:02:05.434000,11359.0,317.0,8,100.0,False,0,1691.766111111111,0.2945446904185989
2024-09-01 14:09:49.449,OnTrack,2826.0,14266.0,1954.0,pos,0 days 00:00:25.180000,0 days 02:02:05.530000,11315.580901332687,317.0,8,100.0,False,0,1700.220469177741,0.29601663518866406
2024-09-01 14:09:49.594,OnTrack,2951.7761836283294,14283.576727746944,1954.7027977552384,car,0 days 00:00:25.325000,0 days 02:02:05.675000,11250.0,317.0,8,100.0,False,0,1712.9875,0.29823943721573454
2024-09-01 14:09:49.649,OnTrack,3001.0,14290.0,1955.0,pos,0 days 00:00:25.380000,0 days 02:02:05.730000,11244.041659733333,317.0,8,100.0,False,0,1717.8316435563422,0.29908282611847653
2024-09-01 14:09:49.809,OnTrack,3140.0,14306.0,1956.0,pos,0 days 00:00:25.540000,0 days 02:02:05.890000,11226.7083264,317.0,8,100.0,False,0,1731.9216487166436,0.3015359643984553
2024-09-01 14:09:49.834,OnTrack,3162.9882277325232,14308.418085043186,1956.1498221379059,car,0 days 00:00:25.565000,0 days 02:02:05.915000,11224.0,317.0,8,100.0,False,0,1734.1208333333334,0.3019188531132971
2024-09-01 14:09:50.154,OnTrack,3476.96458184535,14337.877311873523,1957.9051992714394,car,0 days 00:00:25.885000,0 days 02:02:06.235000,11111.0,316.0,8,100.0,False,0,1762.2097222222224,0.3068092649897629
2024-09-01 14:09:50.169,OnTrack,3490.0,14339.0,1958.0,pos,0 days 00:00:25.900000,0 days 02:02:06.250000,11109.01249152,315.96249984,8,100.0,False,0,1763.524452972006,0.30703816599394756
2024-09-01 14:09:50.449,OnTrack,3700.0,14356.0,1960.0,pos,0 days 00:00:26.180000,0 days 02:02:06.530000,11071.91249152,315.26249984,8,100.0,False,0,1788.0376493983717,0.3113060324591483
2024-09-01 14:09:50.554,OnTrack,3777.1578188067897,14362.370174434169,1960.7262765774901,car,0 days 00:00:26.285000,0 days 02:02:06.635000,11058.0,315.0,8,100.0,False,0,1797.2097222222221,0.31290293485165666
2024-09-01 14:09:51.469,OnTrack,4610.0,14428.0,1966.0,pos,0 days 00:00:27.200000,0 days 02:02:07.550000,11073.913044591305,313.01086942608697,8,100.0,False,0,1876.7636423435306,0.32675365843562004
2024-09-01 14:09:51.474,OnTrack,4616.187909400818,14428.373779686404,1966.0280734122923,car,0 days 00:00:27.205000,0 days 02:02:07.555000,11074.0,313.0,8,100.0,False,0,1877.1986111111112,0.3268293886090449
2024-09-01 14:09:51.669,OnTrack,4853.0,14442.0,1967.0,pos,0 days 00:00:27.400000,0 days 02:02:07.750000,11083.26250304,313.0,8,100.0,False,0,1894.173251323332,0.32978475585126493
2024-09-01 14:09:51.874,OnTrack,4987.654896896148,14449.507421274488,1967.1093693683688,car,0 days 00:00:27.605000,0 days 02:02:07.955000,11093.0,313.0,8,100.0,False,0,1911.9763888888888,0.33288436850356157
2024-09-01 14:09:52.009,OnTrack,5078.0,14454.0,1967.0,pos,0 days 00:00:27.740000,0 days 02:02:08.090000,11017.39996416,311.64999936,8,100.0,False,0,1923.6412069635533,0.3349152699420203
2024-09-01 14:09:52.074,OnTrack,5137.7898120229465,14456.834139773022,1966.9780471074623,car,0 days 00:00:27.805000,0 days 02:02:08.155000,10981.0,311.0,8,100.0,False,0,1929.2541666666666,0.33589251346713134
2024-09-01 14:09:52.310,OnTrack,5388.0,14468.0,1967.0,pos,0 days 00:00:28.041000,0 days 02:02:08.391000,10953.4666368,311.0,8,100.0,False,0,1949.6425168218068,0.33944222417782033
2024-09-01 14:09:52.314,OnTrack,5391.380557778113,14468.135768687922,1967.0001985220815,car,0 days 00:00:28.045000,0 days 02:02:08.395000,10953.0,311.0,8,100.0,False,0,1949.9875000000002,0.3395022874234151
2024-09-01 14:09:52.554,OnTrack,5548.550534550076,14473.581450383756,1966.998074195013,car,0 days 00:00:28.285000,0 days 02:02:08.635000,10918.0,310.0,8,100.0,False,0,1970.6541666666667,0.34310045438948567
2024-09-01 14:09:52.570,OnTrack,5560.0,14474.0,1967.0,pos,0 days 00:00:28.301000,0 days 02:02:08.651000,10894.666666666666,309.6666666666667,8,93.33333333333333,False,0,1972.0324674697179,0.34334042324846215
2024-09-01 14:09:52.794,OnTrack,5758.310444899587,14482.04782074122,1967.0643304138912,car,0 days 00:00:28.525000,0 days 02:02:08.875000,10568.0,305.0,8,0.0,True,0,1990.9875000000002,0.34664058640449064
2024-09-01 14:09:52.930,OnTrack,5886.0,14487.0,1967.0,pos,0 days 00:00:28.661000,0 days 02:02:09.011000,10262.0,286.0571428571429,8,0.0,True,0,2001.4429169046366,0.3484609252297854
2024-09-01 14:09:53.074,OnTrack,6011.112671139898,14491.163853341495,1966.7658637042973,car,0 days 00:00:28.805000,0 days 02:02:09.155000,9938.0,266.0,8,0.0,True,0,2011.6763888888888,0.35024262236729886
2024-09-01 14:09:53.234,OnTrack,6137.37419755838,14494.880527501482,1966.3375323067153,car,0 days 00:00:28.965000,0 days 02:02:09.315000,9938.0,240.0,8,0.0,True,0,2022.3430555555556,0.35209974080139983
2024-09-01 14:09:53.350,OnTrack,6219.0,14498.0,1966.0,pos,0 days 00:00:29.081000,0 days 02:02:09.431000,10178.7005312,234.6833216,8,0.0,True,0,2029.948380034782,0.35342386470337084
2024-09-01 14:09:53.474,OnTrack,6296.84578206432,14501.859958229426,1965.6247664871175,car,0 days 00:00:29.205000,0 days 02:02:09.555000,10436.0,229.0,8,0.0,True,0,2037.6097222222224,0.35475774156020684
2024-09-01 14:09:53.770,OnTrack,6438.0,14512.0,1965.0,pos,0 days 00:00:29.501000,0 days 02:02:09.851000,10408.044444444444,187.06666666666666,8,0.0,True,0,2052.468765095682,0.35734477303833795
2024-09-01 14:09:53.834,OnTrack,6458.626471336222,14513.982329754126,1965.0147791202467,car,0 days 00:00:29.565000,0 days 02:02:09.915000,10402.0,178.0,7,0.0,True,0,2055.4097222222226,0.35785680794711283
2024-09-01 14:09:54.074,OnTrack,6519.258469006888,14523.408397772859,1965.124388278557,car,0 days 00:00:29.805000,0 days 02:02:10.155000,10560.0,160.0,5,0.0,True,0,2066.076388888889,0.3597139263812138
2024-09-01 14:09:54.110,OnTrack,6531.0,14526.0,1965.0,pos,0 days 00:00:29.841000,0 days 02:02:10.191000,10421.1740128,157.8624848,5,0.0,True,0,2067.58775890148,0.3599770632353822
2024-09-01 14:09:54.290,OnTrack,6600.0,14543.0,1964.0,pos,0 days 00:00:30.021000,0 days 02:02:10.371000,9727.05,147.175,5,0.0,True,0,2074.7458173812843,0.3612233159561838
2024-09-01 14:09:54.394,OnTrack,6634.624880971896,14552.208171998902,1963.9232433053144,car,0 days 00:00:30.125000,0 days 02:02:10.475000,9326.0,141.0,3,0.0,True,0,2078.6097222222224,0.3618960405412824
2024-09-01 14:09:54.570,OnTrack,6698.0,14575.0,1964.0,pos,0 days 00:00:30.301000,0 days 02:02:10.651000,8927.25,131.1,3,0.0,True,0,2084.722450597069,0.36296029621761794
2024-09-01 14:09:54.714,OnTrack,6773.742672845035,14610.407270686845,1963.0982951234778,car,0 days 00:00:30.445000,0 days 02:02:10.795000,8601.0,123.0,3,0.0,True,0,2089.543055555556,0.3637995869362359
2024-09-01 14:09:54.730,OnTrack,6781.0,14614.0,1963.0,pos,0 days 00:00:30.461000,0 days 02:02:10.811000,8542.3,122.7,3,0.0,True,0,2090.078818468088,0.3638928658594706
2024-09-01 14:09:54.874,OnTrack,6825.851830578802,14638.122936674397,1962.362754875773,car,0 days 00:00:30.605000,0 days 02:02:10.955000,8014.0,120.0,3,0.0,True,0,2094.8763888888893,0.36472814615328636
2024-09-01 14:09:55.154,OnTrack,6852.871364820726,14669.121077082016,1962.0103731384002,car,0 days 00:00:30.885000,0 days 02:02:11.235000,7750.0,114.0,3,0.0,True,0,2103.743055555556,0.3662718758516328
2024-09-01 14:09:55.170,OnTrack,6855.0,14672.0,1962.0,pos,0 days 00:00:30.901000,0 days 02:02:11.251000,7748.53027159512,113.66597081707279,3,0.6012525292689731,True,0,2104.2262425397707,0.3663560010505862
2024-09-01 14:09:55.430,OnTrack,6897.0,14733.0,1962.0,pos,0 days 00:00:31.161000,0 days 02:02:11.511000,7724.64716150017,108.23799125003875,3,10.371615749930255,True,0,2111.7122067457713,0.36765934374970966
2024-09-01 14:09:55.633,OnTrack,6922.64418160483,14788.979227325279,1962.0831798800903,car,0 days 00:00:31.364000,0 days 02:02:11.714000,7706.0,104.0,3,18.0,False,0,2117.580833333334,0.36868110012020505
2024-09-01 14:09:55.649,OnTrack,6926.0,14796.0,1962.0,pos,0 days 00:00:31.380000,0 days 02:02:11.730000,7745.314285714286,104.4,3,19.885714285714286,False,0,2118.0580097487064,0.3687641788499525
2024-09-01 14:09:55.769,OnTrack,6957.0,14858.0,1961.0,pos,0 days 00:00:31.500000,0 days 02:02:11.850000,8040.171428571429,107.4,3,34.028571428571425,False,0,2121.7049453035843,0.3693991280293533
2024-09-01 14:09:55.913,OnTrack,6980.113420823637,14900.292230346937,1960.531336970823,car,0 days 00:00:31.644000,0 days 02:02:11.994000,8394.0,111.0,3,51.0,False,0,2126.214166666667,0.37018420535280544
2024-09-01 14:09:56.149,OnTrack,7011.0,14927.0,1961.0,pos,0 days 00:00:31.880000,0 days 02:02:12.230000,8487.370735126875,114.67601319397147,3,25.267907642199656,False,0,2133.83078325541,0.3715102952658461
2024-09-01 14:09:56.234,OnTrack,7036.086115887805,14947.258972453936,1961.0561865113327,car,0 days 00:00:31.965000,0 days 02:02:12.315000,8521.0,116.0,3,16.0,False,0,2136.5575000000003,0.3719850298843727
2024-09-01 14:09:56.394,OnTrack,7097.115210294941,14995.367040136014,1961.0156852769692,car,0 days 00:00:32.125000,0 days 02:02:12.475000,8564.0,114.0,3,21.0,False,0,2141.624166666667,0.37286716114057067
2024-09-01 14:09:56.449,OnTrack,7116.0,15009.0,1961.0,pos,0 days 00:00:32.180000,0 days 02:02:12.530000,8517.2499456,114.45833386666666,3,24.666670933333332,False,0,2143.379359500659,0.3731727487312652
2024-09-01 14:09:56.634,OnTrack,7167.197327454191,15039.736939015605,1960.9708151138702,car,0 days 00:00:32.365000,0 days 02:02:12.715000,8360.0,116.0,3,37.0,False,0,2149.3575,0.3742135720052938
2024-09-01 14:09:56.834,OnTrack,7211.589346124964,15058.57627651879,1960.9950697950253,car,0 days 00:00:32.565000,0 days 02:02:12.915000,9126.0,118.0,3,60.0,False,0,2155.9130555555557,0.37535492604291837
2024-09-01 14:09:56.849,OnTrack,7215.0,15060.0,1961.0,pos,0 days 00:00:32.580000,0 days 02:02:12.930000,9162.86265728,118.1875008,3,60.67500288,False,0,2156.4093696924147,0.3754413367428558
2024-09-01 14:09:57.129,OnTrack,7285.0,15087.0,1961.0,pos,0 days 00:00:32.860000,0 days 02:02:13.210000,9850.96265728,121.6875008,3,73.27500288,False,0,2165.8452045693116,0.37708416138888873
2024-09-01 14:09:57.234,OnTrack,7319.289364339025,15097.330995691344,1960.7490068038546,car,0 days 00:00:32.965000,0 days 02:02:13.315000,10109.0,123.0,3,78.0,False,0,2169.5797222222222,0.3777343590366102
2024-09-01 14:09:57.394,OnTrack,7378.3593131099315,15112.652515439424,1960.0768771572334,car,0 days 00:00:33.125000,0 days 02:02:13.475000,10783.0,134.0,3,87.0,False,0,2175.535277777778,0.37877125016231655
2024-09-01 14:09:57.409,OnTrack,7384.0,15114.0,1960.0,pos,0 days 00:00:33.140000,0 days 02:02:13.490000,10829.72519936,134.60000256,3,87.67500288,False,0,2176.108485725799,0.3788710484479581
2024-09-01 14:09:57.594,OnTrack,7455.040993984219,15129.709168778409,1959.0392830303936,car,0 days 00:00:33.325000,0 days 02:02:13.675000,11406.0,142.0,3,96.0,False,0,2183.4241666666667,0.3801447440042037
2024-09-01 14:09:57.609,OnTrack,7461.0,15131.0,1959.0,pos,0 days 00:00:33.340000,0 days 02:02:13.690000,11336.687204266667,142.937504,3,96.25000106666667,False,0,2184.0444166399398,0.38025273253474584
2024-09-01 14:09:57.769,OnTrack,7527.0,15145.0,1959.0,pos,0 days 00:00:33.500000,0 days 02:02:13.850000,10597.353870933333,152.937504,3,98.91666773333333,False,0,2190.939221161607,0.3814531514638124
2024-09-01 14:09:57.834,OnTrack,7555.36516092218,15150.323435422542,1959.0446388709229,car,0 days 00:00:33.565000,0 days 02:02:13.915000,10297.0,157.0,3,100.0,False,0,2193.8908333333334,0.38196704146766525
2024-09-01 14:09:57.949,OnTrack,7606.0,15159.0,1959.0,pos,0 days 00:00:33.680000,0 days 02:02:14.030000,10512.145953066667,162.27083626666666,3,100.0,False,0,2199.3297535551333,0.38291398387443176
2024-09-01 14:09:58.309,OnTrack,7774.0,15189.0,1957.0,pos,0 days 00:00:34.040000,0 days 02:02:14.390000,11185.645953066667,178.77083626666666,3,100.0,False,0,2217.5046638990766,0.386078323971732
2024-09-01 14:09:58.314,OnTrack,7777.36044075825,15189.740169091103,1956.9706628856552,car,0 days 00:00:34.045000,0 days 02:02:14.395000,11195.0,179.0,4,100.0,False,0,2217.7574999999997,0.3861223439639661
2024-09-01 14:09:58.474,OnTrack,7900.133463738087,15218.641635350425,1956.1570154488206,car,0 days 00:00:34.205000,0 days 02:02:14.555000,11476.0,183.0,4,100.0,False,0,2225.8908333333334,0.3875383967699681
2024-09-01 14:09:58.529,OnTrack,7937.0,15228.0,1956.0,pos,0 days 00:00:34.260000,0 days 02:02:14.610000,11385.9373952,185.52083626666666,4,100.0,False,0,2228.7828498303397,0.38804191087762263
2024-09-01 14:09:58.714,OnTrack,8019.3156959236885,15252.004688233532,1956.0091329702607,car,0 days 00:00:34.445000,0 days 02:02:14.795000,11083.0,194.0,4,100.0,False,0,2238.8241666666668,0.3897901528713155
2024-09-01 14:09:58.790,OnTrack,8051.0,15262.0,1956.0,pos,0 days 00:00:34.521000,0 days 02:02:14.871000,10791.3490176,195.4250048,4,100.0,False,0,2242.974500356364,0.39051274610907866
2024-09-01 14:09:58.874,OnTrack,8091.365680213121,15274.567947524749,1955.87703915686,car,0 days 00:00:34.605000,0 days 02:02:14.955000,10469.0,197.0,5,100.0,False,0,2247.5797222222222,0.3913145375859734
2024-09-01 14:09:59.074,OnTrack,8203.320037558273,15308.796367634688,1955.210097515516,car,0 days 00:00:34.805000,0 days 02:02:15.155000,10796.0,201.0,5,100.0,False,0,2258.746388888889,0.3932587084466729
2024-09-01 14:09:59.130,OnTrack,8234.0,15318.0,1955.0,pos,0 days 00:00:34.861000,0 days 02:02:15.211000,10883.6,203.6,5,100.0,False,0,2261.9847926946113,0.3938225302658606
2024-09-01 14:09:59.354,OnTrack,8358.221575904961,15355.514058830098,1954.080261692306,car,0 days 00:00:35.085000,0 days 02:02:15.435000,11234.0,214.0,5,100.0,False,0,2275.390833333334,0.39615658700321793
2024-09-01 14:09:59.370,OnTrack,8369.0,15359.0,1954.0,pos,0 days 00:00:35.101000,0 days 02:02:15.451000,11238.96,214.56,5,100.0,False,0,2276.363133969678,0.39632586926277197
2024-09-01 14:09:59.554,OnTrack,8508.289280219635,15406.255887087022,1953.0476882670087,car,0 days 00:00:35.285000,0 days 02:02:15.635000,11296.0,221.0,5,100.0,False,0,2287.668611111111,0.3982942077008028
2024-09-01 14:09:59.570,OnTrack,8519.0,15410.0,1953.0,pos,0 days 00:00:35.301000,0 days 02:02:15.651000,11297.91111111111,221.35555555555555,5,100.0,False,0,2288.6645798388477,0.39846761068993414
2024-09-01 14:09:59.870,OnTrack,8662.0,15463.0,1953.0,pos,0 days 00:00:35.601000,0 days 02:02:15.951000,11333.744475022222,228.02222791111112,5,100.0,False,0,2307.721834308546,0.40178557118171815
2024-09-01 14:09:59.914,OnTrack,8682.800726750627,15471.120361538924,1952.8820709758593,car,0 days 00:00:35.645000,0 days 02:02:15.995000,11339.0,229.0,5,100.0,False,0,2310.5686111111113,0.4022812088390133
2024-09-01 14:10:00.090,OnTrack,8795.0,15515.0,1952.0,pos,0 days 00:00:35.821000,0 days 02:02:16.171000,10820.533333333333,234.13333333333333,5,100.0,False,0,2322.0750202412232,0.40428453051143565
2024-09-01 14:10:00.154,OnTrack,8862.25658548457,15540.924272346329,1951.6338855459744,car,0 days 00:00:35.885000,0 days 02:02:16.235000,10632.0,236.0,5,100.0,False,0,2326.301944444445,0.40502045852931223
2024-09-01 14:10:00.270,OnTrack,8993.0,15591.0,1951.0,pos,0 days 00:00:36.001000,0 days 02:02:16.351000,10643.6000256,238.32000512,5,100.0,False,0,2334.0174323024285,0.4063637624101694
2024-09-01 14:10:00.354,OnTrack,9057.657253798076,15615.516837633026,1950.6412793503441,car,0 days 00:00:36.085000,0 days 02:02:16.435000,10652.0,240.0,6,100.0,False,0,2339.6352777777784,0.40734185657193844
2024-09-01 14:10:00.710,OnTrack,9184.0,15659.0,1950.0,pos,0 days 00:00:36.441000,0 days 02:02:16.791000,10961.5224448,242.9666688,6,100.0,False,0,2363.662715074323,0.4115251500151526
2024-09-01 14:10:00.714,OnTrack,9186.493609248866,15659.839283137815,1949.999383224931,car,0 days 00:00:36.445000,0 days 02:02:16.795000,10965.0,243.0,6,100.0,False,0,2363.9352777777785,0.41157260450462474
2024-09-01 14:10:00.990,OnTrack,9418.0,15738.0,1950.0,pos,0 days 00:00:36.721000,0 days 02:02:17.071000,11111.8715648,246.9428608,6,100.0,False,0,2382.870963076448,0.41486939921373345
2024-09-01 14:10:00.994,OnTrack,9421.269929977349,15739.095336684244,1949.992254043317,car,0 days 00:00:36.725000,0 days 02:02:17.075000,11114.0,247.0,6,100.0,False,0,2383.1463888888893,0.4149173521843752
2024-09-01 14:10:01.194,OnTrack,9565.410120099152,15786.818042622423,1949.1784692040358,car,0 days 00:00:36.925000,0 days 02:02:17.275000,11150.0,249.0,6,100.0,False,0,2396.979722222223,0.4173258026535999
2024-09-01 14:10:01.354,OnTrack,9660.892175422267,15816.942597626035,1948.21462241023,car,0 days 00:00:37.085000,0 days 02:02:17.435000,11150.0,251.0,6,100.0,False,0,2408.135277777779,0.41926803901593057
2024-09-01 14:10:01.390,OnTrack,9681.0,15823.0,1948.0,pos,0 days 00:00:37.121000,0 days 02:02:17.471000,11015.699044977779,248.59998293333334,6,89.99992888888889,False,0,2410.5562053905146,0.4196895342625464
2024-09-01 14:10:01.714,OnTrack,9845.217715910188,15865.414188331231,1945.847663098833,car,0 days 00:00:37.445000,0 days 02:02:17.795000,9807.0,227.0,6,0.0,True,0,2430.8352777777786,0.4232202191835016
2024-09-01 14:10:01.790,OnTrack,9886.0,15872.0,1945.0,pos,0 days 00:00:37.521000,0 days 02:02:17.871000,9829.528647314286,224.01427565714286,6,0.0,True,0,2435.449465757532,0.4240235717043398
2024-09-01 14:10:01.994,OnTrack,10004.847942371302,15882.593237543606,1942.2379910034583,car,0 days 00:00:37.725000,0 days 02:02:18.075000,9890.0,216.0,6,0.0,True,0,2447.6352777777784,0.4261451807172106
2024-09-01 14:10:02.030,OnTrack,10026.0,15883.0,1942.0,pos,0 days 00:00:37.761000,0 days 02:02:18.111000,9971.509980775856,214.18866709386984,6,0.0,True,0,2449.73897155442,0.42651144401336416
2024-09-01 14:10:02.153,OnTrack,10097.230752553807,15880.684122629495,1942.0290764274287,car,0 days 00:00:37.884000,0 days 02:02:18.234000,10250.0,208.0,5,0.0,True,0,2456.8219444444453,0.4277446239685801
2024-09-01 14:10:02.209,OnTrack,10129.0,15878.0,1942.0,pos,0 days 00:00:37.940000,0 days 02:02:18.290000,10142.433333333332,206.36666666666667,5,0.0,True,0,2459.9994245707803,0.4282978386795119
2024-09-01 14:10:02.369,OnTrack,10217.0,15865.0,1941.0,pos,0 days 00:00:38.100000,0 days 02:02:18.450000,9835.1,201.7,5,0.0,True,0,2468.909429985622,0.42984911386424707
2024-09-01 14:10:02.393,OnTrack,10229.759320072211,15862.246602316362,1940.8384437074455,car,0 days 00:00:38.124000,0 days 02:02:18.474000,9789.0,201.0,5,0.0,True,0,2470.221944444445,0.4300776290014193
2024-09-01 14:10:02.529,OnTrack,10300.0,15843.0,1940.0,pos,0 days 00:00:38.260000,0 days 02:02:18.610000,9719.024877682956,196.4854759795455,5,1.692946507670442,True,0,2477.5400834093525,0.43135175251157953
2024-09-01 14:10:02.634,OnTrack,10352.531824023215,15825.102341089721,1939.3161001019414,car,0 days 00:00:38.365000,0 days 02:02:18.715000,9665.0,193.0,5,3.0,True,0,2483.1422222222227,0.43232711206718333
2024-09-01 14:10:02.689,OnTrack,10380.0,15814.0,1939.0,pos,0 days 00:00:38.420000,0 days 02:02:18.770000,9597.89992192,192.72499968,5,4.650001919999999,True,0,2486.0857089139886,0.43283958738554046
2024-09-01 14:10:02.834,OnTrack,10453.327160452565,15777.47252693622,1938.43674418723,car,0 days 00:00:38.565000,0 days 02:02:18.915000,9421.0,192.0,5,9.0,False,0,2493.8088888888897,0.43418423050128435
2024-09-01 14:10:03.049,OnTrack,10558.0,15707.0,1938.0,pos,0 days 00:00:38.780000,0 days 02:02:19.130000,9463.4027904,187.2222208,5,22.1388928,False,0,2504.8521889467747,0.43610692263667244
2024-09-01 14:10:03.194,OnTrack,10619.949701846406,15651.259405011333,1937.680342364214,car,0 days 00:00:38.925000,0 days 02:02:19.275000,9492.0,184.0,5,31.0,False,0,2512.2088888888898,0.43738775980010847
2024-09-01 14:10:03.394,OnTrack,10691.292143763152,15571.855706431928,1937.167489202592,car,0 days 00:00:39.125000,0 days 02:02:19.475000,9533.0,184.0,5,51.0,False,0,2522.431111111112,0.43916749829945523
2024-09-01 14:10:03.449,OnTrack,10707.0,15553.0,1937.0,pos,0 days 00:00:39.180000,0 days 02:02:19.530000,9636.12512,184.5892864,5,60.6250112,False,0,2525.259301989533,0.4396599000571557
2024-09-01 14:10:03.674,OnTrack,10755.712652988408,15485.006626109982,1936.2257317502265,car,0 days 00:00:39.405000,0 days 02:02:19.755000,10058.0,187.0,5,100.0,False,0,2536.975555555556,0.44169975666428657
2024-09-01 14:10:03.769,OnTrack,10779.0,15437.0,1936.0,pos,0 days 00:00:39.500000,0 days 02:02:19.850000,10192.4844656,189.6718768,5,100.0,False,0,2542.054459488616,0.4425840184879534
2024-09-01 14:10:03.994,OnTrack,10847.972624098938,15264.00540405011,1935.9371948799765,car,0 days 00:00:39.725000,0 days 02:02:20.075000,10511.0,196.0,5,100.0,False,0,2554.3977777777786,0.4447330501066515
2024-09-01 14:10:04.029,OnTrack,10856.0,15242.0,1936.0,pos,0 days 00:00:39.760000,0 days 02:02:20.110000,10548.187568,197.1666688,5,100.0,False,0,2556.3528720946256,0.44507344151567235
2024-09-01 14:10:04.234,OnTrack,10877.872012694274,15168.86520579916,1936.7504600345978,car,0 days 00:00:39.965000,0 days 02:02:20.315000,10766.0,204.0,5,100.0,False,0,2567.9977777777785,0.4471008761101302
2024-09-01 14:10:04.349,OnTrack,10885.0,15130.0,1937.0,pos,0 days 00:00:40.080000,0 days 02:02:20.430000,10917.852357236363,206.8750016,5,100.0,False,0,2574.6866648546256,0.44826544381269573
2024-09-01 14:10:04.674,OnTrack,10916.71629891853,14941.31596974158,1936.070655658967,car,0 days 00:00:40.405000,0 days 02:02:20.755000,11347.0,215.0,5,100.0,False,0,2594.2755555555564,0.4516759647524727
2024-09-01 14:10:04.689,OnTrack,10918.0,14932.0,1936.0,pos,0 days 00:00:40.420000,0 days 02:02:20.770000,11340.2382524,215.3164076,5,100.0,False,0,2595.208232801351,0.4518383483874319
2024-09-01 14:10:04.889,OnTrack,10932.0,14810.0,1935.0,pos,0 days 00:00:40.620000,0 days 02:02:20.970000,11250.0820024,219.5351576,5,100.0,False,0,2607.890936330088,0.4540464686234433
2024-09-01 14:10:05.954,OnTrack,10984.210344188847,14121.630803492251,1933.0023155987178,car,0 days 00:00:41.685000,0 days 02:02:22.035000,10770.0,242.0,6,100.0,False,0,2680.320000000001,0.46665672012088705
2024-09-01 14:10:05.970,OnTrack,10985.0,14111.0,1933.0,pos,0 days 00:00:41.701000,0 days 02:02:22.051000,10783.866666666667,242.13333333333333,6,100.0,False,0,2681.406157228567,0.4668458253657153
2024-09-01 14:10:06.130,OnTrack,10993.0,14004.0,1933.0,pos,0 days 00:00:41.861000,0 days 02:02:22.211000,10922.533333333333,243.46666666666667,6,100.0,False,0,2692.2423111108956,0.46873245234661787
2024-09-01 14:10:06.194,OnTrack,10996.130779408868,13960.259864666205,1933.0018591621208,car,0 days 00:00:41.925000,0 days 02:02:22.275000,10978.0,244.0,6,100.0,False,0,2696.586666666668,0.469488825732891
2024-09-01 14:10:06.290,OnTrack,11001.0,13895.0,1933.0,pos,0 days 00:00:42.021000,0 days 02:02:22.371000,11005.84,244.96,6,100.0,False,0,2703.126381905621,0.47062742189451895
2024-09-01 14:10:06.394,OnTrack,11007.039471406057,13827.63773393058,1932.9853787999164,car,0 days 00:00:42.125000,0 days 02:02:22.475000,11036.0,246.0,6,100.0,False,0,2710.253333333335,0.47186825872658295
2024-09-01 14:10:06.490,OnTrack,11013.0,13766.0,1933.0,pos,0 days 00:00:42.221000,0 days 02:02:22.571000,11063.927272727273,247.0909090909091,6,100.0,False,0,2716.8818851493497,0.47302232176741865
2024-09-01 14:10:06.810,OnTrack,11034.0,13545.0,1933.0,pos,0 days 00:00:42.541000,0 days 02:02:22.891000,11157.018181818183,250.72727272727272,6,100.0,False,0,2739.246428426648,0.4769160972915298
2024-09-01 14:10:06.834,OnTrack,11035.754460752645,13526.979139158584,1932.9042057906904,car,0 days 00:00:42.565000,0 days 02:02:22.915000,11164.0,251.0,6,100.0,False,0,2740.9311111111124,0.47720940872299195
2024-09-01 14:10:06.994,OnTrack,11047.682372736663,13404.954114291742,1932.0501522063175,car,0 days 00:00:42.725000,0 days 02:02:23.075000,10711.0,251.0,6,23.0,True,0,2752.0866666666675,0.47915164508532243
2024-09-01 14:10:07.030,OnTrack,11050.0,13380.0,1932.0,pos,0 days 00:00:42.761000,0 days 02:02:23.111000,10672.749728,247.8499776,6,17.8249632,True,0,2754.518794796262,0.47957509039628166
2024-09-01 14:10:07.154,OnTrack,11056.470309078912,13304.460452261801,1932.4478403338912,car,0 days 00:00:42.885000,0 days 02:02:23.235000,10541.0,237.0,6,0.0,True,0,2762.6200000000013,0.4809855495389972
2024-09-01 14:10:07.270,OnTrack,11061.0,13240.0,1933.0,pos,0 days 00:00:43.001000,0 days 02:02:23.351000,10175.5991936,227.333312,6,0.0,True,0,2769.8171575062224,0.48223860959005327
2024-09-01 14:10:07.394,OnTrack,11064.81530941583,13169.291253568414,1932.9922732819857,car,0 days 00:00:43.125000,0 days 02:02:23.475000,9785.0,217.0,6,0.0,True,0,2777.086666666668,0.48350426641524663
2024-09-01 14:10:07.610,OnTrack,11067.0,13047.0,1932.0,pos,0 days 00:00:43.341000,0 days 02:02:23.691000,9580.4,200.8,6,1.2000000000000002,True,0,2788.678262768766,0.48552241955292097
2024-09-01 14:10:07.754,OnTrack,11063.538177212044,12971.903558452572,1931.1231804166566,car,0 days 00:00:43.485000,0 days 02:02:23.835000,9444.0,190.0,5,2.0,True,0,2796.086666666668,0.486812258625989
2024-09-01 14:10:07.770,OnTrack,11063.0,12964.0,1931.0,pos,0 days 00:00:43.501000,0 days 02:02:23.851000,9429.5,189.5,5,2.1,True,0,2796.9099491828183,0.4869555961076029
2024-09-01 14:10:07.914,OnTrack,11056.632713283405,12896.187909698358,1929.6304377219835,car,0 days 00:00:43.645000,0 days 02:02:23.995000,9299.0,185.0,5,3.0,True,0,2804.30888888889,0.48824378741894175
2024-09-01 14:10:07.990,OnTrack,11048.0,12854.0,1929.0,pos,0 days 00:00:43.721000,0 days 02:02:24.071000,9218.249728,184.0499968,5,4.9000064,True,0,2808.188015183605,0.48891916213301556
2024-09-01 14:10:08.074,OnTrack,11031.968221666964,12797.467106277953,1928.5297936000557,car,0 days 00:00:43.805000,0 days 02:02:24.155000,9129.0,183.0,5,7.0,True,0,2812.442222222224,0.4896598402249438
2024-09-01 14:10:08.210,OnTrack,11000.0,12705.0,1928.0,pos,0 days 00:00:43.941000,0 days 02:02:24.291000,9038.9,180.875,5,10.825,True,0,2819.2334916744394,0.49084223319594283
2024-09-01 14:10:08.394,OnTrack,10968.732395205443,12637.64357695289,1926.96839017004,car,0 days 00:00:44.125000,0 days 02:02:24.475000,8917.0,178.0,5,16.0,False,0,2828.264444444446,0.4924145659021935
2024-09-01 14:10:08.590,OnTrack,10931.0,12590.0,1927.0,pos,0 days 00:00:44.321000,0 days 02:02:24.671000,8949.666709333333,174.73332906666667,5,36.416693333333335,False,0,2837.746447004365,0.49406542856590147
2024-09-01 14:10:08.634,OnTrack,10918.832984604245,12575.052400054346,1927.4014039734357,car,0 days 00:00:44.365000,0 days 02:02:24.715000,8957.0,174.0,5,41.0,False,0,2839.864444444446,0.49443418219927826
2024-09-01 14:10:08.769,OnTrack,10875.0,12524.0,1929.0,pos,0 days 00:00:44.500000,0 days 02:02:24.850000,9141.817828327241,174.0,5,52.99317022423031,False,0,2846.348683275596,0.4955631196490698
2024-09-01 14:10:09.009,OnTrack,10787.0,12445.0,1930.0,pos,0 days 00:00:44.740000,0 days 02:02:25.090000,9470.382700700471,174.0,5,74.31435162615375,False,0,2857.929207877477,0.49757934518482405
2024-09-01 14:10:09.073,OnTrack,10761.784033986303,12425.963797792732,1930.3116002717213,car,0 days 00:00:44.804000,0 days 02:02:25.154000,9558.0,174.0,5,80.0,False,0,2861.082777777779,0.4981283970093625
2024-09-01 14:10:09.234,OnTrack,10694.069856084405,12380.125693488719,1931.0449038147428,car,0 days 00:00:44.965000,0 days 02:02:25.315000,9730.0,181.0,5,100.0,False,0,2869.177500000001,0.4995377274335327
2024-09-01 14:10:09.269,OnTrack,10678.0,12370.0,1931.0,pos,0 days 00:00:45,0 days 02:02:25.350000,9801.2032552,182.2031272,5,100.0,False,0,2870.9835743043063,0.49985217373514657
2024-09-01 14:10:09.509,OnTrack,10560.0,12301.0,1929.0,pos,0 days 00:00:45.240000,0 days 02:02:25.590000,10289.4532552,190.4531272,5,100.0,False,0,2883.7963360113536,0.5020829377311997
2024-09-01 14:10:09.554,OnTrack,10539.585255220214,12289.7599949198,1928.65016643087,car,0 days 00:00:45.285000,0 days 02:02:25.635000,10381.0,192.0,5,100.0,False,0,2886.2441666666678,0.5025091169280942
2024-09-01 14:10:09.794,OnTrack,10439.010672069926,12237.979280527137,1927.5035177772932,car,0 days 00:00:45.525000,0 days 02:02:25.875000,10826.0,199.0,5,100.0,False,0,2899.5108333333346,0.5048189079805073
2024-09-01 14:10:09.909,OnTrack,10371.0,12204.0,1927.0,pos,0 days 00:00:45.640000,0 days 02:02:25.990000,10869.535738514285,203.10714514285715,5,100.0,False,0,2906.081615690666,0.5059629130782196
2024-09-01 14:10:10.074,OnTrack,10246.729095069615,12141.873190337867,1926.1624033670544,car,0 days 00:00:45.805000,0 days 02:02:26.155000,10932.0,209.0,5,100.0,False,0,2915.76638888889,0.5076490790941424
2024-09-01 14:10:10.109,OnTrack,10225.0,12131.0,1926.0,pos,0 days 00:00:45.840000,0 days 02:02:26.190000,10960.250051657144,210.2500022857143,5,100.0,False,0,2917.857344313948,0.5080131245814635
2024-09-01 14:10:10.354,OnTrack,10134.301829356908,12085.232792122923,1925.0634930205017,car,0 days 00:00:46.085000,0 days 02:02:26.435000,11158.0,219.0,5,100.0,False,0,2932.7997222222234,0.5106146650935973
2024-09-01 14:10:10.369,OnTrack,10128.0,12082.0,1925.0,pos,0 days 00:00:46.100000,0 days 02:02:26.450000,11171.062555733333,219.3750016,5,100.0,False,0,2933.7263226218447,0.5107759907201457
2024-09-01 14:10:10.594,OnTrack,10003.668100258423,12017.559505025893,1924.0327619937857,car,0 days 00:00:46.325000,0 days 02:02:26.675000,11367.0,225.0,5,100.0,False,0,2947.799722222223,0.5132262378915518
2024-09-01 14:10:10.609,OnTrack,9995.0,12013.0,1924.0,pos,0 days 00:00:46.340000,0 days 02:02:26.690000,11309.0622528,225.50000213333334,5,100.0,False,0,2948.7544220297705,0.5133924557613919
2024-09-01 14:10:10.769,OnTrack,9905.0,11965.0,1924.0,pos,0 days 00:00:46.500000,0 days 02:02:26.850000,10691.0622528,230.83333546666665,5,100.0,False,0,2959.07691748483,0.5151896523172215
2024-09-01 14:10:10.834,OnTrack,9868.511624785653,11945.219261523709,1924.1479832207992,car,0 days 00:00:46.565000,0 days 02:02:26.915000,10440.0,233.0,6,100.0,False,0,2963.3330555555563,0.5159306666112112
2024-09-01 14:10:11.089,OnTrack,9720.0,11864.0,1925.0,pos,0 days 00:00:46.820000,0 days 02:02:27.170000,10776.2813344,239.3750016,6,100.0,False,0,2980.345321164087,0.5188925846175323
2024-09-01 14:10:11.154,OnTrack,9679.020044762587,11841.893847187384,1925.0541558280509,car,0 days 00:00:46.885000,0 days 02:02:27.235000,10862.0,241.0,6,100.0,False,0,2984.7552777777787,0.519660379466364
2024-09-01 14:10:11.309,OnTrack,9569.0,11783.0,1925.0,pos,0 days 00:00:47.040000,0 days 02:02:27.390000,11031.946498742856,244.8750016,6,100.0,False,0,2995.3853887848677,0.5215111333827207
2024-09-01 14:10:11.434,OnTrack,9456.184571613943,11722.71044040894,1925.0401878972111,car,0 days 00:00:47.165000,0 days 02:02:27.515000,11169.0,248.0,6,100.0,False,0,3004.0441666666675,0.5230186686346965
2024-09-01 14:10:11.569,OnTrack,9343.0,11662.0,1925.0,pos,0 days 00:00:47.300000,0 days 02:02:27.650000,11323.687573333333,250.25000106666667,6,100.0,False,0,3013.4565310022062,0.5246574069455718
2024-09-01 14:10:11.674,OnTrack,9287.208358468504,11631.635664253305,1924.7628481214865,car,0 days 00:00:47.405000,0 days 02:02:27.755000,11444.0,252.0,6,100.0,False,0,3020.844166666667,0.5259436301684055
2024-09-01 14:10:11.874,OnTrack,9214.336130387945,11590.204508965087,1924.0787967665901,car,0 days 00:00:47.605000,0 days 02:02:27.955000,11581.0,257.0,6,100.0,False,0,3035.121944444445,0.5284294605723844
2024-09-01 14:10:11.910,OnTrack,9193.0,11578.0,1924.0,pos,0 days 00:00:47.641000,0 days 02:02:27.991000,11454.999104,257.9000064,6,100.0,False,0,3037.7199398672215,0.5288817841840733
2024-09-01 14:10:12.034,OnTrack,9095.856591798554,11522.441159879536,1923.8586938489589,car,0 days 00:00:47.765000,0 days 02:02:28.115000,11021.0,261.0,6,100.0,False,0,3046.7219444444454,0.5304490768694692
2024-09-01 14:10:12.190,OnTrack,8966.0,11448.0,1924.0,pos,0 days 00:00:47.921000,0 days 02:02:28.271000,10773.999594666666,262.9500032,6,100.0,False,0,3058.1202562292883,0.5324335782694625
2024-09-01 14:10:12.274,OnTrack,8917.431347020407,11419.945023401371,1924.241634062073,car,0 days 00:00:48.005000,0 days 02:02:28.355000,10641.0,264.0,6,100.0,False,0,3064.321944444445,0.5335133222857357
2024-09-01 14:10:12.490,OnTrack,8824.0,11366.0,1925.0,pos,0 days 00:00:48.221000,0 days 02:02:28.571000,10735.5,269.4,6,100.0,False,0,3080.512632961372,0.5363321997331331
2024-09-01 14:10:12.514,OnTrack,8810.855871829694,11358.560601172276,1925.0388089310338,car,0 days 00:00:48.245000,0 days 02:02:28.595000,10746.0,270.0,7,100.0,False,0,3082.321944444445,0.536647209643281
2024-09-01 14:10:12.770,OnTrack,8640.0,11263.0,1925.0,pos,0 days 00:00:48.501000,0 days 02:02:28.851000,10943.485714285714,272.74285714285713,7,100.0,False,0,3101.718228358985,0.5400241968067887
2024-09-01 14:10:12.794,OnTrack,8623.686146811266,11253.89130154216,1924.9943441687083,car,0 days 00:00:48.525000,0 days 02:02:28.875000,10962.0,273.0,7,100.0,False,0,3103.5552777777784,0.5403440360261633
2024-09-01 14:10:12.970,OnTrack,8506.0,11188.0,1925.0,pos,0 days 00:00:48.701000,0 days 02:02:29.051000,11098.4,276.77142857142854,7,100.0,False,0,3117.148081808808,0.5427106091765208
2024-09-01 14:10:13.074,OnTrack,8435.972805593978,11148.422885262924,1925.0121685176646,car,0 days 00:00:48.805000,0 days 02:02:29.155000,11179.0,279.0,7,100.0,False,0,3125.2552777777787,0.5441221113405375
2024-09-01 14:10:13.130,OnTrack,8398.0,11127.0,1925.0,pos,0 days 00:00:48.861000,0 days 02:02:29.211000,11184.6,279.93333333333334,7,100.0,False,0,3129.6383605831584,0.5448852273289182
2024-09-01 14:10:13.310,OnTrack,8275.0,11058.0,1925.0,pos,0 days 00:00:49.041000,0 days 02:02:29.391000,11202.6000256,282.9333376,7,100.0,False,0,3143.805905975011,0.547351865739528
2024-09-01 14:10:13.314,OnTrack,8272.265145871914,11056.457673833858,1925.0103413529105,car,0 days 00:00:49.045000,0 days 02:02:29.395000,11203.0,283.0,7,100.0,False,0,3144.121944444445,0.5474068895708535
2024-09-01 14:10:13.530,OnTrack,8124.0,10972.0,1926.0,pos,0 days 00:00:49.261000,0 days 02:02:29.611000,11314.6,285.7,7,100.0,False,0,3161.271400978021,0.5503926931830394
2024-09-01 14:10:13.554,OnTrack,8107.236688675543,10962.37538059565,1926.0347053729258,car,0 days 00:00:49.285000,0 days 02:02:29.635000,11327.0,286.0,7,100.0,False,0,3163.1886111111116,0.5507264887718089
2024-09-01 14:10:13.770,OnTrack,7958.0,10876.0,1926.0,pos,0 days 00:00:49.501000,0 days 02:02:29.851000,11421.885714285714,289.0857142857143,7,100.0,False,0,3180.557604101014,0.553750514746495
2024-09-01 14:10:13.834,OnTrack,7917.926797635293,10852.460576593798,1926.437644875864,car,0 days 00:00:49.565000,0 days 02:02:29.915000,11450.0,290.0,7,100.0,False,0,3185.7441666666673,0.5546535204605849
2024-09-01 14:10:14.030,OnTrack,7779.0,10767.0,1928.0,pos,0 days 00:00:49.761000,0 days 02:02:30.111000,11527.7876016,292.4500032,7,100.0,False,0,3201.7396134881124,0.5574384053812524
2024-09-01 14:10:14.154,OnTrack,7640.519283630948,10676.730784253903,1927.228252373284,car,0 days 00:00:49.885000,0 days 02:02:30.235000,11577.0,294.0,7,100.0,False,0,3211.8775000000005,0.5592034606241322
2024-09-01 14:10:14.190,OnTrack,7602.0,10651.0,1927.0,pos,0 days 00:00:49.921000,0 days 02:02:30.271000,11450.999104,294.0,7,100.0,False,0,3214.81627995122,0.5597151164761175
2024-09-01 14:10:14.354,OnTrack,7464.627860399353,10554.678570945774,1926.773294368495,car,0 days 00:00:50.085000,0 days 02:02:30.435000,10877.0,294.0,7,100.0,False,0,3228.210833333334,0.5620471732263493
2024-09-01 14:10:14.550,OnTrack,7352.0,10468.0,1927.0,pos,0 days 00:00:50.281000,0 days 02:02:30.631000,10650.61970432,296.94000384,7,100.0,False,0,3244.378833365206,0.5648621004983869
2024-09-01 14:10:14.554,OnTrack,7349.884768169698,10466.335729991568,1926.9937589529077,car,0 days 00:00:50.285000,0 days 02:02:30.635000,10646.0,297.0,8,100.0,False,0,3244.7108333333335,0.5649199033040991
2024-09-01 14:10:14.954,OnTrack,7160.349835344476,10311.71717692363,1924.4885046080722,car,0 days 00:00:50.685000,0 days 02:02:31.035000,10811.0,302.0,8,100.0,False,0,3278.266388888889,0.5707620883780418
2024-09-01 14:10:15.010,OnTrack,7131.0,10288.0,1924.0,pos,0 days 00:00:50.741000,0 days 02:02:31.091000,10819.225,302.525,8,100.0,False,0,3282.996519058835,0.5715856269968826
2024-09-01 14:10:15.250,OnTrack,6973.0,10160.0,1921.0,pos,0 days 00:00:50.981000,0 days 02:02:31.331000,10854.475,304.775,8,100.0,False,0,3303.3364905162653,0.575126914741509
2024-09-01 14:10:15.274,OnTrack,6950.518993306601,10141.128716314346,1920.4294449345653,car,0 days 00:00:51.005000,0 days 02:02:31.355000,10858.0,305.0,8,100.0,False,0,3305.3775000000005,0.5754822643980483
2024-09-01 14:10:15.429,OnTrack,6792.0,10006.0,1916.0,pos,0 days 00:00:51.160000,0 days 02:02:31.510000,10909.3437712,306.9375008,8,100.0,False,0,3318.5943262479886,0.5777833779916841
2024-09-01 14:10:15.434,OnTrack,6787.715848402111,10002.32505290183,1915.877115351625,car,0 days 00:00:51.165000,0 days 02:02:31.515000,10911.0,307.0,8,100.0,False,0,3319.021944444445,0.5778578283950025
2024-09-01 14:10:15.633,OnTrack,6679.042563053003,9908.124065121907,1912.6762775478405,car,0 days 00:00:51.364000,0 days 02:02:31.714000,10996.0,309.0,8,100.0,False,0,3336.102777777778,0.5808316843749842
2024-09-01 14:10:15.794,OnTrack,6616.174853173152,9852.742885194588,1910.6307162884855,car,0 days 00:00:51.525000,0 days 02:02:31.875000,11011.0,310.0,8,100.0,False,0,3349.966666666667,0.5832454547147233
2024-09-01 14:10:15.829,OnTrack,6597.0,9836.0,1910.0,pos,0 days 00:00:51.560000,0 days 02:02:31.910000,11011.0,310.0,8,100.0,False,0,3352.978776037189,0.5837698775744913
2024-09-01 14:10:15.954,OnTrack,6515.158538140084,9764.818498680614,1907.3206877834618,car,0 days 00:00:51.685000,0 days 02:02:32.035000,11011.0,310.0,8,100.0,False,0,3363.7444444444445,0.5856442326921036
2024-09-01 14:10:15.969,OnTrack,6505.0,9756.0,1907.0,pos,0 days 00:00:51.700000,0 days 02:02:32.050000,11021.625045333334,310.1875008,8,100.0,False,0,3365.0406644453114,0.5858699108850656
2024-09-01 14:10:16.194,OnTrack,6356.86893991811,9627.606240305235,1902.630162996622,car,0 days 00:00:51.925000,0 days 02:02:32.275000,11181.0,313.0,8,100.0,False,0,3384.6111111111113,0.5892772206288136
2024-09-01 14:10:16.269,OnTrack,6308.0,9585.0,1901.0,pos,0 days 00:00:52,0 days 02:02:32.350000,11187.057697476923,313.72115446153845,8,100.0,False,0,3391.185359058626,0.5904218291025961
2024-09-01 14:10:16.429,OnTrack,6203.0,9493.0,1897.0,pos,0 days 00:00:52.160000,0 days 02:02:32.510000,11199.9807744,315.259616,8,100.0,False,0,3405.294151604601,0.5928782383575996
2024-09-01 14:10:16.689,OnTrack,6030.0,9343.0,1891.0,pos,0 days 00:00:52.420000,0 days 02:02:32.770000,11220.9807744,317.759616,8,100.0,False,0,3428.3306188203096,0.5968889991003672
2024-09-01 14:10:16.714,OnTrack,6014.249995504219,9329.297205830233,1890.5977839324678,car,0 days 00:00:52.445000,0 days 02:02:32.795000,11223.0,318.0,8,100.0,False,0,3430.5444444444447,0.5972744368856608
2024-09-01 14:10:16.889,OnTrack,5897.0,9227.0,1888.0,pos,0 days 00:00:52.620000,0 days 02:02:32.970000,11255.500011885715,318.6250002285714,8,100.0,False,0,3446.0366242161044,0.5999717005705066
2024-09-01 14:10:16.994,OnTrack,5797.331471779929,9140.375023128321,1885.0819659319366,car,0 days 00:00:52.725000,0 days 02:02:33.075000,11275.0,319.0,8,100.0,False,0,3455.3555555555554,0.6015941717433143
2024-09-01 14:10:17.129,OnTrack,5669.0,9029.0,1881.0,pos,0 days 00:00:52.860000,0 days 02:02:33.210000,11277.250001066666,320.1250005333333,8,100.0,False,0,3467.384236228522,0.6036884234260343
2024-09-01 14:10:17.234,OnTrack,5604.632300925727,8973.11685787795,1879.0020230994662,car,0 days 00:00:52.965000,0 days 02:02:33.315000,11279.0,321.0,8,100.0,False,0,3476.7555555555555,0.6053200156017294
2024-09-01 14:10:17.469,OnTrack,5508.0,8889.0,1877.0,pos,0 days 00:00:53.200000,0 days 02:02:33.550000,11307.395841066667,321.0,8,100.0,False,0,3497.7252562708723,0.6089709422663538
2024-09-01 14:10:17.629,OnTrack,5400.0,8795.0,1876.0,pos,0 days 00:00:53.360000,0 days 02:02:33.710000,11326.7291744,321.0,8,100.0,False,0,3511.988518227636,0.6114542453954461
2024-09-01 14:10:17.714,OnTrack,5341.694250589205,8744.79907043897,1875.8321578943392,car,0 days 00:00:53.445000,0 days 02:02:33.795000,11337.0,321.0,8,100.0,False,0,3519.5555555555557,0.6127717033185595
2024-09-01 14:10:17.889,OnTrack,5225.0,8644.0,1876.0,pos,0 days 00:00:53.620000,0 days 02:02:33.970000,11329.56249728,320.56249984,8,100.0,False,0,3535.112217888306,0.6154801937302378
2024-09-01 14:10:18.009,OnTrack,5145.0,8573.0,1876.0,pos,0 days 00:00:53.740000,0 days 02:02:34.090000,11324.46249728,320.26249984,8,100.0,False,0,3545.7715913547227,0.6173360423827798
2024-09-01 14:10:18.114,OnTrack,5074.132763058736,8511.872596809937,1875.9194782192415,car,0 days 00:00:53.845000,0 days 02:02:34.195000,11320.0,320.0,8,100.0,False,0,3555.1111111111113,0.618962098098896
2024-09-01 14:10:18.209,OnTrack,5010.0,8457.0,1876.0,pos,0 days 00:00:53.940000,0 days 02:02:34.290000,11317.6249984,320.23750016,8,100.0,False,0,3563.5717385608596,0.6204351343989887
2024-09-01 14:10:18.470,OnTrack,4836.0,8305.0,1878.0,pos,0 days 00:00:54.201000,0 days 02:02:34.551000,11311.0999936,320.89000064,8,100.0,False,0,3586.852762609498,0.6244884736732518
2024-09-01 14:10:18.514,OnTrack,4806.387167991782,8279.105305242225,1878.626710545377,car,0 days 00:00:54.245000,0 days 02:02:34.595000,11310.0,321.0,8,100.0,False,0,3590.777777777778,0.6251718378629211
2024-09-01 14:10:18.674,OnTrack,4698.119723694951,8184.845921905269,1881.405835565491,car,0 days 00:00:54.405000,0 days 02:02:34.755000,11283.0,321.0,8,100.0,False,0,3605.0444444444443,0.627655733768531
2024-09-01 14:10:18.710,OnTrack,4674.0,8164.0,1882.0,pos,0 days 00:00:54.441000,0 days 02:02:34.791000,11272.499925333334,320.8499989333333,8,100.0,False,0,3608.2504540247883,0.6282139155958649
2024-09-01 14:10:18.850,OnTrack,4580.0,8083.0,1884.0,pos,0 days 00:00:54.581000,0 days 02:02:34.931000,11231.666666666666,320.26666666666665,8,100.0,False,0,3620.6997140745934,0.630381392189247
2024-09-01 14:10:18.914,OnTrack,4534.513240321345,8043.304852750352,1884.6616548046804,car,0 days 00:00:54.645000,0 days 02:02:34.995000,11213.0,320.0,8,100.0,False,0,3626.3777777777777,0.631369970636733
2024-09-01 14:10:19.050,OnTrack,4435.0,7956.0,1886.0,pos,0 days 00:00:54.781000,0 days 02:02:35.131000,11222.581818181818,319.3818181818182,8,100.0,False,0,3638.4138172770918,0.6334655035268338
2024-09-01 14:10:19.270,OnTrack,4281.0,7823.0,1890.0,pos,0 days 00:00:55.001000,0 days 02:02:35.351000,11238.081836218182,318.38181701818183,8,100.0,False,0,3657.8259806751994,0.6368452553854969
2024-09-01 14:10:19.354,OnTrack,4221.074272914923,7771.132273856942,1891.6237991541793,car,0 days 00:00:55.085000,0 days 02:02:35.435000,11244.0,318.0,8,100.0,False,0,3665.244444444445,0.6381368459309884
2024-09-01 14:10:19.554,OnTrack,4078.5258885343196,7646.996400178252,1895.1982851229773,car,0 days 00:00:55.285000,0 days 02:02:35.635000,11265.0,318.0,8,100.0,False,0,3682.9111111111115,0.6412126983374681
2024-09-01 14:10:19.610,OnTrack,4042.0,7615.0,1896.0,pos,0 days 00:00:55.341000,0 days 02:02:35.691000,11257.825,317.65,8,100.0,False,0,3687.840569064372,0.6420709408907611
2024-09-01 14:10:19.770,OnTrack,3936.0,7522.0,1898.0,pos,0 days 00:00:55.501000,0 days 02:02:35.851000,11237.325,316.65,8,100.0,False,0,3701.8764332871247,0.6445146529707559
2024-09-01 14:10:19.874,OnTrack,3832.5871964757807,7432.226065041446,1899.806684781066,car,0 days 00:00:55.605000,0 days 02:02:35.955000,11224.0,316.0,8,100.0,False,0,3711.0000000000005,0.6461031102139339
2024-09-01 14:10:20.010,OnTrack,3697.0,7315.0,1902.0,pos,0 days 00:00:55.741000,0 days 02:02:36.091000,11189.575,316.0,8,100.0,False,0,3722.949122646258,0.6481835104580931
2024-09-01 14:10:20.194,OnTrack,3621.7347458941244,7250.063767878076,1902.55381911934,car,0 days 00:00:55.925000,0 days 02:02:36.275000,11143.0,316.0,8,100.0,False,0,3739.0888888888894,0.6509935220903997
2024-09-01 14:10:20.310,OnTrack,3578.0,7212.0,1903.0,pos,0 days 00:00:56.041000,0 days 02:02:36.391000,11084.999872,315.0333312,8,100.0,False,0,3749.203170548238,0.6527544676138934
2024-09-01 14:10:20.434,OnTrack,3498.853937957727,7142.81625628009,1904.4219198165158,car,0 days 00:00:56.165000,0 days 02:02:36.515000,11023.0,314.0,8,100.0,False,0,3760.022222222223,0.6546381170173229
2024-09-01 14:10:20.490,OnTrack,3460.0,7109.0,1905.0,pos,0 days 00:00:56.221000,0 days 02:02:36.571000,10995.0,313.72,8,86.0,False,0,3764.9323711903635,0.6554929977825963
2024-09-01 14:10:20.690,OnTrack,3328.0,6995.0,1906.0,pos,0 days 00:00:56.421000,0 days 02:02:36.771000,10895.0,312.72,8,36.0,False,0,3782.533604254114,0.6585574578812461
2024-09-01 14:10:20.834,OnTrack,3234.097244037248,6913.034790901524,1907.1359739918844,car,0 days 00:00:56.565000,0 days 02:02:36.915000,10823.0,312.0,8,0.0,True,0,3794.6888888888893,0.6606737519281509
2024-09-01 14:10:20.950,OnTrack,3160.0,6848.0,1908.0,pos,0 days 00:00:56.681000,0 days 02:02:37.031000,10353.1989632,301.6888661333333,8,0.0,True,0,3803.998394411773,0.6622945820205489
2024-09-01 14:10:21.194,OnTrack,3013.1265994018036,6718.962621870675,1908.6260952529337,car,0 days 00:00:56.925000,0 days 02:02:37.275000,9365.0,280.0,8,0.0,True,0,3822.6888888888893,0.665548687817666
2024-09-01 14:10:21.290,OnTrack,2961.0,6673.0,1909.0,pos,0 days 00:00:57.021000,0 days 02:02:37.371000,9335.857142857143,275.2,8,0.0,True,0,3830.0119795407263,0.666823673440552
2024-09-01 14:10:21.474,OnTrack,2865.023292216933,6586.507395107898,1910.0113935127292,car,0 days 00:00:57.205000,0 days 02:02:37.555000,9280.0,266.0,8,0.0,True,0,3843.377777777778,0.6691507237804742
2024-09-01 14:10:21.490,OnTrack,2855.0,6577.0,1910.0,pos,0 days 00:00:57.221000,0 days 02:02:37.571000,9303.52,263.48,8,0.0,True,0,3844.4371041369036,0.6693351576407174
2024-09-01 14:10:21.650,OnTrack,2745.0,6469.0,1909.0,pos,0 days 00:00:57.381000,0 days 02:02:37.731000,9538.72,238.28,8,0.0,True,0,3854.0746477144885,0.6710131007504722
2024-09-01 14:10:21.874,OnTrack,2675.031132479937,6394.12617614834,1909.0344508636665,car,0 days 00:00:57.605000,0 days 02:02:37.955000,9868.0,203.0,6,0.0,True,0,3865.933333333334,0.6730777554692502
2024-09-01 14:10:22.049,OnTrack,2649.0,6355.0,1909.0,pos,0 days 00:00:57.780000,0 days 02:02:38.130000,9492.479029333334,191.33332906666666,6,0.0,True,0,3875.053677282117,0.674665651613559
2024-09-01 14:10:22.114,OnTrack,2635.902742620273,6334.3770568726195,1908.6550605315488,car,0 days 00:00:57.845000,0 days 02:02:38.195000,9353.0,187.0,6,0.0,True,0,3878.4000000000005,0.6752482626391058
2024-09-01 14:10:22.329,OnTrack,2588.0,6240.0,1907.0,pos,0 days 00:00:58.060000,0 days 02:02:38.410000,9146.958272,183.4166656,6,0.0,True,0,3889.284587221781,0.6771433220994634
2024-09-01 14:10:22.474,OnTrack,2565.583456350426,6149.401704942189,1906.6682172458254,car,0 days 00:00:58.205000,0 days 02:02:38.555000,9008.0,181.0,5,0.0,False,0,3896.5000000000005,0.6783995604819707
2024-09-01 14:10:22.674,OnTrack,2548.4388367890238,6013.01045831861,1906.987875037389,car,0 days 00:00:58.405000,0 days 02:02:38.755000,8940.0,177.0,5,11.0,False,0,3906.3333333333335,0.6801115915384075
2024-09-01 14:10:22.749,OnTrack,2545.0,5977.0,1907.0,pos,0 days 00:00:58.480000,0 days 02:02:38.830000,9015.56256448,176.81249984,5,21.500008960000002,False,0,3910.0032893579287,0.680750548693309
2024-09-01 14:10:23.074,OnTrack,2544.7436265070955,5884.243979443546,1906.1630565326877,car,0 days 00:00:58.805000,0 days 02:02:39.155000,9343.0,176.0,5,67.0,False,0,3925.888888888889,0.6835163086675926
2024-09-01 14:10:23.109,OnTrack,2545.0,5865.0,1906.0,pos,0 days 00:00:58.840000,0 days 02:02:39.190000,9367.5000448,176.4375008,5,69.4062544,False,0,3927.6089356176103,0.6838157771507886
2024-09-01 14:10:23.234,OnTrack,2545.4500734670164,5770.768993084605,1905.3235166710422,car,0 days 00:00:58.965000,0 days 02:02:39.315000,9455.0,178.0,5,78.0,False,0,3933.8,0.6848936715062175
2024-09-01 14:10:23.309,OnTrack,2545.0,5712.0,1905.0,pos,0 days 00:00:59.040000,0 days 02:02:39.390000,9581.37510784,180.62500224,5,86.25000704,False,0,3937.5916044938317,0.6855538082499969
2024-09-01 14:10:23.434,OnTrack,2542.614859771274,5630.140291231154,1904.7774117214365,car,0 days 00:00:59.165000,0 days 02:02:39.515000,9792.0,185.0,5,100.0,False,0,3944.077777777778,0.6866830824974085
2024-09-01 14:10:23.714,OnTrack,2532.5435124181577,5504.50233891905,1905.0068609182124,car,0 days 00:00:59.445000,0 days 02:02:39.795000,10229.0,197.0,5,100.0,False,0,3959.4,0.6893507557480597
2024-09-01 14:10:23.729,OnTrack,2532.0,5499.0,1905.0,pos,0 days 00:00:59.460000,0 days 02:02:39.810000,10242.937559466667,197.1875008,5,98.37499306666666,False,0,3960.230747214934,0.6894953928699596
2024-09-01 14:10:23.954,OnTrack,2520.9754404538726,5421.592843453013,1904.500443704539,car,0 days 00:00:59.685000,0 days 02:02:40.035000,10452.0,200.0,5,74.0,False,0,3972.733333333333,0.6916721537906858
2024-09-01 14:10:24.029,OnTrack,2509.0,5380.0,1904.0,pos,0 days 00:00:59.760000,0 days 02:02:40.110000,10552.3125856,200.9375008,5,76.1093768,False,0,3976.940015944938,0.6924045576492255
2024-09-01 14:10:24.274,OnTrack,2437.5252968549453,5178.513486072562,1901.2950217380153,car,0 days 00:01:00.005000,0 days 02:02:40.355000,10880.0,204.0,5,83.0,False,0,3990.8666666666663,0.6948292551286575
2024-09-01 14:10:24.309,OnTrack,2429.0,5155.0,1901.0,pos,0 days 00:01:00.040000,0 days 02:02:40.390000,10914.1250624,204.8750016,5,85.0416704,False,0,3992.885076225156,0.6951806700285297
2024-09-01 14:10:24.514,OnTrack,2401.8545005031247,5077.4247449885825,1900.2939522566708,car,0 days 00:01:00.245000,0 days 02:02:40.595000,11114.0,210.0,5,97.0,False,0,4004.8666666666663,0.697266723073415
2024-09-01 14:10:24.754,OnTrack,2349.807103319416,5005.006034311375,1900.1618683375445,car,0 days 00:01:00.485000,0 days 02:02:40.835000,11308.0,215.0,5,100.0,False,0,4019.2,0.6997622259692381
2024-09-01 14:10:24.789,OnTrack,2331.0,4981.0,1900.0,pos,0 days 00:01:00.520000,0 days 02:02:40.870000,11371.0001152,215.0,5,100.0,False,0,4021.282629631748,0.7001248218955373
2024-09-01 14:10:24.950,OnTrack,2223.0,4846.0,1899.0,pos,0 days 00:01:00.681000,0 days 02:02:41.031000,11660.8004608,215.0,5,100.0,False,0,4030.9006779708684,0.7017993707896611
2024-09-01 14:10:24.954,OnTrack,2220.779458782395,4843.314015512952,1898.982903847244,car,0 days 00:01:00.685000,0 days 02:02:41.035000,11668.0,215.0,5,100.0,False,0,4031.144444444444,0.7018418117157574
2024-09-01 14:10:25.154,OnTrack,2161.9704465655964,4780.8840585007465,1898.945992312737,car,0 days 00:01:00.885000,0 days 02:02:41.235000,11761.0,225.0,5,100.0,False,0,4043.644444444444,0.7040181223807195
2024-09-01 14:10:25.310,OnTrack,2116.0,4736.0,1899.0,pos,0 days 00:01:01.041000,0 days 02:02:41.391000,11214.999104,229.68000768,5,100.0,False,0,4053.621903646731,0.7057552464504123
2024-09-01 14:10:25.354,OnTrack,2094.109126253198,4712.176727359451,1898.899373720686,car,0 days 00:01:01.085000,0 days 02:02:41.435000,11061.0,231.0,5,100.0,False,0,4056.4777777777776,0.7062524679967472
2024-09-01 14:10:25.590,OnTrack,1948.0,4543.0,1898.0,pos,0 days 00:01:01.321000,0 days 02:02:41.671000,10957.15988736,236.9000064,5,100.0,False,0,4072.15436309978,0.708981837582864
2024-09-01 14:10:25.754,OnTrack,1895.6837441151376,4470.373448052538,1898.0526977859772,car,0 days 00:01:01.485000,0 days 02:02:41.835000,10885.0,241.0,6,100.0,False,0,4083.2555555555555,0.7109146090656882
2024-09-01 14:10:25.990,OnTrack,1860.0,4381.0,1898.0,pos,0 days 00:01:01.721000,0 days 02:02:42.071000,11112.571675428571,245.2142902857143,6,100.0,False,0,4099.366730579174,0.7137196428280058
2024-09-01 14:10:26.034,OnTrack,1850.0723974333532,4354.400662774811,1897.743021580545,car,0 days 00:01:01.765000,0 days 02:02:42.115000,11155.0,246.0,6,100.0,False,0,4102.388888888889,0.7142458152568567
2024-09-01 14:10:26.150,OnTrack,1822.0,4276.0,1897.0,pos,0 days 00:01:01.881000,0 days 02:02:42.231000,11256.500224,247.74000383999999,6,100.0,False,0,4110.38520409942,0.7156380125427029
2024-09-01 14:10:26.234,OnTrack,1805.4305961492082,4223.264676193605,1896.9045463477414,car,0 days 00:01:01.965000,0 days 02:02:42.315000,11330.0,249.0,6,100.0,False,0,4116.222222222222,0.7166542657260813
2024-09-01 14:10:26.350,OnTrack,1785.0,4138.0,1897.0,pos,0 days 00:01:02.081000,0 days 02:02:42.431000,11379.59010944,251.03000448,6,100.0,False,0,4124.369362462794,0.7180727223816412
2024-09-01 14:10:26.610,OnTrack,1739.0,3855.0,1896.0,pos,0 days 00:01:02.341000,0 days 02:02:42.691000,11490.74,255.58,6,100.0,False,0,4142.9383627635425,0.7213056754530174
2024-09-01 14:10:26.634,OnTrack,1736.7589497453698,3838.766181188861,1895.893044248554,car,0 days 00:01:02.365000,0 days 02:02:42.715000,11501.0,256.0,6,100.0,False,0,4144.666666666666,0.7216065815503505
2024-09-01 14:10:26.870,OnTrack,1731.0,3768.0,1895.0,pos,0 days 00:01:02.601000,0 days 02:02:42.951000,11623.214418285714,260.2142902857143,6,100.0,False,0,4161.766722322835,0.7245837842300278
2024-09-01 14:10:26.914,OnTrack,1729.6470751254255,3749.7873461221534,1894.8828774570216,car,0 days 00:01:02.645000,0 days 02:02:42.995000,11646.0,261.0,6,100.0,False,0,4164.966666666666,0.725140910070249
2024-09-01 14:10:27.154,OnTrack,1714.912948226154,3584.862919911987,1894.410854150616,car,0 days 00:01:02.885000,0 days 02:02:43.235000,10666.0,263.0,6,100.0,False,0,4182.5,0.7281935484963024
2024-09-01 14:10:27.250,OnTrack,1706.0,3490.0,1894.0,pos,0 days 00:01:02.981000,0 days 02:02:43.331000,10698.0,265.0,6,100.0,False,0,4189.606883337364,0.7294308913764421
2024-09-01 14:10:27.394,OnTrack,1690.5285800365016,3327.7390382228186,1893.0905454708768,car,0 days 00:01:03.125000,0 days 02:02:43.475000,10746.0,268.0,7,100.0,False,0,4200.366666666667,0.7313042218734215
2024-09-01 14:10:27.410,OnTrack,1689.0,3312.0,1893.0,pos,0 days 00:01:03.141000,0 days 02:02:43.491000,10755.84,268.32,7,100.0,False,0,4201.567740396684,0.7315133346388648
2024-09-01 14:10:27.594,OnTrack,1676.0960310015666,3184.7145156252527,1892.2995930846484,car,0 days 00:01:03.325000,0 days 02:02:43.675000,10869.0,272.0,7,100.0,False,0,4215.477777777777,0.7339351396550644
2024-09-01 14:10:27.690,OnTrack,1670.0,3125.0,1892.0,pos,0 days 00:01:03.421000,0 days 02:02:43.771000,10925.2,273.6,7,100.0,False,0,4222.837052387955,0.7352164250807055
2024-09-01 14:10:27.950,OnTrack,1651.0,2926.0,1891.0,pos,0 days 00:01:03.681000,0 days 02:02:44.031000,11077.4084832,277.9333376,7,100.0,False,0,4243.094480831919,0.7387433416860899
2024-09-01 14:10:28.074,OnTrack,1643.6977666462396,2837.9217415668,1890.4362575622222,car,0 days 00:01:03.805000,0 days 02:02:44.155000,11150.0,280.0,7,100.0,False,0,4252.811111111111,0.7404350541744178
2024-09-01 14:10:28.150,OnTrack,1638.0,2771.0,1890.0,pos,0 days 00:01:03.881000,0 days 02:02:44.231000,11177.74009344,281.14000384,7,100.0,False,0,4258.772681280776,0.7414729924736307
2024-09-01 14:10:28.274,OnTrack,1624.404822571326,2621.147053202991,1889.0679126622786,car,0 days 00:01:04.005000,0 days 02:02:44.355000,11223.0,283.0,7,100.0,False,0,4268.533333333334,0.743172369366348
2024-09-01 14:10:28.410,OnTrack,1609.0,2456.0,1888.0,pos,0 days 00:01:04.141000,0 days 02:02:44.491000,11291.34,284.7,7,100.0,False,0,4279.335775487429,0.7450531269717553
2024-09-01 14:10:28.674,OnTrack,1595.2547883574734,2311.293222625997,1886.6426813229318,car,0 days 00:01:04.405000,0 days 02:02:44.755000,11424.0,288.0,7,100.0,False,0,4300.533333333333,0.7487437246686507
2024-09-01 14:10:28.829,OnTrack,1588.0,2233.0,1886.0,pos,0 days 00:01:04.560000,0 days 02:02:44.910000,11514.67503744,289.55000064,7,100.0,False,0,4313.0559627482735,0.7509239752245789
2024-09-01 14:10:29.049,OnTrack,1572.0,2055.0,1885.0,pos,0 days 00:01:04.780000,0 days 02:02:45.130000,11643.37503744,291.75000064,7,100.0,False,0,4330.936410657654,0.7540370479829376
2024-09-01 14:10:29.074,OnTrack,1570.1623717607654,2034.1812994550523,1884.8694895691513,car,0 days 00:01:04.805000,0 days 02:02:45.155000,11658.0,292.0,7,100.0,False,0,4332.977777777778,0.7543924599057078
2024-09-01 14:10:29.234,OnTrack,1558.6777813888625,1904.4250644882493,1884.0708190502905,car,0 days 00:01:04.965000,0 days 02:02:45.315000,11673.0,295.0,7,100.0,False,0,4346.0888888888885,0.7566751679809568
2024-09-01 14:10:29.269,OnTrack,1556.0,1876.0,1884.0,pos,0 days 00:01:05,0 days 02:02:45.350000,11575.69982208,295.35000064,7,100.0,False,0,4348.967575992818,0.7571763613765864
2024-09-01 14:10:29.429,OnTrack,1543.0,1745.0,1884.0,pos,0 days 00:01:05.160000,0 days 02:02:45.510000,11130.89982208,296.95000064,7,100.0,False,0,4362.174943836971,0.759475828216211
2024-09-01 14:10:29.434,OnTrack,1542.6034220844833,1740.9263862995456,1883.9853532232084,car,0 days 00:01:05.165000,0 days 02:02:45.515000,11117.0,297.0,7,100.0,False,0,4362.5888888888885,0.7595478980587067
2024-09-01 14:10:29.749,OnTrack,1519.0,1481.0,1881.0,pos,0 days 00:01:05.480000,0 days 02:02:45.830000,10759.6718024,299.9531256,7,100.0,False,0,4388.835599508056,0.76411757775796
2024-09-01 14:10:29.754,OnTrack,1518.6030471673469,1476.5582605403276,1880.9506938880636,car,0 days 00:01:05.485000,0 days 02:02:45.835000,10754.0,300.0,8,100.0,False,0,4389.255555555555,0.764190694143959
2024-09-01 14:10:30.474,OnTrack,1456.955062506219,799.2180183710531,1877.053083185317,car,0 days 00:01:06.205000,0 days 02:02:46.555000,10949.0,307.0,8,100.0,False,0,4450.655555555554,0.7748807321302525
2024-09-01 14:10:30.489,OnTrack,1456.0,789.0,1877.0,pos,0 days 00:01:06.220000,0 days 02:02:46.570000,10949.0,307.1875008,8,100.0,False,0,4451.942294500834,0.7751047596254232
2024-09-01 14:10:30.634,OnTrack,1447.9010468577922,703.2868304237361,1876.5046284068715,car,0 days 00:01:06.365000,0 days 02:02:46.715000,10949.0,309.0,8,100.0,False,0,4464.388888888889,0.7772717721141577
2024-09-01 14:10:30.769,OnTrack,1440.0,618.0,1876.0,pos,0 days 00:01:06.500000,0 days 02:02:46.850000,11026.6250368,309.8437504,8,100.0,False,0,4476.009105123159,0.7792949081557423
2024-09-01 14:10:30.794,OnTrack,1438.2802462230513,598.9768618901173,1875.8947941056358,car,0 days 00:01:06.525000,0 days 02:02:46.875000,11041.0,310.0,8,100.0,False,0,4478.166666666666,0.7796705500915381
2024-09-01 14:10:30.989,OnTrack,1423.0,429.0,1875.0,pos,0 days 00:01:06.720000,0 days 02:02:47.070000,11049.937502933333,311.6250005333333,8,100.0,False,0,4495.059734264662,0.7826117151457336
2024-09-01 14:10:31.034,OnTrack,1419.449642516568,390.8966307797304,1874.800941459368,car,0 days 00:01:06.765000,0 days 02:02:47.115000,11052.0,312.0,8,100.0,False,0,4498.966666666665,0.7832919310380347
2024-09-01 14:10:31.194,OnTrack,1406.3838139051777,253.74941711267212,1874.078685010542,car,0 days 00:01:06.925000,0 days 02:02:47.275000,11075.0,313.0,8,100.0,False,0,4512.877777777778,0.7857139229958416
2024-09-01 14:10:31.209,OnTrack,1405.0,239.0,1874.0,pos,0 days 00:01:06.940000,0 days 02:02:47.290000,11077.2968848,313.0937504,8,100.0,False,0,4514.185061886119,0.7859415275036111
2024-09-01 14:10:31.514,OnTrack,1373.0509857164259,-109.74269381668273,1872.1547521151406,car,0 days 00:01:07.245000,0 days 02:02:47.595000,11124.0,315.0,8,100.0,False,0,4540.877777777777,0.7905888588853565
2024-09-01 14:10:31.550,OnTrack,1370.0,-143.0,1872.0,pos,0 days 00:01:07.281000,0 days 02:02:47.631000,11149.2001792,315.2250016,8,100.0,False,0,4544.035529061761,0.7911386387090871
2024-09-01 14:10:31.674,OnTrack,1361.6674123750188,-232.91537015988771,1871.6481353241247,car,0 days 00:01:07.405000,0 days 02:02:47.755000,11236.0,316.0,8,100.0,False,0,4554.922222222221,0.7930340648235893
2024-09-01 14:10:31.910,OnTrack,1349.0,-370.0,1871.0,pos,0 days 00:01:07.641000,0 days 02:02:47.991000,11224.1999872,316.9833344,8,100.0,False,0,4575.70291244762,0.7966520838446141
2024-09-01 14:10:31.914,OnTrack,1348.7191044216286,-373.13113794536036,1870.9766713242675,car,0 days 00:01:07.645000,0 days 02:02:47.995000,11224.0,317.0,8,100.0,False,0,4576.055555555555,0.7967134807211519
2024-09-01 14:10:32.050,OnTrack,1338.0,-493.0,1870.0,pos,0 days 00:01:07.781000,0 days 02:02:48.131000,11234.2,317.56666666666666,8,100.0,False,0,4588.053293324782,0.7988023450941589
2024-09-01 14:10:32.154,OnTrack,1329.37728442061,-586.6183139864626,1869.2863713127133,car,0 days 00:01:07.885000,0 days 02:02:48.235000,11242.0,318.0,8,100.0,False,0,4597.255555555555,0.8004045036089276
2024-09-01 14:10:32.210,OnTrack,1325.0,-634.0,1869.0,pos,0 days 00:01:07.941000,0 days 02:02:48.291000,11247.88,318.56,8,100.0,False,0,4602.225786708421,0.8012698449741523
2024-09-01 14:10:32.354,OnTrack,1315.29632035565,-740.8392521695882,1868.7139063984605,car,0 days 00:01:08.085000,0 days 02:02:48.435000,11263.0,320.0,8,100.0,False,0,4615.033333333333,0.8034997009990958
2024-09-01 14:10:32.530,OnTrack,1299.0,-918.0,1868.0,pos,0 days 00:01:08.261000,0 days 02:02:48.611000,11336.333333333334,320.0,8,100.0,False,0,4630.670230891181,0.8062221607528609
2024-09-01 14:10:32.594,OnTrack,1289.4460700295565,-1019.6933080991423,1867.238196910073,car,0 days 00:01:08.325000,0 days 02:02:48.675000,11363.0,320.0,8,100.0,False,0,4636.366666666666,0.8072139378672977
2024-09-01 14:10:32.690,OnTrack,1275.0,-1173.0,1866.0,pos,0 days 00:01:08.421000,0 days 02:02:48.771000,11363.0,320.48,8,100.0,False,0,4644.930804600033,0.8087049958449452
2024-09-01 14:10:32.994,OnTrack,1259.0180405381395,-1346.9096252697248,1865.0886896578966,car,0 days 00:01:08.725000,0 days 02:02:49.075000,11363.0,322.0,8,100.0,False,0,4672.144444444444,0.8134430226150114
2024-09-01 14:10:33.030,OnTrack,1257.0,-1369.0,1865.0,pos,0 days 00:01:08.761000,0 days 02:02:49.111000,11373.687576,322.0,8,100.0,False,0,4675.366118701531,0.81400393173859
2024-09-01 14:10:33.250,OnTrack,1239.0,-1565.0,1864.0,pos,0 days 00:01:08.981000,0 days 02:02:49.331000,11439.0,322.0,8,100.0,False,0,4695.042992190292,0.8174297709087259
2024-09-01 14:10:33.314,OnTrack,1233.7316522189815,-1623.2794538303629,1863.652446659433,car,0 days 00:01:09.045000,0 days 02:02:49.395000,11458.0,322.0,8,100.0,False,0,4700.7666666666655,0.8184262904131822
2024-09-01 14:10:33.450,OnTrack,1223.0,-1743.0,1863.0,pos,0 days 00:01:09.181000,0 days 02:02:49.531000,11419.325,322.0,8,100.0,False,0,4712.930595410549,0.8205440894414343
2024-09-01 14:10:33.634,OnTrack,1208.1747413883832,-1906.7558071288422,1862.751423716691,car,0 days 00:01:09.365000,0 days 02:02:49.715000,11367.0,322.0,8,100.0,False,0,4729.388888888889,0.8234095582113532
2024-09-01 14:10:33.830,OnTrack,1192.0,-2082.0,1862.0,pos,0 days 00:01:09.561000,0 days 02:02:49.911000,11316.03993344,322.0,8,100.0,False,0,4746.920034589248,0.8264618157598888
2024-09-01 14:10:33.834,OnTrack,1191.6667991457325,-2085.5607685912187,1861.9644298241174,car,0 days 00:01:09.565000,0 days 02:02:49.915000,11315.0,322.0,8,100.0,False,0,4747.2777777777765,0.8265241005852098
2024-09-01 14:10:34.010,OnTrack,1177.0,-2242.0,1860.0,pos,0 days 00:01:09.741000,0 days 02:02:50.091000,11363.888888888889,322.0,8,100.0,False,0,4763.018918042331,0.8292647095001229
2024-09-01 14:10:34.170,OnTrack,1164.0,-2385.0,1859.0,pos,0 days 00:01:09.901000,0 days 02:02:50.251000,11408.333333333334,322.0,8,100.0,False,0,4777.3306360671895,0.8317564490658372
2024-09-01 14:10:34.194,OnTrack,1162.0187096042835,-2406.396368165219,1858.8532818109056,car,0 days 00:01:09.925000,0 days 02:02:50.275000,11415.0,322.0,8,100.0,False,0,4779.477777777778,0.8321302768581523
2024-09-01 14:10:34.350,OnTrack,1149.0,-2545.0,1858.0,pos,0 days 00:01:10.081000,0 days 02:02:50.431000,11442.3000448,322.0,8,100.0,False,0,4793.434201220812,0.8345601579128563
2024-09-01 14:10:34.394,OnTrack,1145.4069979294559,-2584.0478620422577,1857.9550953201656,car,0 days 00:01:10.125000,0 days 02:02:50.475000,11450.0,322.0,8,100.0,False,0,4797.366666666666,0.8352448192320089
2024-09-01 14:10:34.510,OnTrack,1136.0,-2687.0,1858.0,pos,0 days 00:01:10.241000,0 days 02:02:50.591000,11415.1999232,321.5857133714286,8,100.0,False,0,4807.721191193537,0.8370475922046843
2024-09-01 14:10:34.674,OnTrack,1122.308764768326,-2832.7695493818683,1857.1134218313298,car,0 days 00:01:10.405000,0 days 02:02:50.755000,11366.0,321.0,8,100.0,False,0,4822.333333333333,0.8395916370668266
2024-09-01 14:10:34.690,OnTrack,1121.0,-2847.0,1857.0,pos,0 days 00:01:10.421000,0 days 02:02:50.771000,11361.4,320.95,8,100.0,False,0,4823.757636620477,0.8398396151815426
2024-09-01 14:10:34.970,OnTrack,1099.0,-3096.0,1855.0,pos,0 days 00:01:10.701000,0 days 02:02:51.051000,11280.9,320.075,8,100.0,False,0,4848.647366345137,0.8441730379213668
2024-09-01 14:10:34.994,OnTrack,1097.0782429504309,-3117.296159322643,1854.8781171014448,car,0 days 00:01:10.725000,0 days 02:02:51.075000,11274.0,320.0,8,100.0,False,0,4850.777777777778,0.8445439528910959
2024-09-01 14:10:35.249,OnTrack,1076.0,-3344.0,1854.0,pos,0 days 00:01:10.980000,0 days 02:02:51.330000,11266.91666488889,319.2916664888889,8,100.0,False,0,4873.384713904437,0.848479930186661
2024-09-01 14:10:35.354,OnTrack,1067.1718109991436,-3438.7881297680538,1853.5433160363852,car,0 days 00:01:11.085000,0 days 02:02:51.435000,11264.0,319.0,8,100.0,False,0,4882.677777777778,0.850097897708079
2024-09-01 14:10:35.469,OnTrack,1058.0,-3538.0,1853.0,pos,0 days 00:01:11.200000,0 days 02:02:51.550000,11234.12455894692,318.59074738283454,8,100.0,False,0,4892.845245603477,0.8518681032012573
2024-09-01 14:10:35.635,OnTrack,1045.8520375580958,-3670.186545672031,1852.2661378072762,car,0 days 00:01:11.366000,0 days 02:02:51.716000,11191.0,318.0,8,100.0,False,0,4907.499444444444,0.8544194703391829
2024-09-01 14:10:35.689,OnTrack,1040.0,-3731.0,1852.0,pos,0 days 00:01:11.420000,0 days 02:02:51.770000,11183.673377132103,317.7286435974853,8,100.0,False,0,4912.259875787197,0.8552482845392672
2024-09-01 14:10:35.834,OnTrack,1018.4358293876896,-3949.0432498354185,1851.1884014795085,car,0 days 00:01:11.565000,0 days 02:02:51.915000,11164.0,317.0,8,100.0,False,0,4925.022499999999,0.857470319354245
2024-09-01 14:10:35.869,OnTrack,1014.0,-3994.0,1851.0,pos,0 days 00:01:11.600000,0 days 02:02:51.950000,11170.7812624,316.7812496,8,100.0,False,0,4928.097300927362,0.8580056571183134
2024-09-01 14:10:35.994,OnTrack,1004.0479793284053,-4097.130207494276,1850.399259719666,car,0 days 00:01:11.725000,0 days 02:02:52.075000,11195.0,316.0,8,100.0,False,0,4939.066944444445,0.8599155252924782
2024-09-01 14:10:36.154,OnTrack,1000.9060094879773,-4132.797175036892,1849.740116970125,car,0 days 00:01:11.885000,0 days 02:02:52.235000,11116.0,316.0,8,100.0,False,0,4953.1113888888885,0.862360731230711
2024-09-01 14:10:36.289,OnTrack,987.0,-4256.0,1849.0,pos,0 days 00:01:12.020000,0 days 02:02:52.370000,11094.0624896,316.0,8,100.0,False,0,4964.954550811367,0.8644226831986119
2024-09-01 14:10:36.394,OnTrack,966.8971391893384,-4430.384422807125,1848.2866336749757,car,0 days 00:01:12.125000,0 days 02:02:52.475000,11077.0,316.0,8,100.0,False,0,4974.178055555555,0.8660285401380603
2024-09-01 14:10:36.449,OnTrack,957.0,-4515.0,1848.0,pos,0 days 00:01:12.180000,0 days 02:02:52.530000,10985.5623936,315.3124992,8,77.9999744,False,0,4979.018751002239,0.8668713287081764
2024-09-01 14:10:36.554,OnTrack,944.057599368788,-4621.882603052891,1847.784326086667,car,0 days 00:01:12.285000,0 days 02:02:52.635000,10811.0,314.0,8,36.0,False,0,4988.133611111111,0.8684582700893425
2024-09-01 14:10:36.829,OnTrack,927.0,-4723.0,1848.0,pos,0 days 00:01:12.560000,0 days 02:02:52.910000,10150.017703314286,288.46427977142855,8,0.6428489142857146,False,0,5010.1437128606,0.8722903356232875
2024-09-01 14:10:36.834,OnTrack,926.4765530404281,-4725.947322989486,1847.986507785371,car,0 days 00:01:12.565000,0 days 02:02:52.915000,10138.0,288.0,8,0.0,True,0,5010.53361111111,0.8723582188009543
2024-09-01 14:10:36.994,OnTrack,905.1324615467145,-4845.420457733611,1847.2037972586288,car,0 days 00:01:12.725000,0 days 02:02:53.075000,9260.0,277.0,8,0.0,True,0,5022.844722222222,0.874501642993646
2024-09-01 14:10:37.029,OnTrack,900.0,-4872.0,1847.0,pos,0 days 00:01:12.760000,0 days 02:02:53.110000,9301.65007616,273.32499328,8,0.0,True,0,5025.436374937444,0.8749528623091672
2024-09-01 14:10:37.194,OnTrack,875.3097900968003,-4985.336123963812,1846.070819361562,car,0 days 00:01:12.925000,0 days 02:02:53.275000,9498.0,256.0,8,0.0,True,0,5037.066944444445,0.8769778009057806
2024-09-01 14:10:37.209,OnTrack,873.0,-4995.0,1846.0,pos,0 days 00:01:12.940000,0 days 02:02:53.290000,9519.8907184,254.7343696,8,0.0,True,0,5038.077464196537,0.8771537372988714
2024-09-01 14:10:37.449,OnTrack,830.0,-5148.0,1845.0,pos,0 days 00:01:13.180000,0 days 02:02:53.530000,9870.1407184,234.4843696,8,0.0,True,0,5053.36056906183,0.8798146000278368
2024-09-01 14:10:37.514,OnTrack,813.0415518613265,-5196.029509684461,1844.5383036627204,car,0 days 00:01:13.245000,0 days 02:02:53.595000,9965.0,229.0,8,0.0,True,0,5057.4225,0.8805218019175232
2024-09-01 14:10:37.674,OnTrack,764.5559559814968,-5318.804417175096,1843.1975923403704,car,0 days 00:01:13.405000,0 days 02:02:53.755000,9782.0,225.0,6,0.0,True,0,5067.4225,0.8822628504494928
2024-09-01 14:10:37.709,OnTrack,755.0,-5341.0,1843.0,pos,0 days 00:01:13.440000,0 days 02:02:53.790000,9791.9166848,223.8333312,6,0.0,True,0,5069.576287603486,0.8826378353240153
2024-09-01 14:10:37.914,OnTrack,710.1857742101108,-5428.858128108285,1842.7418026364817,car,0 days 00:01:13.645000,0 days 02:02:53.995000,9850.0,217.0,6,0.0,True,0,5081.889166666667,0.8847815673257423
2024-09-01 14:10:38.090,OnTrack,667.0,-5488.0,1843.0,pos,0 days 00:01:13.821000,0 days 02:02:54.171000,10128.85,211.5,6,2.1999999999999997,True,0,5092.112854654666,0.8865615610220245
2024-09-01 14:10:38.234,OnTrack,616.6290721848778,-5549.101096348586,1843.073403700499,car,0 days 00:01:13.965000,0 days 02:02:54.315000,10357.0,207.0,5,4.0,True,0,5100.2891666666665,0.8879850966245664
2024-09-01 14:10:38.290,OnTrack,594.0,-5573.0,1843.0,pos,0 days 00:01:14.021000,0 days 02:02:54.371000,10324.6,205.6,5,4.6,True,0,5103.431909447648,0.888532263395085
2024-09-01 14:10:38.514,OnTrack,490.3336969908969,-5659.153921375642,1842.0967983656858,car,0 days 00:01:14.245000,0 days 02:02:54.595000,10195.0,200.0,5,7.0,False,0,5115.844722222222,0.8906933943409636
2024-09-01 14:10:38.590,OnTrack,455.0,-5683.0,1842.0,pos,0 days 00:01:14.321000,0 days 02:02:54.671000,10143.2248256,199.0499968,5,9.8500096,False,0,5120.031713278696,0.891422369804188
2024-09-01 14:10:38.674,OnTrack,417.42992916540356,-5705.514960110245,1842.163881226752,car,0 days 00:01:14.405000,0 days 02:02:54.755000,10086.0,198.0,5,13.0,False,0,5124.644722222222,0.8922255170490969
2024-09-01 14:10:38.870,OnTrack,330.0,-5746.0,1843.0,pos,0 days 00:01:14.601000,0 days 02:02:54.951000,9903.71976192,196.03999744,5,23.78001408,False,0,5135.317822794056,0.8940837556573125
2024-09-01 14:10:38.874,OnTrack,328.0855326091033,-5746.734013913916,1843.0086908709159,car,0 days 00:01:14.605000,0 days 02:02:54.955000,9900.0,196.0,5,24.0,False,0,5135.533611111111,0.894121325450575
2024-09-01 14:10:39.034,OnTrack,246.93340882282882,-5773.280076510432,1843.0417310728017,car,0 days 00:01:14.765000,0 days 02:02:55.115000,9937.0,193.0,5,39.0,False,0,5144.1113888888885,0.8956147581913311
2024-09-01 14:10:39.110,OnTrack,207.0,-5783.0,1843.0,pos,0 days 00:01:14.841000,0 days 02:02:55.191000,9960.75008,193.19000064,5,44.89001984,False,0,5148.184708015102,0.8963239428198249
2024-09-01 14:10:39.330,OnTrack,90.0,-5799.0,1843.0,pos,0 days 00:01:15.061000,0 days 02:02:55.411000,10029.5,193.74,5,61.94,False,0,5160.021021874305,0.8983847025066746
2024-09-01 14:10:39.434,OnTrack,33.44102875501069,-5801.2476084196205,1843.0097091289604,car,0 days 00:01:15.165000,0 days 02:02:55.515000,10062.0,194.0,5,70.0,False,0,5165.666944444444,0.8993676850269101
2024-09-01 14:10:39.490,OnTrack,3.0,-5801.0,1843.0,pos,0 days 00:01:15.221000,0 days 02:02:55.571000,10124.0,194.8,5,72.2,False,0,5168.722929247953,0.8998997468124972
2024-09-01 14:10:39.714,OnTrack,-117.48955426850334,-5789.392640424299,1842.9320382579153,car,0 days 00:01:15.445000,0 days 02:02:55.795000,10372.0,198.0,5,81.0,False,0,5181.066944444444,0.9020488997661433
2024-09-01 14:10:39.750,OnTrack,-137.0,-5786.0,1843.0,pos,0 days 00:01:15.481000,0 days 02:02:55.831000,10437.52046592,198.72000512,5,82.62001152,False,0,5183.071163128524,0.9023978439659097
2024-09-01 14:10:39.914,OnTrack,-226.88845940335437,-5765.351587669795,1843.7013747911499,car,0 days 00:01:15.645000,0 days 02:02:55.995000,10736.0,202.0,5,90.0,False,0,5192.2891666666665,0.9040027431186871
2024-09-01 14:10:40.010,OnTrack,-279.0,-5750.0,1844.0,pos,0 days 00:01:15.741000,0 days 02:02:56.091000,10827.68,204.4,5,94.8,False,0,5197.773750177077,0.9049576357256136
2024-09-01 14:10:40.114,OnTrack,-334.25683632723826,-5731.065540790552,1844.0134634225824,car,0 days 00:01:15.845000,0 days 02:02:56.195000,10927.0,207.0,5,100.0,False,0,5203.789166666666,0.906004948930452
2024-09-01 14:10:40.150,OnTrack,-353.0,-5724.0,1844.0,pos,0 days 00:01:15.881000,0 days 02:02:56.231000,10965.057413485714,207.77143405714287,5,100.0,False,0,5205.888527596998,0.906370457857035
2024-09-01 14:10:40.330,OnTrack,-450.0,-5681.0,1844.0,pos,0 days 00:01:16.061000,0 days 02:02:56.411000,11155.342857142858,211.62857142857143,5,100.0,False,0,5216.519050942316,0.9082212835634785
2024-09-01 14:10:40.394,OnTrack,-493.59609930660037,-5658.029694319275,1843.9845159995077,car,0 days 00:01:16.125000,0 days 02:02:56.475000,11223.0,213.0,5,100.0,False,0,5220.355833333332,0.908889285998415
2024-09-01 14:10:40.510,OnTrack,-577.0,-5610.0,1844.0,pos,0 days 00:01:16.241000,0 days 02:02:56.591000,11311.4501952,216.3833408,5,100.0,False,0,5227.388069660616,0.9101136324718231
2024-09-01 14:10:40.634,OnTrack,-648.7508414863579,-5561.943999720535,1844.254668731589,car,0 days 00:01:16.365000,0 days 02:02:56.715000,11406.0,220.0,5,100.0,False,0,5235.022499999999,0.911442823845304
2024-09-01 14:10:40.830,OnTrack,-736.0,-5492.0,1845.0,pos,0 days 00:01:16.561000,0 days 02:02:56.911000,10958.62941568,224.41000576,5,100.0,False,0,5247.350433594265,0.9135891769139556
2024-09-01 14:10:41.034,OnTrack,-820.6637714725946,-5416.927421536277,1845.845844512843,car,0 days 00:01:16.765000,0 days 02:02:57.115000,10493.0,229.0,6,100.0,False,0,5260.4669444444435,0.9158728251099822
2024-09-01 14:10:41.110,OnTrack,-866.0,-5368.0,1846.0,pos,0 days 00:01:16.841000,0 days 02:02:57.191000,10569.814544457144,230.9000064,6,100.0,False,0,5265.4134203016765,0.9167340305629481
2024-09-01 14:10:41.270,OnTrack,-984.0,-5229.0,1846.0,pos,0 days 00:01:17.001000,0 days 02:02:57.351000,10731.528830171428,234.9000064,6,100.0,False,0,5275.919660401618,0.9185632179532004
2024-09-01 14:10:41.314,OnTrack,-1006.5052745463497,-5201.44517350235,1846.0461560378003,car,0 days 00:01:17.045000,0 days 02:02:57.395000,10776.0,236.0,6,100.0,False,0,5278.822499999999,0.919068616415331
2024-09-01 14:10:41.474,OnTrack,-1039.3439239149557,-5156.203960124934,1846.5079497833774,car,0 days 00:01:17.205000,0 days 02:02:57.555000,10924.0,239.0,6,100.0,False,0,5289.444722222222,0.9209179968559565
2024-09-01 14:10:41.590,OnTrack,-1061.0,-5120.0,1847.0,pos,0 days 00:01:17.321000,0 days 02:02:57.671000,10992.6334848,241.9000064,6,100.0,False,0,5297.286275070435,0.922283249263431
2024-09-01 14:10:41.714,OnTrack,-1102.5786228475083,-5052.6324407770335,1847.6133956000845,car,0 days 00:01:17.445000,0 days 02:02:57.795000,11066.0,245.0,6,100.0,False,0,5305.7780555555555,0.9237617094581737
2024-09-01 14:10:41.829,OnTrack,-1146.0,-4979.0,1848.0,pos,0 days 00:01:17.560000,0 days 02:02:57.910000,11167.521204897577,246.72069838809455,6,100.0,False,0,5313.718738229847,0.9251442208494649
2024-09-01 14:10:42.009,OnTrack,-1203.0,-4868.0,1848.0,pos,0 days 00:01:17.740000,0 days 02:02:58.090000,11326.42387195665,249.41396393146863,6,100.0,False,0,5326.273070560258,0.927329991036837
2024-09-01 14:10:42.115,OnTrack,-1234.2375529185956,-4800.507249627195,1848.2232000943775,car,0 days 00:01:17.846000,0 days 02:02:58.196000,11420.0,251.0,6,100.0,False,0,5333.736666666667,0.9286294393412647
2024-09-01 14:10:42.289,OnTrack,-1282.0,-4686.0,1849.0,pos,0 days 00:01:18.020000,0 days 02:02:58.370000,11519.784941500748,254.74193530627807,6,100.0,False,0,5346.102557804626,0.9307824010024887
2024-09-01 14:10:42.394,OnTrack,-1307.6831619875654,-4615.8312371585,1849.5799078858934,car,0 days 00:01:18.125000,0 days 02:02:58.475000,11580.0,257.0,6,100.0,False,0,5353.654166666666,0.9320971727548152
2024-09-01 14:10:42.469,OnTrack,-1325.0,-4565.0,1850.0,pos,0 days 00:01:18.200000,0 days 02:02:58.550000,11345.208132977777,258.4583345777778,6,100.0,False,0,5359.096039092681,0.9330446291546631
2024-09-01 14:10:42.669,OnTrack,-1368.0,-4426.0,1851.0,pos,0 days 00:01:18.400000,0 days 02:02:58.750000,10719.097021866666,262.34722346666666,6,100.0,False,0,5373.779074631209,0.9356010169015844
2024-09-01 14:10:42.754,OnTrack,-1384.336845495101,-4365.699364051136,1851.3538689665734,car,0 days 00:01:18.485000,0 days 02:02:58.835000,10453.0,264.0,7,100.0,False,0,5380.054166666666,0.936693540879215
2024-09-01 14:10:42.909,OnTrack,-1411.0,-4254.0,1852.0,pos,0 days 00:01:18.640000,0 days 02:02:58.990000,10635.90007552,266.32500096,7,100.0,False,0,5391.536271138555,0.9386926309926854
2024-09-01 14:10:42.954,OnTrack,-1418.010833156999,-4221.157485537372,1852.2299632000813,car,0 days 00:01:18.685000,0 days 02:02:59.035000,10689.0,267.0,7,100.0,False,0,5394.8875,0.9392760962016367
2024-09-01 14:10:43.089,OnTrack,-1437.0,-4123.0,1853.0,pos,0 days 00:01:18.820000,0 days 02:02:59.170000,10771.928610742858,268.92857234285714,7,100.0,False,0,5405.001059914852,0.9410369160659107
2024-09-01 14:10:43.234,OnTrack,-1454.0371939909187,-4018.862924449946,1853.8198922682805,car,0 days 00:01:18.965000,0 days 02:02:59.315000,10861.0,271.0,7,100.0,False,0,5415.965277777777,0.9429458396073549
2024-09-01 14:10:43.269,OnTrack,-1458.0,-3989.0,1854.0,pos,0 days 00:01:19,0 days 02:02:59.350000,10874.125024,271.546876,7,100.0,False,0,5418.627822452239,0.9434094015570325
2024-09-01 14:10:43.509,OnTrack,-1483.0,-3743.0,1855.0,pos,0 days 00:01:19.240000,0 days 02:02:59.590000,10964.125024,275.296876,7,100.0,False,0,5437.031426139985,0.9466135582753826
2024-09-01 14:10:43.554,OnTrack,-1485.9491015781564,-3706.4962543249394,1855.1572621214677,car,0 days 00:01:19.285000,0 days 02:02:59.635000,10981.0,276.0,7,100.0,False,0,5440.498611111111,0.9472172120057871
2024-09-01 14:10:43.834,OnTrack,-1492.4597588579468,-3560.317437542859,1855.934965135948,car,0 days 00:01:19.565000,0 days 02:02:59.915000,11165.0,279.0,7,100.0,False,0,5462.19861111111,0.950995287320161
2024-09-01 14:10:43.869,OnTrack,-1493.0,-3542.0,1856.0,pos,0 days 00:01:19.600000,0 days 02:02:59.950000,11182.9375328,279.729168,7,100.0,False,0,5464.940012437532,0.9514725785956517
2024-09-01 14:10:44.074,OnTrack,-1496.7090420601742,-3412.22603369944,1856.3269202783092,car,0 days 00:01:19.805000,0 days 02:03:00.155000,11288.0,284.0,7,100.0,False,0,5481.131944444444,0.9542916725406905
2024-09-01 14:10:44.169,OnTrack,-1498.0,-3306.0,1857.0,pos,0 days 00:01:19.900000,0 days 02:03:00.250000,11331.046904,285.1875008,7,100.0,False,0,5488.693152615176,0.9556081155792473
2024-09-01 14:10:44.329,OnTrack,-1499.0,-3067.0,1859.0,pos,0 days 00:01:20.060000,0 days 02:03:00.410000,11403.546904,287.1875008,7,100.0,False,0,5501.5028240124575,0.9578383415373724
2024-09-01 14:10:44.394,OnTrack,-1499.1650862485747,-3003.285684011577,1859.536283626132,car,0 days 00:01:20.125000,0 days 02:03:00.475000,11433.0,288.0,7,100.0,False,0,5506.731944444444,0.9587487567825326
2024-09-01 14:10:44.594,OnTrack,-1498.7816949766852,-2939.30376179388,1859.916145542946,car,0 days 00:01:20.325000,0 days 02:03:00.675000,11449.0,291.0,7,100.0,False,0,5522.898611111111,0.9615634519092169
2024-09-01 14:10:44.670,OnTrack,-1498.0,-2905.0,1860.0,pos,0 days 00:01:20.401000,0 days 02:03:00.751000,11507.4251968,291.4750016,7,100.0,False,0,5529.055047054913,0.9626353172854292
2024-09-01 14:10:44.754,OnTrack,-1496.670426464452,-2847.9146162429347,1860.144628596774,car,0 days 00:01:20.485000,0 days 02:03:00.835000,11572.0,292.0,7,100.0,False,0,5535.876388888888,0.9638229460040396
2024-09-01 14:10:44.994,OnTrack,-1491.128515222864,-2616.5154970865237,1860.814128101654,car,0 days 00:01:20.725000,0 days 02:03:01.075000,10648.0,295.0,7,100.0,False,0,5555.543055555555,0.9672470081169133
2024-09-01 14:10:45.050,OnTrack,-1490.0,-2572.0,1861.0,pos,0 days 00:01:20.781000,0 days 02:03:01.131000,10659.9,295.7,7,100.0,False,0,5560.173014949183,0.9680531065174489
2024-09-01 14:10:45.310,OnTrack,-1485.0,-2409.0,1862.0,pos,0 days 00:01:21.041000,0 days 02:03:01.391000,10715.1500544,298.9500032,7,100.0,False,0,5581.871282156801,0.9718308801442597
2024-09-01 14:10:45.474,OnTrack,-1478.7142895132415,-2253.105961344805,1862.8049743103052,car,0 days 00:01:21.205000,0 days 02:03:01.555000,10750.0,301.0,8,100.0,False,0,5595.676388888887,0.974234416225218
2024-09-01 14:10:45.670,OnTrack,-1470.0,-2057.0,1864.0,pos,0 days 00:01:21.401000,0 days 02:03:01.751000,10821.54009344,302.96000256,8,100.0,False,0,5612.269269455692,0.9771233172604162
2024-09-01 14:10:45.874,OnTrack,-1463.0085452500057,-1923.859615804708,1865.5199593614066,car,0 days 00:01:21.605000,0 days 02:03:01.955000,10896.0,305.0,8,100.0,False,0,5629.565277777777,0.9801346362502263
2024-09-01 14:10:45.950,OnTrack,-1460.0,-1871.0,1866.0,pos,0 days 00:01:21.681000,0 days 02:03:02.031000,10913.86006016,305.0,8,100.0,False,0,5635.993217892424,0.9812537718202458
2024-09-01 14:10:46.074,OnTrack,-1453.994169935072,-1766.539084147843,1866.578493579354,car,0 days 00:01:21.805000,0 days 02:03:02.155000,10943.0,305.0,8,100.0,False,0,5646.509722222221,0.9830847462627305
2024-09-01 14:10:46.190,OnTrack,-1448.0,-1667.0,1867.0,pos,0 days 00:01:21.921000,0 days 02:03:02.271000,10970.757204114285,307.07143314285713,8,100.0,False,0,5656.456039066465,0.984816448296748
2024-09-01 14:10:46.354,OnTrack,-1439.5639654769548,-1542.0424950429658,1867.6278398338818,car,0 days 00:01:22.085000,0 days 02:03:02.435000,11010.0,310.0,8,100.0,False,0,5670.6208333333325,0.9872826077231461
2024-09-01 14:10:46.410,OnTrack,-1435.0,-1478.0,1868.0,pos,0 days 00:01:22.141000,0 days 02:03:02.491000,11020.64,310.28,8,100.0,False,0,5675.457186353278,0.9881246402556925
2024-09-01 14:10:46.554,OnTrack,-1417.743992079187,-1238.6567659249354,1869.4563660692688,car,0 days 00:01:22.285000,0 days 02:03:02.635000,11048.0,311.0,8,100.0,False,0,5687.898611111111,0.990290752686716
2024-09-01 14:10:46.610,OnTrack,-1411.0,-1146.0,1870.0,pos,0 days 00:01:22.341000,0 days 02:03:02.691000,11070.4,311.28,8,100.0,False,0,5692.744122659943,0.9911343797635896
2024-09-01 14:10:46.754,OnTrack,-1396.79511219675,-953.7382308238047,1871.0086822298824,car,0 days 00:01:22.485000,0 days 02:03:02.835000,11128.0,312.0,8,100.0,False,0,5705.231944444443,0.9933085701421298
2024-09-01 14:10:46.994,OnTrack,-1383.15807875824,-780.4971042534021,1871.4442717852874,car,0 days 00:01:22.725000,0 days 02:03:03.075000,11179.0,314.0,8,100.0,False,0,5726.165277777777,0.9969531650690532
2024-09-01 14:10:47.130,OnTrack,-1381.0,-764.0,1871.0,pos,0 days 00:01:22.861000,0 days 02:03:03.211000,11204.16,314.68,8,100.0,False,0,5738.060960336899,0.9990242611346868
2024-09-01 14:10:47.194,OnTrack,-1381.3785695764936,-776.6804284038623,1870.6179382170155,car,0 days 00:01:22.925000,0 days 02:03:03.275000,11216.0,315.0,8,100.0,False,0,5743.665277777777,1.0
