Date,Status,X,Y,Z,Source,Time,SessionTime,RPM,Speed,nGear,Throttle,Brake,DRS,Distance,RelativeDistance
2024-09-01 14:17:03.789,OnTrack,-1373.0,-667.0,1871.0,pos,0 days 00:00:00,0 days 02:09:19.870000,11387.0,318.0,8,100.0,False,0,,
2024-09-01 14:17:03.876,OnTrack,-1366.569463997387,-590.4258154103552,1871.4746740282035,car,0 days 00:00:00.087000,0 days 02:09:19.957000,11387.0,318.0,8,100.0,False,0,14.31,0.0024963568803822982
2024-09-01 14:17:03.989,OnTrack,-1358.0,-491.0,1872.0,pos,0 days 00:00:00.200000,0 days 02:09:20.070000,11409.03498752,318.56499968,8,100.0,False,0,24.309402671078107,0.004240736870435335
2024-09-01 14:17:04.076,OnTrack,-1351.2350609853813,-414.4758270126441,1872.3342360435179,car,0 days 00:00:00.287000,0 days 02:09:20.157000,11426.0,319.0,8,100.0,False,0,32.032222222222224,0.005587970533779118
2024-09-01 14:17:04.229,OnTrack,-1339.0,-279.0,1873.0,pos,0 days 00:00:00.440000,0 days 02:09:20.310000,11465.524983466667,320.27499946666666,8,100.0,False,0,45.66368811460745,0.007965958211637434
2024-09-01 14:17:04.316,OnTrack,-1331.8628969803137,-200.6555198489878,1873.612510976865,car,0 days 00:00:00.527000,0 days 02:09:20.397000,11488.0,321.0,8,100.0,False,0,53.43222222222222,0.00932116670709716
2024-09-01 14:17:04.516,OnTrack,-1315.9300264223139,-23.753057415085376,1874.9748646631542,car,0 days 00:00:00.727000,0 days 02:09:20.597000,11532.0,322.0,8,100.0,False,0,71.32111111111112,0.012441855097046303
2024-09-01 14:17:04.529,OnTrack,-1315.0,-13.0,1875.0,pos,0 days 00:00:00.740000,0 days 02:09:20.610000,11534.03124,322.0812496,8,100.0,False,0,72.48589195698982,0.012645049274456982
2024-09-01 14:17:04.676,OnTrack,-1304.271553804344,114.11821541589316,1874.9586391281782,car,0 days 00:00:00.887000,0 days 02:09:20.757000,11557.0,323.0,8,100.0,False,0,85.67666666666668,0.014946159072086237
2024-09-01 14:17:04.689,OnTrack,-1303.0,129.0,1875.0,pos,0 days 00:00:00.900000,0 days 02:09:20.770000,11558.8687408,323.0812496,8,100.0,False,0,86.84507450012238,0.015149985971746594
2024-09-01 14:17:04.836,OnTrack,-1283.825860011481,349.83250457184573,1876.3169467684354,car,0 days 00:00:01.047000,0 days 02:09:20.917000,11580.0,324.0,8,100.0,False,0,100.07666666666668,0.01745821631020679
2024-09-01 14:17:04.909,OnTrack,-1275.0,451.0,1877.0,pos,0 days 00:00:01.120000,0 days 02:09:20.990000,11595.2843616,324.2281248,8,100.0,False,0,106.6573427957296,0.01860620485893871
2024-09-01 14:17:05.156,OnTrack,-1261.0101643489986,612.3775381741157,1877.7100623194717,car,0 days 00:00:01.367000,0 days 02:09:21.237000,11647.0,325.0,8,100.0,False,0,128.96555555555557,0.02249783731260913
2024-09-01 14:17:05.329,OnTrack,-1253.0,703.0,1878.0,pos,0 days 00:00:01.540000,0 days 02:09:21.410000,11647.0,325.72083306666667,8,100.0,False,0,144.62496589744484,0.025229596694139877
2024-09-01 14:17:05.396,OnTrack,-1248.1333222754388,757.4202677846438,1878.2797366308357,car,0 days 00:00:01.607000,0 days 02:09:21.477000,11647.0,326.0,8,100.0,False,0,150.69888888888892,0.026289182959031817
2024-09-01 14:17:05.529,OnTrack,-1237.0,884.0,1879.0,pos,0 days 00:00:01.740000,0 days 02:09:21.610000,11690.88997888,326.66499968,8,100.0,False,0,162.77321245058914,0.028395529618655328
2024-09-01 14:17:05.596,OnTrack,-1231.7796782027283,946.6298268339469,1879.3584038087592,car,0 days 00:00:01.807000,0 days 02:09:21.677000,11713.0,327.0,8,100.0,False,0,168.86555555555557,0.029458329243234823
2024-09-01 14:17:05.729,OnTrack,-1222.0,1066.0,1880.0,pos,0 days 00:00:01.940000,0 days 02:09:21.810000,11713.0,327.8312496,8,100.0,False,0,180.980348508983,0.03157173572427575
2024-09-01 14:17:05.756,OnTrack,-1220.0239354632652,1089.1219005639591,1880.1068123946527,car,0 days 00:00:01.967000,0 days 02:09:21.837000,11713.0,328.0,8,100.0,False,0,183.44333333333336,0.03200139953367785
2024-09-01 14:17:05.989,OnTrack,-1201.0,1302.0,1881.0,pos,0 days 00:00:02.200000,0 days 02:09:22.070000,11776.242839771428,328.83214262857143,8,100.0,False,0,204.73783752868817,0.03571619213063129
2024-09-01 14:17:06.036,OnTrack,-1195.8670102660005,1360.586032774577,1881.3110452710507,car,0 days 00:00:02.247000,0 days 02:09:22.117000,11789.0,329.0,8,100.0,False,0,209.03222222222226,0.036465340752344234
2024-09-01 14:17:06.195,OnTrack,-1176.3478002984773,1586.7100806570795,1882.6370412469066,car,0 days 00:00:02.406000,0 days 02:09:22.276000,11799.0,329.0,8,100.0,False,0,223.56305555555556,0.03900022165865835
2024-09-01 14:17:06.250,OnTrack,-1171.0,1649.0,1883.0,pos,0 days 00:00:02.461000,0 days 02:09:22.331000,11802.0937392,329.6874976,8,100.0,False,0,228.6122886659697,0.03988105239351764
2024-09-01 14:17:06.355,OnTrack,-1163.8205094996488,1732.953721549874,1883.4649003600325,car,0 days 00:00:02.566000,0 days 02:09:22.436000,11808.0,331.0,8,100.0,False,0,238.2741666666667,0.04156655173834324
2024-09-01 14:17:06.555,OnTrack,-1155.999521007905,1826.0975954258356,1883.8876606916147,car,0 days 00:00:02.766000,0 days 02:09:22.636000,11846.0,331.0,8,100.0,False,0,256.6630555555556,0.044774464337949356
2024-09-01 14:17:06.590,OnTrack,-1154.0,1850.0,1884.0,pos,0 days 00:00:02.801000,0 days 02:09:22.671000,11846.0,331.2187504,8,100.0,False,0,259.88673206635787,0.045336829609638245
2024-09-01 14:17:06.715,OnTrack,-1144.8411949877452,1959.476759092672,1884.5292232351253,car,0 days 00:00:02.926000,0 days 02:09:22.796000,11846.0,332.0,8,100.0,False,0,271.41861111111115,0.04734854768071485
2024-09-01 14:17:06.810,OnTrack,-1137.0,2052.0,1885.0,pos,0 days 00:00:03.021000,0 days 02:09:22.891000,11858.214261028572,332.33928502857145,8,100.0,False,0,280.19930631393174,0.048880326079324285
2024-09-01 14:17:06.995,OnTrack,-1122.1428334038214,2222.8886767066815,1885.9303480082854,car,0 days 00:00:03.206000,0 days 02:09:23.076000,11882.0,333.0,8,100.0,False,0,297.3186111111112,0.05186676174094557
2024-09-01 14:17:07.010,OnTrack,-1121.0,2236.0,1886.0,pos,0 days 00:00:03.221000,0 days 02:09:23.091000,11883.19998464,333.0,8,100.0,False,0,298.7060757191989,0.052108802748680495
2024-09-01 14:17:07.195,OnTrack,-1106.5107826886206,2402.6824556086176,1886.8931870211363,car,0 days 00:00:03.406000,0 days 02:09:23.276000,11898.0,333.0,8,100.0,False,0,315.8186111111112,0.055094057498253225
2024-09-01 14:17:07.210,OnTrack,-1105.0,2420.0,1887.0,pos,0 days 00:00:03.421000,0 days 02:09:23.291000,11900.2499712,333.03749952,8,100.0,False,0,317.20760421268136,0.05533636514926009
2024-09-01 14:17:07.430,OnTrack,-1079.0,2717.0,1889.0,pos,0 days 00:00:03.641000,0 days 02:09:23.511000,11933.2500096,333.58750016,8,100.0,False,0,337.6141243799089,0.05889625033613071
2024-09-01 14:17:07.595,OnTrack,-1069.823101324569,2821.963054300083,1889.6096807891104,car,0 days 00:00:03.806000,0 days 02:09:23.676000,11958.0,334.0,8,100.0,False,0,352.92972222222227,0.061568032170570074
2024-09-01 14:17:07.755,OnTrack,-1063.8933458768893,2891.469974877388,1889.9392312799912,car,0 days 00:00:03.966000,0 days 02:09:23.836000,11949.0,334.0,8,100.0,False,0,367.77416666666676,0.06415762203949682
2024-09-01 14:17:07.770,OnTrack,-1063.0,2902.0,1890.0,pos,0 days 00:00:03.981000,0 days 02:09:23.851000,11948.833335466667,334.0,8,100.0,False,0,369.1660843965693,0.06440043988729335
2024-09-01 14:17:07.950,OnTrack,-1049.0,3068.0,1891.0,pos,0 days 00:00:04.161000,0 days 02:09:24.031000,11946.833332622222,334.0,8,100.0,False,0,385.8756697026915,0.06731540063133759
2024-09-01 14:17:08.115,OnTrack,-1036.294818304757,3221.5757880996207,1891.7797344038083,car,0 days 00:00:04.326000,0 days 02:09:24.196000,11945.0,334.0,8,100.0,False,0,401.1741666666667,0.06998419924458198
2024-09-01 14:17:08.170,OnTrack,-1032.0,3272.0,1892.0,pos,0 days 00:00:04.381000,0 days 02:09:24.251000,11931.80004608,333.72500096,8,100.0,False,0,406.2648515707398,0.0708722611793228
2024-09-01 14:17:08.315,OnTrack,-1020.1061744711989,3405.300575739138,1892.5050153634566,car,0 days 00:00:04.526000,0 days 02:09:24.396000,11897.0,333.0,8,100.0,False,0,419.6741666666667,0.07321149500188963
2024-09-01 14:17:08.450,OnTrack,-1009.0,3530.0,1893.0,pos,0 days 00:00:04.661000,0 days 02:09:24.531000,11886.8750144,333.0,8,100.0,False,0,432.16508771193776,0.07539051643401223
2024-09-01 14:17:08.670,OnTrack,-992.0,3733.0,1894.0,pos,0 days 00:00:04.881000,0 days 02:09:24.751000,11870.3749952,333.0,8,100.0,False,0,452.51238114561977,0.07894006961083472
2024-09-01 14:17:08.675,OnTrack,-991.6178395424379,3737.5173656295015,1894.0201318386326,car,0 days 00:00:04.886000,0 days 02:09:24.756000,11870.0,333.0,8,100.0,False,0,452.9741666666667,0.07902062736504341
2024-09-01 14:17:08.875,OnTrack,-975.9959978419341,3918.287479555486,1894.788279019832,car,0 days 00:00:05.086000,0 days 02:09:24.956000,11848.0,332.0,8,100.0,False,0,471.4186111111111,0.08223823154350028
2024-09-01 14:17:08.910,OnTrack,-973.0,3953.0,1895.0,pos,0 days 00:00:05.121000,0 days 02:09:24.991000,11848.0,331.8541664,8,100.0,False,0,474.6399227431942,0.08280018426583474
2024-09-01 14:17:09.115,OnTrack,-954.0110194035226,4174.961103780683,1896.7522718788161,car,0 days 00:00:05.326000,0 days 02:09:25.196000,11848.0,331.0,8,100.0,False,0,493.48527777777775,0.08608772666302761
2024-09-01 14:17:09.150,OnTrack,-951.0,4210.0,1897.0,pos,0 days 00:00:05.361000,0 days 02:09:25.231000,11841.5568064,331.0,8,100.0,False,0,496.70512559286107,0.08664942402480029
2024-09-01 14:17:09.490,OnTrack,-927.0,4485.0,1898.0,pos,0 days 00:00:05.701000,0 days 02:09:25.571000,11778.965944436364,331.0,8,100.0,False,0,527.9907871918734,0.09210715823793843
2024-09-01 14:17:09.555,OnTrack,-922.4498026233491,4537.351127664217,1898.1446706571046,car,0 days 00:00:05.766000,0 days 02:09:25.636000,11767.0,331.0,8,100.0,False,0,533.9408333333333,0.09314513438216104
2024-09-01 14:17:10.469,OnTrack,-850.0,5375.0,1902.0,pos,0 days 00:00:06.680000,0 days 02:09:26.550000,11598.292085735824,325.04560302597025,8,100.0,False,0,616.4566032463238,0.10753988001195393
2024-09-01 14:17:10.476,OnTrack,-849.4326528696556,5381.324106957593,1902.0470240469954,car,0 days 00:00:06.687000,0 days 02:09:26.557000,11597.0,325.0,8,100.0,False,0,617.0866666666666,0.10764979357970027
2024-09-01 14:17:10.649,OnTrack,-836.0,5536.0,1903.0,pos,0 days 00:00:06.860000,0 days 02:09:26.730000,11597.0,324.13500032,8,100.0,False,0,632.6589045129754,0.11036634585716934
2024-09-01 14:17:10.676,OnTrack,-834.2047535626092,5560.026735975542,1903.0034257912155,car,0 days 00:00:06.887000,0 days 02:09:26.757000,11597.0,324.0,8,100.0,False,0,635.0866666666666,0.11078986512735095
2024-09-01 14:17:10.709,OnTrack,-832.0,5590.0,1903.0,pos,0 days 00:00:06.920000,0 days 02:09:26.790000,11585.4500224,323.8821430857143,8,100.0,False,0,638.0524306706092,0.11130723796989687
2024-09-01 14:17:10.956,OnTrack,-809.6989691660916,5855.1174183564435,1905.014715727591,car,0 days 00:00:07.167000,0 days 02:09:27.037000,11499.0,323.0,8,100.0,False,0,660.2088888888889,0.11517239708367084
2024-09-01 14:17:11.069,OnTrack,-800.0,5966.0,1906.0,pos,0 days 00:00:07.280000,0 days 02:09:27.150000,11491.466670933334,322.68611128888887,8,100.0,False,0,670.3329125589469,0.11693851701000925
2024-09-01 14:17:11.316,OnTrack,-784.9944717135401,6141.675100884258,1906.7503233791795,car,0 days 00:00:07.527000,0 days 02:09:27.397000,11475.0,322.0,8,100.0,False,0,692.4088888888889,0.12078963618557931
2024-09-01 14:17:11.469,OnTrack,-774.0,6269.0,1907.0,pos,0 days 00:00:07.680000,0 days 02:09:27.550000,11445.3562624,321.0437504,8,100.0,False,0,706.0103844575458,0.12316239558783688
2024-09-01 14:17:11.636,OnTrack,-757.81364093535,6454.844600694481,1907.687873084059,car,0 days 00:00:07.847000,0 days 02:09:27.717000,11413.0,320.0,8,100.0,False,0,720.8533333333332,0.12575172455717543
2024-09-01 14:17:11.669,OnTrack,-755.0,6489.0,1908.0,pos,0 days 00:00:07.880000,0 days 02:09:27.750000,11406.871440457144,319.8821430857143,8,100.0,False,0,723.7944297881064,0.12626479418476041
2024-09-01 14:17:11.829,OnTrack,-744.0,6631.0,1910.0,pos,0 days 00:00:08.040000,0 days 02:09:27.910000,11377.157154742858,319.31071451428573,8,100.0,False,0,738.0594251838304,0.1287533000830649
2024-09-01 14:17:11.916,OnTrack,-737.2996117560341,6707.460942865064,1910.109774624611,car,0 days 00:00:08.127000,0 days 02:09:27.997000,11361.0,319.0,8,100.0,False,0,745.6644444444444,0.130079983671931
2024-09-01 14:17:12.009,OnTrack,-730.0,6790.0,1910.0,pos,0 days 00:00:08.220000,0 days 02:09:28.090000,11121.266831644445,313.57500373333335,8,74.16668444444444,False,0,753.6193289140289,0.1314677006934749
2024-09-01 14:17:12.169,OnTrack,-719.0,6929.0,1911.0,pos,0 days 00:00:08.380000,0 days 02:09:28.250000,10708.8223872,304.2416704,8,29.72224,False,0,766.8844888133889,0.13378178686986475
2024-09-01 14:17:12.276,OnTrack,-711.1423976899049,7018.4296136393505,1911.5257653531273,car,0 days 00:00:08.487000,0 days 02:09:28.357000,10433.0,298.0,8,0.0,True,0,775.4644444444443,0.135278546567486
2024-09-01 14:17:12.389,OnTrack,-703.0,7109.0,1912.0,pos,0 days 00:00:08.600000,0 days 02:09:28.470000,10172.158481066666,285.2875072,8,0.0,True,0,784.2734655523554,0.13681526637546412
2024-09-01 14:17:12.516,OnTrack,-695.1691003284275,7205.33556866612,1912.711380803518,car,0 days 00:00:08.727000,0 days 02:09:28.597000,9879.0,271.0,8,0.0,True,0,793.531111111111,0.13843024800975764
2024-09-01 14:17:12.589,OnTrack,-691.0,7258.0,1913.0,pos,0 days 00:00:08.800000,0 days 02:09:28.670000,9922.543814489212,259.8396105720925,8,0.0,True,0,798.3666756804325,0.1392738046053662
2024-09-01 14:17:12.830,OnTrack,-678.0,7418.0,1913.0,pos,0 days 00:00:09.041000,0 days 02:09:28.911000,10066.298291922078,222.9949755998034,8,0.0,True,0,812.19775591243,0.14168661468924226
2024-09-01 14:17:12.915,OnTrack,-673.8086191299794,7469.966200615772,1913.1171419438795,car,0 days 00:00:09.126000,0 days 02:09:28.996000,10117.0,210.0,8,0.0,True,0,816.8061111111111,0.14249053496928932
2024-09-01 14:17:13.150,OnTrack,-663.0,7602.0,1914.0,pos,0 days 00:00:09.361000,0 days 02:09:29.231000,10419.5625824,189.4374944,8,0.0,True,0,829.1554268389565,0.14464485357762055
2024-09-01 14:17:13.155,OnTrack,-662.7724761027415,7604.623173747863,1914.0241894993242,car,0 days 00:00:09.366000,0 days 02:09:29.236000,10426.0,189.0,7,0.0,True,0,829.4061111111112,0.14468858505264479
2024-09-01 14:17:13.370,OnTrack,-653.0,7711.0,1915.0,pos,0 days 00:00:09.581000,0 days 02:09:29.451000,10882.874592,171.97918186666666,7,0.0,True,0,839.6193886849469,0.1464702751814148
2024-09-01 14:17:13.395,OnTrack,-651.8611289543804,7722.795328339713,1915.0388150908047,car,0 days 00:00:09.606000,0 days 02:09:29.476000,10936.0,170.0,5,0.0,True,0,840.7394444444444,0.14666566713820262
2024-09-01 14:17:13.530,OnTrack,-646.0,7784.0,1915.0,pos,0 days 00:00:09.741000,0 days 02:09:29.611000,10944.09998848,158.52501632,5,0.0,True,0,846.5562433476333,0.14768039851233092
2024-09-01 14:17:13.595,OnTrack,-643.6205592589935,7811.4172158435285,1914.9848836998608,car,0 days 00:00:09.806000,0 days 02:09:29.676000,10948.0,153.0,4,0.0,True,0,849.2394444444444,0.148148478702371
2024-09-01 14:17:13.610,OnTrack,-643.0,7818.0,1915.0,pos,0 days 00:00:09.821000,0 days 02:09:29.691000,10895.42567296,152.32500864,4,0.0,True,0,849.8490908766288,0.14825483055880595
2024-09-01 14:17:13.970,OnTrack,-620.0,7991.0,1917.0,pos,0 days 00:00:10.181000,0 days 02:09:30.051000,9633.625672959999,136.12500864,4,0.0,True,0,863.382106319165,0.15061564371130737
2024-09-01 14:17:13.995,OnTrack,-618.8114649871267,7998.055617021483,1917.0514484243135,car,0 days 00:00:10.206000,0 days 02:09:30.076000,9546.0,135.0,3,0.0,True,0,864.2394444444444,0.1507652049920799
2024-09-01 14:17:14.195,OnTrack,-610.8661159664589,8031.970546052883,1916.9832126266351,car,0 days 00:00:10.406000,0 days 02:09:30.276000,9402.0,117.0,3,0.0,True,0,870.7394444444444,0.15189911971762043
2024-09-01 14:17:14.210,OnTrack,-610.0,8035.0,1917.0,pos,0 days 00:00:10.421000,0 days 02:09:30.291000,9395.02508928,116.32500864,3,0.0,True,0,871.2075543957476,0.1519807807586904
2024-09-01 14:17:14.395,OnTrack,-594.6136031358421,8086.589252008998,1917.673666787472,car,0 days 00:00:10.606000,0 days 02:09:30.476000,9309.0,108.0,2,0.0,True,0,876.7394444444444,0.152945810233504
2024-09-01 14:17:14.510,OnTrack,-582.0,8122.0,1918.0,pos,0 days 00:00:10.721000,0 days 02:09:30.591000,8935.569236622223,102.88888604444445,2,0.0,True,0,879.8493734783922,0.15348833243765467
2024-09-01 14:17:14.670,OnTrack,-561.0,8167.0,1918.0,pos,0 days 00:00:10.881000,0 days 02:09:30.751000,8416.013681066666,95.77777493333333,2,0.0,True,0,883.8292170191932,0.15418260985246415
2024-09-01 14:17:14.755,OnTrack,-546.426131406509,8190.254193096405,1918.1216599924196,car,0 days 00:00:10.966000,0 days 02:09:30.836000,8140.0,92.0,2,0.0,True,0,885.9394444444445,0.15455073569119215
2024-09-01 14:17:14.995,OnTrack,-498.6105114969066,8248.323727564622,1918.949163691689,car,0 days 00:00:11.206000,0 days 02:09:31.076000,7735.0,89.0,2,0.0,True,0,891.8727777777779,0.15558579631245478
2024-09-01 14:17:15.010,OnTrack,-496.0,8251.0,1919.0,pos,0 days 00:00:11.221000,0 days 02:09:31.091000,7703.35040512,88.6250048,2,0.0,True,0,892.2263806502308,0.15564748177461907
2024-09-01 14:17:15.395,OnTrack,-442.4925980776099,8285.741229825911,1919.9686008995043,car,0 days 00:00:11.606000,0 days 02:09:31.476000,6891.0,79.0,2,0.0,False,0,900.6505555555556,0.15711706577087703
2024-09-01 14:17:15.430,OnTrack,-437.0,8288.0,1920.0,pos,0 days 00:00:11.641000,0 days 02:09:31.511000,6875.687472,78.7812496,2,0.0,False,0,901.413060837084,0.1572500836119582
2024-09-01 14:17:15.555,OnTrack,-415.1029546556988,8296.48021311172,1920.0190592540891,car,0 days 00:00:11.766000,0 days 02:09:31.636000,6821.0,78.0,2,0.0,False,0,904.1172222222223,0.1577218202911653
2024-09-01 14:17:15.650,OnTrack,-392.0,8303.0,1920.0,pos,0 days 00:00:11.861000,0 days 02:09:31.731000,6861.3749184,75.6250048,2,5.22498944,False,0,906.0601577936638,0.1580607623304321
2024-09-01 14:17:15.755,OnTrack,-356.9324891290153,8309.970031168114,1919.9964181028965,car,0 days 00:00:11.966000,0 days 02:09:31.836000,6906.0,73.0,2,11.0,False,0,908.1727777777778,0.1584293055472718
2024-09-01 14:17:15.830,OnTrack,-334.0,8314.0,1920.0,pos,0 days 00:00:12.041000,0 days 02:09:31.911000,6925.6875168,73.9375008,2,16.1562544,False,0,909.7222957442123,0.1586996165072148
2024-09-01 14:17:15.915,OnTrack,-316.4888988362966,8316.9980752807,1920.0063190644337,car,0 days 00:00:12.126000,0 days 02:09:31.996000,6948.0,75.0,2,22.0,False,0,911.5061111111112,0.1590108002783182
2024-09-01 14:17:16.130,OnTrack,-292.0,8323.0,1920.0,pos,0 days 00:00:12.341000,0 days 02:09:32.211000,7266.4684656,76.3437488,2,27.3749952,False,0,916.0796435244284,0.15980864577850243
2024-09-01 14:17:16.235,OnTrack,-272.38249166981086,8330.268956627917,1919.9562159516963,car,0 days 00:00:12.446000,0 days 02:09:32.316000,7422.0,77.0,2,30.0,False,0,918.3505555555556,0.16020480279273355
2024-09-01 14:17:16.470,OnTrack,-220.0,8355.0,1920.0,pos,0 days 00:00:12.681000,0 days 02:09:32.551000,6937.312368,78.95833386666666,2,0.6249920000000024,False,0,923.5075575566894,0.1611044336402301
2024-09-01 14:17:16.475,OnTrack,-219.08998939694035,8355.580042125912,1920.0088097893085,car,0 days 00:00:12.686000,0 days 02:09:32.556000,6927.0,79.0,2,0.0,True,0,923.6172222222223,0.1611235644677869
2024-09-01 14:17:16.675,OnTrack,-191.08282481583169,8380.343512767968,1920.645443194829,car,0 days 00:00:12.886000,0 days 02:09:32.756000,6807.0,78.0,2,0.0,True,0,927.9505555555556,0.16187950761814726
2024-09-01 14:17:16.829,OnTrack,-176.0,8404.0,1921.0,pos,0 days 00:00:13.040000,0 days 02:09:32.910000,6588.09740386592,75.31172250361656,2,0.0,True,0,931.103593739592,0.16242955014538885
2024-09-01 14:17:17.049,OnTrack,-159.0,8446.0,1921.0,pos,0 days 00:00:13.260000,0 days 02:09:33.130000,6275.379149466997,71.47132288819118,2,0.0,True,0,935.3509330898152,0.16317049178132512
2024-09-01 14:17:17.076,OnTrack,-157.3667858393381,8451.241537897951,1921.0631399843794,car,0 days 00:00:13.287000,0 days 02:09:33.157000,6237.0,71.0,2,0.0,False,0,935.8591666666667,0.16325915232544913
2024-09-01 14:17:17.309,OnTrack,-147.0,8496.0,1922.0,pos,0 days 00:00:13.520000,0 days 02:09:33.390000,6233.50500096,68.0875008,2,7.57249792,False,0,940.1347707260055,0.164005024695213
2024-09-01 14:17:17.469,OnTrack,-143.0,8527.0,1922.0,pos,0 days 00:00:13.680000,0 days 02:09:33.550000,6231.10500096,66.0875008,2,12.77249792,False,0,943.0629495329206,0.16451584085954787
2024-09-01 14:17:17.476,OnTrack,-142.96645385904407,8528.296808185507,1921.9973248160143,car,0 days 00:00:13.687000,0 days 02:09:33.557000,6231.0,66.0,2,13.0,False,0,943.1925000000001,0.1645384407337513
2024-09-01 14:17:17.529,OnTrack,-143.0,8538.0,1922.0,pos,0 days 00:00:13.740000,0 days 02:09:33.610000,6404.83979008,66.52999936,2,16.44499584,False,0,944.1772931145265,0.16471023633593165
2024-09-01 14:17:17.676,OnTrack,-141.75190316920902,8566.315091945333,1922.5772930494365,car,0 days 00:00:13.887000,0 days 02:09:33.757000,6887.0,68.0,2,26.0,False,0,946.9702777777778,0.16519746809560387
2024-09-01 14:17:17.789,OnTrack,-141.0,8588.0,1923.0,pos,0 days 00:00:14,0 days 02:09:33.870000,6938.13247104,69.69499904,2,30.2374976,False,0,949.2235835964268,0.16559055373389808
2024-09-01 14:17:17.969,OnTrack,-143.0,8623.0,1923.0,pos,0 days 00:00:14.180000,0 days 02:09:34.050000,7019.58247104,72.39499904,2,36.9874976,False,0,952.9712075235692,0.16624432080417112
2024-09-01 14:17:18.076,OnTrack,-146.43429537226632,8651.971302013408,1923.287217373248,car,0 days 00:00:14.287000,0 days 02:09:34.157000,7068.0,74.0,2,41.0,False,0,955.1925000000001,0.1666318217655184
2024-09-01 14:17:18.249,OnTrack,-154.0,8703.0,1924.0,pos,0 days 00:00:14.460000,0 days 02:09:34.330000,7671.76977664,74.86499968,2,49.6499968,False,0,958.7777395723972,0.16725726114178482
2024-09-01 14:17:18.276,OnTrack,-155.14630816982717,8709.6401070525,1924.0692921969296,car,0 days 00:00:14.487000,0 days 02:09:34.357000,7766.0,75.0,2,51.0,False,0,959.3591666666667,0.16735869017932642
2024-09-01 14:17:18.676,OnTrack,-171.5472433851939,8780.14923128819,1924.018687268193,car,0 days 00:00:14.887000,0 days 02:09:34.757000,8989.0,87.0,2,62.0,False,0,969.0258333333334,0.16904502489936105
2024-09-01 14:17:18.729,OnTrack,-174.0,8792.0,1924.0,pos,0 days 00:00:14.940000,0 days 02:09:34.810000,9050.281176,90.9749952,2,62.0,False,0,970.4604337519083,0.16929528867472857
2024-09-01 14:17:18.789,OnTrack,-177.0,8807.0,1924.0,pos,0 days 00:00:15,0 days 02:09:34.870000,9119.656176,95.4749952,2,62.0,False,0,972.1214156043167,0.1695850443333903
2024-09-01 14:17:18.836,OnTrack,-179.9114713670956,8820.09543668546,1924.0418804042083,car,0 days 00:00:15.047000,0 days 02:09:34.917000,9174.0,99.0,2,62.0,False,0,973.4258333333333,0.16981259794434234
2024-09-01 14:17:19.076,OnTrack,-201.79708776581595,8901.527734337102,1924.763124150693,car,0 days 00:00:15.287000,0 days 02:09:35.157000,8130.0,102.0,3,74.0,False,0,980.2258333333333,0.17099884719567704
2024-09-01 14:17:19.169,OnTrack,-210.0,8931.0,1925.0,pos,0 days 00:00:15.380000,0 days 02:09:35.250000,8401.249813333334,107.03749653333334,3,77.09999786666667,False,0,983.1142794521368,0.17150273205537575
2024-09-01 14:17:19.316,OnTrack,-221.00220766849372,8971.072056690162,1925.1959871279987,car,0 days 00:00:15.527000,0 days 02:09:35.397000,8830.0,115.0,3,82.0,False,0,987.8924999999999,0.1723362850770838
2024-09-01 14:17:19.476,OnTrack,-231.90627777136942,9011.45347132292,1925.1395377228282,car,0 days 00:00:15.687000,0 days 02:09:35.557000,9861.0,120.0,3,87.0,False,0,993.2258333333333,0.17326667664675807
2024-09-01 14:17:19.550,OnTrack,-238.0,9034.0,1925.0,pos,0 days 00:00:15.761000,0 days 02:09:35.631000,10141.882141847824,125.56990082984353,3,89.38710035564723,False,0,995.9482530161451,0.17374159845713372
2024-09-01 14:17:19.755,OnTrack,-257.63057384044697,9108.329038371718,1924.8635077816675,car,0 days 00:00:15.966000,0 days 02:09:35.836000,10920.0,141.0,3,96.0,False,0,1004.1533333333333,0.17517296174881103
2024-09-01 14:17:19.770,OnTrack,-259.0,9114.0,1925.0,pos,0 days 00:00:15.981000,0 days 02:09:35.851000,10965.8431632,141.5624928,3,96.3749952,False,0,1004.7582072844978,0.17527848105347582
2024-09-01 14:17:19.850,OnTrack,-266.0,9144.0,1926.0,pos,0 days 00:00:16.061000,0 days 02:09:35.931000,11210.3431632,144.5624928,3,98.3749952,False,0,1007.9846784476553,0.1758413338478506
2024-09-01 14:17:19.915,OnTrack,-271.6690431274847,9166.944547585175,1926.3535163919496,car,0 days 00:00:16.126000,0 days 02:09:35.996000,11409.0,147.0,3,100.0,False,0,1010.6866666666666,0.176312691421662
2024-09-01 14:17:20.070,OnTrack,-288.0,9230.0,1926.0,pos,0 days 00:00:16.281000,0 days 02:09:36.151000,10784.017599085715,155.30357485714285,3,100.0,False,0,1017.5906835296246,0.17751708625032173
2024-09-01 14:17:20.195,OnTrack,-308.5666497031011,9314.307288814593,1926.3462179251796,car,0 days 00:00:16.406000,0 days 02:09:36.276000,10280.0,162.0,3,100.0,False,0,1023.2866666666666,0.1785107415050175
2024-09-01 14:17:20.330,OnTrack,-331.0,9409.0,1927.0,pos,0 days 00:00:16.541000,0 days 02:09:36.411000,10533.12464,162.0,3,100.0,False,0,1029.3337788333413,0.1795656506639079
2024-09-01 14:17:20.355,OnTrack,-334.2552086913034,9423.049763800716,1927.0919082607334,car,0 days 00:00:16.566000,0 days 02:09:36.436000,10580.0,162.0,4,100.0,False,0,1030.4866666666665,0.17976677012407774
2024-09-01 14:17:20.755,OnTrack,-360.39130985052395,9550.576198884084,1927.8739922184477,car,0 days 00:00:16.966000,0 days 02:09:36.836000,11588.0,184.0,4,100.0,False,0,1050.931111111111,0.1833332711411625
2024-09-01 14:17:20.790,OnTrack,-363.0,9564.0,1928.0,pos,0 days 00:00:17.001000,0 days 02:09:36.871000,11530.760312,185.3854192,4,100.0,False,0,1052.833297162621,0.18366510449108941
2024-09-01 14:17:20.990,OnTrack,-382.0,9667.0,1929.0,pos,0 days 00:00:17.201000,0 days 02:09:37.071000,11203.676978666666,193.30208586666666,4,100.0,False,0,1063.9655024165945,0.18560710010112327
2024-09-01 14:17:21.190,OnTrack,-403.0,9820.0,1930.0,pos,0 days 00:00:17.401000,0 days 02:09:37.271000,10876.593645333332,201.21875253333334,4,100.0,False,0,1075.403529763918,0.18760244589193334
2024-09-01 14:17:21.235,OnTrack,-406.55104955100364,9850.082933174948,1930.1145188120133,car,0 days 00:00:17.446000,0 days 02:09:37.316000,10803.0,203.0,5,100.0,False,0,1077.9977777777776,0.18805500835725944
2024-09-01 14:17:21.475,OnTrack,-415.9489849967028,9963.537443719506,1929.934363132657,car,0 days 00:00:17.686000,0 days 02:09:37.556000,10943.0,210.0,5,100.0,False,0,1091.9977777777776,0.1904972862276544
2024-09-01 14:17:21.670,OnTrack,-420.0,10053.0,1931.0,pos,0 days 00:00:17.881000,0 days 02:09:37.751000,10203.624757333333,215.68750186666668,5,100.0,False,0,1103.7134824286513,0.19254107238514817
2024-09-01 14:17:21.715,OnTrack,-421.10936461404845,10077.548802588757,1931.5679887789943,car,0 days 00:00:17.926000,0 days 02:09:37.796000,10033.0,217.0,5,100.0,False,0,1106.4644444444443,0.19302097336039592
2024-09-01 14:17:21.830,OnTrack,-424.0,10162.0,1933.0,pos,0 days 00:00:18.041000,0 days 02:09:37.911000,10100.083370666667,220.83333546666665,5,100.0,False,0,1113.5755776175452,0.19426149930197417
2024-09-01 14:17:21.955,OnTrack,-426.50113764075843,10322.323799533113,1933.0484269070537,car,0 days 00:00:18.166000,0 days 02:09:38.036000,10173.0,225.0,6,100.0,False,0,1121.4644444444443,0.19563769965010483
2024-09-01 14:17:21.990,OnTrack,-427.0,10364.0,1933.0,pos,0 days 00:00:18.201000,0 days 02:09:38.071000,10228.250101028572,226.3750025142857,6,100.0,False,0,1123.708633200386,0.19602919483122092
2024-09-01 14:17:22.235,OnTrack,-427.5608533976101,10510.244176299395,1933.4473791540836,car,0 days 00:00:18.446000,0 days 02:09:38.316000,10615.0,236.0,6,100.0,False,0,1139.82,0.19883979730240048
2024-09-01 14:17:22.470,OnTrack,-424.0,10588.0,1934.0,pos,0 days 00:00:18.681000,0 days 02:09:38.551000,10887.386437818182,241.8750016,6,100.0,False,0,1155.8249496624733,0.2016318354722179
2024-09-01 14:17:22.650,OnTrack,-419.0,10710.0,1934.0,pos,0 days 00:00:18.861000,0 days 02:09:38.731000,11096.022504727272,246.3749952,6,100.0,False,0,1168.2770933111688,0.2038040922488028
2024-09-01 14:17:22.675,OnTrack,-418.1424691611958,10727.58120157378,1934.0725811996201,car,0 days 00:00:18.886000,0 days 02:09:38.756000,11125.0,247.0,6,100.0,False,0,1170.0088888888886,0.20410620124991086
2024-09-01 14:17:22.870,OnTrack,-410.0,10862.0,1935.0,pos,0 days 00:00:19.081000,0 days 02:09:38.951000,11280.187550933333,250.25000106666667,6,100.0,False,0,1183.567227584373,0.206471432003861
2024-09-01 14:17:22.915,OnTrack,-407.7202296652424,10893.307457932682,1935.041336722794,car,0 days 00:00:19.126000,0 days 02:09:38.996000,11316.0,251.0,6,100.0,False,0,1186.7422222222222,0.20702530479976397
2024-09-01 14:17:23.070,OnTrack,-399.0,11002.0,1935.0,pos,0 days 00:00:19.281000,0 days 02:09:39.151000,11196.539102041434,254.16685738329042,6,100.0,False,0,1197.863463965867,0.20896538784275084
2024-09-01 14:17:23.230,OnTrack,-389.0,11115.0,1936.0,pos,0 days 00:00:19.441000,0 days 02:09:39.311000,11073.224677646287,257.43587010657853,6,100.0,False,0,1209.6444346162173,0.21102055955068824
2024-09-01 14:17:23.796,OnTrack,-318.97171560822375,11589.465087389912,1936.0466263362014,car,0 days 00:00:20.007000,0 days 02:09:39.877000,10637.0,269.0,7,100.0,False,0,1252.5725,0.21850929270109404
2024-09-01 14:17:23.929,OnTrack,-296.0,11698.0,1936.0,pos,0 days 00:00:20.140000,0 days 02:09:40.010000,10738.597173333334,270.8472213333333,7,100.0,False,0,1262.6624912662064,0.2202694757283751
2024-09-01 14:17:24.156,OnTrack,-251.89373814377555,11870.671288384594,1936.315424746505,car,0 days 00:00:20.367000,0 days 02:09:40.237000,10912.0,274.0,7,100.0,False,0,1279.9724999999999,0.22328917939029563
2024-09-01 14:17:24.409,OnTrack,-200.0,12038.0,1937.0,pos,0 days 00:00:20.620000,0 days 02:09:40.490000,11045.6155912,278.7437488,7,100.0,False,0,1299.6163649903606,0.22671602058708026
2024-09-01 14:17:24.476,OnTrack,-186.660059204373,12076.623138966595,1937.1905866123782,car,0 days 00:00:20.687000,0 days 02:09:40.557000,11081.0,280.0,7,100.0,False,0,1304.8613888888888,0.22763100671544226
2024-09-01 14:17:24.769,OnTrack,-122.0,12242.0,1937.0,pos,0 days 00:00:20.980000,0 days 02:09:40.850000,11153.3343592,283.6624992,7,100.0,False,0,1327.9623099874455,0.23166092588578124
2024-09-01 14:17:24.796,OnTrack,-114.28844087991114,12260.585509662238,1936.7399034244918,car,0 days 00:00:21.007000,0 days 02:09:40.877000,11160.0,284.0,7,100.0,False,0,1330.1058333333333,0.23203486014523386
2024-09-01 14:17:24.869,OnTrack,-91.0,12315.0,1936.0,pos,0 days 00:00:21.080000,0 days 02:09:40.950000,11214.9527296,284.8111104,7,100.0,False,0,1335.914297853933,0.23304813759949353
2024-09-01 14:17:25.156,OnTrack,43.69744649871132,12583.712704984515,1936.8673251989596,car,0 days 00:00:21.367000,0 days 02:09:41.237000,11431.0,288.0,7,100.0,False,0,1358.9058333333332,0.23705897462147496
2024-09-01 14:17:25.189,OnTrack,60.0,12613.0,1937.0,pos,0 days 00:00:21.400000,0 days 02:09:41.270000,11443.53997568,288.32999936,7,100.0,False,0,1361.560046339812,0.23752199788497766
2024-09-01 14:17:25.356,OnTrack,139.37752221955452,12744.795921672645,1937.1982573274302,car,0 days 00:00:21.567000,0 days 02:09:41.437000,11507.0,290.0,7,100.0,False,0,1375.0169444444443,0.23986953248819934
2024-09-01 14:17:25.516,OnTrack,209.38807482461334,12847.451892181412,1936.9595086240329,car,0 days 00:00:21.727000,0 days 02:09:41.597000,10947.0,291.0,7,100.0,False,0,1387.9502777777777,0.24212573204465948
2024-09-01 14:17:25.609,OnTrack,246.0,12899.0,1937.0,pos,0 days 00:00:21.820000,0 days 02:09:41.690000,10759.2563792,292.7437488,7,100.0,False,0,1395.5301039945311,0.24344802074684638
2024-09-01 14:17:25.676,OnTrack,270.4757010024356,12932.512133881028,1937.122023422482,car,0 days 00:00:21.887000,0 days 02:09:41.757000,10624.0,294.0,8,100.0,False,0,1401.0169444444443,0.24440519139036146
2024-09-01 14:17:25.970,OnTrack,378.0,13067.0,1938.0,pos,0 days 00:00:22.181000,0 days 02:09:42.051000,10660.749984,296.7562488,8,100.0,False,0,1425.2672488585827,0.24863561866328943
2024-09-01 14:17:25.996,OnTrack,390.20857680276174,13081.220484455005,1938.0225904247545,car,0 days 00:00:22.207000,0 days 02:09:42.077000,10664.0,297.0,8,100.0,False,0,1427.4169444444444,0.24901062966024914
2024-09-01 14:17:26.130,OnTrack,466.0,13165.0,1938.0,pos,0 days 00:00:22.341000,0 days 02:09:42.211000,10729.3249376,297.8374992,8,100.0,False,0,1438.5040925266685,0.25094476511789254
2024-09-01 14:17:26.156,OnTrack,484.74967507875937,13184.170375468975,1937.9887940886188,car,0 days 00:00:22.367000,0 days 02:09:42.237000,10742.0,298.0,8,100.0,False,0,1440.661388888889,0.2513211020582736
2024-09-01 14:17:26.315,OnTrack,624.3554415585866,13318.06262719925,1937.9315240964536,car,0 days 00:00:22.526000,0 days 02:09:42.396000,10754.0,300.0,8,100.0,False,0,1453.911388888889,0.25363254361418314
2024-09-01 14:17:26.390,OnTrack,683.0,13372.0,1938.0,pos,0 days 00:00:22.601000,0 days 02:09:42.471000,10779.625021866666,300.6250005333333,8,100.0,False,0,1460.1919393252772,0.2547281757102325
2024-09-01 14:17:26.675,OnTrack,817.3582112086667,13483.38042577304,1938.8904989622154,car,0 days 00:00:22.886000,0 days 02:09:42.756000,10877.0,303.0,8,100.0,False,0,1484.211388888889,0.25891833071939513
2024-09-01 14:17:26.770,OnTrack,867.0,13520.0,1939.0,pos,0 days 00:00:22.981000,0 days 02:09:42.851000,10904.54994432,303.71249856,8,100.0,False,0,1492.2593229977276,0.2603222801034247
2024-09-01 14:17:26.970,OnTrack,1004.0,13619.0,1939.0,pos,0 days 00:00:23.181000,0 days 02:09:43.051000,10962.54994432,305.21249856,8,100.0,False,0,1509.2623197560888,0.26328842601152064
2024-09-01 14:17:27.075,OnTrack,1073.6503253438025,13666.248181734249,1939.858452637518,car,0 days 00:00:23.286000,0 days 02:09:43.156000,10993.0,306.0,8,100.0,False,0,1518.2113888888891,0.2648495769760687
2024-09-01 14:17:27.190,OnTrack,1169.0,13724.0,1941.0,pos,0 days 00:00:23.401000,0 days 02:09:43.271000,11001.33750464,306.57500032,8,100.0,False,0,1528.0283415201147,0.2665621288450657
2024-09-01 14:17:27.450,OnTrack,1493.0,13898.0,1942.0,pos,0 days 00:00:23.661000,0 days 02:09:43.531000,11020.18748608,307.87499904,8,100.0,False,0,1550.2878907709207,0.2704452720265093
2024-09-01 14:17:27.475,OnTrack,1514.696146424519,13909.288389746855,1942.093508021437,car,0 days 00:00:23.686000,0 days 02:09:43.556000,11022.0,308.0,8,100.0,False,0,1552.4336111111113,0.2708195895481453
2024-09-01 14:17:27.755,OnTrack,1628.9636974462576,13961.094667671345,1943.6105820235796,car,0 days 00:00:23.966000,0 days 02:09:43.836000,11120.0,310.0,8,100.0,False,0,1576.5447222222226,0.27502573476938114
2024-09-01 14:17:27.810,OnTrack,1666.0,13975.0,1944.0,pos,0 days 00:00:24.021000,0 days 02:09:43.891000,11129.6249664,310.54999808,8,100.0,False,0,1581.3051557252797,0.2758561848692385
2024-09-01 14:17:27.955,OnTrack,1816.3902181640376,14031.506927537997,1945.160383314303,car,0 days 00:00:24.166000,0 days 02:09:44.036000,11155.0,312.0,8,100.0,False,0,1593.8780555555559,0.2780495073708225
2024-09-01 14:17:28.070,OnTrack,1942.0,14077.0,1946.0,pos,0 days 00:00:24.281000,0 days 02:09:44.151000,11171.10000896,312.0,8,100.0,False,0,1603.8375946071085,0.2797869332154612
2024-09-01 14:17:28.155,OnTrack,2015.9297529321432,14101.739759721357,1946.4723015015795,car,0 days 00:00:24.366000,0 days 02:09:44.236000,11183.0,312.0,8,100.0,False,0,1611.2113888888891,0.28107327997226395
2024-09-01 14:17:28.470,OnTrack,2210.0,14152.0,1948.0,pos,0 days 00:00:24.681000,0 days 02:09:44.551000,11211.5468808,313.9687504,8,100.0,False,0,1638.6868877819952,0.28586633732402783
2024-09-01 14:17:28.475,OnTrack,2213.3948826368924,14152.810647894734,1948.0407508721523,car,0 days 00:00:24.686000,0 days 02:09:44.556000,11212.0,314.0,8,100.0,False,0,1639.1225000000002,0.2859423291868926
2024-09-01 14:17:28.670,OnTrack,2380.0,14190.0,1950.0,pos,0 days 00:00:24.881000,0 days 02:09:44.751000,11190.0624928,313.1874997333333,8,100.0,False,0,1656.0788172095904,0.28890033192149117
2024-09-01 14:17:28.715,OnTrack,2439.1183773656544,14201.394978117309,1950.468681526725,car,0 days 00:00:24.926000,0 days 02:09:44.796000,11185.0,313.0,8,100.0,False,0,1659.989166666667,0.2895824862032433
2024-09-01 14:17:28.870,OnTrack,2671.0,14243.0,1952.0,pos,0 days 00:00:25.081000,0 days 02:09:44.951000,11202.4375072,313.0,8,100.0,False,0,1673.465071885608,0.29193333656751186
2024-09-01 14:17:28.875,OnTrack,2677.327694474566,14244.092086702594,1952.0452900137548,car,0 days 00:00:25.086000,0 days 02:09:44.956000,11203.0,313.0,8,100.0,False,0,1673.900277777778,0.292009257547477
2024-09-01 14:17:29.275,OnTrack,2954.9607254816997,14283.916564102903,1954.90851093858,car,0 days 00:00:25.486000,0 days 02:09:45.356000,11223.0,314.0,8,100.0,False,0,1708.7891666666667,0.29809556906576284
2024-09-01 14:17:29.290,OnTrack,2964.0,14285.0,1955.0,pos,0 days 00:00:25.501000,0 days 02:09:45.371000,11222.590914327273,313.96590952727274,8,100.0,False,0,1710.0954045847307,0.298323440205817
2024-09-01 14:17:29.670,OnTrack,3241.0,14317.0,1957.0,pos,0 days 00:00:25.881000,0 days 02:09:45.751000,11212.227270981819,313.10227258181817,8,100.0,False,0,1743.1262110147302,0.3040856121761948
2024-09-01 14:17:29.715,OnTrack,3277.854845555865,14320.673345797572,1957.169761684666,car,0 days 00:00:25.926000,0 days 02:09:45.796000,11211.0,313.0,8,100.0,False,0,1747.0447222222224,0.3047691902624057
2024-09-01 14:17:29.910,OnTrack,3449.0,14336.0,1958.0,pos,0 days 00:00:26.121000,0 days 02:09:45.991000,11231.373147501898,313.97014988104274,8,100.0,False,0,1764.052854512769,0.3077362320559737
2024-09-01 14:17:29.916,OnTrack,3454.7275669347446,14336.474887666336,1958.0411227945729,car,0 days 00:00:26.127000,0 days 02:09:45.997000,11232.0,314.0,8,100.0,False,0,1764.5763888888891,0.3078275618003444
2024-09-01 14:17:30.076,OnTrack,3617.9010061567924,14349.411862282039,1959.4935508647266,car,0 days 00:00:26.287000,0 days 02:09:46.157000,11156.0,314.0,8,100.0,False,0,1778.5319444444444,0.3102620864076587
2024-09-01 14:17:30.129,OnTrack,3675.0,14354.0,1960.0,pos,0 days 00:00:26.340000,0 days 02:09:46.210000,11156.79499904,313.73500032,8,100.0,False,0,1783.1469442207895,0.3110671658237762
2024-09-01 14:17:30.276,OnTrack,3839.2982562516454,14367.78441817335,1961.2884100410447,car,0 days 00:00:26.487000,0 days 02:09:46.357000,11159.0,313.0,8,100.0,False,0,1795.9208333333336,0.3132955505879509
2024-09-01 14:17:30.549,OnTrack,4117.0,14392.0,1963.0,pos,0 days 00:00:26.760000,0 days 02:09:46.630000,11134.8022784,311.7590912,8,100.0,False,0,1819.5332491147772,0.317414699197207
2024-09-01 14:17:30.716,OnTrack,4220.256086471636,14400.576577474061,1963.3895404031732,car,0 days 00:00:26.927000,0 days 02:09:46.797000,11120.0,311.0,8,100.0,False,0,1833.9319444444445,0.31992652883765027
2024-09-01 14:17:30.909,OnTrack,4335.0,14409.0,1964.0,pos,0 days 00:00:27.120000,0 days 02:09:46.990000,11090.08500992,310.03500032,8,100.0,False,0,1850.55131379447,0.32282575155075655
2024-09-01 14:17:30.916,OnTrack,4340.465281110458,14409.38292070568,1964.0435261487396,car,0 days 00:00:27.127000,0 days 02:09:46.997000,11089.0,310.0,8,100.0,False,0,1851.154166666667,0.32293091828139014
2024-09-01 14:17:31.149,OnTrack,4556.0,14424.0,1966.0,pos,0 days 00:00:27.360000,0 days 02:09:47.230000,11070.554171733333,310.0,8,100.0,False,0,1871.218922660642,0.32643118324845877
2024-09-01 14:17:31.156,OnTrack,4562.351279463908,14424.420037473557,1966.0528883164038,car,0 days 00:00:27.367000,0 days 02:09:47.237000,11070.0,310.0,8,100.0,False,0,1871.8208333333334,0.3265361856138779
2024-09-01 14:17:31.329,OnTrack,4711.0,14434.0,1967.0,pos,0 days 00:00:27.540000,0 days 02:09:47.410000,11049.61072182857,309.3821430857143,8,100.0,False,0,1886.6730274387926,0.3291271273989189
2024-09-01 14:17:31.436,OnTrack,4802.272691148608,14439.537169564263,1967.0708621014292,car,0 days 00:00:27.647000,0 days 02:09:47.517000,11037.0,309.0,8,100.0,False,0,1895.854166666667,0.3307287626247227
2024-09-01 14:17:31.529,OnTrack,4882.0,14444.0,1967.0,pos,0 days 00:00:27.740000,0 days 02:09:47.610000,11028.733339022223,309.0,8,100.0,False,0,1903.8388932686125,0.332121685559086
2024-09-01 14:17:31.769,OnTrack,5088.0,14454.0,1967.0,pos,0 days 00:00:27.980000,0 days 02:09:47.850000,11007.400005688889,309.0,8,100.0,False,0,1924.44115204619,0.3357157170371308
2024-09-01 14:17:31.796,OnTrack,5111.072626485253,14455.170560822653,1967.0014178316637,car,0 days 00:00:28.007000,0 days 02:09:47.877000,11005.0,309.0,8,100.0,False,0,1926.7541666666668,0.336119218781523
2024-09-01 14:17:31.929,OnTrack,5225.0,14461.0,1967.0,pos,0 days 00:00:28.140000,0 days 02:09:48.010000,10992.531256,308.1687504,8,100.0,False,0,1938.1336794057374,0.3381043567914166
2024-09-01 14:17:31.956,OnTrack,5248.457695553933,14462.091208402644,1966.9996220390155,car,0 days 00:00:28.167000,0 days 02:09:48.037000,10990.0,308.0,8,100.0,False,0,1940.4430555555557,0.3385072238103537
2024-09-01 14:17:32.116,OnTrack,5388.381911569398,14467.774219618519,1966.9992909786886,car,0 days 00:00:28.327000,0 days 02:09:48.197000,10994.0,308.0,8,100.0,False,0,1954.1319444444446,0.3408952288391843
2024-09-01 14:17:32.189,OnTrack,5447.0,14470.0,1967.0,pos,0 days 00:00:28.400000,0 days 02:09:48.270000,10984.14500864,308.0,8,92.33500672,False,0,1960.3815286678946,0.34198545892833443
2024-09-01 14:17:32.316,OnTrack,5538.074916131066,14473.415750899952,1967.0022409678445,car,0 days 00:00:28.527000,0 days 02:09:48.397000,10967.0,308.0,8,79.0,False,0,1971.2430555555557,0.34388023512522264
2024-09-01 14:17:32.409,OnTrack,5632.0,14477.0,1967.0,pos,0 days 00:00:28.620000,0 days 02:09:48.490000,10545.59404,303.9312528,8,33.0812816,False,0,1979.160357212126,0.3452613958844429
2024-09-01 14:17:32.476,OnTrack,5728.645359759936,14480.742124015853,1966.9944345742124,car,0 days 00:00:28.687000,0 days 02:09:48.557000,10242.0,301.0,8,0.0,True,0,1984.6208333333334,0.34621396731248893
2024-09-01 14:17:32.570,OnTrack,5865.0,14486.0,1967.0,pos,0 days 00:00:28.781000,0 days 02:09:48.651000,10098.314481371428,284.5500224,8,0.0,True,0,1991.6961855460704,0.34744825132209023
2024-09-01 14:17:32.756,OnTrack,5958.302229997229,14489.161830905492,1967.1336767244613,car,0 days 00:00:28.967000,0 days 02:09:48.837000,9814.0,252.0,8,0.0,True,0,2004.2208333333335,0.3496331563310419
2024-09-01 14:17:32.890,OnTrack,5989.0,14490.0,1967.0,pos,0 days 00:00:29.101000,0 days 02:09:48.971000,10136.437192,230.2250208,8,0.0,True,0,2012.695396518809,0.35111153048312416
2024-09-01 14:17:32.916,OnTrack,5999.703537592946,14490.367443627454,1966.9268871106672,car,0 days 00:00:29.127000,0 days 02:09:48.997000,10199.0,226.0,8,0.0,True,0,2014.265277777778,0.3513853937872618
2024-09-01 14:17:33.150,OnTrack,6149.0,14496.0,1966.0,pos,0 days 00:00:29.361000,0 days 02:09:49.231000,10513.284606584875,202.5020854889813,8,0.0,True,0,2027.4015909874802,0.353677002862307
2024-09-01 14:17:33.155,OnTrack,6152.614773717384,14496.140984228601,1965.99065863823,car,0 days 00:00:29.366000,0 days 02:09:49.236000,10520.0,202.0,7,0.0,True,0,2027.6758333333335,0.3537248440060501
2024-09-01 14:17:33.315,OnTrack,6270.739346555545,14500.862567369371,1966.0054963107964,car,0 days 00:00:29.526000,0 days 02:09:49.396000,10810.0,193.0,6,0.0,True,0,2036.2536111111112,0.35522122378060955
2024-09-01 14:17:33.390,OnTrack,6318.0,14503.0,1966.0,pos,0 days 00:00:29.601000,0 days 02:09:49.471000,10634.87485056,182.49999104,6,0.0,True,0,2039.827031609001,0.35584460133801044
2024-09-01 14:17:33.515,OnTrack,6376.756539644678,14506.266281795877,1965.7794647585506,car,0 days 00:00:29.726000,0 days 02:09:49.596000,10343.0,165.0,6,0.0,True,0,2045.420277777778,0.3568203342909872
2024-09-01 14:17:33.675,OnTrack,6423.055958037534,14510.421950021228,1965.2264663341548,car,0 days 00:00:29.886000,0 days 02:09:49.756000,10457.0,165.0,4,0.0,True,0,2052.7536111111112,0.35809962269928935
2024-09-01 14:17:33.790,OnTrack,6460.0,14515.0,1965.0,pos,0 days 00:00:30.001000,0 days 02:09:49.871000,10504.4375264,149.1874912,4,0.0,True,0,2057.3783326379885,0.35890639805942015
2024-09-01 14:17:33.835,OnTrack,6476.258156477261,14517.219262494542,1964.9649441625284,car,0 days 00:00:30.046000,0 days 02:09:49.916000,10523.0,143.0,4,0.0,True,0,2059.1091666666666,0.3592083393198178
2024-09-01 14:17:33.990,OnTrack,6536.0,14527.0,1965.0,pos,0 days 00:00:30.201000,0 days 02:09:50.071000,9854.777501866667,138.69444266666667,4,0.0,True,0,2064.9908101571714,0.3602343827297044
2024-09-01 14:17:34.150,OnTrack,6592.0,14541.0,1965.0,pos,0 days 00:00:30.361000,0 days 02:09:50.231000,9164.999724088888,134.24999822222222,4,0.0,True,0,2070.836379485721,0.3612541330590599
2024-09-01 14:17:34.195,OnTrack,6607.173528806603,14545.196640398999,1964.9329695790957,car,0 days 00:00:30.406000,0 days 02:09:50.276000,8971.0,133.0,3,0.0,True,0,2072.409166666667,0.3615285032966931
2024-09-01 14:17:34.355,OnTrack,6659.626113510933,14560.773602155241,1964.4011118292615,car,0 days 00:00:30.566000,0 days 02:09:50.436000,8831.0,121.0,3,0.0,True,0,2077.7869444444445,0.36246664812944795
2024-09-01 14:17:34.430,OnTrack,6683.0,14569.0,1964.0,pos,0 days 00:00:30.641000,0 days 02:09:50.511000,8591.74979584,119.87499904,3,0.0,True,0,2080.2665998008415,0.36289922008681474
2024-09-01 14:17:34.555,OnTrack,6720.011421476132,14584.299672418007,1963.1528721356133,car,0 days 00:00:30.766000,0 days 02:09:50.636000,8193.0,118.0,3,0.0,True,0,2084.3425,0.3636102544338393
2024-09-01 14:17:34.630,OnTrack,6741.0,14594.0,1963.0,pos,0 days 00:00:30.841000,0 days 02:09:50.711000,8011.1248448,115.656248,3,0.0,True,0,2086.730993300893,0.3640269233147219
2024-09-01 14:17:34.715,OnTrack,6763.650065956235,14605.192572125696,1963.440733355954,car,0 days 00:00:30.926000,0 days 02:09:50.796000,7805.0,113.0,3,0.0,True,0,2089.3647222222226,0.36448637316194926
2024-09-01 14:17:34.830,OnTrack,6793.0,14622.0,1964.0,pos,0 days 00:00:31.041000,0 days 02:09:50.911000,7676.3436784,109.406248,3,0.0,True,0,2092.76509236892,0.36507956235912287
2024-09-01 14:17:35.030,OnTrack,6841.0,14659.0,1962.0,pos,0 days 00:00:31.241000,0 days 02:09:51.111000,7452.5936784,103.156248,3,0.0,True,0,2098.3811065802415,0.3660592671611325
2024-09-01 14:17:35.035,OnTrack,6842.046084686364,14659.962415866008,1961.9570378598892,car,0 days 00:00:31.246000,0 days 02:09:51.116000,7447.0,103.0,3,0.0,True,0,2098.520277777778,0.3660835453565568
2024-09-01 14:17:35.395,OnTrack,6896.277158880135,14732.637702964237,1961.8941967366466,car,0 days 00:00:31.606000,0 days 02:09:51.476000,7042.0,99.0,3,5.0,False,0,2108.420277777778,0.3678105847077647
2024-09-01 14:17:35.450,OnTrack,6903.0,14746.0,1962.0,pos,0 days 00:00:31.661000,0 days 02:09:51.531000,7149.79962368,98.72500096,3,13.799969280000001,False,0,2109.910591756179,0.36807056762557816
2024-09-01 14:17:35.595,OnTrack,6920.257366257709,14784.889661850766,1962.1189379652667,car,0 days 00:00:31.806000,0 days 02:09:51.676000,7434.0,98.0,3,37.0,False,0,2113.8647222222226,0.36876035943514046
2024-09-01 14:17:35.650,OnTrack,6927.0,14800.0,1962.0,pos,0 days 00:00:31.861000,0 days 02:09:51.731000,7479.3748416,99.17856731428571,3,40.535701942857145,False,0,2115.4088027135112,0.36902972183613925
2024-09-01 14:17:35.850,OnTrack,6954.0,14853.0,1961.0,pos,0 days 00:00:32.061000,0 days 02:09:51.931000,7644.3748416,103.4642816,3,53.392844800000006,False,0,2121.2149126460286,0.3700425885362298
2024-09-01 14:17:35.875,OnTrack,6957.828056676401,14859.148687916913,1960.967970281618,car,0 days 00:00:32.086000,0 days 02:09:51.956000,7665.0,104.0,3,55.0,False,0,2121.9536111111115,0.37017145331581314
2024-09-01 14:17:35.950,OnTrack,6970.0,14877.0,1961.0,pos,0 days 00:00:32.161000,0 days 02:09:52.031000,7890.000192,105.50000128,3,54.24999936,False,0,2124.1839171799184,0.3705605266841028
2024-09-01 14:17:36.075,OnTrack,6992.540927203099,14905.854396256316,1961.0119669259796,car,0 days 00:00:32.286000,0 days 02:09:52.156000,8265.0,108.0,3,53.0,False,0,2127.9536111111115,0.3712181438316967
2024-09-01 14:17:36.170,OnTrack,7012.0,14927.0,1961.0,pos,0 days 00:00:32.381000,0 days 02:09:52.251000,8275.6874784,109.1874976,3,46.7656376,False,0,2130.8686394726583,0.3717266659216238
2024-09-01 14:17:36.370,OnTrack,7058.0,14968.0,1961.0,pos,0 days 00:00:32.581000,0 days 02:09:52.451000,8298.1874784,111.6874976,3,33.640637600000005,False,0,2137.1213607363507,0.3728174432624855
2024-09-01 14:17:36.395,OnTrack,7063.359555114962,14972.41555909538,1961.0007331855572,car,0 days 00:00:32.606000,0 days 02:09:52.476000,8301.0,112.0,3,32.0,False,0,2137.9091666666673,0.3729548747617554
2024-09-01 14:17:36.676,OnTrack,7135.063539521415,15019.881114437914,1961.001232383553,car,0 days 00:00:32.887000,0 days 02:09:52.757000,8497.0,114.0,3,41.0,False,0,2146.807500000001,0.3745071749462839
2024-09-01 14:17:36.689,OnTrack,7141.0,15023.0,1961.0,pos,0 days 00:00:32.900000,0 days 02:09:52.770000,8494.0750144,114.0,3,41.704163199999996,False,0,2147.2169961531745,0.37457861090292016
2024-09-01 14:17:36.849,OnTrack,7226.0,15065.0,1961.0,pos,0 days 00:00:33.060000,0 days 02:09:52.930000,8458.0750144,114.0,3,50.37082986666667,False,0,2152.246881970341,0.37545606653305436
2024-09-01 14:17:36.916,OnTrack,7249.3814820370835,15075.965381702381,1961.0463275345899,car,0 days 00:00:33.127000,0 days 02:09:52.997000,8443.0,114.0,3,54.0,False,0,2154.4075000000007,0.3758329829330697
2024-09-01 14:17:37.189,OnTrack,7290.0,15088.0,1961.0,pos,0 days 00:00:33.400000,0 days 02:09:53.270000,9440.208099555555,122.34166471111111,3,70.68332942222222,False,0,2163.7442506443804,0.37746176432451
2024-09-01 14:17:37.276,OnTrack,7318.451202831232,15095.540099335107,1960.5366342070974,car,0 days 00:00:33.487000,0 days 02:09:53.357000,9758.0,125.0,3,76.0,False,0,2166.9075000000007,0.37801358817449376
2024-09-01 14:17:37.509,OnTrack,7417.0,15122.0,1959.0,pos,0 days 00:00:33.720000,0 days 02:09:53.590000,9628.879202133334,136.6499968,3,93.4749952,False,0,2175.7707163986615,0.37955976226527743
2024-09-01 14:17:37.516,OnTrack,7419.374426636434,15122.602090773478,1958.9816423828033,car,0 days 00:00:33.727000,0 days 02:09:53.597000,9625.0,137.0,3,94.0,False,0,2176.040833333334,0.37960688373756096
2024-09-01 14:17:37.676,OnTrack,7464.947942305847,15133.110349628327,1959.0220681581052,car,0 days 00:00:33.887000,0 days 02:09:53.757000,8772.0,141.0,4,94.0,False,0,2182.307500000001,0.38070009383192827
2024-09-01 14:17:37.749,OnTrack,7496.0,15139.0,1959.0,pos,0 days 00:00:33.960000,0 days 02:09:53.830000,9155.249664,144.9541632,4,95.8249984,False,0,2185.330978469694,0.38122753487179595
2024-09-01 14:17:37.916,OnTrack,7610.335288985135,15159.001848265923,1958.40996230757,car,0 days 00:00:34.127000,0 days 02:09:53.997000,10032.0,154.0,4,100.0,False,0,2192.574166666667,0.3824910976035512
2024-09-01 14:17:38.009,OnTrack,7669.0,15169.0,1958.0,pos,0 days 00:00:34.220000,0 days 02:09:54.090000,10682.999552,157.4874976,4,100.0,False,0,2196.673837953644,0.38320627877927105
2024-09-01 14:17:38.076,OnTrack,7699.728626300113,15174.17736647964,1957.741629452044,car,0 days 00:00:34.287000,0 days 02:09:54.157000,11152.0,160.0,4,100.0,False,0,2199.6852777777785,0.3837316196964503
2024-09-01 14:17:38.429,OnTrack,7799.0,15194.0,1957.0,pos,0 days 00:00:34.640000,0 days 02:09:54.510000,11188.280548977778,172.7472199111111,4,100.0,False,0,2216.6341614469334,0.38668832566167
2024-09-01 14:17:38.436,OnTrack,7802.903467033773,15194.902706045003,1956.999174518969,car,0 days 00:00:34.647000,0 days 02:09:54.517000,11189.0,173.0,4,100.0,False,0,2216.9852777777787,0.38674957735058124
2024-09-01 14:17:38.589,OnTrack,7904.0,15219.0,1957.0,pos,0 days 00:00:34.800000,0 days 02:09:54.670000,11527.89485824,182.17999616,4,100.0,False,0,2224.7971688635967,0.3881123494023548
2024-09-01 14:17:38.636,OnTrack,7931.437653266317,15226.073085002365,1956.9033438866857,car,0 days 00:00:34.847000,0 days 02:09:54.717000,11632.0,185.0,4,100.0,False,0,2227.263055555556,0.38854251943797435
2024-09-01 14:17:38.849,OnTrack,8037.0,15257.0,1956.0,pos,0 days 00:00:35.060000,0 days 02:09:54.930000,10748.0502656,194.1285686857143,4,100.0,False,0,2238.8498536058933,0.39056381804276535
2024-09-01 14:17:38.916,OnTrack,8076.784730471162,15269.21419829288,1955.7479171953223,car,0 days 00:00:35.127000,0 days 02:09:54.997000,10470.0,197.0,5,100.0,False,0,2242.585277777778,0.3912154568850177
2024-09-01 14:17:39.116,OnTrack,8209.985696882337,15310.500121156178,1955.1520971292616,car,0 days 00:00:35.327000,0 days 02:09:55.197000,10815.0,204.0,5,100.0,False,0,2253.9186111111117,0.3931925389705756
2024-09-01 14:17:39.170,OnTrack,8241.0,15320.0,1955.0,pos,0 days 00:00:35.381000,0 days 02:09:55.251000,10891.2748192,205.3499968,5,100.0,False,0,2257.0287030843674,0.393735089599231
2024-09-01 14:17:39.356,OnTrack,8324.485758976358,15344.974588950174,1954.473430559054,car,0 days 00:00:35.567000,0 days 02:09:55.437000,11154.0,210.0,5,100.0,False,0,2267.9186111111117,0.39563481684097057
2024-09-01 14:17:39.490,OnTrack,8385.0,15364.0,1954.0,pos,0 days 00:00:35.701000,0 days 02:09:55.571000,11149.98000384,214.68999552,5,100.0,False,0,2275.9545140263644,0.3970366674022966
2024-09-01 14:17:39.556,OnTrack,8420.358420345903,15375.711449943716,1953.716018417042,car,0 days 00:00:35.767000,0 days 02:09:55.637000,11148.0,217.0,5,100.0,False,0,2279.974166666667,0.3977378894515884
2024-09-01 14:17:39.750,OnTrack,8534.0,15415.0,1953.0,pos,0 days 00:00:35.961000,0 days 02:09:55.831000,10489.372738332742,221.25705524623342,5,100.0,False,0,2292.0227414403466,0.3998397442758425
2024-09-01 14:17:39.875,OnTrack,8599.66891457427,15438.803590252586,1953.0532550678795,car,0 days 00:00:36.086000,0 days 02:09:55.956000,10065.0,224.0,6,100.0,False,0,2299.823055555556,0.40120049674339286
2024-09-01 14:17:39.950,OnTrack,8650.0,15458.0,1953.0,pos,0 days 00:00:36.161000,0 days 02:09:56.031000,10144.017924571428,224.0,6,100.0,False,0,2304.4768940476024,0.4020123515120727
2024-09-01 14:17:40.150,OnTrack,8838.0,15532.0,1952.0,pos,0 days 00:00:36.361000,0 days 02:09:56.231000,10354.732210285714,224.0,6,100.0,False,0,2316.928806985278,0.4041845680414848
2024-09-01 14:17:40.155,OnTrack,8842.374639708534,15533.711592110718,1951.9708032894694,car,0 days 00:00:36.366000,0 days 02:09:56.236000,10360.0,224.0,6,100.0,False,0,2317.2452777777785,0.4042397758709956
2024-09-01 14:17:40.395,OnTrack,9002.483531295742,15594.65901245121,1950.6246272295998,car,0 days 00:00:36.606000,0 days 02:09:56.476000,10450.0,232.0,6,100.0,False,0,2332.7119444444447,0.4069379114230509
2024-09-01 14:17:40.555,OnTrack,9086.93560261741,15625.131268109844,1950.0345192973316,car,0 days 00:00:36.766000,0 days 02:09:56.636000,10600.0,235.0,6,100.0,False,0,2343.1563888888895,0.4087599282469964
2024-09-01 14:17:40.570,OnTrack,9095.0,15628.0,1950.0,pos,0 days 00:00:36.781000,0 days 02:09:56.651000,10610.5623648,235.2499968,6,100.0,False,0,2344.1428990643335,0.4089320233877397
2024-09-01 14:17:40.795,OnTrack,9219.019342120508,15671.28769907633,1949.9076934718084,car,0 days 00:00:37.006000,0 days 02:09:56.876000,10769.0,239.0,6,100.0,False,0,2359.089722222223,0.4115394730613983
2024-09-01 14:17:40.990,OnTrack,9336.0,15711.0,1950.0,pos,0 days 00:00:37.201000,0 days 02:09:57.071000,10856.7500288,240.95000064,6,100.0,False,0,2372.169871406086,0.4138212844109136
2024-09-01 14:17:41.195,OnTrack,9472.78746055929,15756.54406110544,1949.8518946778604,car,0 days 00:00:37.406000,0 days 02:09:57.276000,10949.0,243.0,6,100.0,False,0,2386.089722222223,0.41624958038287435
2024-09-01 14:17:41.430,OnTrack,9619.0,15804.0,1949.0,pos,0 days 00:00:37.641000,0 days 02:09:57.511000,10760.9999488,245.51785782857144,6,16.071405714285717,False,0,2402.2186011314443,0.41906323781389376
2024-09-01 14:17:41.475,OnTrack,9641.854411740345,15811.195701067796,1948.702433630658,car,0 days 00:00:37.686000,0 days 02:09:57.556000,10725.0,246.0,6,0.0,True,0,2405.223055555556,0.4195873601390808
2024-09-01 14:17:41.750,OnTrack,9767.0,15847.0,1946.0,pos,0 days 00:00:37.961000,0 days 02:09:57.831000,11139.464382171429,229.30356754285714,6,0.0,True,0,2422.7260722640162,0.42264073373709693
2024-09-01 14:17:41.755,OnTrack,9769.678410451088,15847.670903508548,1945.9384857711912,car,0 days 00:00:37.966000,0 days 02:09:57.836000,11147.0,229.0,6,0.0,True,0,2423.034166666667,0.4226944803186388
2024-09-01 14:17:41.910,OnTrack,9860.0,15868.0,1944.0,pos,0 days 00:00:38.121000,0 days 02:09:57.991000,11036.5624544,220.6041632,6,0.0,True,0,2432.4322172724414,0.42433395539144847
2024-09-01 14:17:41.995,OnTrack,9909.04911641146,15875.61611568839,1943.2466672280893,car,0 days 00:00:38.206000,0 days 02:09:58.076000,10976.0,216.0,6,0.0,True,0,2437.434166666667,0.42520653755675936
2024-09-01 14:17:42.250,OnTrack,10050.0,15882.0,1942.0,pos,0 days 00:00:38.461000,0 days 02:09:58.331000,10429.66291136,205.16250816000002,6,1.27499904,True,0,2451.7330722760516,0.4277009590382356
2024-09-01 14:17:42.395,OnTrack,10129.237711786558,15877.028098987887,1941.1901725204063,car,0 days 00:00:38.606000,0 days 02:09:58.476000,10119.0,199.0,5,2.0,True,0,2459.5452777777778,0.4290637859393673
2024-09-01 14:17:42.430,OnTrack,10148.0,15875.0,1941.0,pos,0 days 00:00:38.641000,0 days 02:09:58.511000,10066.3905288,197.7968728,5,2.2187504,True,0,2461.4078574407476,0.42938871001741863
2024-09-01 14:17:42.630,OnTrack,10252.0,15857.0,1940.0,pos,0 days 00:00:38.841000,0 days 02:09:58.711000,9765.7655288,190.9218728,5,3.4687504000000002,True,0,2471.882274629313,0.4312159555391985
2024-09-01 14:17:42.715,OnTrack,10295.475621598207,15845.290213767315,1939.5464613465465,car,0 days 00:00:38.926000,0 days 02:09:58.796000,9638.0,188.0,5,4.0,True,0,2476.256388888889,0.43197901285768003
2024-09-01 14:17:42.870,OnTrack,10371.0,15818.0,1939.0,pos,0 days 00:00:39.081000,0 days 02:09:58.951000,9452.9686736,185.09374880000001,5,19.0156312,True,0,2484.120319624584,0.4333508631441163
2024-09-01 14:17:42.890,OnTrack,10380.0,15814.0,1939.0,pos,0 days 00:00:39.101000,0 days 02:09:58.971000,9429.0939792,184.7187536,5,20.9531064,True,0,2485.1253288779862,0.4335261854197681
2024-09-01 14:17:43.035,OnTrack,10446.395086811759,15780.335565353485,1938.391269583282,car,0 days 00:00:39.246000,0 days 02:09:59.116000,9256.0,182.0,5,35.0,False,0,2492.434166666667,0.4348012006190254
2024-09-01 14:17:43.129,OnTrack,10487.0,15757.0,1938.0,pos,0 days 00:00:39.340000,0 days 02:09:59.210000,9376.273175959523,182.0,5,39.08695258114885,False,0,2497.1933650507244,0.4356314352543256
2024-09-01 14:17:43.196,OnTrack,10513.461525928078,15740.670107503904,1937.937851191154,car,0 days 00:00:39.407000,0 days 02:09:59.277000,9462.0,182.0,5,42.0,False,0,2500.5736111111114,0.43622111383645223
2024-09-01 14:17:43.329,OnTrack,10568.0,15699.0,1938.0,pos,0 days 00:00:39.540000,0 days 02:09:59.410000,9567.924949028571,181.05000045714286,5,55.77499337142857,False,0,2507.2128139453966,0.43737931227639787
2024-09-01 14:17:43.476,OnTrack,10650.851998624363,15614.696943804041,1937.5068830944153,car,0 days 00:00:39.687000,0 days 02:09:59.557000,9685.0,180.0,5,71.0,False,0,2514.5736111111114,0.4386633917068472
2024-09-01 14:17:43.589,OnTrack,10707.0,15553.0,1937.0,pos,0 days 00:00:39.800000,0 days 02:09:59.670000,9779.6374464,182.25999872,5,74.95499776,False,0,2520.3517677076784,0.43967138199166667
2024-09-01 14:17:43.876,OnTrack,10757.026558820948,15485.829129765054,1936.155738109818,car,0 days 00:00:40.087000,0 days 02:09:59.957000,10020.0,188.0,5,85.0,False,0,2535.4625,0.4423074253547381
2024-09-01 14:17:43.969,OnTrack,10774.0,15446.0,1936.0,pos,0 days 00:00:40.180000,0 days 02:10:00.050000,10137.541585777777,190.3249984,5,87.3249984,False,0,2540.475434258475,0.44318192381225374
2024-09-01 14:17:44.236,OnTrack,10853.126306365162,15250.672887415565,1935.9696467677743,car,0 days 00:00:40.447000,0 days 02:10:00.317000,10475.0,197.0,5,94.0,False,0,2555.1625,0.4457440592152224
2024-09-01 14:17:44.249,OnTrack,10856.0,15243.0,1936.0,pos,0 days 00:00:40.460000,0 days 02:10:00.330000,10497.87988736,197.38999808,5,94.38999808,False,0,2555.887767812577,0.44587058103870575
2024-09-01 14:17:44.436,OnTrack,10877.418176610736,15174.108280974264,1936.8286512956204,car,0 days 00:00:40.647000,0 days 02:10:00.517000,10827.0,203.0,5,100.0,False,0,2566.4402777777777,0.4477114497219295
2024-09-01 14:17:44.589,OnTrack,10887.0,15120.0,1937.0,pos,0 days 00:00:40.800000,0 days 02:10:00.670000,11022.0749184,206.39999857777778,5,100.0,False,0,2575.2953283445167,0.44925619929624205
2024-09-01 14:17:44.769,OnTrack,10906.0,15015.0,1936.0,pos,0 days 00:00:40.980000,0 days 02:10:00.850000,11251.5749184,210.39999857777778,5,100.0,False,0,2585.931373143911,0.4511116404992485
2024-09-01 14:17:44.796,OnTrack,10908.511239581938,14999.885830642877,1935.9196811756035,car,0 days 00:00:41.007000,0 days 02:10:00.877000,11286.0,211.0,5,100.0,False,0,2587.5402777777776,0.45139231136945335
2024-09-01 14:17:45.036,OnTrack,10926.787973635111,14859.313162290815,1936.0264486197918,car,0 days 00:00:41.247000,0 days 02:10:01.117000,9964.0,217.0,5,100.0,False,0,2602.0069444444443,0.45391599850219483
2024-09-01 14:17:45.049,OnTrack,10928.0,14848.0,1936.0,pos,0 days 00:00:41.260000,0 days 02:10:01.130000,9973.136066133333,217.2166656,5,100.0,False,0,2602.800662275187,0.45405446132314914
2024-09-01 14:17:45.249,OnTrack,10949.0,14639.0,1935.0,pos,0 days 00:00:41.460000,0 days 02:10:01.330000,10113.69162168889,220.54999893333334,5,100.0,False,0,2615.1489319630728,0.4562085974514629
2024-09-01 14:17:45.396,OnTrack,10958.704483434984,14538.802757882731,1934.1911447098373,car,0 days 00:00:41.607000,0 days 02:10:01.477000,10217.0,223.0,6,100.0,False,0,2624.3069444444445,0.4578061982528955
2024-09-01 14:17:45.596,OnTrack,10963.007835919638,14483.100880517237,1933.2652467281223,car,0 days 00:00:41.807000,0 days 02:10:01.677000,10257.0,226.0,6,100.0,False,0,2636.8624999999997,0.45999649507317025
2024-09-01 14:17:45.750,OnTrack,10966.0,14411.0,1933.0,pos,0 days 00:00:41.961000,0 days 02:10:01.831000,10430.250144,230.95000411428572,6,100.0,False,0,2646.848075061143,0.46173846285852727
2024-09-01 14:17:45.790,OnTrack,10967.0,14385.0,1933.0,pos,0 days 00:00:42.001000,0 days 02:10:01.871000,10475.250144,232.2357184,6,100.0,False,0,2649.4779842804933,0.46219724636478204
2024-09-01 14:17:45.876,OnTrack,10971.050884016517,14311.287798104133,1932.997509238487,car,0 days 00:00:42.087000,0 days 02:10:01.957000,10572.0,235.0,6,100.0,False,0,2655.1402777777776,0.4631850245150748
2024-09-01 14:17:46.036,OnTrack,10982.897589571405,14140.037688266235,1932.9887973903408,car,0 days 00:00:42.247000,0 days 02:10:02.117000,10712.0,238.0,6,100.0,False,0,2665.7180555555556,0.4650303011282622
2024-09-01 14:17:46.070,OnTrack,10985.0,14110.0,1933.0,pos,0 days 00:00:42.281000,0 days 02:10:02.151000,10713.53000576,238.51000192,6,100.0,False,0,2667.982338947804,0.46542530178691865
2024-09-01 14:17:46.236,OnTrack,10992.309138507455,14004.519455808597,1933.1308662325398,car,0 days 00:00:42.447000,0 days 02:10:02.317000,10721.0,241.0,6,100.0,False,0,2679.1069444444443,0.4673659716312986
2024-09-01 14:17:46.436,OnTrack,10997.157422654123,13938.470748529462,1933.2568710745707,car,0 days 00:00:42.647000,0 days 02:10:02.517000,10851.0,242.0,6,100.0,False,0,2692.551388888889,0.4697113337131859
2024-09-01 14:17:46.550,OnTrack,11002.0,13884.0,1933.0,pos,0 days 00:00:42.761000,0 days 02:10:02.631000,10921.401318841115,243.07210130214895,6,100.0,False,0,2700.275808805542,0.47105884655776303
2024-09-01 14:17:46.755,OnTrack,11014.761312165072,13749.891352149938,1932.0736549232047,car,0 days 00:00:42.966000,0 days 02:10:02.836000,11048.0,245.0,6,100.0,False,0,2714.261111111111,0.47349856043859695
2024-09-01 14:17:46.790,OnTrack,11017.0,13726.0,1932.0,pos,0 days 00:00:43.001000,0 days 02:10:02.871000,11059.72502144,245.35000064,6,100.0,False,0,2716.654170245791,0.4739160258219667
2024-09-01 14:17:46.870,OnTrack,11022.0,13672.0,1932.0,pos,0 days 00:00:43.081000,0 days 02:10:02.951000,11086.52502144,246.15000064,6,100.0,False,0,2722.1299253018196,0.4748712626360411
2024-09-01 14:17:46.955,OnTrack,11027.534677428204,13613.933661785173,1932.2466237440287,car,0 days 00:00:43.166000,0 days 02:10:03.036000,11115.0,247.0,6,100.0,False,0,2727.9833333333336,0.47589238041473814
2024-09-01 14:17:47.115,OnTrack,11038.416357500178,13503.285389101386,1932.995561019183,car,0 days 00:00:43.326000,0 days 02:10:03.196000,11180.0,249.0,6,84.0,False,0,2739.0500000000006,0.4778229429218124
2024-09-01 14:17:47.170,OnTrack,11042.0,13466.0,1933.0,pos,0 days 00:00:43.381000,0 days 02:10:03.251000,11049.375456,246.02084373333332,6,64.7500672,False,0,2742.7647034139463,0.4784709670605952
2024-09-01 14:17:47.355,OnTrack,11053.14750158649,13344.487611738128,1932.0817701439962,car,0 days 00:00:43.566000,0 days 02:10:03.436000,10610.0,236.0,6,0.0,True,0,2754.7833333333338,0.48056759805235144
2024-09-01 14:17:47.410,OnTrack,11056.0,13310.0,1932.0,pos,0 days 00:00:43.621000,0 days 02:10:03.491000,10679.02475904,230.77501824,6,0.0,True,0,2758.199515134945,0.48116354556773155
2024-09-01 14:17:47.555,OnTrack,11062.253180688755,13223.2298037988,1932.7331582858324,car,0 days 00:00:43.766000,0 days 02:10:03.636000,10861.0,217.0,6,0.0,True,0,2766.8388888888894,0.48267067066296937
2024-09-01 14:17:47.650,OnTrack,11065.0,13169.0,1933.0,pos,0 days 00:00:43.861000,0 days 02:10:03.731000,10518.604858666667,209.08334933333333,6,0.0,True,0,2772.187860226063,0.4836037902576948
2024-09-01 14:17:47.795,OnTrack,11066.813379050118,13089.223728188106,1932.1723405635446,car,0 days 00:00:44.006000,0 days 02:10:03.876000,9996.0,197.0,5,0.0,True,0,2779.972222222223,0.4849617599032923
2024-09-01 14:17:47.850,OnTrack,11067.0,13059.0,1932.0,pos,0 days 00:00:44.061000,0 days 02:10:03.931000,9839.2505472,193.2187632,5,0.0,True,0,2782.8473619221177,0.48546332347924565
2024-09-01 14:17:47.890,OnTrack,11067.0,13037.0,1932.0,pos,0 days 00:00:44.101000,0 days 02:10:03.971000,9725.2505472,190.4687632,5,0.0,True,0,2784.9128074831456,0.48582363719254595
2024-09-01 14:17:47.955,OnTrack,11066.583968354118,13003.265416873837,1931.819655219821,car,0 days 00:00:44.166000,0 days 02:10:04.036000,9540.0,186.0,5,0.0,True,0,2788.2388888888895,0.4864038668362874
2024-09-01 14:17:48.115,OnTrack,11062.700774064167,12930.500581572765,1930.2669894750402,car,0 days 00:00:44.326000,0 days 02:10:04.196000,9204.0,181.0,5,0.0,True,0,2796.283333333334,0.4878072074538795
2024-09-01 14:17:48.250,OnTrack,11049.0,12859.0,1929.0,pos,0 days 00:00:44.461000,0 days 02:10:04.331000,9106.1251392,178.187504,5,0.0,True,0,2802.919260715701,0.4889648344964154
2024-09-01 14:17:48.355,OnTrack,11029.807414248316,12791.257124677652,1928.3810409183702,car,0 days 00:00:44.566000,0 days 02:10:04.436000,9030.0,176.0,5,0.0,True,0,2808.0166666666673,0.4898540689071629
2024-09-01 14:17:48.470,OnTrack,11007.0,12723.0,1928.0,pos,0 days 00:00:44.681000,0 days 02:10:04.551000,8898.828052,174.5624992,5,10.4218808,True,0,2813.5607716798786,0.490821229263228
2024-09-01 14:17:48.675,OnTrack,10978.506910996355,12661.84623236156,1927.8829503281943,car,0 days 00:00:44.886000,0 days 02:10:04.756000,8665.0,172.0,5,29.0,False,0,2823.305555555556,0.49252119140689576
2024-09-01 14:17:48.750,OnTrack,10965.0,12641.0,1928.0,pos,0 days 00:00:44.961000,0 days 02:10:04.831000,8701.964317257143,170.66071314285713,5,37.03572114285714,False,0,2826.8087367140342,0.4931323158225626
2024-09-01 14:17:48.955,OnTrack,10910.100783152166,12563.62817346321,1928.7184386279275,car,0 days 00:00:45.166000,0 days 02:10:05.036000,8803.0,167.0,5,59.0,False,0,2836.294444444445,0.4947870825422067
2024-09-01 14:17:49.010,OnTrack,10893.0,12543.0,1929.0,pos,0 days 00:00:45.221000,0 days 02:10:05.091000,8895.583010133334,167.45833173333332,5,63.354151466666664,False,0,2838.8520308069656,0.49523324944040725
2024-09-01 14:17:49.190,OnTrack,10833.0,12483.0,1930.0,pos,0 days 00:00:45.401000,0 days 02:10:05.271000,9198.583441066667,168.95833386666666,5,77.60417173333333,False,0,2847.321792571658,0.4967107859922234
2024-09-01 14:17:49.195,OnTrack,10831.219513092119,12481.418288205006,1930.0186886745003,car,0 days 00:00:45.406000,0 days 02:10:05.276000,9207.0,169.0,5,78.0,False,0,2847.561111111112,0.4967525347331437
2024-09-01 14:17:49.435,OnTrack,10738.43771990875,12408.920335767107,1930.0970246013371,car,0 days 00:00:45.646000,0 days 02:10:05.516000,9521.0,176.0,5,86.0,False,0,2859.294444444445,0.49879939618642705
2024-09-01 14:17:49.470,OnTrack,10724.0,12399.0,1930.0,pos,0 days 00:00:45.681000,0 days 02:10:05.551000,9591.58106066883,176.72614259947355,5,87.16182815915768,False,0,2861.031956383178,0.49910250239767806
2024-09-01 14:17:49.676,OnTrack,10635.05838594072,12343.827745105391,1929.1021066574478,car,0 days 00:00:45.887000,0 days 02:10:05.757000,10007.0,181.0,5,94.0,False,0,2871.41138888889,0.5009131779916751
2024-09-01 14:17:49.729,OnTrack,10611.0,12330.0,1929.0,pos,0 days 00:00:45.940000,0 days 02:10:05.810000,10108.835591314286,182.89285485714285,5,95.13571291428572,False,0,2874.1488375793574,0.5013907215886801
2024-09-01 14:17:49.909,OnTrack,10527.0,12284.0,1929.0,pos,0 days 00:00:46.120000,0 days 02:10:05.990000,10454.692734171429,189.3214262857143,5,98.99285577142857,False,0,2883.693336583788,0.5030557443531464
2024-09-01 14:17:49.956,OnTrack,10505.631804909965,12272.813935547369,1928.7531773939654,car,0 days 00:00:46.167000,0 days 02:10:06.037000,10545.0,191.0,5,100.0,False,0,2886.2669444444455,0.503504706176372
2024-09-01 14:17:50.049,OnTrack,10459.0,12249.0,1928.0,pos,0 days 00:00:46.260000,0 days 02:10:06.130000,10481.6437936,195.359372,5,100.0,False,0,2891.465626915504,0.5044116081159632
2024-09-01 14:17:50.276,OnTrack,10287.979400958857,12163.409378887198,1926.2819018667665,car,0 days 00:00:46.487000,0 days 02:10:06.357000,10327.0,206.0,5,100.0,False,0,2904.5780555555566,0.5066990505655871
2024-09-01 14:17:50.329,OnTrack,10255.0,12147.0,1926.0,pos,0 days 00:00:46.540000,0 days 02:10:06.410000,10229.139403885714,207.1357129142857,5,100.0,False,0,2907.669290581218,0.5072383116295415
2024-09-01 14:17:50.556,OnTrack,10185.27186798203,12112.609062076763,1925.489305351863,car,0 days 00:00:46.767000,0 days 02:10:06.637000,9810.0,212.0,5,100.0,False,0,2921.0669444444457,0.5095755111684966
2024-09-01 14:17:50.749,OnTrack,10096.0,12066.0,1925.0,pos,0 days 00:00:46.960000,0 days 02:10:06.830000,9943.784046545454,216.8249984,5,100.0,False,0,2932.811428870659,0.5116243179123066
2024-09-01 14:17:50.949,OnTrack,9909.0,11967.0,1924.0,pos,0 days 00:00:47.160000,0 days 02:10:07.030000,10082.420410181818,221.8249984,5,100.0,False,0,2945.3315208052563,0.5138084281599622
2024-09-01 14:17:50.996,OnTrack,9879.580448361838,11951.25456701625,1923.9682118473286,car,0 days 00:00:47.207000,0 days 02:10:07.077000,10115.0,223.0,6,100.0,False,0,2948.322500000001,0.5143301997526862
2024-09-01 14:17:51.269,OnTrack,9807.0,11911.0,1925.0,pos,0 days 00:00:47.480000,0 days 02:10:07.350000,10533.37240192,231.18999808,6,100.0,False,0,2966.0494588307047,0.5174226396999455
2024-09-01 14:17:51.396,OnTrack,9741.73564390837,11875.813920628689,1925.0867420011705,car,0 days 00:00:47.607000,0 days 02:10:07.477000,10728.0,235.0,6,100.0,False,0,2974.4336111111124,0.5188852418125499
2024-09-01 14:17:51.529,OnTrack,9656.0,11830.0,1925.0,pos,0 days 00:00:47.740000,0 days 02:10:07.610000,10900.8999168,239.156248,6,100.0,False,0,2983.286149805782,0.5204295531947504
2024-09-01 14:17:51.556,OnTrack,9638.514076167663,11820.6861728587,1924.991360967261,car,0 days 00:00:47.767000,0 days 02:10:07.637000,10936.0,240.0,6,100.0,False,0,2985.100277777779,0.5207460249518985
2024-09-01 14:17:51.756,OnTrack,9509.544873174586,11752.045069390319,1924.9979909995009,car,0 days 00:00:47.967000,0 days 02:10:07.837000,11076.0,245.0,6,100.0,False,0,2998.7113888888903,0.5231204617703381
2024-09-01 14:17:51.789,OnTrack,9489.0,11741.0,1925.0,pos,0 days 00:00:48,0 days 02:10:07.870000,11114.156176,245.4124992,6,100.0,False,0,3000.966507407942,0.5235138636313522
2024-09-01 14:17:51.889,OnTrack,9428.0,11708.0,1925.0,pos,0 days 00:00:48.100000,0 days 02:10:07.970000,11229.781176,246.6624992,6,100.0,False,0,3007.8204166213386,0.5247095172597505
2024-09-01 14:17:51.916,OnTrack,9411.465425850127,11699.067836066079,1924.9984529265012,car,0 days 00:00:48.127000,0 days 02:10:07.997000,11261.0,247.0,6,100.0,False,0,3009.689166666668,0.5250355177512509
2024-09-01 14:17:52.089,OnTrack,9306.0,11642.0,1925.0,pos,0 days 00:00:48.300000,0 days 02:10:08.170000,11352.3655912,251.8656232,6,100.0,False,0,3021.8829134840794,0.5271626976090626
2024-09-01 14:17:52.236,OnTrack,9223.029473365757,11595.68848916802,1925.0849668575406,car,0 days 00:00:48.447000,0 days 02:10:08.317000,11430.0,256.0,6,100.0,False,0,3032.4447222222234,0.5290051884485278
2024-09-01 14:17:52.330,OnTrack,9157.0,11558.0,1925.0,pos,0 days 00:00:48.541000,0 days 02:10:08.411000,11305.4501696,258.0142829714286,6,100.0,False,0,3039.254019119608,0.5301930595289158
2024-09-01 14:17:52.516,OnTrack,8972.716150028466,11451.687241397363,1924.2474116797919,car,0 days 00:00:48.727000,0 days 02:10:08.597000,11059.0,262.0,6,100.0,False,0,3052.822500000001,0.5325600595709916
2024-09-01 14:17:52.630,OnTrack,8878.0,11397.0,1924.0,pos,0 days 00:00:48.841000,0 days 02:10:08.711000,10755.4746592,263.4250016,6,100.0,False,0,3061.170131869782,0.5340162907556895
2024-09-01 14:17:52.676,OnTrack,8851.81514646324,11381.938351378638,1924.036875183992,car,0 days 00:00:48.887000,0 days 02:10:08.757000,10633.0,264.0,6,100.0,False,0,3064.5558333333347,0.5346069210242751
2024-09-01 14:17:52.930,OnTrack,8774.0,11338.0,1925.0,pos,0 days 00:00:49.141000,0 days 02:10:09.011000,10709.1999616,268.535712,6,100.0,False,0,3083.5091802042734,0.5379133024266189
2024-09-01 14:17:52.956,OnTrack,8762.075280603833,11331.296293959793,1925.0538745769645,car,0 days 00:00:49.167000,0 days 02:10:09.037000,10717.0,269.0,7,100.0,False,0,3085.4780555555567,0.5382567696194764
2024-09-01 14:17:53.116,OnTrack,8661.476465147201,11274.675317792691,1925.0794583783202,car,0 days 00:00:49.327000,0 days 02:10:09.197000,10813.0,275.0,7,100.0,False,0,3097.7002777777793,0.5403889169666467
2024-09-01 14:17:53.250,OnTrack,8562.0,11219.0,1925.0,pos,0 days 00:00:49.461000,0 days 02:10:09.331000,10893.997122674607,276.1197758895107,7,100.0,False,0,3107.998068047603,0.5421853502016438
2024-09-01 14:17:53.470,OnTrack,8400.0,11129.0,1925.0,pos,0 days 00:00:49.681000,0 days 02:10:09.551000,11026.97775510146,277.9582178124626,7,100.0,False,0,3125.0332273404692,0.5451571068130453
2024-09-01 14:17:53.475,OnTrack,8396.61960008227,11127.109440640468,1924.9987902231424,car,0 days 00:00:49.686000,0 days 02:10:09.556000,11030.0,278.0,7,100.0,False,0,3125.4230555555573,0.5452251117289714
2024-09-01 14:17:53.770,OnTrack,8210.0,11021.0,1925.0,pos,0 days 00:00:49.981000,0 days 02:10:09.851000,11194.0936432,282.609372,7,100.0,False,0,3148.605125487112,0.5492691871849561
2024-09-01 14:17:53.795,OnTrack,8191.63840526129,11010.44231996239,1925.0562990457815,car,0 days 00:00:50.006000,0 days 02:10:09.876000,11208.0,283.0,7,100.0,False,0,3150.578611111113,0.5496134586326017
2024-09-01 14:17:53.995,OnTrack,8028.76530447681,10916.466933161531,1925.823411786752,car,0 days 00:00:50.206000,0 days 02:10:10.076000,11314.0,285.0,7,100.0,False,0,3166.411944444446,0.5523755586050721
2024-09-01 14:17:54.070,OnTrack,7976.0,10886.0,1926.0,pos,0 days 00:00:50.281000,0 days 02:10:10.151000,11350.37503104,286.12500096,7,100.0,False,0,3172.3920063207065,0.5534187709467854
2024-09-01 14:17:54.195,OnTrack,7907.198540897654,10846.300165976441,1926.0108555826946,car,0 days 00:00:50.406000,0 days 02:10:10.276000,11411.0,288.0,7,100.0,False,0,3182.411944444446,0.555166733314095
2024-09-01 14:17:54.310,OnTrack,7838.0,10804.0,1926.0,pos,0 days 00:00:50.521000,0 days 02:10:10.391000,11113.14983424,289.15000064,7,100.0,False,0,3191.6787546188934,0.5567833137011097
2024-09-01 14:17:54.595,OnTrack,7567.1391428101315,10625.710738361193,1926.8290767641565,car,0 days 00:00:50.806000,0 days 02:10:10.676000,10375.0,292.0,7,100.0,False,0,3214.8563888888903,0.5608266153629469
2024-09-01 14:17:54.670,OnTrack,7513.0,10589.0,1927.0,pos,0 days 00:00:50.881000,0 days 02:10:10.751000,10437.3438032,293.171876,7,100.0,False,0,3221.0112575336025,0.5619003224691018
2024-09-01 14:17:54.915,OnTrack,7417.988626795057,10519.476288902235,1927.025778632755,car,0 days 00:00:51.126000,0 days 02:10:10.996000,10641.0,297.0,8,100.0,False,0,3241.2563888888903,0.5654320536328346
2024-09-01 14:17:54.930,OnTrack,7411.0,10514.0,1927.0,pos,0 days 00:00:51.141000,0 days 02:10:11.011000,10647.7499136,297.1406232,8,100.0,False,0,3242.50077445247,0.5656491347274181
2024-09-01 14:17:55.190,OnTrack,7242.0,10379.0,1926.0,pos,0 days 00:00:51.401000,0 days 02:10:11.271000,10764.7500288,299.5781256,8,100.0,False,0,3264.1564094569417,0.5694269260231876
2024-09-01 14:17:55.235,OnTrack,7211.911591036918,10354.341033619638,1925.7009852388824,car,0 days 00:00:51.446000,0 days 02:10:11.316000,10785.0,300.0,8,100.0,False,0,3267.923055555557,0.5700840114812059
2024-09-01 14:17:55.410,OnTrack,7099.0,10261.0,1924.0,pos,0 days 00:00:51.621000,0 days 02:10:11.491000,10839.999939657142,301.87499794285714,8,100.0,False,0,3282.6259910382355,0.5726489153354338
2024-09-01 14:17:55.515,OnTrack,7030.573589185064,10205.831653261339,1922.3303986551769,car,0 days 00:00:51.726000,0 days 02:10:11.596000,10873.0,303.0,8,100.0,False,0,3291.4897222222235,0.5741951792297041
2024-09-01 14:17:55.690,OnTrack,6916.0,10113.0,1919.0,pos,0 days 00:00:51.901000,0 days 02:10:11.771000,10927.68744,304.6406232,8,100.0,False,0,3306.3324631008786,0.5767844719142717
2024-09-01 14:17:55.835,OnTrack,6822.516902685364,10032.65698274881,1916.5388377522172,car,0 days 00:00:52.046000,0 days 02:10:11.916000,10973.0,306.0,8,100.0,False,0,3318.6897222222233,0.5789401762350429
2024-09-01 14:17:55.870,OnTrack,6800.0,10013.0,1916.0,pos,0 days 00:00:52.081000,0 days 02:10:11.951000,10986.125024,306.2916672,8,100.0,False,0,3321.6796816320434,0.5794617699278989
2024-09-01 14:17:56.070,OnTrack,6671.0,9900.0,1913.0,pos,0 days 00:00:52.281000,0 days 02:10:12.151000,11061.125024,307.9583338666667,8,100.0,False,0,3338.7954777210366,0.5824475935009232
2024-09-01 14:17:56.075,OnTrack,6667.762282378112,9897.187900259109,1912.9059958362475,car,0 days 00:00:52.286000,0 days 02:10:12.156000,11063.0,308.0,8,100.0,False,0,3339.223055555556,0.5825221837782888
2024-09-01 14:17:56.250,OnTrack,6554.0,9799.0,1909.0,pos,0 days 00:00:52.461000,0 days 02:10:12.331000,11100.437781791134,308.0,8,100.0,False,0,3354.1873962743443,0.5851326893627564
2024-09-01 14:17:56.276,OnTrack,6537.034413845728,9784.264360573741,1908.4056676786024,car,0 days 00:00:52.487000,0 days 02:10:12.357000,11106.0,308.0,8,100.0,False,0,3356.419722222223,0.5855221150957574
2024-09-01 14:17:56.429,OnTrack,6437.0,9697.0,1905.0,pos,0 days 00:00:52.640000,0 days 02:10:12.510000,11157.25497856,310.29499904,8,100.0,False,0,3369.625110093293,0.5878257741362929
2024-09-01 14:17:56.476,OnTrack,6406.280239758908,9670.407248189424,1903.9775863960272,car,0 days 00:00:52.687000,0 days 02:10:12.557000,11173.0,311.0,8,100.0,False,0,3373.6975000000007,0.588536196118348
2024-09-01 14:17:56.609,OnTrack,6319.0,9595.0,1901.0,pos,0 days 00:00:52.820000,0 days 02:10:12.690000,11200.1541536,312.1083328,8,100.0,False,0,3385.2501479199345,0.5905515372868707
2024-09-01 14:17:56.716,OnTrack,6247.618048377308,9532.393951788566,1898.247289318084,car,0 days 00:00:52.927000,0 days 02:10:12.797000,11222.0,313.0,8,100.0,False,0,3394.5641666666675,0.5921763531346986
2024-09-01 14:17:56.809,OnTrack,6188.0,9480.0,1896.0,pos,0 days 00:00:53.020000,0 days 02:10:12.890000,11239.271416685715,313.33214262857143,8,100.0,False,0,3402.667216494352,0.5935899173687602
2024-09-01 14:17:56.996,OnTrack,6081.9328143010225,9388.016099712035,1892.8822344915618,car,0 days 00:00:53.207000,0 days 02:10:13.077000,11274.0,314.0,8,100.0,False,0,3418.986388888889,0.5964367711974986
2024-09-01 14:17:57.129,OnTrack,5977.0,9297.0,1890.0,pos,0 days 00:00:53.340000,0 days 02:10:13.210000,11260.22500662857,314.4749997714286,8,100.0,False,0,3430.6195778434753,0.5984661626222064
2024-09-01 14:17:57.276,OnTrack,5817.816927509907,9158.280198501301,1885.3412364854232,car,0 days 00:00:53.487000,0 days 02:10:13.357000,11245.0,315.0,8,100.0,False,0,3443.486388888889,0.6007107574706898
2024-09-01 14:17:57.289,OnTrack,5806.0,9148.0,1885.0,pos,0 days 00:00:53.500000,0 days 02:10:13.370000,11246.2458272,315.0,8,100.0,False,0,3444.623785946592,0.6009091745895384
2024-09-01 14:17:57.516,OnTrack,5697.587429072906,9054.589635369257,1882.1294449189904,car,0 days 00:00:53.727000,0 days 02:10:13.597000,11268.0,315.0,8,100.0,False,0,3464.486388888889,0.6043741742762823
2024-09-01 14:17:57.609,OnTrack,5660.0,9022.0,1881.0,pos,0 days 00:00:53.820000,0 days 02:10:13.690000,11272.317854171428,315.33214262857143,8,100.0,False,0,3472.64212904788,0.6057969302553534
2024-09-01 14:17:57.796,OnTrack,5543.006606286363,8919.437577570645,1877.4674216724977,car,0 days 00:00:54.007000,0 days 02:10:13.877000,11281.0,316.0,8,100.0,False,0,3489.064166666667,0.6086617287598647
2024-09-01 14:17:57.829,OnTrack,5515.0,8895.0,1877.0,pos,0 days 00:00:54.040000,0 days 02:10:13.910000,11281.4124992,316.0,8,100.0,False,0,3491.9616371606567,0.6091671879075499
2024-09-01 14:17:58.036,OnTrack,5296.552948737826,8705.488177730958,1876.053086787822,car,0 days 00:00:54.247000,0 days 02:10:14.117000,11284.0,316.0,8,100.0,False,0,3510.130833333334,0.6123367754600781
2024-09-01 14:17:58.109,OnTrack,5236.0,8653.0,1876.0,pos,0 days 00:00:54.320000,0 days 02:10:14.190000,11287.28499712,316.0,8,100.0,False,0,3516.535989821229,0.6134541448848497
2024-09-01 14:17:58.236,OnTrack,5176.19845769691,8601.016284437694,1875.8625895606053,car,0 days 00:00:54.447000,0 days 02:10:14.317000,11293.0,316.0,8,100.0,False,0,3527.6863888888893,0.6153993143769225
2024-09-01 14:17:58.449,OnTrack,5104.0,8538.0,1876.0,pos,0 days 00:00:54.660000,0 days 02:10:14.530000,11310.749994666667,316.88749973333336,8,100.0,False,0,3546.4414953212913,0.6186711130481195
2024-09-01 14:17:58.476,OnTrack,5084.476509190481,8521.034341279628,1876.1131864956478,car,0 days 00:00:54.687000,0 days 02:10:14.557000,11313.0,317.0,8,100.0,False,0,3548.819722222223,0.6190859909717569
2024-09-01 14:17:58.716,OnTrack,4848.655389009502,8316.267334342658,1877.888280146783,car,0 days 00:00:54.927000,0 days 02:10:14.797000,11310.0,317.0,8,100.0,False,0,3569.9530555555566,0.6227726675665913
2024-09-01 14:17:58.729,OnTrack,4838.0,8307.0,1878.0,pos,0 days 00:00:54.940000,0 days 02:10:14.810000,11310.406248,317.0,8,100.0,False,0,3571.09803076934,0.6229724066827894
2024-09-01 14:17:58.876,OnTrack,4747.514834425054,8228.092695382766,1879.3078340707395,car,0 days 00:00:55.087000,0 days 02:10:14.957000,11315.0,317.0,8,100.0,False,0,3584.041944444445,0.6252304519631474
2024-09-01 14:17:59.076,OnTrack,4676.770549133484,8166.011854353093,1881.233749482088,car,0 days 00:00:55.287000,0 days 02:10:15.157000,11257.0,316.0,8,100.0,False,0,3601.5975000000008,0.628292990879992
2024-09-01 14:17:59.150,OnTrack,4640.0,8134.0,1882.0,pos,0 days 00:00:55.361000,0 days 02:10:15.231000,11249.864273371428,315.7357138285714,8,100.0,False,0,3608.077695502684,0.6294234507422803
2024-09-01 14:17:59.356,OnTrack,4504.378365120187,8016.476608862329,1884.314038385272,car,0 days 00:00:55.567000,0 days 02:10:15.437000,11230.0,315.0,8,100.0,False,0,3626.0975000000008,0.6325669771531832
2024-09-01 14:17:59.410,OnTrack,4468.0,7985.0,1885.0,pos,0 days 00:00:55.621000,0 days 02:10:15.491000,11224.825012266667,315.0,8,100.0,False,0,3630.825497174392,0.6333917687867764
2024-09-01 14:17:59.596,OnTrack,4348.950534790354,7881.941388173056,1887.8138654479044,car,0 days 00:00:55.807000,0 days 02:10:15.677000,11207.0,315.0,8,100.0,False,0,3647.0975000000003,0.6362303939587756
2024-09-01 14:17:59.650,OnTrack,4310.0,7848.0,1889.0,pos,0 days 00:00:55.861000,0 days 02:10:15.731000,11199.988628120109,314.63098042737414,8,100.0,False,0,3651.8013784600157,0.63705097812077
2024-09-01 14:17:59.810,OnTrack,4183.0,7737.0,1893.0,pos,0 days 00:00:56.021000,0 days 02:10:15.891000,11179.214143677209,313.5375865093268,8,100.0,False,0,3665.6780917448405,0.6394717488185804
2024-09-01 14:17:59.910,OnTrack,4117.0,7680.0,1894.0,pos,0 days 00:00:56.121000,0 days 02:10:15.991000,11166.230057661222,312.8542135611169,8,100.0,False,0,3674.3245105103674,0.6409801029049528
2024-09-01 14:18:00.035,OnTrack,4035.1945967238203,7608.612145745566,1896.287670183687,car,0 days 00:00:56.246000,0 days 02:10:16.116000,11150.0,312.0,8,100.0,False,0,3685.144166666667,0.6428675748189394
2024-09-01 14:18:00.090,OnTrack,3999.0,7577.0,1897.0,pos,0 days 00:00:56.301000,0 days 02:10:16.171000,11144.1562704,312.0,8,100.0,False,0,3689.9089367414226,0.6436987814268749
2024-09-01 14:18:00.195,OnTrack,3930.118728554151,7517.1289269079825,1897.0132802332628,car,0 days 00:00:56.406000,0 days 02:10:16.276000,11133.0,312.0,8,100.0,False,0,3699.0108333333337,0.6452865929000926
2024-09-01 14:18:00.310,OnTrack,3855.0,7452.0,1897.0,pos,0 days 00:00:56.521000,0 days 02:10:16.391000,11112.8749888,312.0,8,100.0,False,0,3708.9821571840976,0.6470260745843256
2024-09-01 14:18:00.355,OnTrack,3825.6958564942006,7426.55500396679,1897.6062194524634,car,0 days 00:00:56.566000,0 days 02:10:16.436000,11105.0,312.0,8,100.0,False,0,3712.8775,0.6477056109812457
2024-09-01 14:18:00.510,OnTrack,3725.0,7339.0,1901.0,pos,0 days 00:00:56.721000,0 days 02:10:16.591000,11093.3749952,311.22499968,8,100.0,False,0,3726.2491853358965,0.650038280351656
2024-09-01 14:18:00.710,OnTrack,3595.0,7226.0,1903.0,pos,0 days 00:00:56.921000,0 days 02:10:16.791000,11078.3749952,310.22499968,8,100.0,False,0,3743.4471885498992,0.6530384448276947
2024-09-01 14:18:00.755,OnTrack,3565.7506727586506,7200.665036551961,1903.3788038928226,car,0 days 00:00:56.966000,0 days 02:10:16.836000,11075.0,310.0,8,100.0,False,0,3747.3219444444444,0.6537143898687253
2024-09-01 14:18:00.950,OnTrack,3439.0,7091.0,1905.0,pos,0 days 00:00:57.161000,0 days 02:10:17.031000,11052.249992533334,310.0,8,100.0,False,0,3764.1242540217245,0.6566455262153051
2024-09-01 14:18:00.995,OnTrack,3409.7349500012187,7065.551776011556,1905.275308066813,car,0 days 00:00:57.206000,0 days 02:10:17.076000,11047.0,310.0,8,100.0,False,0,3767.9886111111114,0.6573196572012132
2024-09-01 14:18:01.130,OnTrack,3322.0,6989.0,1906.0,pos,0 days 00:00:57.341000,0 days 02:10:17.211000,11033.5000192,309.1562512,8,100.0,False,0,3779.560973112995,0.6593384374601704
2024-09-01 14:18:01.155,OnTrack,3305.790990001952,6974.843210693278,1906.1643897236975,car,0 days 00:00:57.366000,0 days 02:10:17.236000,11031.0,309.0,8,100.0,False,0,3781.721944444445,0.6597154154931245
2024-09-01 14:18:01.390,OnTrack,3156.0,6844.0,1908.0,pos,0 days 00:00:57.601000,0 days 02:10:17.471000,10286.833130666666,309.0,8,2.0833066666666724,False,0,3801.920991139173,0.6632391072606681
2024-09-01 14:18:01.395,OnTrack,3152.9353336468994,6841.3272557237215,1908.0339678885468,car,0 days 00:00:57.606000,0 days 02:10:17.476000,10271.0,309.0,8,0.0,True,0,3802.3219444444444,0.6633090529309914
2024-09-01 14:18:01.590,OnTrack,3040.0,6743.0,1909.0,pos,0 days 00:00:57.801000,0 days 02:10:17.671000,10112.291614577778,279.2083235555556,8,0.0,True,0,3816.6132441181962,0.665802147569019
2024-09-01 14:18:01.755,OnTrack,2959.723732278203,6673.075080025112,1909.059344876454,car,0 days 00:00:57.966000,0 days 02:10:17.836000,9978.0,254.0,8,0.0,True,0,3827.7219444444445,0.6677400427815652
2024-09-01 14:18:01.850,OnTrack,2907.0,6625.0,1909.0,pos,0 days 00:00:58.061000,0 days 02:10:17.931000,9919.8126176,244.5000192,8,0.0,True,0,3834.087882374183,0.6688505705908586
2024-09-01 14:18:01.915,OnTrack,2864.3863061334196,6584.903382461642,1908.9885552052237,car,0 days 00:00:58.126000,0 days 02:10:17.996000,9880.0,238.0,8,0.0,True,0,3838.2997222222225,0.6695853193947525
2024-09-01 14:18:02.050,OnTrack,2777.0,6501.0,1909.0,pos,0 days 00:00:58.261000,0 days 02:10:18.131000,9940.374914133334,225.25001813333333,8,0.0,True,0,3846.422276168687,0.6710022860915054
2024-09-01 14:18:02.275,OnTrack,2716.781787174821,6440.806760026422,1908.9499945866544,car,0 days 00:00:58.486000,0 days 02:10:18.356000,10041.0,204.0,6,0.0,True,0,3858.6997222222226,0.6731440671487566
2024-09-01 14:18:02.370,OnTrack,2697.0,6417.0,1909.0,pos,0 days 00:00:58.581000,0 days 02:10:18.451000,9848.9222632,199.2500096,6,0.0,True,0,3863.740586797566,0.6740234380059008
2024-09-01 14:18:02.570,OnTrack,2640.0,6341.0,1909.0,pos,0 days 00:00:58.781000,0 days 02:10:18.651000,9444.5472632,189.2500096,6,0.0,True,0,3874.1294118990704,0.6758357521233871
2024-09-01 14:18:02.595,OnTrack,2633.493770459485,6330.936607263298,1908.8667904627882,car,0 days 00:00:58.806000,0 days 02:10:18.676000,9394.0,188.0,5,0.0,True,0,3875.410833333334,0.6760592940670693
2024-09-01 14:18:02.755,OnTrack,2598.7631939653006,6266.463024566028,1907.344533072645,car,0 days 00:00:58.966000,0 days 02:10:18.836000,9228.0,182.0,5,0.0,True,0,3883.4997222222223,0.677470387947742
2024-09-01 14:18:02.810,OnTrack,2589.0,6243.0,1907.0,pos,0 days 00:00:59.021000,0 days 02:10:18.891000,9164.791245306666,180.08458319111108,5,0.0,True,0,3886.2077588824686,0.6779428006625661
2024-09-01 14:18:02.956,OnTrack,2567.8699244548666,6176.500296005832,1906.9390837019841,car,0 days 00:00:59.167000,0 days 02:10:19.037000,8997.0,175.0,5,0.0,True,0,3893.270555555556,0.6791748943781218
2024-09-01 14:18:03.009,OnTrack,2562.0,6152.0,1907.0,pos,0 days 00:00:59.220000,0 days 02:10:19.090000,9008.2624864,174.77916693333333,5,8.170823466666667,True,0,3895.8353064555495,0.6796223111185596
2024-09-01 14:18:03.169,OnTrack,2550.0,6075.0,1907.0,pos,0 days 00:00:59.380000,0 days 02:10:19.250000,9042.2624864,174.11250026666667,5,32.83749013333333,True,0,3903.5739417924415,0.6809723038207274
2024-09-01 14:18:03.196,OnTrack,2548.705325707354,6059.646885658836,1906.9579300049654,car,0 days 00:00:59.407000,0 days 02:10:19.277000,9048.0,174.0,5,37.0,False,0,3904.8705555555557,0.6811984960421633
2024-09-01 14:18:03.509,OnTrack,2545.0,5858.0,1906.0,pos,0 days 00:00:59.720000,0 days 02:10:19.590000,9050.9343744,171.0656256,5,62.4312448,False,0,3919.7376128618253,0.6837920306890917
2024-09-01 14:18:03.516,OnTrack,2545.0247270905575,5854.635973341707,1905.990142853133,car,0 days 00:00:59.727000,0 days 02:10:19.597000,9051.0,171.0,5,63.0,False,0,3920.0705555555555,0.683850112015735
2024-09-01 14:18:03.676,OnTrack,2546.2679572262036,5799.046811531047,1906.002514103029,car,0 days 00:00:59.887000,0 days 02:10:19.757000,9415.0,172.0,5,72.0,False,0,3927.715,0.6851836732656015
2024-09-01 14:18:03.836,OnTrack,2546.478502332236,5746.055337772363,1906.0545066338716,car,0 days 00:01:00.047000,0 days 02:10:19.917000,9487.0,175.0,5,82.0,False,0,3935.492777777778,0.6865404943047099
2024-09-01 14:18:03.869,OnTrack,2546.0,5729.0,1906.0,pos,0 days 00:01:00.080000,0 days 02:10:19.950000,9526.364209371428,176.17856914285716,5,82.8249984,False,0,3937.1376701985805,0.6868274431874604
2024-09-01 14:18:04.116,OnTrack,2538.376933372224,5562.815557827688,1905.0527474993996,car,0 days 00:01:00.327000,0 days 02:10:20.197000,9821.0,185.0,5,89.0,False,0,3949.881666666667,0.6890506132270603
2024-09-01 14:18:04.129,OnTrack,2538.0,5556.0,1905.0,pos,0 days 00:01:00.340000,0 days 02:10:20.210000,9840.247127466666,185.28888746666667,5,88.71111253333333,False,0,3950.565280662697,0.6891698686080886
2024-09-01 14:18:04.389,OnTrack,2526.0,5462.0,1904.0,pos,0 days 00:01:00.600000,0 days 02:10:20.470000,10225.191571911111,191.06666524444444,5,82.93333475555555,False,0,3964.4491733446994,0.691591891740388
2024-09-01 14:18:04.476,OnTrack,2512.6502758298834,5410.2079748369015,1903.5605478245761,car,0 days 00:01:00.687000,0 days 02:10:20.557000,10354.0,193.0,5,81.0,False,0,3969.1816666666673,0.6924174677198192
2024-09-01 14:18:04.716,OnTrack,2458.941306686218,5228.131130724905,1902.164347397784,car,0 days 00:01:00.927000,0 days 02:10:20.797000,10722.0,199.0,5,87.0,False,0,3982.448333333334,0.6947318167493839
2024-09-01 14:18:04.749,OnTrack,2453.0,5210.0,1902.0,pos,0 days 00:01:00.960000,0 days 02:10:20.830000,10761.43492352,199.65999872,5,87.32999936,False,0,3984.2932891238156,0.6950536663707375
2024-09-01 14:18:04.916,OnTrack,2431.04563188498,5153.173046636271,1901.3111988914159,car,0 days 00:01:01.127000,0 days 02:10:20.997000,10961.0,203.0,5,89.0,False,0,3993.7261111111115,0.6966992072560909
2024-09-01 14:18:05.069,OnTrack,2406.0,5107.0,1901.0,pos,0 days 00:01:01.280000,0 days 02:10:21.150000,10595.925152711112,206.39999857777778,5,93.67499804444445,False,0,4002.5812736959538,0.6982439763717845
2024-09-01 14:18:05.249,OnTrack,2354.0,5016.0,1901.0,pos,0 days 00:01:01.460000,0 days 02:10:21.330000,10166.425152711112,210.39999857777778,5,99.17499804444445,False,0,4013.2178575086214,0.7000995116048044
2024-09-01 14:18:05.276,OnTrack,2345.213794656303,5002.1743403239425,1900.9670813477812,car,0 days 00:01:01.487000,0 days 02:10:21.357000,10102.0,211.0,5,100.0,False,0,4014.8261111111115,0.7003800689036148
2024-09-01 14:18:05.550,OnTrack,2246.0,4872.0,1900.0,pos,0 days 00:01:01.761000,0 days 02:10:21.631000,10035.2124688,216.9937528,5,100.0,False,0,4031.366247535297,0.7032654695580507
2024-09-01 14:18:05.596,OnTrack,2227.183722236933,4850.75255313097,1899.7909502900536,car,0 days 00:01:01.807000,0 days 02:10:21.677000,10024.0,218.0,6,100.0,False,0,4034.203888888889,0.7037604916067647
2024-09-01 14:18:05.810,OnTrack,2134.0,4754.0,1899.0,pos,0 days 00:01:02.021000,0 days 02:10:21.891000,10311.29482816,223.88499648,6,100.0,False,0,4047.6780360532966,0.7061110352811988
2024-09-01 14:18:05.970,OnTrack,2062.0,4681.0,1899.0,pos,0 days 00:01:02.181000,0 days 02:10:22.051000,10526.09482816,228.28499648,6,100.0,False,0,4057.965796316551,0.707905718797404
2024-09-01 14:18:05.996,OnTrack,2048.844963349992,4666.260465185391,1898.9499328109948,car,0 days 00:01:02.207000,0 days 02:10:22.077000,10561.0,229.0,6,100.0,False,0,4059.6483333333335,0.708199234720419
2024-09-01 14:18:06.196,OnTrack,1941.0967128687953,4531.694908225196,1898.0853210208907,car,0 days 00:01:02.407000,0 days 02:10:22.277000,10875.0,235.0,6,100.0,False,0,4072.703888888889,0.7104767557503509
2024-09-01 14:18:06.230,OnTrack,1927.0,4512.0,1898.0,pos,0 days 00:01:02.441000,0 days 02:10:22.311000,10875.0,235.708336,6,100.0,False,0,4074.9488049949296,0.710868377816542
2024-09-01 14:18:06.436,OnTrack,1878.3491545622746,4425.841264900357,1898.1293259180786,car,0 days 00:01:02.647000,0 days 02:10:22.517000,10875.0,240.0,6,100.0,False,0,4088.703888888889,0.7132679304593736
2024-09-01 14:18:06.530,OnTrack,1861.0,4384.0,1898.0,pos,0 days 00:01:02.741000,0 days 02:10:22.611000,10977.250623949718,241.47335193011122,6,100.0,False,0,4095.0476371409113,0.7143745873144645
2024-09-01 14:18:06.710,OnTrack,1819.0,4267.0,1897.0,pos,0 days 00:01:02.921000,0 days 02:10:22.791000,11173.050236178009,244.2946719910376,6,100.0,False,0,4107.316327798463,0.7165148410067259
2024-09-01 14:18:06.755,OnTrack,1807.2247341034379,4223.33859281391,1896.751722635459,car,0 days 00:01:02.966000,0 days 02:10:22.836000,11222.0,245.0,6,100.0,False,0,4110.413611111111,0.7170551571847847
2024-09-01 14:18:06.950,OnTrack,1759.0,4006.0,1896.0,pos,0 days 00:01:03.161000,0 days 02:10:23.031000,11309.7500288,249.1785728,6,100.0,False,0,4123.974125041016,0.7194207674049411
2024-09-01 14:18:07.035,OnTrack,1747.1274019127877,3944.1130392341524,1895.9239519595926,car,0 days 00:01:03.246000,0 days 02:10:23.116000,11348.0,251.0,6,100.0,False,0,4129.935833333333,0.7204607779929465
2024-09-01 14:18:07.350,OnTrack,1736.0,3822.0,1896.0,pos,0 days 00:01:03.561000,0 days 02:10:23.431000,11612.60005376,254.9375008,6,100.0,False,0,4152.257533218064,0.7243547632542378
2024-09-01 14:18:07.435,OnTrack,1730.717839152596,3763.8194215424164,1895.5993503979646,car,0 days 00:01:03.646000,0 days 02:10:23.516000,11684.0,256.0,6,100.0,False,0,4158.380277777777,0.7254228663645427
2024-09-01 14:18:07.530,OnTrack,1724.0,3691.0,1895.0,pos,0 days 00:01:03.741000,0 days 02:10:23.611000,11453.19364829091,257.7272692363636,6,100.0,False,0,4165.28380440294,0.726627175671994
2024-09-01 14:18:07.690,OnTrack,1714.0,3575.0,1894.0,pos,0 days 00:01:03.901000,0 days 02:10:23.771000,11064.466375563636,260.63636014545455,6,100.0,False,0,4177.048908660958,0.7286795795128687
2024-09-01 14:18:07.875,OnTrack,1702.1686166388824,3445.150189617247,1893.4712051650633,car,0 days 00:01:04.086000,0 days 02:10:23.956000,10615.0,264.0,7,100.0,False,0,4190.646944444445,0.7310517353610722
2024-09-01 14:18:08.010,OnTrack,1692.0,3340.0,1893.0,pos,0 days 00:01:04.221000,0 days 02:10:24.091000,10667.3124256,264.0,7,100.0,False,0,4200.531094693196,0.7327760097482282
2024-09-01 14:18:08.035,OnTrack,1689.8955330896836,3318.656554195066,1892.863370054045,car,0 days 00:01:04.246000,0 days 02:10:24.116000,10677.0,264.0,7,100.0,False,0,4202.380277777777,0.7330985968143555
2024-09-01 14:18:08.190,OnTrack,1676.0,3181.0,1892.0,pos,0 days 00:01:04.401000,0 days 02:10:24.271000,10779.159133090909,268.2272744727273,7,100.0,False,0,4214.048938651878,0.7351341762593527
2024-09-01 14:18:08.350,OnTrack,1663.0,3056.0,1892.0,pos,0 days 00:01:04.561000,0 days 02:10:24.431000,10884.613678545455,272.59091083636366,7,100.0,False,0,4226.40499589836,0.7372896709149537
2024-09-01 14:18:08.475,OnTrack,1654.6665828350826,2960.2498033637894,1891.3580913490116,car,0 days 00:01:04.686000,0 days 02:10:24.556000,10967.0,276.0,7,100.0,False,0,4236.113611111111,0.7389833234925454
2024-09-01 14:18:08.530,OnTrack,1651.0,2918.0,1891.0,pos,0 days 00:01:04.741000,0 days 02:10:24.611000,11004.321298285715,276.98213942857143,7,100.0,False,0,4240.394987102862,0.7397302027667949
2024-09-01 14:18:08.710,OnTrack,1638.0,2779.0,1890.0,pos,0 days 00:01:04.921000,0 days 02:10:24.791000,11126.464329142857,280.1964297142857,7,100.0,False,0,4254.447061365742,0.7421815649100363
2024-09-01 14:18:08.755,OnTrack,1634.8018309419651,2743.817027460079,1889.8219389053284,car,0 days 00:01:04.966000,0 days 02:10:24.836000,11157.0,281.0,7,100.0,False,0,4257.969166666667,0.7427959906124397
2024-09-01 14:18:08.970,OnTrack,1620.0,2575.0,1889.0,pos,0 days 00:01:05.181000,0 days 02:10:25.051000,11216.1249472,282.79166506666667,7,100.0,False,0,4274.859960105012,0.7457425628287171
2024-09-01 14:18:08.995,OnTrack,1618.2636080023738,2555.716385478204,1888.8235246260713,car,0 days 00:01:05.206000,0 days 02:10:25.076000,11223.0,283.0,7,100.0,False,0,4276.835833333334,0.7460872507901627
2024-09-01 14:18:09.190,OnTrack,1604.0,2402.0,1887.0,pos,0 days 00:01:05.401000,0 days 02:10:25.271000,11354.6250432,285.7857152,7,100.0,False,0,4292.348246344031,0.7487933667196236
2024-09-01 14:18:09.275,OnTrack,1596.817135329613,2325.6248834694256,1886.282182890633,car,0 days 00:01:05.486000,0 days 02:10:25.356000,11412.0,287.0,7,100.0,False,0,4299.1580555555565,0.7499813271724036
2024-09-01 14:18:09.436,OnTrack,1582.6361867563628,2174.5681118253783,1885.184072028491,car,0 days 00:01:05.647000,0 days 02:10:25.517000,11482.0,290.0,7,100.0,False,0,4312.1275,0.7522438262551164
2024-09-01 14:18:09.470,OnTrack,1580.0,2146.0,1885.0,pos,0 days 00:01:05.681000,0 days 02:10:25.551000,11322.1993984,290.4250016,7,100.0,False,0,4314.877772368663,0.7527236069225125
2024-09-01 14:18:09.596,OnTrack,1571.535925090442,2052.343256804586,1884.4651992491476,car,0 days 00:01:05.807000,0 days 02:10:25.677000,10730.0,292.0,7,100.0,False,0,4325.105277777779,0.7545077790746574
2024-09-01 14:18:09.769,OnTrack,1561.0,1934.0,1884.0,pos,0 days 00:01:05.980000,0 days 02:10:25.850000,10687.367872914285,293.85357074285713,7,100.0,False,0,4339.245175806627,0.7569744619350501
2024-09-01 14:18:09.876,OnTrack,1553.42347171449,1851.010292623249,1883.7868393227895,car,0 days 00:01:06.087000,0 days 02:10:25.957000,10661.0,295.0,8,100.0,False,0,4348.049722222223,0.758510401140027
2024-09-01 14:18:10.089,OnTrack,1537.0,1672.0,1883.0,pos,0 days 00:01:06.300000,0 days 02:10:26.170000,10679.6374944,297.6624992,8,100.0,False,0,4365.71125443602,0.7615914275173858
2024-09-01 14:18:10.196,OnTrack,1528.9661724227851,1582.6529332415291,1882.0952492505876,car,0 days 00:01:06.407000,0 days 02:10:26.277000,10689.0,299.0,8,100.0,False,0,4374.6275000000005,0.763146852462237
2024-09-01 14:18:10.209,OnTrack,1528.0,1572.0,1882.0,pos,0 days 00:01:06.420000,0 days 02:10:26.290000,10696.8812112,299.1624992,8,100.0,False,0,4375.712086788331,0.7633360569130702
2024-09-01 14:18:10.356,OnTrack,1517.0998214174692,1454.2719175081058,1881.3494868569287,car,0 days 00:01:06.567000,0 days 02:10:26.437000,10786.0,301.0,8,100.0,False,0,4388.005277777778,0.7654805846495034
2024-09-01 14:18:10.429,OnTrack,1511.0,1389.0,1881.0,pos,0 days 00:01:06.640000,0 days 02:10:26.510000,10818.8499712,301.7821421714286,8,100.0,False,0,4394.143407945979,0.7665513717548891
2024-09-01 14:18:10.636,OnTrack,1490.577757499999,1169.5848821896348,1879.338926496019,car,0 days 00:01:06.847000,0 days 02:10:26.717000,10912.0,304.0,8,100.0,False,0,4411.649722222222,0.7696053206083926
2024-09-01 14:18:10.689,OnTrack,1486.0,1120.0,1879.0,pos,0 days 00:01:06.900000,0 days 02:10:26.770000,10928.846408228572,304.3785709714286,8,100.0,False,0,4416.143382839826,0.7703892326000668
2024-09-01 14:18:10.916,OnTrack,1472.0675536321905,966.50199204667,1878.4079271412734,car,0 days 00:01:07.127000,0 days 02:10:26.997000,11001.0,306.0,8,100.0,False,0,4435.449722222223,0.7737571929880641
2024-09-01 14:18:11.009,OnTrack,1466.0,900.0,1878.0,pos,0 days 00:01:07.220000,0 days 02:10:27.090000,11010.76499328,306.92999936,8,100.0,False,0,4443.4014930298445,0.7751443668362004
2024-09-01 14:18:11.116,OnTrack,1457.588585663757,808.8533410405822,1877.2113798527519,car,0 days 00:01:07.327000,0 days 02:10:27.197000,11022.0,308.0,8,100.0,False,0,4452.560833333334,0.7767421992741025
2024-09-01 14:18:11.149,OnTrack,1455.0,781.0,1877.0,pos,0 days 00:01:07.360000,0 days 02:10:27.230000,11037.46872,308.0,8,100.0,False,0,4455.382661845776,0.7772344627976729
2024-09-01 14:18:11.276,OnTrack,1445.8052212151051,683.0099189451619,1876.5646249176457,car,0 days 00:01:07.487000,0 days 02:10:27.357000,11097.0,308.0,8,100.0,False,0,4466.249722222223,0.7791302043029331
2024-09-01 14:18:11.449,OnTrack,1431.0,524.0,1876.0,pos,0 days 00:01:07.660000,0 days 02:10:27.530000,11128.847715490909,309.57272669090906,8,100.0,False,0,4481.176399660367,0.7817341395876262
2024-09-01 14:18:11.649,OnTrack,1406.0,249.0,1874.0,pos,0 days 00:01:07.860000,0 days 02:10:27.730000,11165.66589730909,311.39090850909093,8,100.0,False,0,4498.5603114643945,0.7847667355233315
2024-09-01 14:18:11.716,OnTrack,1399.6422171000058,178.7405268934791,1873.4219092790072,car,0 days 00:01:07.927000,0 days 02:10:27.797000,11178.0,312.0,8,100.0,False,0,4504.383055555556,0.7857825040261042
2024-09-01 14:18:11.876,OnTrack,1390.7597117197397,80.02687652129596,1872.463897560137,car,0 days 00:01:08.087000,0 days 02:10:27.957000,11225.0,313.0,8,100.0,False,0,4518.294166666668,0.7882092753703381
2024-09-01 14:18:12.110,OnTrack,1379.0,-46.0,1872.0,pos,0 days 00:01:08.321000,0 days 02:10:28.191000,11273.750026666667,314.9500010666667,8,100.0,False,0,4538.767675628924,0.7917808466466131
2024-09-01 14:18:12.116,OnTrack,1378.5482631076557,-50.74684343664626,1872.001190093948,car,0 days 00:01:08.327000,0 days 02:10:28.197000,11275.0,315.0,8,100.0,False,0,4539.294166666668,0.7918726921759306
2024-09-01 14:18:12.230,OnTrack,1369.0,-151.0,1872.0,pos,0 days 00:01:08.441000,0 days 02:10:28.311000,11301.22002944,315.57000064,8,100.0,False,0,4549.309372184434,0.793619828947609
2024-09-01 14:18:12.390,OnTrack,1356.0,-291.0,1871.0,pos,0 days 00:01:08.601000,0 days 02:10:28.471000,11338.02002944,316.37000064,8,100.0,False,0,4563.400899604777,0.7960780736318066
2024-09-01 14:18:12.516,OnTrack,1345.990221444531,-401.02811063177955,1870.2125799059822,car,0 days 00:01:08.727000,0 days 02:10:28.597000,11367.0,317.0,8,100.0,False,0,4574.516388888891,0.7980171531673212
2024-09-01 14:18:12.676,OnTrack,1333.3248507316805,-541.4702532893596,1869.3327417992136,car,0 days 00:01:08.887000,0 days 02:10:28.757000,11476.0,318.0,8,100.0,False,0,4588.649722222224,0.800482690826958
2024-09-01 14:18:12.730,OnTrack,1329.0,-589.0,1869.0,pos,0 days 00:01:08.941000,0 days 02:10:28.811000,11439.5500864,318.0,8,100.0,False,0,4593.421955528415,0.8013151993838203
2024-09-01 14:18:12.836,OnTrack,1320.4265545752387,-682.463105997932,1868.297367790232,car,0 days 00:01:09.047000,0 days 02:10:28.917000,11368.0,318.0,8,100.0,False,0,4602.783055555557,0.8029482284865949
2024-09-01 14:18:12.890,OnTrack,1316.0,-730.0,1868.0,pos,0 days 00:01:09.101000,0 days 02:10:28.971000,11365.3000064,317.73000064,8,100.0,False,0,4607.541459417856,0.80377832451883
2024-09-01 14:18:13.036,OnTrack,1303.7983670109718,-857.9201311314437,1867.5871244959967,car,0 days 00:01:09.247000,0 days 02:10:29.117000,11358.0,317.0,8,100.0,False,0,4620.394166666669,0.8060204589822901
2024-09-01 14:18:13.170,OnTrack,1293.0,-975.0,1867.0,pos,0 days 00:01:09.381000,0 days 02:10:29.251000,11357.33000064,317.66999936,8,100.0,False,0,4632.227850015777,0.8080848263372037
2024-09-01 14:18:13.236,OnTrack,1288.047935017251,-1032.6994278871475,1866.4089998726806,car,0 days 00:01:09.447000,0 days 02:10:29.317000,11357.0,318.0,8,100.0,False,0,4638.060833333336,0.8091023810568363
2024-09-01 14:18:13.290,OnTrack,1284.0,-1080.0,1866.0,pos,0 days 00:01:09.501000,0 days 02:10:29.371000,11358.184949931547,318.0,8,100.0,False,0,4642.83224295615,0.8099347459234355
2024-09-01 14:18:13.490,OnTrack,1268.0,-1256.0,1866.0,pos,0 days 00:01:09.701000,0 days 02:10:29.571000,11362.573663784595,318.0,8,100.0,False,0,4660.497928745886,0.8130164968855516
2024-09-01 14:18:13.555,OnTrack,1262.5853423997733,-1313.0430606027503,1865.9507512086734,car,0 days 00:01:09.766000,0 days 02:10:29.636000,11364.0,318.0,8,100.0,False,0,4666.239166666668,0.8140180467657371
2024-09-01 14:18:13.755,OnTrack,1245.8015331238726,-1488.203348164682,1865.1959733575172,car,0 days 00:01:09.966000,0 days 02:10:29.836000,11360.0,318.0,8,100.0,False,0,4683.905833333335,0.8170999688402831
2024-09-01 14:18:13.790,OnTrack,1243.0,-1519.0,1865.0,pos,0 days 00:01:10.001000,0 days 02:10:29.871000,11361.7500032,318.0,8,100.0,False,0,4686.997555137045,0.8176393148218988
2024-09-01 14:18:13.970,OnTrack,1229.0,-1678.0,1864.0,pos,0 days 00:01:10.181000,0 days 02:10:30.051000,11370.7499904,318.0,8,100.0,False,0,4702.897704426263,0.8204130707322582
2024-09-01 14:18:14.075,OnTrack,1220.1715118131015,-1770.529713307637,1864.0596320295244,car,0 days 00:01:10.286000,0 days 02:10:30.156000,11376.0,318.0,8,100.0,False,0,4712.172500000002,0.822031044159557
2024-09-01 14:18:14.210,OnTrack,1209.0,-1889.0,1863.0,pos,0 days 00:01:10.421000,0 days 02:10:30.291000,11369.8125088,318.0,8,100.0,False,0,4724.0967397147815,0.8241112089293205
2024-09-01 14:18:14.250,OnTrack,1206.0,-1924.0,1862.0,pos,0 days 00:01:10.461000,0 days 02:10:30.331000,11367.979175466666,318.0,8,100.0,False,0,4727.630079602752,0.8247275944876757
2024-09-01 14:18:14.315,OnTrack,1200.9041410877865,-1981.1083180108835,1861.0206862778864,car,0 days 00:01:10.526000,0 days 02:10:30.396000,11365.0,318.0,8,100.0,False,0,4733.372500000002,0.8257293506490122
2024-09-01 14:18:14.470,OnTrack,1188.0,-2118.0,1861.0,pos,0 days 00:01:10.681000,0 days 02:10:30.551000,11375.215913309092,318.0,8,100.0,False,0,4747.069557154931,0.8281187806189421
2024-09-01 14:18:14.670,OnTrack,1172.0,-2294.0,1860.0,pos,0 days 00:01:10.881000,0 days 02:10:30.751000,11388.39773149091,318.0,8,100.0,False,0,4764.739946097717,0.8312013520386733
2024-09-01 14:18:14.755,OnTrack,1165.3135772310711,-2368.826639058566,1859.3093332654475,car,0 days 00:01:10.966000,0 days 02:10:30.836000,11394.0,318.0,8,100.0,False,0,4772.239166666669,0.8325095792130135
2024-09-01 14:18:14.950,OnTrack,1150.0,-2540.0,1858.0,pos,0 days 00:01:11.161000,0 days 02:10:31.031000,11336.1964096,317.3035712,8,100.0,False,0,4789.417071385478,0.835506237538335
2024-09-01 14:18:15.035,OnTrack,1143.2185516239656,-2613.9493222688843,1858.017380003009,car,0 days 00:01:11.246000,0 days 02:10:31.116000,11311.0,317.0,8,100.0,False,0,4796.894722222225,0.8368107019069869
2024-09-01 14:18:15.050,OnTrack,1142.0,-2627.0,1858.0,pos,0 days 00:01:11.261000,0 days 02:10:31.131000,11308.45003264,316.96250048,8,100.0,False,0,4798.213701728124,0.8370407957968985
2024-09-01 14:18:15.350,OnTrack,1117.0,-2889.0,1856.0,pos,0 days 00:01:11.561000,0 days 02:10:31.431000,11257.44998912,316.21249984,8,100.0,False,0,4824.555967273764,0.8416361623824831
2024-09-01 14:18:15.435,OnTrack,1110.6533580487942,-2963.2641396949753,1855.978460591477,car,0 days 00:01:11.646000,0 days 02:10:31.516000,11243.0,316.0,8,100.0,False,0,4832.005833333336,0.842935779740676
2024-09-01 14:18:15.510,OnTrack,1105.0,-3029.0,1856.0,pos,0 days 00:01:11.721000,0 days 02:10:31.591000,11239.874997333332,315.6874997333333,8,100.0,False,0,4838.574070436624,0.8440815983210237
2024-09-01 14:18:15.675,OnTrack,1091.334665057395,-3173.978580807818,1855.339953522754,car,0 days 00:01:11.886000,0 days 02:10:31.756000,11233.0,315.0,8,100.0,False,0,4853.005833333336,0.8465991965462685
2024-09-01 14:18:15.730,OnTrack,1087.0,-3220.0,1855.0,pos,0 days 00:01:11.941000,0 days 02:10:31.811000,11223.996470661117,314.80427110132865,8,100.0,False,0,4857.810201218894,0.8474373109297065
2024-09-01 14:18:15.956,OnTrack,1070.5074063395193,-3403.871115884866,1853.3490576589868,car,0 days 00:01:12.167000,0 days 02:10:32.037000,11187.0,314.0,8,100.0,False,0,4877.515277777781,0.8508748303878644
2024-09-01 14:18:16.010,OnTrack,1065.0,-3463.0,1853.0,pos,0 days 00:01:12.221000,0 days 02:10:32.091000,11183.22000896,313.73000064,8,100.0,False,0,4882.213211303646,0.8516943774654934
2024-09-01 14:18:16.156,OnTrack,1045.9735908123132,-3661.042035240311,1852.2422867431837,car,0 days 00:01:12.367000,0 days 02:10:32.237000,11173.0,313.0,8,100.0,False,0,4894.904166666669,0.8539082945681563
2024-09-01 14:18:16.209,OnTrack,1040.0,-3723.0,1852.0,pos,0 days 00:01:12.420000,0 days 02:10:32.290000,11171.6750016,313.0,8,100.0,False,0,4899.5131955008155,0.8547123323628455
2024-09-01 14:18:16.356,OnTrack,1029.9727521433788,-3828.6501730129503,1851.363476987971,car,0 days 00:01:12.567000,0 days 02:10:32.437000,11168.0,313.0,8,100.0,False,0,4912.293055555558,0.8569417587484485
2024-09-01 14:18:16.516,OnTrack,1022.8218343114322,-3904.5082674100954,1850.9990573400921,car,0 days 00:01:12.727000,0 days 02:10:32.597000,11150.0,312.0,8,100.0,False,0,4926.159722222225,0.8593607768296018
2024-09-01 14:18:16.529,OnTrack,1022.0,-3913.0,1851.0,pos,0 days 00:01:12.740000,0 days 02:10:32.610000,11148.627784533333,311.96388906666664,8,100.0,False,0,4927.28365247849,0.8595568446862263
2024-09-01 14:18:16.809,OnTrack,998.0,-4154.0,1851.0,pos,0 days 00:01:13.020000,0 days 02:10:32.890000,11119.072228977779,311.18611128888887,8,100.0,False,0,4951.438789066911,0.8637706700823884
2024-09-01 14:18:16.876,OnTrack,992.2318585950853,-4209.230148058291,1850.2371754044611,car,0 days 00:01:13.087000,0 days 02:10:32.957000,11112.0,311.0,8,100.0,False,0,4957.259722222226,0.864786122670265
2024-09-01 14:18:16.969,OnTrack,983.0,-4292.0,1849.0,pos,0 days 00:01:13.180000,0 days 02:10:33.050000,11103.16500608,311.0,8,97.21000192,False,0,4965.384142273266,0.8662034149060113
2024-09-01 14:18:17.076,OnTrack,967.5870252356317,-4418.57288048402,1848.228912317822,car,0 days 00:01:13.287000,0 days 02:10:33.157000,11093.0,311.0,8,94.0,True,0,4974.537500000002,0.8678002036928554
2024-09-01 14:18:17.249,OnTrack,942.0,-4620.0,1848.0,pos,0 days 00:01:13.460000,0 days 02:10:33.330000,10668.71765696,294.13250624,8,53.34501504,True,0,4988.233010128708,0.870189363786506
2024-09-01 14:18:17.476,OnTrack,929.5694200591082,-4708.410843628781,1848.1150361136313,car,0 days 00:01:13.687000,0 days 02:10:33.557000,10112.0,272.0,8,0.0,True,0,5004.759722222225,0.8730724225876764
2024-09-01 14:18:17.529,OnTrack,924.0,-4737.0,1848.0,pos,0 days 00:01:13.740000,0 days 02:10:33.610000,10202.9280152,267.6937552,8,0.0,True,0,5008.5103519578515,0.8737267140164883
2024-09-01 14:18:17.796,OnTrack,870.6517534009877,-4995.881462149261,1846.3067767154357,car,0 days 00:01:14.007000,0 days 02:10:33.877000,10661.0,246.0,7,0.0,True,0,5026.626388888891,0.8768870280233408
2024-09-01 14:18:17.849,OnTrack,862.0,-5036.0,1846.0,pos,0 days 00:01:14.060000,0 days 02:10:33.930000,10658.0187536,242.3562544,7,0.0,True,0,5030.003289715581,0.8774761230347368
2024-09-01 14:18:18.169,OnTrack,833.0,-5139.0,1845.0,pos,0 days 00:01:14.380000,0 days 02:10:34.250000,10640.0187536,220.3562544,7,0.0,True,0,5048.941793219167,0.8807799150351087
2024-09-01 14:18:18.276,OnTrack,814.7876620213544,-5191.602571787238,1844.6860271233413,car,0 days 00:01:14.487000,0 days 02:10:34.357000,10634.0,213.0,6,0.0,True,0,5055.026388888891,0.8818413631318565
2024-09-01 14:18:18.489,OnTrack,761.0,-5329.0,1844.0,pos,0 days 00:01:14.700000,0 days 02:10:34.570000,10273.2313584,205.0125024,6,1.3312496,True,0,5066.967444551094,0.8839244614170673
2024-09-01 14:18:18.596,OnTrack,727.750402223026,-5392.756484113378,1843.6648522082262,car,0 days 00:01:14.807000,0 days 02:10:34.677000,10092.0,201.0,5,2.0,True,0,5072.893055555558,0.8849581748902653
2024-09-01 14:18:18.756,OnTrack,671.7492642995055,-5478.919786111859,1843.2041890896928,car,0 days 00:01:14.967000,0 days 02:10:34.837000,9968.0,197.0,5,1.0,True,0,5081.6486111111135,0.8864855677171471
2024-09-01 14:18:18.870,OnTrack,632.0,-5531.0,1843.0,pos,0 days 00:01:15.081000,0 days 02:10:34.951000,9829.571273142858,193.74285348571428,5,3.0357165714285714,True,0,5087.725320574031,0.8875456400775831
2024-09-01 14:18:19.036,OnTrack,575.9402861500362,-5592.105359839172,1842.9189809953375,car,0 days 00:01:15.247000,0 days 02:10:35.117000,9628.0,189.0,5,6.0,True,0,5096.348611111113,0.8890499594810619
2024-09-01 14:18:19.250,OnTrack,497.0,-5654.0,1843.0,pos,0 days 00:01:15.461000,0 days 02:10:35.331000,9522.07006336,184.72000256,5,23.11998976,True,0,5107.169615640103,0.8909376666165331
2024-09-01 14:18:19.436,OnTrack,411.12674749859315,-5702.420733723928,1843.0216137206849,car,0 days 00:01:15.647000,0 days 02:10:35.517000,9430.0,181.0,5,38.0,False,0,5116.459722222224,0.8925583110250419
2024-09-01 14:18:19.716,OnTrack,284.6037924865477,-5760.06932606501,1843.0015888688172,car,0 days 00:01:15.927000,0 days 02:10:35.797000,9535.0,181.0,5,63.0,False,0,5130.537500000001,0.8950141571058279
2024-09-01 14:18:19.750,OnTrack,274.0,-5765.0,1843.0,pos,0 days 00:01:15.961000,0 days 02:10:35.831000,9572.06013952,181.51000192,5,63.93500352,False,0,5132.273914531072,0.8953170718760468
2024-09-01 14:18:20.110,OnTrack,144.0,-5794.0,1843.0,pos,0 days 00:01:16.321000,0 days 02:10:36.191000,9964.46013952,186.91000192,5,73.83500352,False,0,5151.001184464985,0.8985840145140833
2024-09-01 14:18:20.116,OnTrack,138.5065890646897,-5794.30726551588,1843.0002705728045,car,0 days 00:01:16.327000,0 days 02:10:36.197000,9971.0,187.0,5,74.0,False,0,5151.31527777778,0.8986388075960173
2024-09-01 14:18:20.250,OnTrack,-3.0,-5800.0,1843.0,pos,0 days 00:01:16.461000,0 days 02:10:36.331000,10123.289520973456,188.1197758895107,5,78.47910355804282,False,0,5158.335814498696,0.8998635291297166
2024-09-01 14:18:20.475,OnTrack,-90.89380461625193,-5800.025296417552,1842.889207084826,car,0 days 00:01:16.686000,0 days 02:10:36.556000,10379.0,190.0,5,86.0,False,0,5170.262500000002,0.9019441205630737
2024-09-01 14:18:20.630,OnTrack,-133.0,-5787.0,1843.0,pos,0 days 00:01:16.841000,0 days 02:10:36.711000,10470.45003776,195.42500224,5,88.32500096,False,0,5178.706882799409,0.903417229794512
2024-09-01 14:18:20.675,OnTrack,-155.36849431883155,-5780.573744402755,1843.092457605024,car,0 days 00:01:16.886000,0 days 02:10:36.756000,10497.0,197.0,5,89.0,False,0,5181.206944444446,0.9038533615966762
2024-09-01 14:18:20.915,OnTrack,-331.76659164064654,-5729.852836372675,1843.8738703221366,car,0 days 00:01:17.126000,0 days 02:10:36.996000,10934.0,205.0,5,100.0,False,0,5194.873611111112,0.9062374899939664
2024-09-01 14:18:20.990,OnTrack,-381.0,-5713.0,1844.0,pos,0 days 00:01:17.201000,0 days 02:10:37.071000,10723.196248685714,205.8035721142857,5,100.0,False,0,5199.17531691574,0.9069879157719373
2024-09-01 14:18:21.195,OnTrack,-480.35184910309664,-5667.617526908237,1843.9298269203268,car,0 days 00:01:17.406000,0 days 02:10:37.276000,10147.0,208.0,5,100.0,False,0,5211.05138888889,0.9090596777553117
2024-09-01 14:18:21.270,OnTrack,-516.0,-5647.0,1844.0,pos,0 days 00:01:17.481000,0 days 02:10:37.351000,10089.62495104,211.00000256,5,100.0,False,0,5215.507248793887,0.9098369954724227
2024-09-01 14:18:21.395,OnTrack,-583.0481148004036,-5604.895681778931,1844.4031637448195,car,0 days 00:01:17.606000,0 days 02:10:37.476000,9994.0,216.0,6,100.0,False,0,5223.05138888889,0.9111530587870789
2024-09-01 14:18:21.570,OnTrack,-679.0,-5538.0,1845.0,pos,0 days 00:01:17.781000,0 days 02:10:37.651000,10190.388673422221,219.40277404444444,6,100.0,False,0,5233.785305627861,0.9130255735952396
2024-09-01 14:18:21.730,OnTrack,-756.0,-5474.0,1845.0,pos,0 days 00:01:17.941000,0 days 02:10:37.811000,10369.944228977778,222.51388515555556,6,100.0,False,0,5243.775055710818,0.9147682697065527
2024-09-01 14:18:21.755,OnTrack,-769.8488326037109,-5460.9786552849055,1845.0384997971341,car,0 days 00:01:17.966000,0 days 02:10:37.836000,10398.0,223.0,6,100.0,False,0,5245.35138888889,0.9150432585377795
2024-09-01 14:18:21.995,OnTrack,-919.8026500045553,-5306.238781366748,1845.9423979004257,car,0 days 00:01:18.206000,0 days 02:10:38.076000,10621.0,230.0,6,100.0,False,0,5260.684722222224,0.9177181343005931
2024-09-01 14:18:22.030,OnTrack,-936.0,-5289.0,1846.0,pos,0 days 00:01:18.241000,0 days 02:10:38.111000,10660.5938224,230.8750016,6,100.0,False,0,5262.946957859833,0.9181127777316895
2024-09-01 14:18:22.155,OnTrack,-974.760262307072,-5247.208997638784,1845.9141304041098,car,0 days 00:01:18.366000,0 days 02:10:38.236000,10802.0,234.0,6,100.0,False,0,5271.084722222224,0.9195323978614579
2024-09-01 14:18:22.370,OnTrack,-1032.0,-5163.0,1846.0,pos,0 days 00:01:18.581000,0 days 02:10:38.451000,10957.8748608,238.47916266666667,6,100.0,False,0,5285.341710305706,0.9220195068967989
2024-09-01 14:18:22.395,OnTrack,-1044.9646423916602,-5142.264231447678,1846.1816797880992,car,0 days 00:01:18.606000,0 days 02:10:38.476000,10976.0,239.0,6,100.0,False,0,5287.018055555557,0.9223119426758598
2024-09-01 14:18:22.570,OnTrack,-1153.0,-4966.0,1848.0,pos,0 days 00:01:18.781000,0 days 02:10:38.651000,11137.069526310695,243.3532304408296,6,100.0,False,0,5298.860958110734,0.9243779183066992
2024-09-01 14:18:22.596,OnTrack,-1165.1464928076862,-4945.811730459593,1848.2020601156485,car,0 days 00:01:18.807000,0 days 02:10:38.677000,11161.0,244.0,6,100.0,False,0,5300.641388888891,0.9246885116416466
2024-09-01 14:18:22.836,OnTrack,-1211.9708100366,-4860.338190612355,1848.798813037934,car,0 days 00:01:19.047000,0 days 02:10:38.917000,11312.0,250.0,6,100.0,False,0,5317.308055555557,0.9275959852968786
2024-09-01 14:18:22.989,OnTrack,-1239.0,-4790.0,1849.0,pos,0 days 00:01:19.200000,0 days 02:10:39.070000,11438.2249472,251.9124992,6,100.0,False,0,5328.016785442197,0.9294641062984628
2024-09-01 14:18:22.996,OnTrack,-1240.8421141216222,-4785.243461463214,1849.017252910727,car,0 days 00:01:19.207000,0 days 02:10:39.077000,11444.0,252.0,6,100.0,False,0,5328.508055555557,0.9295498075931946
2024-09-01 14:18:23.156,OnTrack,-1296.0163467631457,-4643.144733740853,1849.5944125751628,car,0 days 00:01:19.367000,0 days 02:10:39.237000,11546.0,254.0,6,100.0,False,0,5339.796944444445,0.9315191364156717
2024-09-01 14:18:23.249,OnTrack,-1326.0,-4564.0,1850.0,pos,0 days 00:01:19.460000,0 days 02:10:39.330000,11654.1124256,256.906248,6,100.0,False,0,5346.465435154801,0.9326824440793028
2024-09-01 14:18:23.316,OnTrack,-1342.6248589648912,-4518.279108993339,1850.2972347173395,car,0 days 00:01:19.527000,0 days 02:10:39.397000,11732.0,259.0,6,100.0,False,0,5351.308055555557,0.9335272315535521
2024-09-01 14:18:23.596,OnTrack,-1380.8774236278048,-4383.789704097935,1851.6136083656515,car,0 days 00:01:19.807000,0 days 02:10:39.677000,10480.0,263.0,7,100.0,False,0,5371.763611111112,0.937095670886407
2024-09-01 14:18:23.669,OnTrack,-1394.0,-4326.0,1852.0,pos,0 days 00:01:19.880000,0 days 02:10:39.750000,10542.5061952,264.3687488,7,100.0,False,0,5377.143006183116,0.9380340978535832
2024-09-01 14:18:23.756,OnTrack,-1413.470042943583,-4237.821593708353,1852.488208409944,car,0 days 00:01:19.967000,0 days 02:10:39.837000,10617.0,266.0,7,100.0,False,0,5383.585833333334,0.9391580388658516
2024-09-01 14:18:23.849,OnTrack,-1435.0,-4136.0,1853.0,pos,0 days 00:01:20.060000,0 days 02:10:39.930000,10709.53493632,267.85999872,7,100.0,False,0,5390.523480025036,0.9403683003649775
2024-09-01 14:18:23.956,OnTrack,-1455.388892290514,-4030.5098455948073,1853.5167995650277,car,0 days 00:01:20.167000,0 days 02:10:40.037000,10816.0,270.0,7,100.0,False,0,5398.585833333334,0.9417747651555605
2024-09-01 14:18:24.829,OnTrack,-1496.0,-3447.0,1856.0,pos,0 days 00:01:21.040000,0 days 02:10:40.910000,11166.192019781818,282.89658996363636,7,100.0,False,0,5467.21158958098,0.9537464198571852
2024-09-01 14:18:24.836,OnTrack,-1496.093426791555,-3441.7442457494653,1856.0230061209636,car,0 days 00:01:21.047000,0 days 02:10:40.917000,11169.0,283.0,7,100.0,False,0,5467.7636111111115,0.9538427191405439
2024-09-01 14:18:25.036,OnTrack,-1498.6306101470054,-3283.3153726456185,1856.757306625373,car,0 days 00:01:21.247000,0 days 02:10:41.117000,11291.0,284.0,7,100.0,False,0,5483.54138888889,0.9565951275341636
2024-09-01 14:18:25.089,OnTrack,-1499.0,-3241.0,1857.0,pos,0 days 00:01:21.300000,0 days 02:10:41.170000,11290.171876,284.9937488,7,100.0,False,0,5487.765102865356,0.9573319477609924
2024-09-01 14:18:25.270,OnTrack,-1499.0,-3097.0,1858.0,pos,0 days 00:01:21.481000,0 days 02:10:41.351000,11287.343748,288.3875024,7,100.0,False,0,5502.350837321789,0.9598764060814498
2024-09-01 14:18:25.356,OnTrack,-1498.5589076430977,-3024.5492956884527,1858.5322283910746,car,0 days 00:01:21.567000,0 days 02:10:41.437000,11286.0,290.0,7,100.0,False,0,5509.319166666667,0.9610920201209227
2024-09-01 14:18:25.596,OnTrack,-1496.179697014854,-2817.271278637515,1859.941245633149,car,0 days 00:01:21.807000,0 days 02:10:41.677000,10508.0,293.0,8,100.0,False,0,5528.852500000001,0.9644995792448547
2024-09-01 14:18:25.610,OnTrack,-1496.0,-2806.0,1860.0,pos,0 days 00:01:21.821000,0 days 02:10:41.691000,10515.272155733333,293.15555413333334,8,100.0,False,0,5529.998714882569,0.9646995346193129
2024-09-01 14:18:25.910,OnTrack,-1491.0,-2582.0,1861.0,pos,0 days 00:01:22.121000,0 days 02:10:41.991000,10671.105622044444,296.4888903111111,8,100.0,False,0,5554.741926750969,0.9690159488185047
2024-09-01 14:18:25.956,OnTrack,-1489.9906790893765,-2546.837250590382,1861.2900446533222,car,0 days 00:01:22.167000,0 days 02:10:42.037000,10695.0,297.0,8,100.0,False,0,5558.552500000001,0.9696806972984783
2024-09-01 14:18:26.196,OnTrack,-1483.460670261242,-2354.548926921319,1862.9710663966976,car,0 days 00:01:22.407000,0 days 02:10:42.277000,10769.0,299.0,8,100.0,False,0,5578.485833333333,0.9731580357901358
2024-09-01 14:18:26.210,OnTrack,-1483.0,-2343.0,1863.0,pos,0 days 00:01:22.421000,0 days 02:10:42.291000,10776.3499328,299.1749984,8,100.0,False,0,5579.652631664375,0.9733615819146442
2024-09-01 14:18:26.350,OnTrack,-1478.0,-2226.0,1863.0,pos,0 days 00:01:22.561000,0 days 02:10:42.431000,10849.8500672,300.9250016,8,100.0,False,0,5591.359413726954,0.9754038115407136
2024-09-01 14:18:26.356,OnTrack,-1477.780993601665,-2220.9493872651456,1863.0150303741523,car,0 days 00:01:22.567000,0 days 02:10:42.437000,10853.0,301.0,8,100.0,False,0,5591.863611111111,0.9754917679774021
2024-09-01 14:18:26.510,OnTrack,-1472.0,-2091.0,1864.0,pos,0 days 00:01:22.721000,0 days 02:10:42.591000,10878.9875216,303.8875024,8,100.0,False,0,5604.86730428359,0.9777602416965844
2024-09-01 14:18:26.516,OnTrack,-1471.7554077047905,-2085.9556905499903,1864.0490940254751,car,0 days 00:01:22.727000,0 days 02:10:42.597000,10880.0,304.0,8,100.0,False,0,5605.374722222223,0.9778487599539104
2024-09-01 14:18:26.750,OnTrack,-1461.0,-1889.0,1866.0,pos,0 days 00:01:22.961000,0 days 02:10:42.831000,10918.7562712,304.7312504,8,100.0,False,0,5625.173750577264,0.981302669154399
2024-09-01 14:18:26.836,OnTrack,-1456.719820602312,-1814.2387736064877,1866.436194470325,car,0 days 00:01:23.047000,0 days 02:10:42.917000,10933.0,305.0,8,100.0,False,0,5632.485833333333,0.9825782504330879
2024-09-01 14:18:27.010,OnTrack,-1448.0,-1668.0,1867.0,pos,0 days 00:01:23.221000,0 days 02:10:43.091000,10992.744307369334,306.74435933925065,8,100.0,False,0,5647.36952254214,0.985174686489124
2024-09-01 14:18:27.230,OnTrack,-1435.0,-1480.0,1868.0,pos,0 days 00:01:23.441000,0 days 02:10:43.311000,11068.28323027036,308.94987533636083,8,100.0,False,0,5666.302490888724,0.9884775128901061
2024-09-01 14:18:27.235,OnTrack,-1434.5126336784795,-1473.2092899928225,1868.0270590762511,car,0 days 00:01:23.446000,0 days 02:10:43.316000,11070.0,309.0,8,100.0,False,0,5666.733333333334,0.9885526726735416
2024-09-01 14:18:27.410,OnTrack,-1414.0,-1189.0,1869.0,pos,0 days 00:01:23.621000,0 days 02:10:43.491000,11129.0624352,310.0937488,8,100.0,False,0,5681.828061741018,0.9911859241842352
2024-09-01 14:18:27.555,OnTrack,-1405.185685727819,-1066.825647580173,1869.506470189,car,0 days 00:01:23.766000,0 days 02:10:43.636000,11178.0,311.0,8,100.0,False,0,5694.377777777778,0.9933752023096866
2024-09-01 14:18:27.715,OnTrack,-1401.3172683954513,-1015.6812326429097,1869.8911990890615,car,0 days 00:01:23.926000,0 days 02:10:43.796000,11198.0,313.0,8,100.0,False,0,5708.28888888889,0.9958019736539205
2024-09-01 14:18:27.750,OnTrack,-1400.0,-999.0,1870.0,pos,0 days 00:01:23.961000,0 days 02:10:43.831000,11198.0,313.0,8,100.0,False,0,5711.340784330966,0.9963343719897021
2024-09-01 14:18:27.990,OnTrack,-1386.0,-826.0,1871.0,pos,0 days 00:01:24.201000,0 days 02:10:44.071000,11198.0,313.0,8,100.0,False,0,5732.353459737909,1.0
