Date,Status,X,Y,Z,Source,Time,SessionTime,RPM,Speed,nGear,Throttle,Brake,DRS,Distance,RelativeDistance
2024-09-01 14:16:56.230,OnTrack,-1373.0,-673.0,1871.0,pos,0 days 00:00:00,0 days 02:09:12.311000,11302.0,319.0,8,100.0,False,0,,
2024-09-01 14:16:56.275,OnTrack,-1369.427334965093,-632.4603776121066,1871.5149555731846,car,0 days 00:00:00.045000,0 days 02:09:12.356000,11302.0,319.0,8,100.0,False,0,13.823333333333334,0.002413823628387161
2024-09-01 14:16:56.435,OnTrack,-1357.075138388339,-490.14765012775456,1872.7314833059806,car,0 days 00:00:00.205000,0 days 02:09:12.516000,11319.0,321.0,8,100.0,False,0,28.090000000000003,0.00490506190412795
2024-09-01 14:16:56.530,OnTrack,-1350.0,-407.0,1873.0,pos,0 days 00:00:00.300000,0 days 02:09:12.611000,11330.39997696,321.47499904,8,100.0,False,0,36.580352888432415,0.006387643125404295
2024-09-01 14:16:56.635,OnTrack,-1342.3537775011293,-315.85654370006154,1872.9338720821224,car,0 days 00:00:00.405000,0 days 02:09:12.716000,11343.0,322.0,8,100.0,False,0,45.97888888888889,0.008028810832432209
2024-09-01 14:16:56.690,OnTrack,-1338.0,-265.0,1873.0,pos,0 days 00:00:00.460000,0 days 02:09:12.771000,11357.895781333333,322.2291658666667,8,100.0,False,0,50.90679653846649,0.00888931962840956
2024-09-01 14:16:56.875,OnTrack,-1320.644568674895,-71.15153332376465,1874.4174215329256,car,0 days 00:00:00.645000,0 days 02:09:12.956000,11408.0,323.0,8,100.0,False,0,67.51222222222222,0.011788950846751248
2024-09-01 14:16:56.950,OnTrack,-1314.0,2.0,1875.0,pos,0 days 00:00:00.720000,0 days 02:09:13.031000,11421.840413021911,323.3740652168084,8,100.0,False,0,74.26115701960018,0.012967446502431637
2024-09-01 14:16:57.249,OnTrack,-1293.0,236.0,1876.0,pos,0 days 00:00:01.019000,0 days 02:09:13.330000,11477.017443753408,324.8653363176597,8,100.0,False,0,101.26715136191129,0.017683219874861867
2024-09-01 14:16:57.276,OnTrack,-1291.0308961711503,258.6955359471825,1876.0819420797447,car,0 days 00:00:01.046000,0 days 02:09:13.357000,11482.0,325.0,8,100.0,False,0,103.7136111111111,0.018110419466025356
2024-09-01 14:16:57.509,OnTrack,-1273.0,470.0,1877.0,pos,0 days 00:00:01.279000,0 days 02:09:13.590000,11515.285705142856,326.66428525714286,8,100.0,False,0,124.87321344109785,0.021805298757421404
2024-09-01 14:16:57.556,OnTrack,-1269.510546632716,510.68051991988176,1877.2326534105928,car,0 days 00:00:01.326000,0 days 02:09:13.637000,11522.0,327.0,8,100.0,False,0,129.14694444444444,0.022551575551049242
2024-09-01 14:16:57.689,OnTrack,-1259.0,633.0,1878.0,pos,0 days 00:00:01.459000,0 days 02:09:13.770000,11541.28499072,327.33249984,8,100.0,False,0,141.2458608925137,0.024664282355985213
2024-09-01 14:16:57.956,OnTrack,-1229.3103212341557,981.7150995819437,1879.9292165784946,car,0 days 00:00:01.726000,0 days 02:09:14.037000,11580.0,328.0,8,100.0,False,0,165.59138888888887,0.028915486411197046
2024-09-01 14:16:57.969,OnTrack,-1228.0,997.0,1880.0,pos,0 days 00:00:01.739000,0 days 02:09:14.050000,11582.4916544,328.1083328,8,100.0,False,0,166.78040496758572,0.02912311181066346
2024-09-01 14:16:58.196,OnTrack,-1210.0295469304474,1203.516089692651,1880.6648833653794,car,0 days 00:00:01.966000,0 days 02:09:14.277000,11626.0,330.0,8,100.0,False,0,187.59138888888887,0.03275711552799359
2024-09-01 14:16:58.349,OnTrack,-1201.0,1307.0,1881.0,pos,0 days 00:00:02.119000,0 days 02:09:14.430000,11647.9937408,330.4781248,8,100.0,False,0,201.64911777419468,0.0352118691917128
2024-09-01 14:16:58.516,OnTrack,-1192.4863248865845,1406.9940344510221,1881.605146097891,car,0 days 00:00:02.286000,0 days 02:09:14.597000,11672.0,331.0,8,100.0,False,0,217.0136111111111,0.03789480941752755
2024-09-01 14:16:58.749,OnTrack,-1176.0,1600.0,1883.0,pos,0 days 00:00:02.519000,0 days 02:09:14.830000,11712.7749888,331.64722204444445,8,100.0,False,0,238.48062133098531,0.04164336812258381
2024-09-01 14:16:58.876,OnTrack,-1160.3387820578037,1779.7796052735375,1884.11413684533,car,0 days 00:00:02.646000,0 days 02:09:14.957000,11735.0,332.0,8,100.0,False,0,250.2136111111111,0.04369217699378415
2024-09-01 14:16:58.989,OnTrack,-1147.0,1932.0,1885.0,pos,0 days 00:00:02.759000,0 days 02:09:15.070000,11744.1812448,332.7062496,8,100.0,False,0,260.6789706146532,0.045519632893172825
2024-09-01 14:16:59.196,OnTrack,-1134.0683703381312,2077.410646129768,1885.6771678414134,car,0 days 00:00:02.966000,0 days 02:09:15.277000,11761.0,334.0,8,100.0,False,0,279.9025,0.048876436084733826
2024-09-01 14:16:59.369,OnTrack,-1126.0,2172.0,1886.0,pos,0 days 00:00:03.139000,0 days 02:09:15.450000,11793.165806901448,334.8693461324716,8,100.0,False,0,296.00094682007574,0.051687538904697634
2024-09-01 14:16:59.395,OnTrack,-1124.4190196531652,2191.1953595922187,1886.0761828959849,car,0 days 00:00:03.165000,0 days 02:09:15.476000,11798.0,335.0,8,100.0,False,0,298.4205555555555,0.05211004978512829
2024-09-01 14:16:59.589,OnTrack,-1109.0,2376.0,1887.0,pos,0 days 00:00:03.359000,0 days 02:09:15.670000,11793.1500032,335.0,8,100.0,False,0,316.46796270375086,0.05526147909345507
2024-09-01 14:16:59.710,OnTrack,-1096.0,2521.0,1888.0,pos,0 days 00:00:03.480000,0 days 02:09:15.791000,11790.1249984,335.0,8,100.0,False,0,327.73255092901286,0.05722849591685917
2024-09-01 14:16:59.715,OnTrack,-1095.5127837208777,2526.5322055151464,1888.0337401190313,car,0 days 00:00:03.485000,0 days 02:09:15.796000,11790.0,335.0,8,100.0,False,0,328.1983333333333,0.05730983060988321
2024-09-01 14:16:59.970,OnTrack,-1076.0,2762.0,1889.0,pos,0 days 00:00:03.740000,0 days 02:09:16.051000,11827.5416384,335.7083328,8,100.0,False,0,351.98591686907207,0.06146360667938885
2024-09-01 14:17:00.075,OnTrack,-1065.753294487642,2881.179113074364,1889.774698887673,car,0 days 00:00:03.845000,0 days 02:09:16.156000,11843.0,336.0,8,100.0,False,0,361.7983333333333,0.06317704598826338
2024-09-01 14:17:00.230,OnTrack,-1050.0,3060.0,1891.0,pos,0 days 00:00:04,0 days 02:09:16.311000,11844.2916672,336.43055573333334,8,100.0,False,0,376.301323777114,0.06570955100505657
2024-09-01 14:17:00.435,OnTrack,-1036.4449990410671,3211.74048138768,1891.3408846033483,car,0 days 00:00:04.205000,0 days 02:09:16.516000,11846.0,337.0,8,100.0,False,0,395.4983333333333,0.06906172331717444
2024-09-01 14:17:00.595,OnTrack,-1026.3976859974437,3326.661548064186,1891.4845824949177,car,0 days 00:00:04.365000,0 days 02:09:16.676000,11894.0,337.0,8,100.0,False,0,410.4761111111111,0.07167713546335715
2024-09-01 14:17:00.670,OnTrack,-1019.0,3414.0,1892.0,pos,0 days 00:00:04.440000,0 days 02:09:16.751000,11903.375008,337.0,8,99.68749973333334,False,0,417.49455358315964,0.07290269241586547
2024-09-01 14:17:00.835,OnTrack,-998.5868527850188,3657.3373218118722,1893.8621683138101,car,0 days 00:00:04.605000,0 days 02:09:16.916000,11924.0,337.0,8,99.0,False,0,432.9427777777778,0.0756002536826312
2024-09-01 14:17:00.850,OnTrack,-997.0,3676.0,1894.0,pos,0 days 00:00:04.620000,0 days 02:09:16.931000,11923.142868114286,337.0535707428571,8,99.05357074285715,False,0,434.3490994593228,0.07584582487896782
2024-09-01 14:17:01.115,OnTrack,-981.0596494839467,3853.0061058495653,1894.8353154705235,car,0 days 00:00:04.885000,0 days 02:09:17.196000,11908.0,338.0,8,100.0,False,0,459.2316666666667,0.0801908064555305
2024-09-01 14:17:01.190,OnTrack,-977.0,3900.0,1895.0,pos,0 days 00:00:04.960000,0 days 02:09:17.271000,11920.321439085714,338.0,8,100.0,False,0,466.2711525376184,0.08142003799594531
2024-09-01 14:17:01.395,OnTrack,-961.5136532084443,4088.2049586184444,1895.9073818095758,car,0 days 00:00:05.165000,0 days 02:09:17.476000,11954.0,338.0,8,100.0,False,0,485.5205555555555,0.0847813592284298
2024-09-01 14:17:01.410,OnTrack,-960.0,4106.0,1896.0,pos,0 days 00:00:05.180000,0 days 02:09:17.491000,11952.35002112,338.07499904,8,100.0,False,0,486.9318913414847,0.08502780598519355
2024-09-01 14:17:01.595,OnTrack,-937.0424792823168,4366.984163091627,1897.3962907861135,car,0 days 00:00:05.365000,0 days 02:09:17.676000,11932.0,339.0,8,100.0,False,0,504.3538888888889,0.08807002657841473
2024-09-01 14:17:01.690,OnTrack,-927.0,4481.0,1898.0,pos,0 days 00:00:05.460000,0 days 02:09:17.771000,11927.72500864,338.52500096,8,100.0,False,0,513.2779359852882,0.0896283392677416
2024-09-01 14:17:01.795,OnTrack,-919.8242313819037,4564.9612716789425,1898.4218893616867,car,0 days 00:00:05.565000,0 days 02:09:17.876000,11923.0,338.0,8,100.0,False,0,523.1316666666667,0.09134899284477137
2024-09-01 14:17:02.030,OnTrack,-910.0,4687.0,1899.0,pos,0 days 00:00:05.800000,0 days 02:09:18.111000,11887.0156152,338.0,8,100.0,False,0,545.2021428903906,0.09520292848489063
2024-09-01 14:17:02.115,OnTrack,-903.8064453308348,4760.29369796804,1899.3953634304626,car,0 days 00:00:05.885000,0 days 02:09:18.196000,11874.0,338.0,8,100.0,False,0,553.1761111111111,0.096595338870942
2024-09-01 14:17:02.230,OnTrack,-894.0,4874.0,1900.0,pos,0 days 00:00:06,0 days 02:09:18.311000,11881.47500416,337.42499968,8,100.0,False,0,563.9495735505154,0.09847659555257517
2024-09-01 14:17:02.315,OnTrack,-886.8247455993235,4955.275982363648,1900.3916148582996,car,0 days 00:00:06.085000,0 days 02:09:18.396000,11887.0,337.0,8,100.0,False,0,571.8983333333333,0.09986460405367037
2024-09-01 14:17:02.475,OnTrack,-873.702369330225,5102.553228620546,1900.9344527269345,car,0 days 00:00:06.245000,0 days 02:09:18.556000,11845.0,336.0,8,100.0,False,0,586.8316666666667,0.10247225533295046
2024-09-01 14:17:02.550,OnTrack,-868.0,5171.0,1901.0,pos,0 days 00:00:06.320000,0 days 02:09:18.631000,11817.99997696,336.0,8,100.0,False,0,593.8362247002127,0.10369538779167597
2024-09-01 14:17:02.630,OnTrack,-862.0,5246.0,1901.0,pos,0 days 00:00:06.400000,0 days 02:09:18.711000,11789.19997696,336.0,8,100.0,False,0,601.3065588241294,0.10499985384088675
2024-09-01 14:17:02.675,OnTrack,-857.9705266203746,5294.319615387765,1901.165825970863,car,0 days 00:00:06.445000,0 days 02:09:18.756000,11773.0,336.0,8,100.0,False,0,605.4983333333333,0.10573181943205055
2024-09-01 14:17:02.835,OnTrack,-839.4989138525088,5503.130294741069,1902.8654130752166,car,0 days 00:00:06.605000,0 days 02:09:18.916000,11726.0,334.0,8,100.0,False,0,620.3427777777778,0.10832394897752538
2024-09-01 14:17:02.950,OnTrack,-828.0,5633.0,1904.0,pos,0 days 00:00:06.720000,0 days 02:09:19.031000,11704.7968632,333.2812496,8,99.6406248,False,0,630.9723441237247,0.11018007859450313
2024-09-01 14:17:03.155,OnTrack,-816.6733906607243,5769.5547068470205,1904.7274131939653,car,0 days 00:00:06.925000,0 days 02:09:19.236000,11667.0,332.0,8,99.0,False,0,649.8538888888888,0.11347716460086457
2024-09-01 14:17:03.310,OnTrack,-808.0,5872.0,1905.0,pos,0 days 00:00:07.080000,0 days 02:09:19.391000,11623.0833152,331.13888853333333,8,99.43055573333334,False,0,664.083352211246,0.11596190644702621
2024-09-01 14:17:03.510,OnTrack,-790.0,6076.0,1906.0,pos,0 days 00:00:07.280000,0 days 02:09:19.591000,11566.416648533334,330.02777742222224,8,99.98611128888889,False,0,682.3965349135135,0.11915974535112828
2024-09-01 14:17:03.515,OnTrack,-789.5364783980376,6081.621553936168,1906.0448466083285,car,0 days 00:00:07.285000,0 days 02:09:19.596000,11565.0,330.0,8,100.0,False,0,682.8538888888888,0.1192396082760594
2024-09-01 14:17:03.610,OnTrack,-781.0,6188.0,1907.0,pos,0 days 00:00:07.380000,0 days 02:09:19.691000,11555.55902153899,329.4099388461869,8,100.0,False,0,691.5393678512925,0.12075626231584546
2024-09-01 14:17:03.676,OnTrack,-775.588962001447,6252.753006235108,1907.4720336710889,car,0 days 00:00:07.446000,0 days 02:09:19.757000,11549.0,329.0,8,100.0,False,0,697.5675,0.12180889176958966
2024-09-01 14:17:03.789,OnTrack,-767.0,6352.0,1908.0,pos,0 days 00:00:07.559000,0 days 02:09:19.870000,11539.39500544,328.43500032,8,97.1750016,False,0,707.8750587219005,0.1236087925745507
2024-09-01 14:17:03.876,OnTrack,-760.4594160790527,6430.274452658965,1908.4327548458414,car,0 days 00:00:07.646000,0 days 02:09:19.957000,11532.0,328.0,8,95.0,False,0,715.7897222222222,0.12499084719966355
2024-09-01 14:17:03.989,OnTrack,-752.0,6533.0,1909.0,pos,0 days 00:00:07.759000,0 days 02:09:20.070000,11285.09513984,326.30500096,8,41.3250304,False,0,726.0310798608098,0.1267791880042056
2024-09-01 14:17:04.076,OnTrack,-745.4858003120894,6610.981027584854,1909.3989804690336,car,0 days 00:00:07.846000,0 days 02:09:20.157000,11095.0,325.0,8,0.0,False,0,733.8452777777777,0.12814369937885262
2024-09-01 14:17:04.229,OnTrack,-734.0,6747.0,1910.0,pos,0 days 00:00:07.999000,0 days 02:09:20.310000,11156.1999744,319.9000021333333,8,0.0,False,0,747.3718949229897,0.1305057105732529
2024-09-01 14:17:04.316,OnTrack,-727.4297087033287,6824.776251460546,1910.267953680162,car,0 days 00:00:08.086000,0 days 02:09:20.397000,11191.0,317.0,8,0.0,False,0,754.978611111111,0.13183399159104808
2024-09-01 14:17:04.516,OnTrack,-712.8650549308185,6998.500894464891,1910.9327103661826,car,0 days 00:00:08.286000,0 days 02:09:20.597000,10739.0,312.0,8,0.0,False,0,772.3119444444444,0.1348607296830696
2024-09-01 14:17:04.529,OnTrack,-712.0,7009.0,1911.0,pos,0 days 00:00:08.299000,0 days 02:09:20.610000,10717.9563536,311.5125024,8,0.0,False,0,773.4328060016039,0.1350564539737006
2024-09-01 14:17:04.676,OnTrack,-702.1047788159689,7129.76758639269,1911.9222831014044,car,0 days 00:00:08.446000,0 days 02:09:20.757000,10480.0,306.0,8,0.0,True,0,785.9119444444444,0.13723555495527112
2024-09-01 14:17:04.689,OnTrack,-701.0,7143.0,1912.0,pos,0 days 00:00:08.459000,0 days 02:09:20.770000,10428.7315024,304.0500096,8,0.0,True,0,786.9718380234303,0.13742063304771376
2024-09-01 14:17:04.836,OnTrack,-685.1153787463213,7329.822030491074,1912.7321730594401,car,0 days 00:00:08.606000,0 days 02:09:20.917000,9849.0,282.0,8,0.0,True,0,798.4452777777777,0.13942411942180977
2024-09-01 14:17:04.909,OnTrack,-678.0,7413.0,1913.0,pos,0 days 00:00:08.679000,0 days 02:09:20.990000,9713.265744,275.8406304,8,0.0,True,0,803.9248495156601,0.14038095952798357
2024-09-01 14:17:05.156,OnTrack,-667.4301290058523,7537.521812994011,1913.4693923570132,car,0 days 00:00:08.926000,0 days 02:09:21.237000,9254.0,255.0,8,0.0,True,0,821.1119444444444,0.1433821615421456
2024-09-01 14:17:05.329,OnTrack,-663.0,7594.0,1914.0,pos,0 days 00:00:09.099000,0 days 02:09:21.410000,9088.208394666666,219.67917973333334,8,0.0,True,0,831.2136863998642,0.14514612272515948
2024-09-01 14:17:05.396,OnTrack,-660.3490918993905,7628.223113298932,1914.3519732206155,car,0 days 00:00:09.166000,0 days 02:09:21.477000,9024.0,206.0,8,0.0,True,0,834.8452777777776,0.14578026941505492
2024-09-01 14:17:05.529,OnTrack,-654.0,7706.0,1915.0,pos,0 days 00:00:09.299000,0 days 02:09:21.610000,9303.2998656,192.03500672,8,0.0,True,0,841.7524907516147,0.1469864035276098
2024-09-01 14:17:05.596,OnTrack,-650.6136371051155,7741.86525076527,1915.0720036355242,car,0 days 00:00:09.366000,0 days 02:09:21.677000,9444.0,185.0,8,0.0,True,0,845.1230555555554,0.14757496988628563
2024-09-01 14:17:05.729,OnTrack,-644.0,7806.0,1915.0,pos,0 days 00:00:09.499000,0 days 02:09:21.810000,10007.5872288,175.8562544,8,0.0,True,0,851.6106129610864,0.14870782395110277
2024-09-01 14:17:05.756,OnTrack,-642.781797160367,7818.040155222616,1915.0301820820687,car,0 days 00:00:09.526000,0 days 02:09:21.837000,10122.0,174.0,8,0.0,True,0,852.8563888888888,0.1489253607273414
2024-09-01 14:17:05.989,OnTrack,-631.0,7919.0,1916.0,pos,0 days 00:00:09.759000,0 days 02:09:22.070000,10355.832078628571,150.7000064,8,0.0,True,0,862.4418761216136,0.1505991737660649
2024-09-01 14:17:06.036,OnTrack,-626.9789649365019,7943.330120410805,1916.3415882404734,car,0 days 00:00:09.806000,0 days 02:09:22.117000,10403.0,146.0,5,0.0,True,0,864.2119444444443,0.1509082622209606
2024-09-01 14:17:06.195,OnTrack,-609.9647712810305,8031.60420333804,1917.685078551345,car,0 days 00:00:09.965000,0 days 02:09:22.276000,10491.0,130.0,4,0.0,True,0,869.953611111111,0.15191086921394273
2024-09-01 14:17:06.250,OnTrack,-605.0,8055.0,1918.0,pos,0 days 00:00:10.020000,0 days 02:09:22.331000,10464.5313424,128.281256,4,0.0,True,0,871.8976074586045,0.15225032889446444
2024-09-01 14:17:06.355,OnTrack,-597.8466228150749,8085.103083819743,1918.285040545376,car,0 days 00:00:10.125000,0 days 02:09:22.436000,10414.0,125.0,3,0.0,True,0,875.5091666666665,0.15288097757677013
2024-09-01 14:17:06.555,OnTrack,-587.0541028199285,8111.501194034352,1918.046176081982,car,0 days 00:00:10.325000,0 days 02:09:22.636000,9241.0,112.0,2,0.0,True,0,881.7313888888887,0.15396749894313683
2024-09-01 14:17:06.590,OnTrack,-584.0,8118.0,1918.0,pos,0 days 00:00:10.360000,0 days 02:09:22.671000,9094.6559824,109.812496,2,0.0,True,0,882.7532095076994,0.154145928754108
2024-09-01 14:17:06.715,OnTrack,-569.7370016945305,8147.836205441352,1917.864643111378,car,0 days 00:00:10.485000,0 days 02:09:22.796000,8572.0,102.0,2,0.0,True,0,886.264722222222,0.154759107367204
2024-09-01 14:17:06.810,OnTrack,-557.0,8172.0,1918.0,pos,0 days 00:00:10.580000,0 days 02:09:22.891000,8332.804054857143,98.94643474285714,2,0.0,True,0,888.8016270650224,0.15520210043586966
2024-09-01 14:17:06.995,OnTrack,-531.0737034410198,8212.109187602728,1918.9577215223019,car,0 days 00:00:10.765000,0 days 02:09:23.076000,7867.0,93.0,2,0.0,True,0,893.4980555555553,0.15602218845560528
2024-09-01 14:17:07.010,OnTrack,-529.0,8215.0,1919.0,pos,0 days 00:00:10.780000,0 days 02:09:23.091000,7843.7502976,92.6250048,2,0.0,True,0,893.8715915192824,0.15608741512080643
2024-09-01 14:17:07.195,OnTrack,-499.6991290327497,8248.13816712928,1918.9757705964444,car,0 days 00:00:10.965000,0 days 02:09:23.276000,7557.0,88.0,2,0.0,True,0,898.3869444444442,0.15687588381489342
2024-09-01 14:17:07.210,OnTrack,-496.0,8251.0,1919.0,pos,0 days 00:00:10.980000,0 days 02:09:23.291000,7537.57524864,87.77500288,2,0.0,True,0,898.7439474044704,0.156938223495167
2024-09-01 14:17:07.430,OnTrack,-425.0,8293.0,1920.0,pos,0 days 00:00:11.200000,0 days 02:09:23.511000,7252.67491712,84.47499904,2,0.0,True,0,903.8154321476857,0.15782380365220905
2024-09-01 14:17:07.595,OnTrack,-400.1233801785039,8303.947401401518,1920.1660761182134,car,0 days 00:00:11.365000,0 days 02:09:23.676000,7039.0,82.0,2,0.0,False,0,907.4980555555553,0.15846686152993036
2024-09-01 14:17:07.755,OnTrack,-384.44917505686055,8305.607937019797,1920.0067133202335,car,0 days 00:00:11.525000,0 days 02:09:23.836000,6896.0,79.0,2,0.0,False,0,911.0091666666664,0.15907997001523727
2024-09-01 14:17:07.770,OnTrack,-382.0,8306.0,1920.0,pos,0 days 00:00:11.540000,0 days 02:09:23.851000,6901.833258666667,78.8750016,2,0.7916565333333333,False,0,911.333209165922,0.15913655415615635
2024-09-01 14:17:07.950,OnTrack,-343.0,8313.0,1920.0,pos,0 days 00:00:11.720000,0 days 02:09:24.031000,6971.833358222222,77.37499946666667,2,10.291670044444444,False,0,915.1441301950249,0.15980201530102972
2024-09-01 14:17:08.115,OnTrack,-307.3855118200076,8319.42775538114,1919.999027800748,car,0 days 00:00:11.885000,0 days 02:09:24.196000,7036.0,76.0,2,19.0,False,0,918.6091666666664,0.16040707825558517
2024-09-01 14:17:08.170,OnTrack,-296.0,8322.0,1920.0,pos,0 days 00:00:11.940000,0 days 02:09:24.251000,7062.67490688,76.27499904,2,19.54999808,False,0,919.774545192086,0.1606105760771916
2024-09-01 14:17:08.315,OnTrack,-266.849958525638,8330.5924833133,1920.0151763922688,car,0 days 00:00:12.085000,0 days 02:09:24.396000,7133.0,77.0,2,21.0,False,0,922.8869444444441,0.16115406169496227
2024-09-01 14:17:08.450,OnTrack,-241.0,8342.0,1920.0,pos,0 days 00:00:12.220000,0 days 02:09:24.531000,7082.375072,78.1249984,2,13.1250112,False,0,925.8715623469972,0.16167523419664226
2024-09-01 14:17:08.670,OnTrack,-203.0,8369.0,1920.0,pos,0 days 00:00:12.440000,0 days 02:09:24.751000,6999.874976,79.95833386666666,2,0.2916629333333347,False,0,930.7778076598656,0.16253196032609962
2024-09-01 14:17:08.675,OnTrack,-202.26012327723183,8369.698294385278,1920.0100531813234,car,0 days 00:00:12.445000,0 days 02:09:24.756000,6998.0,80.0,2,0.0,False,0,930.8869444444441,0.16255101773743375
2024-09-01 14:17:08.875,OnTrack,-177.62601265962152,8401.16901834975,1920.8298728771438,car,0 days 00:00:12.645000,0 days 02:09:24.956000,6499.0,77.0,2,0.0,False,0,935.1647222222219,0.16329800117681084
2024-09-01 14:17:08.910,OnTrack,-174.0,8408.0,1921.0,pos,0 days 00:00:12.680000,0 days 02:09:24.991000,6482.8124704,76.5624992,2,0.0,False,0,935.8985715103936,0.1634261455764827
2024-09-01 14:17:09.115,OnTrack,-156.22715136450577,8455.31481317402,1921.9070451861344,car,0 days 00:00:12.885000,0 days 02:09:25.196000,6388.0,74.0,2,0.0,False,0,940.0980555555552,0.16415945740300159
2024-09-01 14:17:09.150,OnTrack,-154.0,8463.0,1922.0,pos,0 days 00:00:12.920000,0 days 02:09:25.231000,6378.454528,73.6818176,2,0.8750015999999999,False,0,940.7925854761395,0.16428073587415626
2024-09-01 14:17:09.490,OnTrack,-144.0,8524.0,1922.0,pos,0 days 00:00:13.260000,0 days 02:09:25.571000,6285.727325090909,70.59091083636363,2,9.374995199999999,False,0,947.341040125785,0.16542422378561533
2024-09-01 14:17:09.555,OnTrack,-143.29631461417347,8535.567247090072,1922.0221290432705,car,0 days 00:00:13.325000,0 days 02:09:25.636000,6268.0,70.0,2,11.0,False,0,948.6536111111108,0.16565342428175578
2024-09-01 14:17:10.469,OnTrack,-159.0,8728.0,1924.0,pos,0 days 00:00:14.239000,0 days 02:09:26.550000,8319.289757553252,83.89359293940277,2,50.69597982686505,False,0,969.9715124116732,0.1693759456610847
2024-09-01 14:17:10.476,OnTrack,-159.29989637892263,8729.667347928216,1924.003091105621,car,0 days 00:00:14.246000,0 days 02:09:26.557000,8335.0,84.0,2,51.0,False,0,970.1436111111108,0.16940599745084478
2024-09-01 14:17:10.649,OnTrack,-168.0,8771.0,1924.0,pos,0 days 00:00:14.419000,0 days 02:09:26.730000,8675.80987392,89.18999808,2,53.59499904,False,0,974.4454345359936,0.1701571797292242
2024-09-01 14:17:10.676,OnTrack,-169.73643570000718,8777.1959619787,1923.9953863175908,car,0 days 00:00:14.446000,0 days 02:09:26.757000,8729.0,90.0,2,54.0,False,0,975.1436111111108,0.17027909497738944
2024-09-01 14:17:10.709,OnTrack,-172.0,8785.0,1924.0,pos,0 days 00:00:14.479000,0 days 02:09:26.790000,8892.938967771428,91.29642605714285,2,55.767853714285714,False,0,976.010363979028,0.17043044693441026
2024-09-01 14:17:10.956,OnTrack,-192.65856095904527,8864.327350408506,1924.7364026595435,car,0 days 00:00:14.726000,0 days 02:09:27.037000,10120.0,101.0,2,69.0,False,0,982.9991666666663,0.17165082820242739
2024-09-01 14:17:11.069,OnTrack,-202.0,8901.0,1925.0,pos,0 days 00:00:14.839000,0 days 02:09:27.150000,10421.333162666666,106.6499968,2,72.76666453333334,False,0,986.5305903143321,0.17226748365281908
2024-09-01 14:17:11.316,OnTrack,-219.19107160800314,8966.202661186735,1924.7923246701646,car,0 days 00:00:15.086000,0 days 02:09:27.397000,11080.0,119.0,2,81.0,False,0,994.8991666666662,0.1737288003156037
2024-09-01 14:17:11.469,OnTrack,-231.0,9010.0,1925.0,pos,0 days 00:00:15.239000,0 days 02:09:27.550000,11134.0281024,126.17187200000001,2,88.17187200000001,False,0,1000.4187805966669,0.17469263256955672
2024-09-01 14:17:11.636,OnTrack,-246.7545513578716,9068.644974015311,1925.8941657669989,car,0 days 00:00:15.406000,0 days 02:09:27.717000,11193.0,134.0,2,96.0,False,0,1006.8102777777774,0.17580871264550568
2024-09-01 14:17:11.669,OnTrack,-250.0,9081.0,1926.0,pos,0 days 00:00:15.439000,0 days 02:09:27.750000,11243.678473142858,135.88571062857142,2,96.35357074285714,False,0,1008.1294200977748,0.1760390606248557
2024-09-01 14:17:11.829,OnTrack,-266.0,9143.0,1926.0,pos,0 days 00:00:15.599000,0 days 02:09:27.910000,11489.392758857142,145.02856777142858,2,98.06785645714285,False,0,1014.7716966323234,0.17719893166744372
2024-09-01 14:17:11.916,OnTrack,-275.19942636640224,9177.769999138527,1925.9958858873938,car,0 days 00:00:15.686000,0 days 02:09:27.997000,11623.0,150.0,3,99.0,False,0,1018.4769444444441,0.17784594020744326
2024-09-01 14:17:12.009,OnTrack,-285.0,9216.0,1926.0,pos,0 days 00:00:15.779000,0 days 02:09:28.090000,11338.316862577778,152.58333155555556,3,99.0,False,0,1022.4821499877024,0.17854532721806762
2024-09-01 14:17:12.169,OnTrack,-301.0,9285.0,1926.0,pos,0 days 00:00:15.939000,0 days 02:09:28.250000,10848.5390848,157.027776,3,99.0,False,0,1029.5198827909646,0.17977425263866972
2024-09-01 14:17:12.276,OnTrack,-312.54475059055096,9332.922359722057,1926.3782718918087,car,0 days 00:00:16.046000,0 days 02:09:28.357000,10521.0,160.0,4,99.0,False,0,1034.4769444444441,0.1806398522923862
2024-09-01 14:17:12.389,OnTrack,-325.0,9385.0,1927.0,pos,0 days 00:00:16.159000,0 days 02:09:28.470000,10881.658129066667,168.94582826666667,4,99.0,False,0,1039.962753237326,0.18159778151001862
2024-09-01 14:17:12.516,OnTrack,-338.37736075203804,9445.35533965348,1927.7263365157655,car,0 days 00:00:16.286000,0 days 02:09:28.597000,11287.0,179.0,4,99.0,False,0,1046.4102777777773,0.18272364505573943
2024-09-01 14:17:12.589,OnTrack,-346.0,9481.0,1928.0,pos,0 days 00:00:16.359000,0 days 02:09:28.670000,11151.61166923522,182.1102724635152,4,99.1829572037362,False,0,1050.2378805745716,0.18339201916263476
2024-09-01 14:17:12.830,OnTrack,-371.0,9604.0,1928.0,pos,0 days 00:00:16.600000,0 days 02:09:28.911000,10704.643966292697,192.3784494230056,4,99.78696761311798,False,0,1063.4117944529344,0.18569244148705696
2024-09-01 14:17:12.915,OnTrack,-379.0085602041853,9649.467999613555,1928.1355593639964,car,0 days 00:00:16.685000,0 days 02:09:28.996000,10547.0,196.0,4,100.0,False,0,1068.1336111111107,0.1865169627760672
2024-09-01 14:17:13.150,OnTrack,-398.0,9780.0,1929.0,pos,0 days 00:00:16.920000,0 days 02:09:29.231000,10989.583453866666,202.85416853333334,4,99.02083306666667,False,0,1081.3773784406874,0.1888295828755845
2024-09-01 14:17:13.155,OnTrack,-398.34455067978536,9782.829431224496,1929.0195529376963,car,0 days 00:00:16.925000,0 days 02:09:29.236000,10999.0,203.0,5,99.0,False,0,1081.6669444444442,0.18888014674791478
2024-09-01 14:17:13.370,OnTrack,-411.0,9907.0,1930.0,pos,0 days 00:00:17.140000,0 days 02:09:29.451000,11273.1247552,212.85415786666667,5,99.0,False,0,1094.4350736532776,0.19110971115408182
2024-09-01 14:17:13.395,OnTrack,-412.2634441289184,9921.919423705267,1930.1687159184944,car,0 days 00:00:17.165000,0 days 02:09:29.476000,11305.0,214.0,5,99.0,False,0,1095.9336111111108,0.19137138502365558
2024-09-01 14:17:13.530,OnTrack,-418.0,10003.0,1931.0,pos,0 days 00:00:17.300000,0 days 02:09:29.611000,11448.77479552,216.02499712,5,99.0,False,0,1104.0339151859175,0.19278585611405025
2024-09-01 14:17:13.595,OnTrack,-419.6521204561599,10041.339569872605,1930.9954976661686,car,0 days 00:00:17.365000,0 days 02:09:29.676000,11518.0,217.0,5,99.0,False,0,1107.9891666666663,0.19347652017099104
2024-09-01 14:17:13.610,OnTrack,-420.0,10051.0,1931.0,pos,0 days 00:00:17.380000,0 days 02:09:29.691000,11480.83797568,217.44999424,5,99.0,False,0,1108.9099776439236,0.19363731172832274
2024-09-01 14:17:13.970,OnTrack,-427.0,10347.0,1933.0,pos,0 days 00:00:17.740000,0 days 02:09:30.051000,10588.93797568,228.24999424,5,99.0,False,0,1131.8055230880082,0.19763532054754698
2024-09-01 14:17:13.995,OnTrack,-427.1093911666808,10360.231949070258,1933.0534230003204,car,0 days 00:00:17.765000,0 days 02:09:30.076000,10527.0,229.0,6,99.0,False,0,1133.4336111111108,0.1979196164727406
2024-09-01 14:17:14.195,OnTrack,-426.12871484508474,10432.073357687146,1932.9834933158018,car,0 days 00:00:17.965000,0 days 02:09:30.276000,10773.0,237.0,6,99.0,False,0,1146.6002777777774,0.2002187732926415
2024-09-01 14:17:14.210,OnTrack,-426.0,10439.0,1933.0,pos,0 days 00:00:17.980000,0 days 02:09:30.291000,10804.57459584,237.3749952,6,99.0,False,0,1147.5987855787066,0.2003931322308869
2024-09-01 14:17:14.395,OnTrack,-424.0859790422435,10558.150519706356,1933.6731755844742,car,0 days 00:00:18.165000,0 days 02:09:30.476000,11194.0,242.0,6,99.0,False,0,1160.0447222222217,0.20256643553068385
2024-09-01 14:17:14.510,OnTrack,-422.0,10640.0,1934.0,pos,0 days 00:00:18.280000,0 days 02:09:30.591000,11267.791707733333,244.23611235555555,6,99.0,False,0,1167.903979656668,0.20393881517598242
2024-09-01 14:17:14.670,OnTrack,-417.0,10749.0,1934.0,pos,0 days 00:00:18.440000,0 days 02:09:30.751000,11370.4583744,247.34722346666666,6,99.0,False,0,1178.9904815408484,0.20587473465060455
2024-09-01 14:17:14.755,OnTrack,-412.42881498187404,10820.304666806212,1934.1216017313682,car,0 days 00:00:18.525000,0 days 02:09:30.836000,11425.0,249.0,6,99.0,False,0,1184.9447222222216,0.20691446121287627
2024-09-01 14:17:14.995,OnTrack,-394.9952764600209,11046.272898050456,1934.94913590621,car,0 days 00:00:18.765000,0 days 02:09:31.076000,11723.0,256.0,6,99.0,False,0,1202.0113888888884,0.2098946341034821
2024-09-01 14:17:15.010,OnTrack,-394.0,11058.0,1935.0,pos,0 days 00:00:18.780000,0 days 02:09:31.091000,11681.71302848,256.29999616,6,99.0,False,0,1203.0931901564845,0.2100835377056723
2024-09-01 14:17:15.395,OnTrack,-371.5761232548058,11269.139629627218,1935.9689811313924,car,0 days 00:00:19.165000,0 days 02:09:31.476000,10622.0,264.0,7,99.0,False,0,1231.3447222222217,0.2150168062592108
2024-09-01 14:17:15.430,OnTrack,-369.0,11289.0,1936.0,pos,0 days 00:00:19.200000,0 days 02:09:31.511000,10634.6875232,264.4375008,7,99.0,False,0,1233.926622419272,0.2154676563943768
2024-09-01 14:17:15.555,OnTrack,-358.404990166831,11367.61312919432,1936.0169558836806,car,0 days 00:00:19.325000,0 days 02:09:31.636000,10680.0,266.0,7,99.0,False,0,1243.166944444444,0.21708119685530755
2024-09-01 14:17:15.650,OnTrack,-345.0,11450.0,1936.0,pos,0 days 00:00:19.420000,0 days 02:09:31.731000,10732.2498944,267.42499712,7,99.0,False,0,1250.2465925750773,0.21831744150964005
2024-09-01 14:17:15.755,OnTrack,-321.8468977042757,11574.70686953872,1936.0054819895818,car,0 days 00:00:19.525000,0 days 02:09:31.836000,10790.0,269.0,7,99.0,False,0,1258.1113888888883,0.21969078835131325
2024-09-01 14:17:15.830,OnTrack,-306.0,11656.0,1936.0,pos,0 days 00:00:19.600000,0 days 02:09:31.911000,10862.656312,269.9375008,7,99.0,False,0,1263.7392962602094,0.22067353075241786
2024-09-01 14:17:15.915,OnTrack,-293.3951858741345,11717.643164974246,1935.965093555815,car,0 days 00:00:19.685000,0 days 02:09:31.996000,10945.0,271.0,7,99.0,False,0,1270.1558333333328,0.2217939832819231
2024-09-01 14:17:16.130,OnTrack,-270.0,11805.0,1936.0,pos,0 days 00:00:19.900000,0 days 02:09:32.211000,11045.78116,275.7031208,7,99.0,False,0,1286.7035425251809,0.2246835360749997
2024-09-01 14:17:16.235,OnTrack,-248.1039568540575,11878.908612997842,1936.3095760019128,car,0 days 00:00:20.005000,0 days 02:09:32.316000,11095.0,278.0,7,99.0,False,0,1294.866944444444,0.22610902527977944
2024-09-01 14:17:16.470,OnTrack,-183.0,12086.0,1937.0,pos,0 days 00:00:20.240000,0 days 02:09:32.551000,11279.083383466666,280.9375008,7,99.0,False,0,1313.2087525113152,0.22931186273088788
2024-09-01 14:17:16.475,OnTrack,-181.66516379813706,12089.881009974026,1936.9970007508875,car,0 days 00:00:20.245000,0 days 02:09:32.556000,11283.0,281.0,7,99.0,False,0,1313.6002777777776,0.2293802306792335
2024-09-01 14:17:16.675,OnTrack,-131.14436719597703,12222.500017676104,1936.2194426847273,car,0 days 00:00:20.445000,0 days 02:09:32.756000,11390.0,283.0,7,99.0,False,0,1329.3224999999998,0.23212563734603506
2024-09-01 14:17:16.829,OnTrack,-88.0,12320.0,1936.0,pos,0 days 00:00:20.599000,0 days 02:09:32.910000,11469.880245606822,284.9201982117025,7,99.0,False,0,1341.557269031367,0.23426206666186147
2024-09-01 14:17:17.049,OnTrack,-12.0,12478.0,1937.0,pos,0 days 00:00:20.819000,0 days 02:09:33.130000,11583.994977036606,287.6633407941492,7,99.0,False,0,1359.222466958046,0.23734675478500256
2024-09-01 14:17:17.076,OnTrack,-2.024931475470062,12497.46527705788,1936.976399424419,car,0 days 00:00:20.846000,0 days 02:09:33.157000,11598.0,288.0,7,99.0,False,0,1361.4024999999997,0.23772743107634564
2024-09-01 14:17:17.309,OnTrack,89.0,12662.0,1936.0,pos,0 days 00:00:21.079000,0 days 02:09:33.390000,10888.51519488,290.9124992,7,99.0,False,0,1380.321479351731,0.2410310538916949
2024-09-01 14:17:17.469,OnTrack,158.0,12772.0,1937.0,pos,0 days 00:00:21.239000,0 days 02:09:33.550000,10401.31519488,292.9124992,7,99.0,False,0,1393.3856993695538,0.2433123215284542
2024-09-01 14:17:17.476,OnTrack,161.11471451541223,12776.693416820617,1937.012717884455,car,0 days 00:00:21.246000,0 days 02:09:33.557000,10380.0,293.0,7,99.0,False,0,1393.9580555555551,0.24341226608251423
2024-09-01 14:17:17.529,OnTrack,185.0,12812.0,1937.0,pos,0 days 00:00:21.299000,0 days 02:09:33.610000,10410.4749632,293.52999936,7,99.26499968,False,0,1398.293717305098,0.2441693571924063
2024-09-01 14:17:17.676,OnTrack,255.55604035055075,12911.267411223886,1936.99383471633,car,0 days 00:00:21.446000,0 days 02:09:33.757000,10495.0,295.0,7,100.0,False,0,1410.346944444444,0.24627408575285512
2024-09-01 14:17:17.789,OnTrack,311.0,12985.0,1937.0,pos,0 days 00:00:21.559000,0 days 02:09:33.870000,10530.59497984,295.84749952,7,100.0,False,0,1419.654318621596,0.24789933482739454
2024-09-01 14:17:17.969,OnTrack,405.0,13099.0,1937.0,pos,0 days 00:00:21.739000,0 days 02:09:34.050000,10587.29497984,297.19749952,7,100.0,False,0,1434.5570063826315,0.25050163479200005
2024-09-01 14:17:18.076,OnTrack,485.5536320752582,13183.650437060778,1937.2803578526584,car,0 days 00:00:21.846000,0 days 02:09:34.157000,10621.0,298.0,7,100.0,False,0,1443.4580555555553,0.2520559315953065
2024-09-01 14:17:18.249,OnTrack,629.0,13324.0,1938.0,pos,0 days 00:00:22.019000,0 days 02:09:34.330000,10678.95497856,300.59499904,7,99.13500032,False,0,1457.9159693240085,0.254580565345353
2024-09-01 14:17:18.276,OnTrack,647.6736944749812,13341.643979528835,1938.0987425938308,car,0 days 00:00:22.046000,0 days 02:09:34.357000,10688.0,301.0,7,99.0,False,0,1460.1802777777775,0.254975957767417
2024-09-01 14:17:18.676,OnTrack,844.5792186692846,13503.98591180428,1938.988133608926,car,0 days 00:00:22.446000,0 days 02:09:34.757000,10778.0,304.0,7,99.0,False,0,1493.9580555555551,0.2608742166134076
2024-09-01 14:17:18.729,OnTrack,877.0,13528.0,1939.0,pos,0 days 00:00:22.499000,0 days 02:09:34.810000,10783.9624928,304.6624992,7,99.3312496,False,0,1498.4587487814315,0.26166012543805744
2024-09-01 14:17:18.789,OnTrack,918.0,13558.0,1939.0,pos,0 days 00:00:22.559000,0 days 02:09:34.870000,10790.7124928,305.4124992,7,99.7062496,False,0,1503.5596462339859,0.2625508416278541
2024-09-01 14:17:18.836,OnTrack,954.2521699555292,13583.487969545868,1939.0704199819234,car,0 days 00:00:22.606000,0 days 02:09:34.917000,10796.0,306.0,7,100.0,False,0,1507.558055555555,0.2632490418856091
2024-09-01 14:17:19.076,OnTrack,1183.9818311082613,13731.84409910137,1940.4162135582656,car,0 days 00:00:22.846000,0 days 02:09:35.157000,10867.0,307.0,7,100.0,False,0,1528.024722222222,0.2668229210942653
2024-09-01 14:17:19.169,OnTrack,1264.0,13780.0,1941.0,pos,0 days 00:00:22.939000,0 days 02:09:35.250000,10891.4124832,307.77499946666666,7,100.0,False,0,1535.998293092252,0.2682152620951357
2024-09-01 14:17:19.316,OnTrack,1366.282673569589,13837.081845301303,1941.8108706611586,car,0 days 00:00:23.086000,0 days 02:09:35.397000,10930.0,309.0,7,100.0,False,0,1548.6247222222219,0.27042008290362934
2024-09-01 14:17:19.476,OnTrack,1459.6462482058548,13882.491088711082,1942.6053995723137,car,0 days 00:00:23.246000,0 days 02:09:35.557000,10959.0,309.0,7,99.0,False,0,1562.3580555555552,0.2728181907765387
2024-09-01 14:17:19.550,OnTrack,1510.0,13906.0,1943.0,pos,0 days 00:00:23.320000,0 days 02:09:35.631000,10969.609334913988,309.79570011854906,7,99.26523337284969,False,0,1568.7476601808435,0.2739339403753262
2024-09-01 14:17:19.755,OnTrack,1671.8505435098627,13978.050434247956,1943.9802966769507,car,0 days 00:00:23.525000,0 days 02:09:35.836000,10999.0,312.0,7,100.0,False,0,1586.5380555555553,0.27704049041490875
2024-09-01 14:17:19.770,OnTrack,1684.0,13983.0,1944.0,pos,0 days 00:00:23.540000,0 days 02:09:35.851000,11001.1562224,312.0,7,99.9062512,False,0,1587.83826614451,0.27726753254474945
2024-09-01 14:17:19.850,OnTrack,1748.0,14008.0,1944.0,pos,0 days 00:00:23.620000,0 days 02:09:35.931000,11012.6562224,312.0,7,99.4062512,False,0,1594.7673115582018,0.2784774790271514
2024-09-01 14:17:19.915,OnTrack,1797.2976827414748,14027.045374912263,1944.1142823421033,car,0 days 00:00:23.685000,0 days 02:09:35.996000,11022.0,312.0,7,99.0,False,0,1600.404722222222,0.27946188088852597
2024-09-01 14:17:20.070,OnTrack,1928.0,14073.0,1945.0,pos,0 days 00:00:23.840000,0 days 02:09:36.151000,11054.660727771428,313.10714331428574,7,99.0,False,0,1613.9059517243566,0.28181945890525106
2024-09-01 14:17:20.195,OnTrack,2088.8562578534466,14118.864468311389,1946.3650890012927,car,0 days 00:00:23.965000,0 days 02:09:36.276000,11081.0,314.0,7,99.0,False,0,1624.8269444444443,0.2837264772515153
2024-09-01 14:17:20.330,OnTrack,2265.0,14165.0,1948.0,pos,0 days 00:00:24.100000,0 days 02:09:36.411000,11118.1249472,314.8437488,7,99.0,False,0,1636.6356730639566,0.28578851160138197
2024-09-01 14:17:20.355,OnTrack,2290.9801537292515,14171.58015330116,1948.2606106175879,car,0 days 00:00:24.125000,0 days 02:09:36.436000,11125.0,315.0,7,99.0,False,0,1638.8269444444443,0.28617115032584034
2024-09-01 14:17:20.755,OnTrack,2517.9046937249814,14217.218422429458,1950.8633092023429,car,0 days 00:00:24.525000,0 days 02:09:36.836000,11186.0,317.0,7,99.0,False,0,1674.0491666666665,0.2923216373461661
2024-09-01 14:17:20.790,OnTrack,2541.0,14221.0,1951.0,pos,0 days 00:00:24.560000,0 days 02:09:36.871000,11183.5208288,316.9270832,7,99.0,False,0,1677.1283313633264,0.2928593195622616
2024-09-01 14:17:20.990,OnTrack,2715.0,14249.0,1952.0,pos,0 days 00:00:24.760000,0 days 02:09:37.071000,11169.354162133333,316.51041653333334,7,99.0,False,0,1694.6919622050018,0.2959262720912637
2024-09-01 14:17:21.190,OnTrack,2958.0,14284.0,1955.0,pos,0 days 00:00:24.960000,0 days 02:09:37.271000,11155.187495466667,316.09374986666666,7,99.0,False,0,1712.2337619383263,0.2989894124829252
2024-09-01 14:17:21.235,OnTrack,3005.3985912933877,14290.375076639179,1955.5238616356692,car,0 days 00:00:25.005000,0 days 02:09:37.316000,11152.0,316.0,7,99.0,False,0,1716.1825,0.2996789391698492
2024-09-01 14:17:21.475,OnTrack,3183.2303565191933,14310.921886203094,1956.5355550612023,car,0 days 00:00:25.245000,0 days 02:09:37.556000,11126.0,316.0,7,99.0,False,0,1737.2491666666667,0.3033575900816908
2024-09-01 14:17:21.670,OnTrack,3308.0,14323.0,1957.0,pos,0 days 00:00:25.440000,0 days 02:09:37.751000,11161.750011733333,316.0,7,99.0,False,0,1754.3613966481125,0.3063457192157835
2024-09-01 14:17:21.715,OnTrack,3339.8855817597796,14326.122754548758,1957.20338716639,car,0 days 00:00:25.485000,0 days 02:09:37.796000,11170.0,316.0,7,99.0,False,0,1758.3158333333333,0.3070362409935323
2024-09-01 14:17:21.830,OnTrack,3448.0,14336.0,1958.0,pos,0 days 00:00:25.600000,0 days 02:09:37.911000,11160.416661333333,316.4791669333333,7,99.0,False,0,1768.4364133867175,0.3088034916758937
2024-09-01 14:17:21.955,OnTrack,3656.757026121124,14352.697260931836,1959.5609736585675,car,0 days 00:00:25.725000,0 days 02:09:38.036000,11150.0,317.0,7,99.0,False,0,1779.4491666666665,0.31072653320572774
2024-09-01 14:17:21.990,OnTrack,3711.0,14357.0,1960.0,pos,0 days 00:00:25.760000,0 days 02:09:38.071000,11151.000001828572,317.0,7,99.12500022857142,False,0,1782.5325973471067,0.3112649603458006
2024-09-01 14:17:22.235,OnTrack,3897.995636733631,14372.72912754376,1962.2510973020392,car,0 days 00:00:26.005000,0 days 02:09:38.316000,11158.0,317.0,7,100.0,False,0,1804.104722222222,0.3150318741199558
2024-09-01 14:17:22.470,OnTrack,4009.0,14383.0,1963.0,pos,0 days 00:00:26.240000,0 days 02:09:38.551000,11141.443177309091,316.46590894545454,7,99.46590894545454,False,0,1824.741439426826,0.31863544746942407
2024-09-01 14:17:22.650,OnTrack,4189.0,14398.0,1963.0,pos,0 days 00:00:26.420000,0 days 02:09:38.731000,11128.761377163637,316.0568186181818,7,99.05681861818182,False,0,1840.5330193325444,0.32139296534060713
2024-09-01 14:17:22.675,OnTrack,4212.923858830744,14399.86389662154,1963.129705544021,car,0 days 00:00:26.445000,0 days 02:09:38.756000,11127.0,316.0,7,99.0,False,0,1842.7269444444444,0.3217760674583319
2024-09-01 14:17:22.870,OnTrack,4382.0,14412.0,1965.0,pos,0 days 00:00:26.640000,0 days 02:09:38.951000,11109.124994133334,316.0,7,99.81250026666666,False,0,1859.843665344718,0.3247649807944488
2024-09-01 14:17:22.915,OnTrack,4422.761655836366,14414.886454667432,1965.3009975625773,car,0 days 00:00:26.685000,0 days 02:09:38.996000,11105.0,316.0,7,100.0,False,0,1863.793611111111,0.3254547183701735
2024-09-01 14:17:23.070,OnTrack,4567.0,14425.0,1966.0,pos,0 days 00:00:26.840000,0 days 02:09:39.151000,11047.46875753689,315.64812695741216,7,92.08285654177391,False,0,1877.3970626689472,0.3278301463516969
2024-09-01 14:17:23.230,OnTrack,4707.0,14434.0,1967.0,pos,0 days 00:00:27,0 days 02:09:39.311000,10988.081693063823,315.2849033214913,7,83.91032473355367,False,0,1891.4361718700015,0.3302816486553631
2024-09-01 14:17:23.796,OnTrack,5276.0853610086415,14462.47387313787,1967.1702577052022,car,0 days 00:00:27.566000,0 days 02:09:39.877000,10778.0,314.0,7,55.0,False,0,1940.6363888888889,0.3388729662122934
2024-09-01 14:17:23.929,OnTrack,5403.0,14468.0,1967.0,pos,0 days 00:00:27.699000,0 days 02:09:40.010000,10794.624992,311.4138901333333,7,34.680565333333334,False,0,1951.990533372732,0.3408556213052682
2024-09-01 14:17:24.156,OnTrack,5601.247563895352,14476.143346004483,1966.8340912402664,car,0 days 00:00:27.926000,0 days 02:09:40.237000,10823.0,307.0,7,0.0,False,0,1971.336388888889,0.3442337850252776
2024-09-01 14:17:24.409,OnTrack,5787.0,14483.0,1967.0,pos,0 days 00:00:28.179000,0 days 02:09:40.490000,10605.57818,303.046876,7,0.0,False,0,1992.9030975354017,0.34799975302027364
2024-09-01 14:17:24.476,OnTrack,5828.435248281159,14484.364583788423,1967.1381358015688,car,0 days 00:00:28.246000,0 days 02:09:40.557000,10548.0,302.0,7,0.0,True,0,1998.1808333333333,0.34892134863445967
2024-09-01 14:17:24.769,OnTrack,5994.0,14490.0,1967.0,pos,0 days 00:00:28.539000,0 days 02:09:40.850000,8855.9253696,250.7250112,7,0.0,True,0,2018.3409741953747,0.3524417024587478
2024-09-01 14:17:24.796,OnTrack,6011.323587637191,14490.772496549913,1966.7474132927005,car,0 days 00:00:28.566000,0 days 02:09:40.877000,8700.0,246.0,7,0.0,True,0,2020.0475000000001,0.3527396951505484
2024-09-01 14:17:24.869,OnTrack,6061.0,14493.0,1966.0,pos,0 days 00:00:28.639000,0 days 02:09:40.950000,8807.472128,238.902784,7,0.0,True,0,2024.5699202689439,0.3535293979407105
2024-09-01 14:17:25.156,OnTrack,6288.4205553155325,14500.924698938354,1965.9793249988447,car,0 days 00:00:28.926000,0 days 02:09:41.237000,9230.0,211.0,7,0.0,True,0,2041.1475,0.3564241667125669
2024-09-01 14:17:25.189,OnTrack,6311.0,14502.0,1966.0,pos,0 days 00:00:28.959000,0 days 02:09:41.270000,9261.67993856,207.37000704,7,0.0,True,0,2042.9477192072309,0.3567385200999812
2024-09-01 14:17:25.356,OnTrack,6403.2316098718975,14508.367135697441,1965.7250423041212,car,0 days 00:00:29.126000,0 days 02:09:41.437000,9422.0,189.0,6,0.0,True,0,2051.6475,0.35825767151831067
2024-09-01 14:17:25.516,OnTrack,6463.643528384585,14515.619881149873,1965.1461009535346,car,0 days 00:00:29.286000,0 days 02:09:41.597000,9588.0,169.0,6,0.0,True,0,2059.158611111111,0.35956925802485334
2024-09-01 14:17:25.609,OnTrack,6494.0,14520.0,1965.0,pos,0 days 00:00:29.379000,0 days 02:09:41.690000,9829.218584,164.3500032,6,0.0,True,0,2063.402591213066,0.3603103397307977
2024-09-01 14:17:25.676,OnTrack,6513.936734256691,14523.219875289898,1964.9914795530738,car,0 days 00:00:29.446000,0 days 02:09:41.757000,10003.0,161.0,6,0.0,True,0,2066.3141666666666,0.36081875759617504
2024-09-01 14:17:25.970,OnTrack,6594.0,14541.0,1965.0,pos,0 days 00:00:29.740000,0 days 02:09:42.051000,9291.8878096,135.2750112,6,0.0,True,0,2077.2051858944474,0.3627205419860402
2024-09-01 14:17:25.996,OnTrack,6602.162831082178,14543.286717372257,1964.8748631693175,car,0 days 00:00:29.766000,0 days 02:09:42.077000,9229.0,133.0,5,0.0,True,0,2078.1363888888886,0.36288314819227174
2024-09-01 14:17:26.130,OnTrack,6649.0,14558.0,1964.0,pos,0 days 00:00:29.900000,0 days 02:09:42.211000,8909.9128048,129.6500032,5,0.0,True,0,2082.960116021799,0.3637254650379658
2024-09-01 14:17:26.156,OnTrack,6659.3519427406845,14561.72273604024,1963.850562592656,car,0 days 00:00:29.926000,0 days 02:09:42.237000,8848.0,129.0,3,0.0,True,0,2083.8697222222218,0.3638843000227096
2024-09-01 14:17:26.315,OnTrack,6729.452057259086,14589.886834741248,1963.1851840975428,car,0 days 00:00:30.085000,0 days 02:09:42.396000,8532.0,120.0,3,0.0,True,0,2089.169722222222,0.36480978340084697
2024-09-01 14:17:26.390,OnTrack,6757.0,14602.0,1963.0,pos,0 days 00:00:30.160000,0 days 02:09:42.471000,8390.749879466666,118.33333191111112,3,0.0,True,0,2091.581052315342,0.3652308486688441
2024-09-01 14:17:26.675,OnTrack,6809.596046678265,14632.598686795178,1962.934440268468,car,0 days 00:00:30.445000,0 days 02:09:42.756000,7854.0,112.0,3,0.0,False,0,2100.3697222222218,0.366765521860307
2024-09-01 14:17:26.770,OnTrack,6825.0,14646.0,1963.0,pos,0 days 00:00:30.540000,0 days 02:09:42.851000,7797.47511424,110.33750336,3,0.7124985599999999,False,0,2103.189790775111,0.36725796083594975
2024-09-01 14:17:26.970,OnTrack,6865.0,14685.0,1963.0,pos,0 days 00:00:30.740000,0 days 02:09:43.051000,7678.47511424,106.83750336,3,2.21249856,False,0,2108.987947006212,0.36827043200872855
2024-09-01 14:17:27.075,OnTrack,6881.142424196889,14705.840521031478,1962.6010246610729,car,0 days 00:00:30.845000,0 days 02:09:43.156000,7616.0,105.0,3,3.0,False,0,2112.0363888888883,0.3688027494222445
2024-09-01 14:17:27.190,OnTrack,6899.0,14737.0,1962.0,pos,0 days 00:00:30.960000,0 days 02:09:43.271000,7781.312592,105.57500032,3,13.63750592,False,0,2115.39572761652,0.36938935548902874
2024-09-01 14:17:27.450,OnTrack,6954.0,14852.0,1961.0,pos,0 days 00:00:31.220000,0 days 02:09:43.531000,8155.062224,106.87499904,3,37.68748224,False,0,2123.1554223584258,0.37074434954620866
2024-09-01 14:17:27.475,OnTrack,6957.77582297552,14859.797951142282,1960.9533459020063,car,0 days 00:00:31.245000,0 days 02:09:43.556000,8191.0,107.0,3,40.0,False,0,2123.9252777777774,0.3708787813186952
2024-09-01 14:17:27.755,OnTrack,6983.587520083253,14898.02999724068,1960.9778587789788,car,0 days 00:00:31.525000,0 days 02:09:43.836000,8293.0,114.0,3,42.0,False,0,2132.791944444444,0.37242707426576777
2024-09-01 14:17:27.810,OnTrack,6994.0,14908.0,1961.0,pos,0 days 00:00:31.580000,0 days 02:09:43.891000,8256.42512768,114.27499904,3,33.47502976,False,0,2134.5529489257387,0.37273457999713827
2024-09-01 14:17:27.955,OnTrack,7036.081034896948,14947.358735602465,1961.0135733209345,car,0 days 00:00:31.725000,0 days 02:09:44.036000,8160.0,115.0,3,11.0,False,0,2139.180833333333,0.3735426988830193
2024-09-01 14:17:28.070,OnTrack,7072.0,14979.0,1961.0,pos,0 days 00:00:31.840000,0 days 02:09:44.151000,8271.55006208,113.84999936,3,16.17500288,False,0,2142.790653924502,0.3741730439689032
2024-09-01 14:17:28.155,OnTrack,7094.120100709248,14996.512643429893,1960.9863679976193,car,0 days 00:00:31.925000,0 days 02:09:44.236000,8354.0,113.0,3,20.0,False,0,2145.4586111111107,0.37463892133301424
2024-09-01 14:17:28.470,OnTrack,7159.0,15034.0,1961.0,pos,0 days 00:00:32.240000,0 days 02:09:44.551000,8458.3437712,115.95312559999999,3,43.6250048,False,0,2155.603657357409,0.3764104442898791
2024-09-01 14:17:28.475,OnTrack,7160.159642937108,15034.602588347236,1961.003034074005,car,0 days 00:00:32.245000,0 days 02:09:44.556000,8460.0,116.0,3,44.0,False,0,2155.769722222222,0.37643944245442196
2024-09-01 14:17:28.670,OnTrack,7219.0,15062.0,1961.0,pos,0 days 00:00:32.440000,0 days 02:09:44.751000,9106.750212266666,120.8750016,3,58.6250048,False,0,2162.3681705370614,0.37759166023496576
2024-09-01 14:17:28.715,OnTrack,7241.366978925603,15070.382215471278,1960.8457391132106,car,0 days 00:00:32.485000,0 days 02:09:44.796000,9256.0,122.0,3,62.0,False,0,2163.903055555555,0.37785968109760126
2024-09-01 14:17:28.870,OnTrack,7332.0,15101.0,1960.0,pos,0 days 00:00:32.640000,0 days 02:09:44.951000,9802.3752256,123.9375008,3,66.843752,False,0,2169.2371309901437,0.37879111471126964
2024-09-01 14:17:28.875,OnTrack,7334.533210753239,15101.803761478206,1959.975577886122,car,0 days 00:00:32.645000,0 days 02:09:44.956000,9820.0,124.0,3,67.0,False,0,2169.4141666666665,0.3788220285935261
2024-09-01 14:17:29.275,OnTrack,7457.708076676307,15131.191121171067,1959.0055515573888,car,0 days 00:00:33.045000,0 days 02:09:45.356000,11097.0,140.0,3,88.0,False,0,2184.969722222222,0.38153833200944287
2024-09-01 14:17:29.290,OnTrack,7462.0,15132.0,1959.0,pos,0 days 00:00:33.060000,0 days 02:09:45.371000,11100.170413963637,140.81817134545454,3,88.3749952,False,0,2185.6094297830305,0.38165003742725356
2024-09-01 14:17:29.670,OnTrack,7596.0,15157.0,1959.0,pos,0 days 00:00:33.440000,0 days 02:09:45.751000,11180.488649890909,161.54545803636364,3,97.8750016,False,0,2202.9198538539854,0.3846727751152116
2024-09-01 14:17:29.715,OnTrack,7615.272295672709,15160.273288238757,1958.8704305459792,car,0 days 00:00:33.485000,0 days 02:09:45.796000,11190.0,164.0,3,99.0,False,0,2205.0141666666664,0.38503848298252413
2024-09-01 14:17:29.910,OnTrack,7708.0,15176.0,1958.0,pos,0 days 00:00:33.680000,0 days 02:09:45.991000,11067.761114988614,168.85074940521375,3,99.0,False,0,2214.1609720356832,0.3866356936112189
2024-09-01 14:17:29.916,OnTrack,7711.122561179391,15176.57162190891,1957.9725471051777,car,0 days 00:00:33.686000,0 days 02:09:45.997000,11064.0,169.0,4,99.0,False,0,2214.45,0.38668616353136837
2024-09-01 14:17:30.076,OnTrack,7800.851742386457,15194.35830302913,1957.2554877615396,car,0 days 00:00:33.846000,0 days 02:09:46.157000,11343.0,178.0,4,99.0,False,0,2222.3611111111113,0.38806759784003464
2024-09-01 14:17:30.129,OnTrack,7834.0,15202.0,1957.0,pos,0 days 00:00:33.899000,0 days 02:09:46.210000,11386.45994752,180.11999744,4,99.0,False,0,2225.045082491046,0.38853627159466214
2024-09-01 14:17:30.276,OnTrack,7935.8453136606295,15228.720511389754,1956.2093505105734,car,0 days 00:00:34.046000,0 days 02:09:46.357000,11507.0,186.0,4,99.0,False,0,2232.6944444444443,0.3898719993948936
2024-09-01 14:17:30.549,OnTrack,8119.0,15283.0,1955.0,pos,0 days 00:00:34.319000,0 days 02:09:46.630000,11039.1773824,198.409088,4,99.0,False,0,2248.0988763536193,0.3925619136744389
2024-09-01 14:17:30.716,OnTrack,8183.909707615761,15302.795200674642,1954.9879215344329,car,0 days 00:00:34.486000,0 days 02:09:46.797000,10753.0,206.0,5,99.0,False,0,2257.8722222222223,0.3942685304952274
2024-09-01 14:17:30.909,OnTrack,8253.0,15324.0,1955.0,pos,0 days 00:00:34.679000,0 days 02:09:46.990000,11153.4748672,211.78999808,5,99.0,False,0,2269.234117620122,0.39625253904898056
2024-09-01 14:17:30.916,OnTrack,8256.323352415096,15325.00724467185,1954.9851314357034,car,0 days 00:00:34.686000,0 days 02:09:46.997000,11168.0,212.0,5,99.0,False,0,2269.6499999999996,0.39632516022442144
2024-09-01 14:17:31.149,OnTrack,8390.0,15366.0,1954.0,pos,0 days 00:00:34.919000,0 days 02:09:47.230000,11453.4249216,216.85416533333333,5,99.0,False,0,2283.6887630612,0.3987766020853176
2024-09-01 14:17:31.156,OnTrack,8394.114743040187,15367.327738688453,1953.963257000195,car,0 days 00:00:34.926000,0 days 02:09:47.237000,11462.0,217.0,5,99.0,False,0,2284.1166666666663,0.39885132240122406
2024-09-01 14:17:31.329,OnTrack,8494.0,15401.0,1953.0,pos,0 days 00:00:35.099000,0 days 02:09:47.410000,11652.917786514286,221.3249984,5,99.0,False,0,2294.8082771737622,0.4007182861389289
2024-09-01 14:17:31.436,OnTrack,8556.81197374479,15422.94153938211,1952.3847704667348,car,0 days 00:00:35.206000,0 days 02:09:47.517000,11771.0,224.0,5,99.0,False,0,2301.538888888889,0.40189358222705085
2024-09-01 14:17:31.529,OnTrack,8612.0,15443.0,1952.0,pos,0 days 00:00:35.299000,0 days 02:09:47.610000,11475.983536355556,226.06666524444444,5,99.0,False,0,2307.4646796524025,0.40292834087873985
2024-09-01 14:17:31.769,OnTrack,8755.0,15499.0,1952.0,pos,0 days 00:00:35.539000,0 days 02:09:47.850000,10714.650203022222,231.39999857777778,5,99.0,False,0,2322.988640243558,0.4056391271976028
2024-09-01 14:17:31.796,OnTrack,8771.065660817467,15505.394941243541,1952.0163776654667,car,0 days 00:00:35.566000,0 days 02:09:47.877000,10629.0,232.0,6,99.0,False,0,2324.7388888888886,0.4059447547502181
2024-09-01 14:17:31.929,OnTrack,8851.0,15537.0,1952.0,pos,0 days 00:00:35.699000,0 days 02:09:48.010000,10738.7249472,233.6624992,6,99.0,False,0,2333.373247934057,0.4074524822553451
2024-09-01 14:17:31.956,OnTrack,8867.750237893504,15543.492381938384,1951.9525385578875,car,0 days 00:00:35.726000,0 days 02:09:48.037000,10761.0,234.0,6,99.0,False,0,2335.1388888888887,0.407760797605431
2024-09-01 14:17:32.116,OnTrack,8969.520885670807,15582.05065899653,1951.3561529893434,car,0 days 00:00:35.886000,0 days 02:09:48.197000,10883.0,238.0,6,99.0,False,0,2345.7166666666662,0.4096078839282543
2024-09-01 14:17:32.189,OnTrack,9012.0,15598.0,1951.0,pos,0 days 00:00:35.959000,0 days 02:09:48.270000,10923.87996416,239.09499904,6,99.0,False,0,2350.589494419413,0.4104587746998946
2024-09-01 14:17:32.316,OnTrack,9077.054509486916,15622.37654432861,1950.3267908892562,car,0 days 00:00:36.086000,0 days 02:09:48.397000,10995.0,241.0,6,99.0,False,0,2359.1055555555554,0.41194584508266846
2024-09-01 14:17:32.409,OnTrack,9150.0,15648.0,1950.0,pos,0 days 00:00:36.179000,0 days 02:09:48.490000,11049.0562128,241.5812496,6,99.0,False,0,2365.3456265584273,0.41303548319428257
2024-09-01 14:17:32.476,OnTrack,9229.059122613615,15674.816354912773,1949.9371553953297,car,0 days 00:00:36.246000,0 days 02:09:48.557000,11088.0,242.0,6,99.0,False,0,2369.861111111111,0.4138239748731023
2024-09-01 14:17:32.570,OnTrack,9343.0,15713.0,1950.0,pos,0 days 00:00:36.340000,0 days 02:09:48.651000,11129.292800914285,243.3428553142857,6,99.0,False,0,2376.244461002568,0.4149386322733624
2024-09-01 14:17:32.756,OnTrack,9425.37417855994,15740.38150058024,1950.2112966427123,car,0 days 00:00:36.526000,0 days 02:09:48.837000,11211.0,246.0,6,99.0,False,0,2388.994444444444,0.41716502807467987
2024-09-01 14:17:32.890,OnTrack,9460.0,15752.0,1950.0,pos,0 days 00:00:36.660000,0 days 02:09:48.971000,11314.0124016,247.6749984,6,99.0,False,0,2398.220459230957,0.4187760702126737
2024-09-01 14:17:32.916,OnTrack,9471.413191155281,15755.870655464805,1949.8914521186828,car,0 days 00:00:36.686000,0 days 02:09:48.997000,11334.0,248.0,6,99.0,False,0,2400.016666666666,0.4190897230665294
2024-09-01 14:17:33.150,OnTrack,9631.0,15808.0,1948.0,pos,0 days 00:00:36.920000,0 days 02:09:49.231000,11250.778219440142,248.0,6,62.77404846217949,False,0,2416.1442194703577,0.42190590835895375
2024-09-01 14:17:33.155,OnTrack,9635.085997854218,15809.216281719815,1947.9443664534506,car,0 days 00:00:36.925000,0 days 02:09:49.236000,11249.0,248.0,6,62.0,True,0,2416.4811111111107,0.42196473621060476
2024-09-01 14:17:33.315,OnTrack,9774.48107840178,15847.76351428598,1945.8980324451727,car,0 days 00:00:37.085000,0 days 02:09:49.396000,10554.0,237.0,6,0.0,True,0,2427.014444444444,0.4238040616665255
2024-09-01 14:17:33.390,OnTrack,9832.0,15862.0,1945.0,pos,0 days 00:00:37.160000,0 days 02:09:49.471000,10919.625312,232.87499648,6,0.0,True,0,2431.7822356837178,0.4246366110141438
2024-09-01 14:17:33.515,OnTrack,9904.905013772473,15877.163999776862,1943.79851250728,car,0 days 00:00:37.285000,0 days 02:09:49.596000,11529.0,226.0,6,0.0,True,0,2439.5699999999997,0.4259965065665155
2024-09-01 14:17:33.675,OnTrack,9966.410549421513,15882.788331132493,1942.7170596776316,car,0 days 00:00:37.445000,0 days 02:09:49.756000,11220.0,222.0,6,0.0,True,0,2449.436666666666,0.42771941901889693
2024-09-01 14:17:33.790,OnTrack,10020.0,15883.0,1942.0,pos,0 days 00:00:37.560000,0 days 02:09:49.871000,11084.1561744,216.9687472,6,0.0,True,0,2456.337318977996,0.42892440751181027
2024-09-01 14:17:33.835,OnTrack,10044.388140610503,15882.444338921727,1941.7226724729276,car,0 days 00:00:37.605000,0 days 02:09:49.916000,11031.0,215.0,5,0.0,True,0,2458.9922222222217,0.42938800540296007
2024-09-01 14:17:33.990,OnTrack,10137.0,15877.0,1941.0,pos,0 days 00:00:37.760000,0 days 02:09:50.071000,10867.819377066666,211.1249984,5,0.0,True,0,2467.9514207268858,0.43095245621380907
2024-09-01 14:17:34.150,OnTrack,10228.0,15863.0,1941.0,pos,0 days 00:00:37.920000,0 days 02:09:50.231000,10699.374932622222,207.1249984,5,0.0,True,0,2477.029189965127,0.4325376117874994
2024-09-01 14:17:34.195,OnTrack,10252.752925803532,15857.272326751725,1940.8461302401065,car,0 days 00:00:37.965000,0 days 02:09:50.276000,10652.0,206.0,5,0.0,False,0,2479.5922222222216,0.4329851672123241
2024-09-01 14:17:34.355,OnTrack,10338.188412892729,15830.507121900118,1939.5878443365411,car,0 days 00:00:38.125000,0 days 02:09:50.436000,10442.0,205.0,5,1.0,False,0,2488.7033333333325,0.434576144927361
2024-09-01 14:17:34.430,OnTrack,10377.0,15815.0,1939.0,pos,0 days 00:00:38.200000,0 days 02:09:50.511000,10433.37499264,203.1249984,5,11.875009279999999,False,0,2492.900350734949,0.43530902602980426
2024-09-01 14:17:34.555,OnTrack,10439.960827956187,15785.214422094165,1938.2368740752938,car,0 days 00:00:38.325000,0 days 02:09:50.636000,10419.0,200.0,5,30.0,False,0,2499.814444444444,0.4365163616530159
2024-09-01 14:17:34.630,OnTrack,10476.0,15765.0,1938.0,pos,0 days 00:00:38.400000,0 days 02:09:50.711000,10464.9375392,199.5312496,5,42.1875104,False,0,2503.9587482716124,0.437240037937166
2024-09-01 14:17:34.715,OnTrack,10514.826129538622,15739.979365916577,1937.989335365664,car,0 days 00:00:38.485000,0 days 02:09:50.796000,10517.0,199.0,5,56.0,False,0,2508.658888888888,0.4380607741666371
2024-09-01 14:17:34.830,OnTrack,10566.0,15701.0,1938.0,pos,0 days 00:00:38.600000,0 days 02:09:50.911000,10599.2969208,199.7187504,5,63.9062544,False,0,2515.0334792247045,0.43917390197762446
2024-09-01 14:17:35.030,OnTrack,10655.0,15617.0,1937.0,pos,0 days 00:00:38.800000,0 days 02:09:51.111000,10742.4219208,200.9687504,5,77.6562544,False,0,2526.2414597372162,0.4411310339902314
2024-09-01 14:17:35.035,OnTrack,10657.010143367444,15614.838728330196,1936.9801933942488,car,0 days 00:00:38.805000,0 days 02:09:51.116000,10746.0,201.0,5,78.0,False,0,2526.525555555555,0.44118064266149004
2024-09-01 14:17:35.395,OnTrack,10768.709074035824,15456.484378918976,1936.9648985544673,car,0 days 00:00:39.165000,0 days 02:09:51.476000,11073.0,209.0,5,90.0,False,0,2547.4255555555555,0.44483019032244686
2024-09-01 14:17:35.450,OnTrack,10783.0,15429.0,1937.0,pos,0 days 00:00:39.220000,0 days 02:09:51.531000,11162.92468608,210.09999616,5,90.54999808,False,0,2550.6669696780077,0.44539620445301087
2024-09-01 14:17:35.595,OnTrack,10818.876250464207,15350.805258624647,1937.0081597954343,car,0 days 00:00:39.365000,0 days 02:09:51.676000,11400.0,213.0,5,92.0,False,0,2559.2588888888886,0.44689652113526923
2024-09-01 14:17:35.650,OnTrack,10831.0,15320.0,1937.0,pos,0 days 00:00:39.420000,0 days 02:09:51.731000,11459.517649371428,213.58928365714286,5,92.0,False,0,2562.5352693004734,0.447468641061944
2024-09-01 14:17:35.850,OnTrack,10867.0,15205.0,1937.0,pos,0 days 00:00:39.620000,0 days 02:09:51.931000,11675.9462208,215.7321408,5,92.0,False,0,2574.543925515959,0.4495655866697172
2024-09-01 14:17:35.875,OnTrack,10870.930553066186,15190.137732709392,1937.0115103348805,car,0 days 00:00:39.645000,0 days 02:09:51.956000,11703.0,216.0,5,92.0,False,0,2576.0588888888888,0.44983012882445933
2024-09-01 14:17:35.950,OnTrack,10882.0,15145.0,1937.0,pos,0 days 00:00:39.720000,0 days 02:09:52.031000,11394.37473664,217.8750016,5,93.50000128,False,0,2580.623512761376,0.4506272011869944
2024-09-01 14:17:36.075,OnTrack,10897.26430451661,15069.037096740427,1936.427101437809,car,0 days 00:00:39.845000,0 days 02:09:52.156000,10880.0,221.0,5,96.0,False,0,2588.3366666666666,0.45197406830630793
2024-09-01 14:17:36.170,OnTrack,10907.0,15010.0,1936.0,pos,0 days 00:00:39.940000,0 days 02:09:52.251000,10833.6875936,223.968744,5,96.8906232,False,0,2594.334564980447,0.4530214183427535
2024-09-01 14:17:36.370,OnTrack,10924.0,14885.0,1936.0,pos,0 days 00:00:40.140000,0 days 02:09:52.451000,10736.1875936,230.218744,5,98.7656232,False,0,2607.2476093220853,0.4552762877577227
2024-09-01 14:17:36.395,OnTrack,10925.747882106727,14870.906670322269,1936.00429241886,car,0 days 00:00:40.165000,0 days 02:09:52.476000,10724.0,231.0,6,99.0,False,0,2608.87,0.455559588815318
2024-09-01 14:17:36.676,OnTrack,10943.815034214964,14693.00321010805,1935.1316291826515,car,0 days 00:00:40.446000,0 days 02:09:52.757000,10807.0,235.0,6,99.0,False,0,2627.2130555555555,0.4587626441022834
2024-09-01 14:17:36.689,OnTrack,10945.0,14679.0,1935.0,pos,0 days 00:00:40.459000,0 days 02:09:52.770000,10814.5291296,235.2166656,6,99.0,False,0,2628.0692336919983,0.45891214950492537
2024-09-01 14:17:36.849,OnTrack,10961.0,14481.0,1933.0,pos,0 days 00:00:40.619000,0 days 02:09:52.930000,10907.195796266667,237.88333226666666,6,99.0,False,0,2638.670994231173,0.46076342368567985
2024-09-01 14:17:36.916,OnTrack,10965.148909392332,14427.362499552873,1932.5608787411352,car,0 days 00:00:40.686000,0 days 02:09:52.997000,10946.0,239.0,6,99.0,False,0,2643.1463888888884,0.4615449148868724
2024-09-01 14:17:37.189,OnTrack,10970.0,14346.0,1933.0,pos,0 days 00:00:40.959000,0 days 02:09:53.270000,11180.324945066666,242.79166577777778,6,99.0,False,0,2661.5996671858566,0.464767217214417
2024-09-01 14:17:37.276,OnTrack,10973.492718481939,14290.72939593444,1933.0707361012505,car,0 days 00:00:41.046000,0 days 02:09:53.357000,11255.0,244.0,6,99.0,False,0,2667.5463888888885,0.46580563081641035
2024-09-01 14:17:37.509,OnTrack,10986.0,14100.0,1933.0,pos,0 days 00:00:41.279000,0 days 02:09:53.590000,11318.104149333334,247.88333226666666,6,99.0,False,0,2683.596475240964,0.4686082889553755
2024-09-01 14:17:37.516,OnTrack,10986.294196234427,14095.540618973499,1933.0018829648973,car,0 days 00:00:41.286000,0 days 02:09:53.597000,11320.0,248.0,6,99.0,False,0,2684.079722222222,0.46869267330418474
2024-09-01 14:17:37.676,OnTrack,10991.844808165759,14013.71291258743,1933.0963944698706,car,0 days 00:00:41.446000,0 days 02:09:53.757000,11417.0,249.0,6,99.0,False,0,2695.146388888889,0.470625129162937
2024-09-01 14:17:37.749,OnTrack,10996.0,13962.0,1933.0,pos,0 days 00:00:41.519000,0 days 02:09:53.830000,11439.5083136,249.9124992,6,99.0,False,0,2700.2354039652637,0.4715137704580833
2024-09-01 14:17:37.916,OnTrack,11012.232096399453,13776.34130518865,1932.2554862916395,car,0 days 00:00:41.686000,0 days 02:09:53.997000,11491.0,252.0,6,99.0,False,0,2711.9463888888886,0.473558736852127
2024-09-01 14:17:38.009,OnTrack,11021.0,13680.0,1932.0,pos,0 days 00:00:41.779000,0 days 02:09:54.090000,11552.031208,252.5812496,6,99.0,False,0,2718.4677636296565,0.4746974960832941
2024-09-01 14:17:38.076,OnTrack,11025.90066159593,13627.98811095735,1932.0287064396848,car,0 days 00:00:41.846000,0 days 02:09:54.157000,11596.0,253.0,6,99.0,False,0,2723.190833333333,0.4755222361784897
2024-09-01 14:17:38.429,OnTrack,11041.0,13482.0,1933.0,pos,0 days 00:00:42.199000,0 days 02:09:54.510000,11578.3500032,256.9222215111111,6,26.438902044444447,False,0,2748.399211145237,0.4799241106416451
2024-09-01 14:17:38.436,OnTrack,11041.39152554436,13477.798302706222,1932.967504641986,car,0 days 00:00:42.206000,0 days 02:09:54.517000,11578.0,257.0,6,25.0,False,0,2748.890833333333,0.4800099574649293
2024-09-01 14:17:38.589,OnTrack,11051.0,13371.0,1932.0,pos,0 days 00:00:42.359000,0 days 02:09:54.670000,11260.5251328,248.58500352,6,5.875008000000001,False,0,2759.4544492323644,0.4818545708474917
2024-09-01 14:17:38.636,OnTrack,11053.828382152034,13338.900094268582,1931.964706751555,car,0 days 00:00:42.406000,0 days 02:09:54.717000,11163.0,246.0,6,0.0,True,0,2762.5575,0.4823964240374848
2024-09-01 14:17:38.849,OnTrack,11064.0,13201.0,1933.0,pos,0 days 00:00:42.619000,0 days 02:09:54.930000,10727.110845257143,224.7000064,6,0.0,True,0,2775.606546208174,0.4846750420311096
2024-09-01 14:17:38.916,OnTrack,11065.684013389298,13154.835263363959,1933.0851984879052,car,0 days 00:00:42.686000,0 days 02:09:54.997000,10590.0,218.0,6,0.0,True,0,2779.513055555555,0.485357194760834
2024-09-01 14:17:39.116,OnTrack,11066.069877033293,13015.273173536345,1932.375146268254,car,0 days 00:00:42.886000,0 days 02:09:55.197000,10449.0,204.0,5,0.0,True,0,2790.8463888888887,0.4873362158210019
2024-09-01 14:17:39.170,OnTrack,11065.0,12984.0,1932.0,pos,0 days 00:00:42.940000,0 days 02:09:55.251000,10347.975239466667,201.9750048,5,0.0,True,0,2793.8220043134015,0.48785581631442
2024-09-01 14:17:39.356,OnTrack,11057.445192014216,12902.764202363256,1930.1869179860853,car,0 days 00:00:43.126000,0 days 02:09:55.437000,10000.0,195.0,5,0.0,True,0,2803.8463888888887,0.48960626939001806
2024-09-01 14:17:39.490,OnTrack,11046.0,12848.0,1929.0,pos,0 days 00:00:43.260000,0 days 02:09:55.571000,9869.3501248,191.6500032,5,0.0,True,0,2810.941847753579,0.4908452749069102
2024-09-01 14:17:39.556,OnTrack,11037.969553474257,12817.010030806006,1928.600007537653,car,0 days 00:00:43.326000,0 days 02:09:55.637000,9805.0,190.0,5,0.0,False,0,2814.401944444444,0.4914494752793901
2024-09-01 14:17:39.750,OnTrack,11007.0,12721.0,1928.0,pos,0 days 00:00:43.520000,0 days 02:09:55.831000,9629.244433405505,186.9592462526904,5,1.824452248385756,False,0,2824.4414314297583,0.49320256553032116
2024-09-01 14:17:39.875,OnTrack,10983.1979789109,12669.29223694453,1927.8908403723256,car,0 days 00:00:43.645000,0 days 02:09:55.956000,9516.0,185.0,5,3.0,False,0,2830.7949999999996,0.4943120225310031
2024-09-01 14:17:39.950,OnTrack,10960.0,12633.0,1928.0,pos,0 days 00:00:43.720000,0 days 02:09:56.031000,9554.035746742857,183.66071314285713,5,18.26787017142857,False,0,2834.5606684024665,0.4949695816845993
2024-09-01 14:17:40.150,OnTrack,10859.0,12508.0,1929.0,pos,0 days 00:00:43.920000,0 days 02:09:56.231000,9655.46431817143,180.08928457142858,5,58.982155885714285,False,0,2844.543021029556,0.496712695162161
2024-09-01 14:17:40.155,OnTrack,10856.485356384812,12505.25799704827,1929.0307327122382,car,0 days 00:00:43.925000,0 days 02:09:56.236000,9658.0,180.0,5,60.0,False,0,2844.7949999999996,0.49675669560532815
2024-09-01 14:17:40.395,OnTrack,10753.925070627227,12416.824619000588,1930.6243714061104,car,0 days 00:00:44.165000,0 days 02:09:56.476000,9873.0,183.0,5,85.0,False,0,2856.995,0.4988870535700972
2024-09-01 14:17:40.555,OnTrack,10691.984585703838,12378.603862261554,1931.017129688399,car,0 days 00:00:44.325000,0 days 02:09:56.636000,10063.0,183.0,5,92.0,False,0,2865.128333333333,0.5003072922132765
2024-09-01 14:17:40.570,OnTrack,10686.0,12375.0,1931.0,pos,0 days 00:00:44.340000,0 days 02:09:56.651000,10099.6870304,183.7499904,5,92.4374944,False,0,2865.910084767562,0.5004438012619961
2024-09-01 14:17:40.795,OnTrack,10592.552871190725,12320.506829644395,1929.6394991269299,car,0 days 00:00:44.565000,0 days 02:09:56.876000,10650.0,195.0,5,99.0,False,0,2878.128333333333,0.5025773457822926
2024-09-01 14:17:40.990,OnTrack,10502.0,12271.0,1928.0,pos,0 days 00:00:44.760000,0 days 02:09:57.071000,10912.76258624,201.33750208,5,99.0,False,0,2889.2778031853068,0.5045242606923012
2024-09-01 14:17:41.195,OnTrack,10393.704730056585,12215.241369827523,1926.886785288886,car,0 days 00:00:44.965000,0 days 02:09:57.276000,11189.0,208.0,5,99.0,False,0,2901.239444444444,0.5066129965716546
2024-09-01 14:17:41.430,OnTrack,10275.0,12156.0,1926.0,pos,0 days 00:00:45.200000,0 days 02:09:57.511000,11135.285699657143,210.51785782857144,5,98.16071405714285,False,0,2914.955843175666,0.5090081473327207
2024-09-01 14:17:41.475,OnTrack,10255.952851084041,12146.513523109854,1925.8253096241883,car,0 days 00:00:45.245000,0 days 02:09:57.556000,11125.0,211.0,5,98.0,False,0,2917.650555555555,0.5094786966754468
2024-09-01 14:17:41.750,OnTrack,10145.0,12091.0,1925.0,pos,0 days 00:00:45.520000,0 days 02:09:57.831000,10465.981989485714,223.76786011428572,5,99.96428617142857,False,0,2934.754526141422,0.5124653835579694
2024-09-01 14:17:41.755,OnTrack,10142.469420109337,12089.719130958969,1924.9970379774322,car,0 days 00:00:45.525000,0 days 02:09:57.836000,10454.0,224.0,6,100.0,False,0,2935.0727777777774,0.5125209565012736
2024-09-01 14:17:41.910,OnTrack,10055.0,12045.0,1925.0,pos,0 days 00:00:45.680000,0 days 02:09:57.991000,10621.2709024,229.8125024,6,99.3541664,False,0,2945.0444069932296,0.514262197462
2024-09-01 14:17:41.995,OnTrack,10006.145001958848,12019.2872525341,1924.7690432640402,car,0 days 00:00:45.765000,0 days 02:09:58.076000,10713.0,233.0,6,99.0,False,0,2950.6061111111103,0.5152333794837389
2024-09-01 14:17:42.250,OnTrack,9860.0,11940.0,1924.0,pos,0 days 00:00:46.020000,0 days 02:09:58.331000,10992.86228928,239.3749952,6,99.0,False,0,2967.6992053447534,0.5182181671430167
2024-09-01 14:17:42.395,OnTrack,9773.893560844659,11893.275800034946,1924.8476388865276,car,0 days 00:00:46.165000,0 days 02:09:58.476000,11152.0,243.0,6,99.0,False,0,2977.6061111111107,0.5199481061270802
2024-09-01 14:17:42.430,OnTrack,9753.0,11882.0,1925.0,pos,0 days 00:00:46.200000,0 days 02:09:58.511000,11190.0625696,243.7656264,6,99.0,False,0,2980.011409783628,0.5203681181913954
2024-09-01 14:17:42.630,OnTrack,9633.0,11818.0,1925.0,pos,0 days 00:00:46.400000,0 days 02:09:58.711000,11407.5625696,248.1406264,6,99.0,False,0,2993.866504311169,0.5227874879438031
2024-09-01 14:17:42.715,OnTrack,9580.581967530143,11790.642469852473,1924.9748798521211,car,0 days 00:00:46.485000,0 days 02:09:58.796000,11500.0,250.0,6,99.0,False,0,2999.8283333333325,0.5238285395783898
2024-09-01 14:17:42.870,OnTrack,9485.0,11739.0,1925.0,pos,0 days 00:00:46.640000,0 days 02:09:58.951000,10912.4528824,253.3906264,6,99.0,False,0,3010.8240706674023,0.5257486097921721
2024-09-01 14:17:42.890,OnTrack,9473.0,11732.0,1925.0,pos,0 days 00:00:46.660000,0 days 02:09:58.971000,10836.6413528,253.8281208,6,99.0,False,0,3012.254250851669,0.5259983471484513
2024-09-01 14:17:43.035,OnTrack,9380.791238408256,11682.080349873164,1925.1174811914177,car,0 days 00:00:46.805000,0 days 02:09:59.116000,10287.0,257.0,6,99.0,False,0,3022.672777777777,0.5278176251663361
2024-09-01 14:17:43.129,OnTrack,9322.0,11651.0,1925.0,pos,0 days 00:00:46.899000,0 days 02:09:59.210000,10392.676916741135,259.3354014749422,6,99.0,False,0,3029.4732505642423,0.5290051203601756
2024-09-01 14:17:43.196,OnTrack,9282.726960067957,11629.604599355176,1924.7143177497817,car,0 days 00:00:46.966000,0 days 02:09:59.277000,10468.0,261.0,7,99.0,False,0,3034.345277777777,0.5298558713420546
2024-09-01 14:17:43.329,OnTrack,9195.0,11580.0,1924.0,pos,0 days 00:00:47.099000,0 days 02:09:59.410000,10579.624946285714,262.8999990857143,7,99.0,False,0,3044.0827745364754,0.5315562282090059
2024-09-01 14:17:43.476,OnTrack,9044.018672246086,11492.625588419118,1923.8380350011378,car,0 days 00:00:47.246000,0 days 02:09:59.557000,10703.0,265.0,7,99.0,False,0,3054.9563888888883,0.5334549733681444
2024-09-01 14:17:43.589,OnTrack,8938.0,11431.0,1924.0,pos,0 days 00:00:47.359000,0 days 02:09:59.670000,10781.25245568,266.97749888,7,99.0,False,0,3063.401143299204,0.5349295922057291
2024-09-01 14:17:43.876,OnTrack,8833.14974581546,11370.738005231073,1924.8279005453157,car,0 days 00:00:47.646000,0 days 02:09:59.957000,10980.0,272.0,7,99.0,False,0,3085.1786111111105,0.5387323628619255
2024-09-01 14:17:43.969,OnTrack,8780.0,11341.0,1925.0,pos,0 days 00:00:47.739000,0 days 02:10:00.050000,11034.508295822223,273.8083320888889,7,99.25833315555556,False,0,3092.3329921826025,0.539981657345421
2024-09-01 14:17:44.236,OnTrack,8520.054546567306,11195.633492558369,1925.0035784123936,car,0 days 00:00:48.006000,0 days 02:10:00.317000,11191.0,279.0,7,100.0,False,0,3113.0786111111106,0.5436042470600447
2024-09-01 14:17:44.249,OnTrack,8510.0,11190.0,1925.0,pos,0 days 00:00:48.019000,0 days 02:10:00.330000,11197.1749696,279.19499904,7,99.93500032,False,0,3114.092782483319,0.5437813411633582
2024-09-01 14:17:44.436,OnTrack,8422.86066943003,11140.947417738991,1924.979940695811,car,0 days 00:00:48.206000,0 days 02:10:00.517000,11286.0,282.0,7,99.0,False,0,3128.7452777777776,0.5463399526432181
2024-09-01 14:17:44.589,OnTrack,8359.0,11105.0,1925.0,pos,0 days 00:00:48.359000,0 days 02:10:00.670000,11379.074961066666,284.5499989333333,7,99.0,False,0,3140.914459956594,0.5484649292152973
2024-09-01 14:17:44.769,OnTrack,8234.0,11035.0,1925.0,pos,0 days 00:00:48.539000,0 days 02:10:00.850000,11488.574961066666,287.5499989333333,7,99.0,False,0,3155.374818587269,0.5509899898859756
2024-09-01 14:17:44.796,OnTrack,8216.05434449545,11024.918139697318,1924.971625165157,car,0 days 00:00:48.566000,0 days 02:10:00.877000,11505.0,288.0,7,99.0,False,0,3157.5452777777773,0.5513689943961153
2024-09-01 14:17:45.036,OnTrack,8051.944310327185,10930.649191255221,1924.9230844249003,car,0 days 00:00:48.806000,0 days 02:10:01.117000,10246.0,290.0,7,100.0,False,0,3176.878611111111,0.5547449714987547
2024-09-01 14:17:45.049,OnTrack,8039.0,10923.0,1925.0,pos,0 days 00:00:48.819000,0 days 02:10:01.130000,10253.3666304,290.14444373333333,7,100.0,False,0,3177.931456204422,0.5549288187881156
2024-09-01 14:17:45.249,OnTrack,7802.0,10781.0,1927.0,pos,0 days 00:00:49.019000,0 days 02:10:01.330000,10366.699963733334,292.36666595555556,7,100.0,False,0,3194.2213574251,0.5577733532808019
2024-09-01 14:17:45.396,OnTrack,7690.214665355845,10711.77806723652,1927.6627434953984,car,0 days 00:00:49.166000,0 days 02:10:01.477000,10450.0,294.0,8,100.0,False,0,3206.278611111111,0.5598787849548374
2024-09-01 14:17:45.596,OnTrack,7631.825470603908,10670.695859488107,1927.1977201727716,car,0 days 00:00:49.366000,0 days 02:10:01.677000,10532.0,297.0,8,100.0,False,0,3222.7786111111104,0.5627600067924348
2024-09-01 14:17:45.750,OnTrack,7555.0,10618.0,1927.0,pos,0 days 00:00:49.520000,0 days 02:10:01.831000,10572.70003382857,298.6500013714286,8,100.0,False,0,3235.5823838341685,0.5649957952514232
2024-09-01 14:17:45.790,OnTrack,7527.0,10599.0,1927.0,pos,0 days 00:00:49.560000,0 days 02:10:01.871000,10583.2714624,299.0785728,8,100.0,False,0,3238.9209415789755,0.5655787725532667
2024-09-01 14:17:45.876,OnTrack,7447.787392316048,10540.782493653596,1926.8677668689425,car,0 days 00:00:49.646000,0 days 02:10:01.957000,10606.0,300.0,8,100.0,False,0,3246.111944444444,0.5668344619163099
2024-09-01 14:17:46.036,OnTrack,7264.759094215693,10397.135059727676,1926.180851341156,car,0 days 00:00:49.806000,0 days 02:10:02.117000,10633.0,302.0,8,100.0,False,0,3259.5341666666664,0.569178243720901
2024-09-01 14:17:46.070,OnTrack,7233.0,10372.0,1926.0,pos,0 days 00:00:49.840000,0 days 02:10:02.151000,10651.87007104,302.17000064,8,100.0,False,0,3262.3910743234223,0.569677115522637
2024-09-01 14:17:46.236,OnTrack,7123.841056378593,10285.03146981389,1924.9711750776007,car,0 days 00:00:50.006000,0 days 02:10:02.317000,10744.0,303.0,8,100.0,False,0,3276.3674999999994,0.572117672060268
2024-09-01 14:17:46.436,OnTrack,7061.074348524785,10233.212143104101,1923.3100140980125,car,0 days 00:00:50.206000,0 days 02:10:02.517000,10824.0,305.0,8,99.0,False,0,3293.311944444444,0.5750765025668916
2024-09-01 14:17:46.550,OnTrack,7008.0,10189.0,1922.0,pos,0 days 00:00:50.320000,0 days 02:10:02.631000,10841.153620834384,306.07210130214895,8,99.35736710071632,False,0,3303.0313029497484,0.576773692141008
2024-09-01 14:17:46.755,OnTrack,6875.290771867457,10077.901623430083,1918.7775944818022,car,0 days 00:00:50.525000,0 days 02:10:02.836000,10872.0,308.0,8,100.0,False,0,3320.6041666666665,0.5798422569101176
2024-09-01 14:17:46.790,OnTrack,6852.0,10058.0,1918.0,pos,0 days 00:00:50.560000,0 days 02:10:02.871000,10872.0,308.35000064,8,100.0,False,0,3323.6129979366424,0.5803676575380388
2024-09-01 14:17:46.870,OnTrack,6800.0,10013.0,1916.0,pos,0 days 00:00:50.640000,0 days 02:10:02.951000,10872.0,309.15000064,8,100.0,False,0,3330.49933277995,0.5815701459217688
2024-09-01 14:17:46.955,OnTrack,6744.7690504073735,9964.90504879014,1914.084247327675,car,0 days 00:00:50.725000,0 days 02:10:03.036000,10872.0,310.0,8,100.0,False,0,3337.8263888888882,0.5828495928348825
2024-09-01 14:17:47.115,OnTrack,6640.090004038923,9873.434134760326,1911.0720738056325,car,0 days 00:00:50.885000,0 days 02:10:03.196000,10977.0,311.0,8,100.0,False,0,3351.6486111111108,0.5852632224415971
2024-09-01 14:17:47.170,OnTrack,6604.0,9842.0,1910.0,pos,0 days 00:00:50.940000,0 days 02:10:03.251000,11000.145752533334,311.45833173333335,8,100.0,False,0,3356.4161539450815,0.5860957284128042
2024-09-01 14:17:47.355,OnTrack,6482.282572445333,9736.444281587475,1906.1444101313925,car,0 days 00:00:51.125000,0 days 02:10:03.436000,11078.0,313.0,8,100.0,False,0,3372.515277777777,0.5889069494523768
2024-09-01 14:17:47.410,OnTrack,6446.0,9705.0,1905.0,pos,0 days 00:00:51.180000,0 days 02:10:03.491000,11092.29995008,313.54999808,8,100.0,False,0,3377.317186856762,0.5897454564402876
2024-09-01 14:17:47.555,OnTrack,6350.126256884265,9621.815984309958,1902.0696705975288,car,0 days 00:00:51.325000,0 days 02:10:03.636000,11130.0,315.0,8,100.0,False,0,3390.0152777777776,0.5919627907952832
2024-09-01 14:17:47.650,OnTrack,6287.0,9567.0,1900.0,pos,0 days 00:00:51.420000,0 days 02:10:03.731000,11171.958248533334,315.79166506666667,8,100.0,False,0,3398.37174318873,0.5934219926514749
2024-09-01 14:17:47.795,OnTrack,6190.211958939144,9482.82745233813,1896.4005619363857,car,0 days 00:00:51.565000,0 days 02:10:03.876000,11236.0,317.0,8,100.0,False,0,3411.148611111111,0.5956530830074788
2024-09-01 14:17:47.850,OnTrack,6154.0,9451.0,1895.0,pos,0 days 00:00:51.620000,0 days 02:10:03.931000,11236.3437488,317.0,8,100.0,False,0,3415.9867611141112,0.596497918367613
2024-09-01 14:17:47.890,OnTrack,6128.0,9428.0,1894.0,pos,0 days 00:00:51.660000,0 days 02:10:03.971000,11236.5937488,317.0,8,100.0,False,0,3419.5033583973127,0.5971119848455764
2024-09-01 14:17:47.955,OnTrack,6086.840244439094,9391.721168550052,1892.5452450455368,car,0 days 00:00:51.725000,0 days 02:10:04.036000,11237.0,317.0,8,100.0,False,0,3425.2374999999997,0.598113277815609
2024-09-01 14:17:48.115,OnTrack,5989.64970607418,9306.995316266948,1889.8329682282174,car,0 days 00:00:51.885000,0 days 02:10:04.196000,11322.0,320.0,8,100.0,False,0,3439.4597222222224,0.6005967552244472
2024-09-01 14:17:48.250,OnTrack,5887.0,9218.0,1887.0,pos,0 days 00:00:52.020000,0 days 02:10:04.331000,11292.1875424,320.5624992,8,100.0,False,0,3451.4956193997173,0.6026984576355305
2024-09-01 14:17:48.355,OnTrack,5787.361729559081,9131.672262242773,1884.049803150605,car,0 days 00:00:52.125000,0 days 02:10:04.436000,11269.0,321.0,8,100.0,False,0,3460.859722222222,0.6043336126380583
2024-09-01 14:17:48.470,OnTrack,5685.0,9043.0,1881.0,pos,0 days 00:00:52.240000,0 days 02:10:04.551000,11281.9375072,321.0,8,100.0,False,0,3471.110704402227,0.6061236340752615
2024-09-01 14:17:48.675,OnTrack,5586.224910557342,8957.401780898064,1878.49083527497,car,0 days 00:00:52.445000,0 days 02:10:04.756000,11305.0,321.0,8,100.0,False,0,3489.3930555555553,0.6093160891895399
2024-09-01 14:17:48.750,OnTrack,5550.0,8926.0,1878.0,pos,0 days 00:00:52.520000,0 days 02:10:04.831000,11307.946431085715,321.2678573714286,8,100.0,False,0,3496.0947736607122,0.6104863398897823
2024-09-01 14:17:48.955,OnTrack,5413.493292738945,8807.56907434978,1877.072387762819,car,0 days 00:00:52.725000,0 days 02:10:05.036000,11316.0,322.0,8,100.0,False,0,3514.4375,0.6136893376891659
2024-09-01 14:17:49.010,OnTrack,5375.0,8774.0,1877.0,pos,0 days 00:00:52.780000,0 days 02:10:05.091000,11315.083336533333,322.0,8,100.0,False,0,3519.3595147487167,0.6145488174697101
2024-09-01 14:17:49.190,OnTrack,5254.0,8668.0,1877.0,pos,0 days 00:00:52.960000,0 days 02:10:05.271000,11312.083332266666,322.0,8,100.0,False,0,3535.4576446980304,0.6173598649578582
2024-09-01 14:17:49.195,OnTrack,5250.65293050728,8665.077359042238,1876.9791828436266,car,0 days 00:00:52.965000,0 days 02:10:05.276000,11312.0,322.0,8,100.0,False,0,3535.9041666666667,0.617437836403131
2024-09-01 14:17:49.435,OnTrack,5088.663801333508,8524.515699100017,1874.9748318608604,car,0 days 00:00:53.205000,0 days 02:10:05.516000,11299.0,321.0,8,100.0,False,0,3557.304166666667,0.6211746938167422
2024-09-01 14:17:49.470,OnTrack,5065.0,8504.0,1875.0,pos,0 days 00:00:53.240000,0 days 02:10:05.551000,11299.871371119369,321.0,8,100.0,False,0,3560.424379201193,0.6217195437859799
2024-09-01 14:17:49.676,OnTrack,4925.882670208451,8383.17959205736,1877.4859653095887,car,0 days 00:00:53.446000,0 days 02:10:05.757000,11305.0,321.0,8,100.0,False,0,3578.7933333333335,0.6249271214695767
2024-09-01 14:17:49.729,OnTrack,4890.0,8352.0,1878.0,pos,0 days 00:00:53.499000,0 days 02:10:05.810000,11308.596424228572,321.0,8,100.0,False,0,3583.519131511874,0.6257523380097034
2024-09-01 14:17:49.909,OnTrack,4769.0,8247.0,1879.0,pos,0 days 00:00:53.679000,0 days 02:10:05.990000,11320.810709942858,321.0,8,100.0,False,0,3599.5685687368796,0.6285548827984206
2024-09-01 14:17:49.956,OnTrack,4738.7239769276775,8220.8602911434,1879.8277508527933,car,0 days 00:00:53.726000,0 days 02:10:06.037000,11324.0,321.0,8,100.0,False,0,3603.76,0.6292867884521232
2024-09-01 14:17:50.049,OnTrack,4674.0,8165.0,1882.0,pos,0 days 00:00:53.819000,0 days 02:10:06.130000,11324.5812496,321.0,8,100.0,False,0,3612.0548865093024,0.6307352374309713
2024-09-01 14:17:50.276,OnTrack,4448.169921902626,7968.676817033048,1886.2141579323097,car,0 days 00:00:54.046000,0 days 02:10:06.357000,11326.0,321.0,8,100.0,False,0,3632.293333333333,0.6342692650036047
2024-09-01 14:17:50.329,OnTrack,4405.0,7931.0,1887.0,pos,0 days 00:00:54.099000,0 days 02:10:06.410000,11315.210727314286,320.81071451428573,8,100.0,False,0,3637.011890714557,0.6350932171592858
2024-09-01 14:17:50.556,OnTrack,4313.500731514412,7850.343830743452,1889.6408490566723,car,0 days 00:00:54.326000,0 days 02:10:06.637000,11269.0,320.0,8,100.0,False,0,3657.182222222222,0.6386153504690715
2024-09-01 14:17:50.749,OnTrack,4203.0,7754.0,1893.0,pos,0 days 00:00:54.519000,0 days 02:10:06.830000,11239.172737163637,319.1227275636364,8,99.56136378181819,False,0,3674.2610090828884,0.6415976397819577
2024-09-01 14:17:50.949,OnTrack,3974.0,7556.0,1898.0,pos,0 days 00:00:54.719000,0 days 02:10:07.030000,11208.263646254545,318.21363665454544,8,99.10681832727273,False,0,3691.9060302660305,0.6446788046521237
2024-09-01 14:17:50.996,OnTrack,3938.295999771141,7525.14522504745,1898.4058672260153,car,0 days 00:00:54.766000,0 days 02:10:07.077000,11201.0,318.0,8,99.0,False,0,3696.0488888888895,0.6454022285754122
2024-09-01 14:17:51.269,OnTrack,3854.0,7452.0,1897.0,pos,0 days 00:00:55.039000,0 days 02:10:07.350000,11179.84250496,317.31750016,8,99.0,False,0,3720.0880325083194,0.6495999319422875
2024-09-01 14:17:51.396,OnTrack,3777.730576586594,7385.459183645307,1899.1713133124235,car,0 days 00:00:55.166000,0 days 02:10:07.477000,11170.0,317.0,8,99.0,False,0,3731.2711111111116,0.6515527155957379
2024-09-01 14:17:51.529,OnTrack,3681.0,7301.0,1902.0,pos,0 days 00:00:55.299000,0 days 02:10:07.610000,11145.062512,317.0,8,99.8312496,False,0,3742.9851189431033,0.6535982098485453
2024-09-01 14:17:51.556,OnTrack,3662.263023230796,7284.628507374565,1902.3765335659411,car,0 days 00:00:55.326000,0 days 02:10:07.637000,11140.0,317.0,8,100.0,False,0,3745.36,0.6540129104038682
2024-09-01 14:17:51.756,OnTrack,3530.6029064783243,7169.716409200933,1903.725665950006,car,0 days 00:00:55.526000,0 days 02:10:07.837000,11139.0,316.0,8,99.0,False,0,3762.915555555556,0.6570784528304028
2024-09-01 14:17:51.789,OnTrack,3509.0,7151.0,1904.0,pos,0 days 00:00:55.559000,0 days 02:10:07.870000,11111.9813024,316.0,8,89.1000192,False,0,3765.8125663132264,0.6575843274157819
2024-09-01 14:17:51.889,OnTrack,3443.0,7094.0,1905.0,pos,0 days 00:00:55.659000,0 days 02:10:07.970000,11030.1063024,316.0,8,59.1000192,False,0,3774.59225798082,0.659117432831542
2024-09-01 14:17:51.916,OnTrack,3425.051471230934,7078.431112832077,1905.2065055739467,car,0 days 00:00:55.686000,0 days 02:10:07.997000,11008.0,316.0,8,51.0,False,0,3776.96,0.6595308867716305
2024-09-01 14:17:52.089,OnTrack,3311.0,6979.0,1906.0,pos,0 days 00:00:55.859000,0 days 02:10:08.170000,10942.584399200001,312.2156264,8,23.4281352,False,0,3792.0912717281,0.6621731019554863
2024-09-01 14:17:52.236,OnTrack,3221.1180537035766,6901.464611789368,1907.2509756190718,car,0 days 00:00:56.006000,0 days 02:10:08.317000,10887.0,309.0,8,0.0,False,0,3804.4266666666667,0.6643271025174492
2024-09-01 14:17:52.330,OnTrack,3155.0,6844.0,1908.0,pos,0 days 00:00:56.100000,0 days 02:10:08.411000,10514.021936457142,298.9285851428571,8,0.0,False,0,3811.86773664564,0.6656264584761467
2024-09-01 14:17:52.516,OnTrack,2986.7806642851547,6695.552000277882,1908.6905202958417,car,0 days 00:00:56.286000,0 days 02:10:08.597000,9776.0,279.0,8,0.0,True,0,3826.126666666667,0.6681163457826531
2024-09-01 14:17:52.630,OnTrack,2904.0,6622.0,1909.0,pos,0 days 00:00:56.400000,0 days 02:10:08.711000,10004.000256,279.0,8,0.0,True,0,3835.0795003385356,0.669679685169548
2024-09-01 14:17:52.676,OnTrack,2881.779752744174,6602.179500127959,1909.1620166813893,car,0 days 00:00:56.446000,0 days 02:10:08.757000,10096.0,279.0,8,0.0,True,0,3838.526666666667,0.6702816276484839
2024-09-01 14:17:52.930,OnTrack,2827.0,6551.0,1910.0,pos,0 days 00:00:56.700000,0 days 02:10:09.011000,10328.2284544,236.3643072,8,0.0,True,0,3854.994175271584,0.6731571758547451
2024-09-01 14:17:52.956,OnTrack,2819.3233331809483,6543.495493724695,1910.0014852987588,car,0 days 00:00:56.726000,0 days 02:10:09.037000,10352.0,232.0,8,0.0,True,0,3856.571111111112,0.6734325396109474
2024-09-01 14:17:53.116,OnTrack,2754.59491599272,6479.6773575833895,1909.586590244146,car,0 days 00:00:56.886000,0 days 02:10:09.197000,10772.0,214.0,8,0.0,True,0,3866.0822222222228,0.6750933651281079
2024-09-01 14:17:53.250,OnTrack,2698.0,6418.0,1909.0,pos,0 days 00:00:57.020000,0 days 02:10:09.331000,10484.217596395749,208.02786192260956,8,0.0,True,0,3873.6871965273476,0.6764213419791559
2024-09-01 14:17:53.470,OnTrack,2627.0,6321.0,1908.0,pos,0 days 00:00:57.240000,0 days 02:10:09.551000,10011.738022197122,198.222838333533,8,0.0,True,0,3885.5630630854325,0.6784950999226437
2024-09-01 14:17:53.475,OnTrack,2625.7209558205186,6318.9338312194905,1907.978274084251,car,0 days 00:00:57.245000,0 days 02:10:09.556000,10001.0,198.0,5,0.0,True,0,3885.8272222222226,0.6785412272604328
2024-09-01 14:17:53.770,OnTrack,2573.0,6196.0,1907.0,pos,0 days 00:00:57.540000,0 days 02:10:09.851000,9682.953332,186.9375072,5,6.4531208,True,0,3901.076291922392,0.6812040122678978
2024-09-01 14:17:53.795,OnTrack,2569.8158585662136,6182.816052121583,1906.977202693668,car,0 days 00:00:57.565000,0 days 02:10:09.876000,9656.0,186.0,5,7.0,False,0,3902.360555555556,0.6814282697482071
2024-09-01 14:17:53.995,OnTrack,2550.054934714253,6061.252336551033,1907.0887391729582,car,0 days 00:00:57.765000,0 days 02:10:10.076000,9735.0,185.0,5,39.0,False,0,3912.6383333333333,0.6832229702194378
2024-09-01 14:17:54.070,OnTrack,2546.0,6021.0,1907.0,pos,0 days 00:00:57.840000,0 days 02:10:10.151000,9735.0,184.62499968,5,39.0,False,0,3916.4741795241025,0.683892783783711
2024-09-01 14:17:54.195,OnTrack,2543.734124024006,5967.748472119038,1906.539650980571,car,0 days 00:00:57.965000,0 days 02:10:10.276000,9735.0,184.0,5,39.0,False,0,3922.8605555555555,0.6850079696070401
2024-09-01 14:17:54.310,OnTrack,2544.0,5913.0,1906.0,pos,0 days 00:00:58.080000,0 days 02:10:10.391000,9875.8750784,185.15000064,5,52.22500736,False,0,3928.765292633203,0.6860390518745183
2024-09-01 14:17:54.595,OnTrack,2544.2492564274953,5696.530429116233,1905.09027731069,car,0 days 00:00:58.365000,0 days 02:10:10.676000,10225.0,188.0,5,85.0,False,0,3943.749444444444,0.6886555770512712
2024-09-01 14:17:54.670,OnTrack,2544.0,5654.0,1905.0,pos,0 days 00:00:58.440000,0 days 02:10:10.751000,10309.375072,191.2812528,5,86.4062512,False,0,3947.863345007839,0.6893739443325414
2024-09-01 14:17:54.915,OnTrack,2540.567945339171,5581.724743508639,1905.0163101015328,car,0 days 00:00:58.685000,0 days 02:10:10.996000,10585.0,202.0,5,91.0,False,0,3961.705,0.6917909672799294
2024-09-01 14:17:54.930,OnTrack,2540.0,5576.0,1905.0,pos,0 days 00:00:58.700000,0 days 02:10:11.011000,10608.7184464,202.2812464,5,90.9531256,False,0,3962.561927444778,0.6919406035264223
2024-09-01 14:17:55.190,OnTrack,2521.0,5431.0,1904.0,pos,0 days 00:00:58.960000,0 days 02:10:11.271000,11019.8438512,207.15625119999999,5,90.1406248,False,0,3977.5624958339795,0.6945599953578974
2024-09-01 14:17:55.235,OnTrack,2515.668207183814,5405.042507683551,1903.6363988152552,car,0 days 00:00:59.005000,0 days 02:10:11.316000,11091.0,208.0,5,90.0,False,0,3980.193888888889,0.6950194879114191
2024-09-01 14:17:55.410,OnTrack,2489.0,5308.0,1902.0,pos,0 days 00:00:59.180000,0 days 02:10:11.491000,10495.375653485715,211.7499958857143,5,90.62499931428572,False,0,3990.536067791284,0.6968254340751718
2024-09-01 14:17:55.515,OnTrack,2468.626407168411,5249.425992705454,1901.3864334661698,car,0 days 00:00:59.285000,0 days 02:10:11.596000,10138.0,214.0,5,91.0,False,0,3996.8383333333336,0.69792593256645
2024-09-01 14:17:55.690,OnTrack,2428.0,5152.0,1901.0,pos,0 days 00:00:59.460000,0 days 02:10:11.771000,10245.1873824,217.8281208,5,95.3749952,False,0,4007.5192528933926,0.699791029456272
2024-09-01 14:17:55.835,OnTrack,2388.5865077879357,5073.608026778274,1901.0502560339014,car,0 days 00:00:59.605000,0 days 02:10:11.916000,10334.0,221.0,6,99.0,False,0,4016.482777777778,0.7013562357374078
2024-09-01 14:17:55.870,OnTrack,2378.0,5055.0,1901.0,pos,0 days 00:00:59.640000,0 days 02:10:11.951000,10370.7500672,221.5833344,6,99.0,False,0,4018.655565206178,0.7017356468032964
2024-09-01 14:17:56.070,OnTrack,2309.0,4951.0,1900.0,pos,0 days 00:00:59.840000,0 days 02:10:12.151000,10580.7500672,224.91666773333333,6,99.0,False,0,4031.166793126857,0.7039203512336127
2024-09-01 14:17:56.075,OnTrack,2307.1227197509315,4948.452989869481,1899.968789370067,car,0 days 00:00:59.845000,0 days 02:10:12.156000,10586.0,225.0,6,99.0,False,0,4031.482777777778,0.7039755283170418
2024-09-01 14:17:56.250,OnTrack,2237.0,4861.0,1899.0,pos,0 days 00:01:00.020000,0 days 02:10:12.331000,10776.671493308337,229.3532304408296,6,99.87064608816591,False,0,4042.649217036438,0.7059254064164512
2024-09-01 14:17:56.276,OnTrack,2225.7814261770814,4848.30061044043,1898.9409619260937,car,0 days 00:01:00.046000,0 days 02:10:12.357000,10805.0,230.0,6,100.0,False,0,4044.3244444444445,0.7062179337977172
2024-09-01 14:17:56.429,OnTrack,2156.0,4775.0,1899.0,pos,0 days 00:01:00.199000,0 days 02:10:12.510000,10913.62995456,233.8249984,6,99.23500032,False,0,4054.2732618204473,0.7079551913663238
2024-09-01 14:17:56.476,OnTrack,2133.6528200157004,4752.882595592371,1899.0445307893624,car,0 days 00:01:00.246000,0 days 02:10:12.557000,10947.0,235.0,6,99.0,False,0,4057.38,0.7084976884503617
2024-09-01 14:17:56.609,OnTrack,2070.0,4690.0,1899.0,pos,0 days 00:01:00.379000,0 days 02:10:12.690000,11079.4457696,239.9874976,6,99.0,False,0,4066.3278663871047,0.7100601604524484
2024-09-01 14:17:56.716,OnTrack,2021.5725563155218,4636.694909048537,1898.4543826091895,car,0 days 00:01:00.486000,0 days 02:10:12.797000,11186.0,244.0,6,99.0,False,0,4073.646666666667,0.7113381657367204
2024-09-01 14:17:56.809,OnTrack,1983.0,4591.0,1898.0,pos,0 days 00:01:00.579000,0 days 02:10:12.890000,11307.564202057143,245.99285577142857,6,99.0,False,0,4080.066095706983,0.7124591232601062
2024-09-01 14:17:56.996,OnTrack,1918.166475874707,4506.416742313915,1898.1302274388788,car,0 days 00:01:00.766000,0 days 02:10:13.077000,11552.0,250.0,6,99.0,False,0,4093.0911111111113,0.7147335450066163
2024-09-01 14:17:57.129,OnTrack,1871.0,4408.0,1898.0,pos,0 days 00:01:00.899000,0 days 02:10:13.210000,11153.000192,250.94999954285714,6,99.0,False,0,4102.390222325879,0.7163573512067518
2024-09-01 14:17:57.276,OnTrack,1813.9774734576365,4246.194518503235,1897.061513789644,car,0 days 00:01:01.046000,0 days 02:10:13.357000,10712.0,252.0,6,99.0,False,0,4112.691111111111,0.7181560873106714
2024-09-01 14:17:57.289,OnTrack,1810.0,4234.0,1897.0,pos,0 days 00:01:01.059000,0 days 02:10:13.370000,10694.9917504,252.1083328,6,99.0,False,0,4113.602804621228,0.7183152867804014
2024-09-01 14:17:57.516,OnTrack,1779.3161930571043,4119.017845865255,1897.027436135282,car,0 days 00:01:01.286000,0 days 02:10:13.597000,10398.0,254.0,7,99.0,False,0,4129.624444444445,0.7211129776005694
2024-09-01 14:17:57.609,OnTrack,1772.0,4078.0,1897.0,pos,0 days 00:01:01.379000,0 days 02:10:13.690000,10453.7999616,256.98928365714283,7,99.0,False,0,4136.3429597547065,0.7222861614204578
2024-09-01 14:17:57.796,OnTrack,1750.105002623212,3950.959601029259,1896.2126034766393,car,0 days 00:01:01.566000,0 days 02:10:13.877000,10566.0,263.0,7,99.0,False,0,4150.08,0.7246849165924998
2024-09-01 14:17:57.829,OnTrack,1746.0,3920.0,1896.0,pos,0 days 00:01:01.599000,0 days 02:10:13.910000,10582.637467733333,263.5499989333333,7,99.0,False,0,4152.516336335412,0.7251103484381557
2024-09-01 14:17:58.036,OnTrack,1721.9009387429476,3674.435302888099,1894.3775358619628,car,0 days 00:01:01.806000,0 days 02:10:14.117000,10687.0,267.0,7,99.0,False,0,4167.88,0.7277931437869989
2024-09-01 14:17:58.109,OnTrack,1716.0,3606.0,1894.0,pos,0 days 00:01:01.879000,0 days 02:10:14.190000,10725.68996608,268.09499904,7,99.0,False,0,4173.340069826052,0.7287465784789763
2024-09-01 14:17:58.236,OnTrack,1710.3729494408149,3538.4101340595616,1893.8155708002578,car,0 days 00:01:02.006000,0 days 02:10:14.317000,10793.0,270.0,7,99.0,False,0,4182.88,0.7304124363666329
2024-09-01 14:17:58.449,OnTrack,1703.0,3456.0,1894.0,pos,0 days 00:01:02.219000,0 days 02:10:14.530000,10882.637473066667,271.77499946666666,7,99.88749973333333,False,0,4198.958955155931,0.7332201355618461
2024-09-01 14:17:58.476,OnTrack,1700.8366383362454,3433.658925530909,1893.9595273444338,car,0 days 00:01:02.246000,0 days 02:10:14.557000,10894.0,272.0,7,100.0,False,0,4201.013333333333,0.7335788700629016
2024-09-01 14:17:58.716,OnTrack,1674.2035214661987,3163.2825788156892,1893.05906882779,car,0 days 00:01:02.486000,0 days 02:10:14.797000,11077.0,276.0,7,100.0,False,0,4219.413333333334,0.736791868960586
2024-09-01 14:17:58.729,OnTrack,1673.0,3151.0,1893.0,pos,0 days 00:01:02.499000,0 days 02:10:14.810000,11085.7749568,276.0,7,100.0,False,0,4220.409206004526,0.7369657677537802
2024-09-01 14:17:58.876,OnTrack,1662.8311641388827,3045.911666965406,1892.3072472812446,car,0 days 00:01:02.646000,0 days 02:10:14.957000,11185.0,276.0,7,100.0,False,0,4231.68,0.7389338682257088
2024-09-01 14:17:59.076,OnTrack,1655.0474121607722,2961.5408631378327,1891.335955220086,car,0 days 00:01:02.846000,0 days 02:10:15.157000,11290.0,281.0,7,100.0,False,0,4247.291111111112,0.7416598727252539
2024-09-01 14:17:59.150,OnTrack,1651.0,2918.0,1891.0,pos,0 days 00:01:02.920000,0 days 02:10:15.231000,11324.092916114285,282.05714468571426,7,100.0,False,0,4253.116088780082,0.742677027444245
2024-09-01 14:17:59.356,OnTrack,1636.0339348278521,2757.447175039585,1890.1636873594261,car,0 days 00:01:03.126000,0 days 02:10:15.437000,11419.0,285.0,7,100.0,False,0,4269.457777777779,0.7455306050929353
2024-09-01 14:17:59.410,OnTrack,1632.0,2713.0,1890.0,pos,0 days 00:01:03.180000,0 days 02:10:15.491000,11215.375482666666,286.12499733333334,7,100.0,False,0,4273.780779893826,0.746285485583889
2024-09-01 14:17:59.596,OnTrack,1618.9098076235746,2564.1295583002297,1889.4740992469729,car,0 days 00:01:03.366000,0 days 02:10:15.677000,10514.0,290.0,7,100.0,False,0,4288.791111111112,0.7489065821955747
2024-09-01 14:17:59.650,OnTrack,1615.0,2521.0,1889.0,pos,0 days 00:01:03.420000,0 days 02:10:15.731000,10504.159478063311,290.6150326210431,7,100.0,False,0,4293.179211215808,0.7496728300651029
2024-09-01 14:17:59.810,OnTrack,1603.0,2392.0,1887.0,pos,0 days 00:01:03.580000,0 days 02:10:15.891000,10475.002306915381,292.43735581778867,7,100.0,False,0,4306.258985141054,0.751956813717482
2024-09-01 14:17:59.910,OnTrack,1596.0,2311.0,1887.0,pos,0 days 00:01:03.680000,0 days 02:10:15.991000,10456.77902829645,293.5763107314718,7,100.0,False,0,4314.477320441524,0.753391895362113
2024-09-01 14:18:00.035,OnTrack,1586.3527298552954,2209.0556727032817,1886.3562764198737,car,0 days 00:01:03.805000,0 days 02:10:16.116000,10434.0,295.0,8,100.0,False,0,4324.764722222223,0.7551882763719729
2024-09-01 14:18:00.090,OnTrack,1582.0,2164.0,1886.0,pos,0 days 00:01:03.860000,0 days 02:10:16.171000,10460.4686576,295.6874976,8,100.0,False,0,4329.296251027051,0.7559795696901651
2024-09-01 14:18:00.195,OnTrack,1573.808642739652,2077.7124245819655,1885.4823212138335,car,0 days 00:01:03.965000,0 days 02:10:16.276000,10511.0,297.0,8,100.0,False,0,4337.964722222223,0.7574932538420508
2024-09-01 14:18:00.310,OnTrack,1565.0,1983.0,1885.0,pos,0 days 00:01:04.080000,0 days 02:10:16.391000,10541.1875168,298.4375008,8,100.0,False,0,4347.5055179760375,0.7591592628768355
2024-09-01 14:18:00.355,OnTrack,1561.5946746635027,1945.9423387630718,1884.7858026346048,car,0 days 00:01:04.125000,0 days 02:10:16.436000,10553.0,299.0,8,100.0,False,0,4351.253611111113,0.7598137530459342
2024-09-01 14:18:00.510,OnTrack,1550.0,1818.0,1884.0,pos,0 days 00:01:04.280000,0 days 02:10:16.591000,10600.66251968,300.55000064,8,100.0,False,0,4364.230127844045,0.7620797059784719
2024-09-01 14:18:00.710,OnTrack,1535.0,1651.0,1883.0,pos,0 days 00:01:04.480000,0 days 02:10:16.791000,10662.16251968,302.55000064,8,100.0,False,0,4381.107460810842,0.7650268175120681
2024-09-01 14:18:00.755,OnTrack,1531.505290763966,1613.2286571046857,1882.6719498897517,car,0 days 00:01:04.525000,0 days 02:10:16.836000,10676.0,303.0,8,100.0,False,0,4384.920277777779,0.7656926097246682
2024-09-01 14:18:00.950,OnTrack,1516.0,1449.0,1881.0,pos,0 days 00:01:04.720000,0 days 02:10:17.031000,10751.5625248,305.4375008,8,99.18749973333334,False,0,4401.495331433336,0.7685869373944706
2024-09-01 14:18:00.995,OnTrack,1512.464331134116,1411.0262806805822,1880.6984821665512,car,0 days 00:01:04.765000,0 days 02:10:17.076000,10769.0,306.0,8,99.0,False,0,4405.32027777778,0.7692548476329706
2024-09-01 14:18:01.130,OnTrack,1502.0,1297.0,1880.0,pos,0 days 00:01:04.900000,0 days 02:10:17.211000,10833.9686576,306.0,8,99.8437488,False,0,4416.789784033849,0.7712576471415431
2024-09-01 14:18:01.155,OnTrack,1500.0821238149636,1275.8774004047018,1879.8901968084303,car,0 days 00:01:04.925000,0 days 02:10:17.236000,10846.0,306.0,8,100.0,False,0,4418.920277777779,0.7716296729051719
2024-09-01 14:18:01.390,OnTrack,1482.0,1076.0,1879.0,pos,0 days 00:01:05.160000,0 days 02:10:17.471000,10908.666683733334,308.9375008,8,100.0,False,0,4439.089058844725,0.7751515354777662
2024-09-01 14:18:01.395,OnTrack,1481.6010694960569,1071.6742349150156,1878.979323360794,car,0 days 00:01:05.165000,0 days 02:10:17.476000,10910.0,309.0,8,100.0,False,0,4439.520277777779,0.7752268347145359
2024-09-01 14:18:01.590,OnTrack,1466.0,904.0,1878.0,pos,0 days 00:01:05.360000,0 days 02:10:17.671000,10979.33335608889,310.6250005333333,8,100.0,False,0,4456.395163474419,0.778173518907028
2024-09-01 14:18:01.755,OnTrack,1454.5933734468717,775.7709977196374,1876.7031639448842,car,0 days 00:01:05.525000,0 days 02:10:17.836000,11038.0,312.0,8,100.0,False,0,4470.720277777778,0.7806749632801746
2024-09-01 14:18:01.850,OnTrack,1446.0,680.0,1876.0,pos,0 days 00:01:05.620000,0 days 02:10:17.931000,11057.5937104,312.5937488,8,100.0,False,0,4478.973064380006,0.7821160607940757
2024-09-01 14:18:01.915,OnTrack,1438.4299241847061,597.0506921261964,1875.610264268259,car,0 days 00:01:05.685000,0 days 02:10:17.996000,11071.0,313.0,8,100.0,False,0,4484.631388888891,0.7831041146206946
2024-09-01 14:18:02.050,OnTrack,1422.0,419.0,1875.0,pos,0 days 00:01:05.820000,0 days 02:10:18.131000,11091.999970133333,314.1249984,8,100.0,False,0,4496.4318045290565,0.7851646973622202
2024-09-01 14:18:02.275,OnTrack,1409.2089800800695,283.40193340924395,1874.3463312951794,car,0 days 00:01:06.045000,0 days 02:10:18.356000,11127.0,316.0,8,100.0,False,0,4516.231388888891,0.788622090988457
2024-09-01 14:18:02.370,OnTrack,1404.0,227.0,1874.0,pos,0 days 00:01:06.140000,0 days 02:10:18.451000,11160.2499328,316.8906232,8,100.0,False,0,4524.633550061925,0.7900892722160182
2024-09-01 14:18:02.570,OnTrack,1388.0,51.0,1873.0,pos,0 days 00:01:06.340000,0 days 02:10:18.651000,11230.2499328,318.7656232,8,100.0,False,0,4542.371118130737,0.7931865975775777
2024-09-01 14:18:02.595,OnTrack,1385.8897130061544,28.361523866309156,1872.8844523717178,car,0 days 00:01:06.365000,0 days 02:10:18.676000,11239.0,319.0,8,100.0,False,0,4544.586944444446,0.7935735240723281
2024-09-01 14:18:02.755,OnTrack,1372.523523958207,-111.78056453231379,1872.2344411385393,car,0 days 00:01:06.525000,0 days 02:10:18.836000,11239.0,319.0,8,100.0,False,0,4558.764722222224,0.7960492406142636
2024-09-01 14:18:02.810,OnTrack,1368.0,-160.0,1872.0,pos,0 days 00:01:06.580000,0 days 02:10:18.891000,11255.691489334604,319.2736309726984,8,99.72636902730159,False,0,4563.646774961529,0.7969017422484932
2024-09-01 14:18:02.956,OnTrack,1356.192727021251,-289.73169088200314,1871.2955729312118,car,0 days 00:01:06.726000,0 days 02:10:19.037000,11300.0,320.0,8,99.0,False,0,4576.631388888892,0.7991691091091168
2024-09-01 14:18:03.009,OnTrack,1352.0,-336.0,1871.0,pos,0 days 00:01:06.779000,0 days 02:10:19.090000,11310.820820266666,320.22083306666667,8,99.22083306666667,False,0,4581.351703018348,0.7999933680273053
2024-09-01 14:18:03.169,OnTrack,1339.0,-478.0,1870.0,pos,0 days 00:01:06.939000,0 days 02:10:19.250000,11343.487486933333,320.88749973333336,8,99.88749973333333,False,0,4595.6210840367,0.8024850802817945
2024-09-01 14:18:03.196,OnTrack,1336.432226734706,-505.94731743187646,1869.8344341578077,car,0 days 00:01:06.966000,0 days 02:10:19.277000,11349.0,321.0,8,100.0,False,0,4598.031388888891,0.8029059665227278
2024-09-01 14:18:03.509,OnTrack,1303.0,-870.0,1868.0,pos,0 days 00:01:07.279000,0 days 02:10:19.590000,11387.1468672,321.9781248,8,100.0,False,0,4626.026080749032,0.8077943857666217
2024-09-01 14:18:03.516,OnTrack,1302.4455513000973,-876.0858524968022,1867.955622075036,car,0 days 00:01:07.286000,0 days 02:10:19.597000,11388.0,322.0,8,100.0,False,0,4626.6536111111145,0.8079039648080149
2024-09-01 14:18:03.676,OnTrack,1293.3336810541641,-977.1966222504009,1866.8774251302343,car,0 days 00:01:07.446000,0 days 02:10:19.757000,11388.0,323.0,8,100.0,False,0,4641.009166666669,0.8104107248175607
2024-09-01 14:18:03.836,OnTrack,1284.7612857956694,-1072.6749027492247,1866.0676766645315,car,0 days 00:01:07.606000,0 days 02:10:19.917000,11388.0,323.0,8,100.0,False,0,4655.364722222224,0.8129174848271067
2024-09-01 14:18:03.869,OnTrack,1282.0,-1103.0,1866.0,pos,0 days 00:01:07.639000,0 days 02:10:19.950000,11398.960693028572,323.2357138285714,8,99.88214308571429,False,0,4658.3329023580645,0.8134357869740949
2024-09-01 14:18:04.116,OnTrack,1255.0998720672812,-1396.0708969423317,1866.0423472560888,car,0 days 00:01:07.886000,0 days 02:10:20.197000,11481.0,325.0,8,99.0,False,0,4680.642500000003,0.8173314778779714
2024-09-01 14:18:04.129,OnTrack,1254.0,-1408.0,1866.0,pos,0 days 00:01:07.899000,0 days 02:10:20.210000,11483.4916544,325.07222186666667,8,99.03611093333333,False,0,4681.819900882545,0.8175370750376313
2024-09-01 14:18:04.389,OnTrack,1239.0,-1570.0,1864.0,pos,0 days 00:01:08.159000,0 days 02:10:20.470000,11533.324987733333,326.5166663111111,8,99.75833315555556,False,0,4705.424265306715,0.8216588574765117
2024-09-01 14:18:04.476,OnTrack,1230.7987939407926,-1659.1663052668025,1863.369211134346,car,0 days 00:01:08.246000,0 days 02:10:20.557000,11550.0,327.0,8,100.0,False,0,4713.3425000000025,0.8230415357015736
2024-09-01 14:18:04.716,OnTrack,1201.907275353635,-1973.5918449341314,1862.1263751887473,car,0 days 00:01:08.486000,0 days 02:10:20.797000,11523.0,328.0,8,100.0,False,0,4735.209166666668,0.8268598822176622
2024-09-01 14:18:04.749,OnTrack,1199.0,-2005.0,1862.0,pos,0 days 00:01:08.519000,0 days 02:10:20.830000,11522.1750016,327.83500032,8,100.0,False,0,4738.210075217164,0.827383899384227
2024-09-01 14:18:04.916,OnTrack,1189.6970403527926,-2104.0023298637484,1861.5145481252573,car,0 days 00:01:08.686000,0 days 02:10:20.997000,11518.0,327.0,8,100.0,False,0,4753.375833333335,0.8300321365641078
2024-09-01 14:18:05.069,OnTrack,1182.0,-2186.0,1861.0,pos,0 days 00:01:08.839000,0 days 02:10:21.150000,11507.375004444444,327.0,8,100.0,False,0,4767.276502852534,0.8324594645990132
2024-09-01 14:18:05.249,OnTrack,1167.0,-2349.0,1860.0,pos,0 days 00:01:09.019000,0 days 02:10:21.330000,11494.875004444444,327.0,8,100.0,False,0,4783.6262475310195,0.8353144489266978
2024-09-01 14:18:05.276,OnTrack,1164.6709731646251,-2374.212065708892,1859.8241822678629,car,0 days 00:01:09.046000,0 days 02:10:21.357000,11493.0,327.0,8,100.0,False,0,4786.075833333335,0.8357421943877099
2024-09-01 14:18:05.550,OnTrack,1142.0,-2620.0,1858.0,pos,0 days 00:01:09.320000,0 days 02:10:21.631000,11485.2937464,326.1437496,8,100.0,False,0,4810.893141316079,0.840075780430756
2024-09-01 14:18:05.596,OnTrack,1138.2856215251877,-2661.4910905852257,1857.7893245794762,car,0 days 00:01:09.366000,0 days 02:10:21.677000,11484.0,326.0,8,100.0,False,0,4815.053611111113,0.8408022796082177
2024-09-01 14:18:05.810,OnTrack,1121.0,-2854.0,1857.0,pos,0 days 00:01:09.580000,0 days 02:10:21.891000,11457.78501568,325.46500032,8,100.0,False,0,4834.389395042008,0.844178684632991
2024-09-01 14:18:05.970,OnTrack,1107.0,-2998.0,1856.0,pos,0 days 00:01:09.740000,0 days 02:10:22.051000,11438.18501568,325.06500032,8,100.0,False,0,4848.821705391333,0.8466988475266551
2024-09-01 14:18:05.996,OnTrack,1104.3660695738893,-3025.8088509633835,1855.805055029263,car,0 days 00:01:09.766000,0 days 02:10:22.077000,11435.0,325.0,8,100.0,False,0,4851.164722222224,0.8471079839665958
2024-09-01 14:18:06.196,OnTrack,1082.0978692409872,-3268.9058299219423,1854.2036210405277,car,0 days 00:01:09.966000,0 days 02:10:22.277000,11393.0,324.0,8,100.0,False,0,4869.164722222224,0.8502511350621565
2024-09-01 14:18:06.230,OnTrack,1079.0,-3303.0,1854.0,pos,0 days 00:01:10,0 days 02:10:22.311000,11386.9083104,323.8583328,8,100.0,False,0,4872.2197054869885,0.8507845947285769
2024-09-01 14:18:06.436,OnTrack,1066.4968364166405,-3440.2899539552545,1853.341178414739,car,0 days 00:01:10.206000,0 days 02:10:22.517000,11350.0,323.0,8,100.0,False,0,4890.6980555555565,0.8540112750764756
2024-09-01 14:18:06.530,OnTrack,1061.0,-3500.0,1853.0,pos,0 days 00:01:10.300000,0 days 02:10:22.611000,11345.579944209667,322.70532961397777,8,99.70532961397775,False,0,4899.114821085784,0.8554810065096651
2024-09-01 14:18:06.710,OnTrack,1046.0,-3660.0,1852.0,pos,0 days 00:01:10.480000,0 days 02:10:22.791000,11337.115984026887,322.1410656017925,8,99.14106560179248,False,0,4915.209971975013,0.858291533795815
2024-09-01 14:18:06.755,OnTrack,1040.4610790183497,-3717.4099894900482,1851.785364886277,car,0 days 00:01:10.525000,0 days 02:10:22.836000,11335.0,322.0,8,99.0,False,0,4919.230833333335,0.858993654617121
2024-09-01 14:18:06.950,OnTrack,1013.0,-3998.0,1851.0,pos,0 days 00:01:10.720000,0 days 02:10:23.031000,11323.1607104,321.3035712,8,99.0,False,0,4936.638016576786,0.8620332883439144
2024-09-01 14:18:07.035,OnTrack,1005.1879627962651,-4077.712559734126,1850.5621353174167,car,0 days 00:01:10.805000,0 days 02:10:23.116000,11318.0,321.0,8,99.0,False,0,4944.197500000002,0.8633533215996674
2024-09-01 14:18:07.350,OnTrack,990.0,-4227.0,1849.0,pos,0 days 00:01:11.120000,0 days 02:10:23.431000,11017.17493888,316.27499904,8,21.03748415999999,False,0,4971.916756106779,0.8681936443885644
2024-09-01 14:18:07.435,OnTrack,982.8757299208241,-4293.536995801465,1848.949662742632,car,0 days 00:01:11.205000,0 days 02:10:23.516000,10936.0,315.0,8,0.0,False,0,4979.197500000003,0.8694650042854802
2024-09-01 14:18:07.530,OnTrack,973.0,-4382.0,1849.0,pos,0 days 00:01:11.300000,0 days 02:10:23.611000,10697.636845381818,309.6022836363636,8,0.0,False,0,4987.201687919219,0.8708626916203335
2024-09-01 14:18:07.690,OnTrack,953.0,-4545.0,1849.0,pos,0 days 00:01:11.460000,0 days 02:10:23.771000,10296.182299927274,300.51137454545454,8,0.0,False,0,5000.353581181093,0.8731592687155979
2024-09-01 14:18:07.875,OnTrack,928.9807127636584,-4711.088115843139,1848.5681334262247,car,0 days 00:01:11.645000,0 days 02:10:23.956000,9832.0,290.0,8,0.0,True,0,5014.641944444447,0.875654295640319
2024-09-01 14:18:08.010,OnTrack,911.0,-4815.0,1848.0,pos,0 days 00:01:11.780000,0 days 02:10:24.091000,10074.9996544,262.1562896,8,0.0,True,0,5024.335641742957,0.8773470042671994
2024-09-01 14:18:08.035,OnTrack,907.6052394745716,-4832.832255758542,1847.8765121995489,car,0 days 00:01:11.805000,0 days 02:10:24.116000,10120.0,257.0,8,0.0,True,0,5026.064166666669,0.8776488384342921
2024-09-01 14:18:08.190,OnTrack,886.0,-4936.0,1847.0,pos,0 days 00:01:11.960000,0 days 02:10:24.271000,10552.943360581818,246.4318138181818,8,0.0,True,0,5036.320321861576,0.8794397631807985
2024-09-01 14:18:08.350,OnTrack,862.0,-5038.0,1846.0,pos,0 days 00:01:12.120000,0 days 02:10:24.431000,10999.85245149091,235.5227229090909,8,0.0,True,0,5046.205852375028,0.8811659696287739
2024-09-01 14:18:08.475,OnTrack,840.8792541801744,-5112.942180011524,1845.3143189560815,car,0 days 00:01:12.245000,0 days 02:10:24.556000,11349.0,227.0,8,0.0,True,0,5053.808611111113,0.8824935595982523
2024-09-01 14:18:08.530,OnTrack,831.0,-5145.0,1845.0,pos,0 days 00:01:12.300000,0 days 02:10:24.611000,11281.232379428571,224.64286537142857,8,0.0,True,0,5057.133658327394,0.883074177698288
2024-09-01 14:18:08.710,OnTrack,796.0,-5247.0,1844.0,pos,0 days 00:01:12.480000,0 days 02:10:24.791000,11059.446349714286,216.92856868571428,8,0.0,True,0,5067.894067969576,0.8849531551069273
2024-09-01 14:18:08.755,OnTrack,786.2278024697176,-5271.516852521643,1843.9125010697355,car,0 days 00:01:12.525000,0 days 02:10:24.836000,11004.0,215.0,5,0.0,True,0,5070.530833333336,0.8854135857703628
2024-09-01 14:18:08.970,OnTrack,734.0,-5382.0,1844.0,pos,0 days 00:01:12.740000,0 days 02:10:25.051000,10770.1877088,206.9375072,5,0.0,True,0,5082.844471152883,0.8875637871149654
2024-09-01 14:18:08.995,OnTrack,727.4911641458255,-5393.992601418349,1843.930990518707,car,0 days 00:01:12.765000,0 days 02:10:25.076000,10743.0,206.0,5,0.0,False,0,5084.26416666667,0.8878116936432722
2024-09-01 14:18:09.190,OnTrack,670.0,-5484.0,1843.0,pos,0 days 00:01:12.960000,0 days 02:10:25.271000,10415.678464,203.9107136,5,0.0,False,0,5095.305779657025,0.8897397746414607
2024-09-01 14:18:09.275,OnTrack,636.7274850802752,-5524.529011003444,1842.8520531258239,car,0 days 00:01:13.045000,0 days 02:10:25.356000,10273.0,203.0,5,0.0,False,0,5100.053055555559,0.8905687416104278
2024-09-01 14:18:09.436,OnTrack,565.0994034287263,-5598.847225065208,1842.978713095685,car,0 days 00:01:13.206000,0 days 02:10:25.517000,10295.0,198.0,5,25.0,False,0,5108.908055555558,0.8921149973299383
2024-09-01 14:18:09.470,OnTrack,551.0,-5612.0,1843.0,pos,0 days 00:01:13.240000,0 days 02:10:25.551000,10312.6375664,197.7874992,5,29.6750176,False,0,5110.769812779197,0.8924400964553355
2024-09-01 14:18:09.596,OnTrack,503.0388079917491,-5652.00594337738,1843.0275099360576,car,0 days 00:01:13.366000,0 days 02:10:25.677000,10378.0,197.0,5,47.0,False,0,5117.663611111115,0.8936438881097545
2024-09-01 14:18:09.769,OnTrack,437.0,-5694.0,1843.0,pos,0 days 00:01:13.539000,0 days 02:10:25.850000,10434.842836114285,197.6178569142857,5,54.41428297142857,False,0,5127.142215970856,0.8952990374013814
2024-09-01 14:18:09.876,OnTrack,387.69679147083036,-5719.554634377355,1842.9948143569522,car,0 days 00:01:13.646000,0 days 02:10:25.957000,10470.0,198.0,5,59.0,False,0,5133.063611111114,0.896333028491512
2024-09-01 14:18:10.089,OnTrack,276.0,-5765.0,1843.0,pos,0 days 00:01:13.859000,0 days 02:10:26.170000,10682.3343112,201.328124,5,72.9781208,False,0,5145.054809043366,0.8984269255425033
2024-09-01 14:18:10.196,OnTrack,218.02248999386617,-5781.3344067318085,1843.0000076826773,car,0 days 00:01:13.966000,0 days 02:10:26.277000,10789.0,203.0,5,80.0,False,0,5151.108055555558,0.8994839404539753
2024-09-01 14:18:10.209,OnTrack,211.0,-5783.0,1843.0,pos,0 days 00:01:13.979000,0 days 02:10:26.290000,10803.7874272,203.0812496,5,80.3249984,False,0,5151.842698486819,0.8996122234392108
2024-09-01 14:18:10.356,OnTrack,131.69540421777845,-5796.891997388539,1843.0005308344544,car,0 days 00:01:14.126000,0 days 02:10:26.437000,10971.0,204.0,5,84.0,False,0,5160.174722222225,0.9010671573021096
2024-09-01 14:18:10.429,OnTrack,87.0,-5800.0,1843.0,pos,0 days 00:01:14.199000,0 days 02:10:26.510000,11030.703519085715,205.8249984,5,85.30357028571429,False,0,5164.383818754599,0.9018021476563903
2024-09-01 14:18:10.636,OnTrack,-64.36617389831466,-5795.140690666272,1842.9964165238757,car,0 days 00:01:14.406000,0 days 02:10:26.717000,11200.0,211.0,5,89.0,False,0,5176.585833333336,0.9039328574059018
2024-09-01 14:18:10.689,OnTrack,-99.0,-5792.0,1843.0,pos,0 days 00:01:14.459000,0 days 02:10:26.770000,11281.203473371428,212.1357129142857,5,89.37857097142857,False,0,5179.758162453516,0.9044868079475448
2024-09-01 14:18:10.916,OnTrack,-208.4941871300771,-5772.473338942197,1843.033791689398,car,0 days 00:01:14.686000,0 days 02:10:26.997000,11629.0,217.0,5,91.0,False,0,5193.463611111114,0.9068800466121715
2024-09-01 14:18:11.009,OnTrack,-254.0,-5759.0,1843.0,pos,0 days 00:01:14.779000,0 days 02:10:27.090000,11108.2003584,217.0,5,91.92999936,False,0,5199.0504611648485,0.9078556196047898
2024-09-01 14:18:11.116,OnTrack,-314.8643959030469,-5738.419513176379,1842.9414764272435,car,0 days 00:01:14.886000,0 days 02:10:27.197000,10509.0,217.0,5,93.0,False,0,5205.51916666667,0.9089851817595069
2024-09-01 14:18:11.149,OnTrack,-335.0,-5731.0,1843.0,pos,0 days 00:01:14.919000,0 days 02:10:27.230000,10520.9624768,218.2374976,5,93.4124992,False,0,5207.5405360566165,0.9093381522824261
2024-09-01 14:18:11.276,OnTrack,-417.3765490854305,-5697.7870289963685,1843.7529539127481,car,0 days 00:01:15.046000,0 days 02:10:27.357000,10567.0,223.0,6,95.0,False,0,5215.43027777778,0.910715855078791
2024-09-01 14:18:11.449,OnTrack,-547.0,-5629.0,1845.0,pos,0 days 00:01:15.219000,0 days 02:10:27.530000,10711.29767389091,226.53863505454547,6,96.5727266909091,False,0,5226.430118442331,0.912636641814112
2024-09-01 14:18:11.649,OnTrack,-715.0,-5509.0,1845.0,pos,0 days 00:01:15.419000,0 days 02:10:27.730000,10878.115855709091,230.62954414545453,6,98.3909085090909,False,0,5239.4155666909965,0.9149041543635087
2024-09-01 14:18:11.716,OnTrack,-756.2258836292234,-5477.130012761122,1845.0418918072799,car,0 days 00:01:15.486000,0 days 02:10:27.797000,10934.0,232.0,6,99.0,False,0,5243.785833333336,0.9156672881626622
2024-09-01 14:18:11.876,OnTrack,-813.2220398873269,-5428.081830607885,1845.448236528719,car,0 days 00:01:15.646000,0 days 02:10:27.957000,10990.0,236.0,6,99.0,False,0,5254.274722222226,0.9174988527516805
2024-09-01 14:18:12.110,OnTrack,-879.0,-5354.0,1846.0,pos,0 days 00:01:15.880000,0 days 02:10:28.191000,11154.775090133333,240.87500266666666,6,99.0,False,0,5269.934095948892,0.9202332848452786
2024-09-01 14:18:12.116,OnTrack,-881.4180607997068,-5351.248451246947,1846.0040707699236,car,0 days 00:01:15.886000,0 days 02:10:28.197000,11159.0,241.0,6,99.0,False,0,5270.341388888893,0.9203044061369774
2024-09-01 14:18:12.230,OnTrack,-932.0,-5293.0,1846.0,pos,0 days 00:01:16,0 days 02:10:28.311000,11257.61011072,243.28000256,6,99.0,False,0,5278.136631689902,0.9216656075786527
2024-09-01 14:18:12.390,OnTrack,-1000.0,-5208.0,1846.0,pos,0 days 00:01:16.160000,0 days 02:10:28.471000,11396.01011072,246.48000256,6,99.0,False,0,5289.236817703939,0.9236039165692609
2024-09-01 14:18:12.516,OnTrack,-1050.1219084950096,-5137.083610808464,1846.6377802940092,car,0 days 00:01:16.286000,0 days 02:10:28.597000,11505.0,249.0,6,99.0,False,0,5298.00805555556,0.9251355457838579
2024-09-01 14:18:12.676,OnTrack,-1109.8058497079196,-5041.949381583395,1847.8278852424721,car,0 days 00:01:16.446000,0 days 02:10:28.757000,11621.0,251.0,6,99.0,False,0,5309.163611111115,0.9270835233764153
2024-09-01 14:18:12.730,OnTrack,-1129.0,-5009.0,1848.0,pos,0 days 00:01:16.500000,0 days 02:10:28.811000,11647.999936,251.6749984,6,99.0,False,0,5312.943574653978,0.927743578740356
2024-09-01 14:18:12.836,OnTrack,-1165.2834698130712,-4943.143370578836,1847.9862096284794,car,0 days 00:01:16.606000,0 days 02:10:28.917000,11701.0,253.0,6,99.0,False,0,5320.408055555559,0.929047022702778
2024-09-01 14:18:12.890,OnTrack,-1183.0,-4909.0,1848.0,pos,0 days 00:01:16.660000,0 days 02:10:28.971000,11360.8008064,254.3499968,6,99.0,False,0,5324.247741553887,0.9297175067723475
2024-09-01 14:18:13.036,OnTrack,-1228.1811768569548,-4814.6933994983565,1848.5439253035315,car,0 days 00:01:16.806000,0 days 02:10:29.117000,10441.0,258.0,6,99.0,False,0,5334.741388888893,0.9315499022788728
2024-09-01 14:18:13.170,OnTrack,-1266.0,-4726.0,1849.0,pos,0 days 00:01:16.940000,0 days 02:10:29.251000,10507.999936,260.67999744,6,99.0,False,0,5344.477943024888,0.9332500945455139
2024-09-01 14:18:13.236,OnTrack,-1283.2954182882324,-4681.6984769981145,1848.9854665298267,car,0 days 00:01:17.006000,0 days 02:10:29.317000,10541.0,262.0,7,99.0,False,0,5349.296944444449,0.9340915861894806
2024-09-01 14:18:13.290,OnTrack,-1297.0,-4645.0,1849.0,pos,0 days 00:01:17.060000,0 days 02:10:29.371000,10564.360441507622,262.5078356849483,7,99.0,False,0,5353.247346412011,0.9347814034268278
2024-09-01 14:18:13.490,OnTrack,-1345.0,-4505.0,1850.0,pos,0 days 00:01:17.260000,0 days 02:10:29.571000,10650.880800324856,264.38871305054033,7,99.0,False,0,5367.954262452715,0.9373495178304755
2024-09-01 14:18:13.555,OnTrack,-1359.0049642662905,-4458.5859990022345,1850.4284694550136,car,0 days 00:01:17.325000,0 days 02:10:29.636000,10679.0,265.0,7,99.0,False,0,5372.778888888894,0.9381919917120614
2024-09-01 14:18:13.755,OnTrack,-1396.9886134623384,-4313.62225973522,1851.7846821589183,car,0 days 00:01:17.525000,0 days 02:10:29.836000,10880.0,270.0,7,99.0,False,0,5387.778888888893,0.9408112842916952
2024-09-01 14:18:13.790,OnTrack,-1403.0,-4288.0,1852.0,pos,0 days 00:01:17.560000,0 days 02:10:29.871000,10903.4062928,270.546876,7,99.0,False,0,5390.4263894101605,0.9412735895230242
2024-09-01 14:18:13.970,OnTrack,-1431.0,-4155.0,1853.0,pos,0 days 00:01:17.740000,0 days 02:10:30.051000,11023.7811216,273.359372,7,99.0,False,0,5404.144759266639,0.9436690844810075
2024-09-01 14:18:14.075,OnTrack,-1444.8110986869394,-4076.1548139005536,1853.5706282468805,car,0 days 00:01:17.845000,0 days 02:10:30.156000,11094.0,275.0,7,99.0,False,0,5412.223333333338,0.945079761088136
2024-09-01 14:18:14.210,OnTrack,-1460.0,-3973.0,1854.0,pos,0 days 00:01:17.980000,0 days 02:10:30.291000,11144.0624288,277.812496,7,99.0,False,0,5422.690691411537,0.9469075659776426
2024-09-01 14:18:14.250,OnTrack,-1464.0,-3942.0,1854.0,pos,0 days 00:01:18.020000,0 days 02:10:30.331000,11158.895762133334,278.6458293333333,7,99.0,False,0,5425.808642451083,0.9474520210457456
2024-09-01 14:18:14.315,OnTrack,-1469.8980003389247,-3891.746866014364,1854.173616995216,car,0 days 00:01:18.085000,0 days 02:10:30.396000,11183.0,280.0,7,99.0,False,0,5430.890000000004,0.948339325187236
2024-09-01 14:18:14.470,OnTrack,-1481.0,-3772.0,1855.0,pos,0 days 00:01:18.240000,0 days 02:10:30.551000,11255.568211781818,281.76136436363635,7,99.0,False,0,5443.080359335512,0.9504679997039406
2024-09-01 14:18:14.670,OnTrack,-1490.0,-3615.0,1855.0,pos,0 days 00:01:18.440000,0 days 02:10:30.751000,11349.204575418182,284.03409163636366,7,99.0,False,0,5458.946996657123,0.9532386240639565
2024-09-01 14:18:14.755,OnTrack,-1492.7613500377004,-3547.8516035861803,1855.085293212041,car,0 days 00:01:18.525000,0 days 02:10:30.836000,11389.0,285.0,7,99.0,False,0,5465.723333333337,0.9544219046221638
2024-09-01 14:18:14.950,OnTrack,-1497.0,-3393.0,1856.0,pos,0 days 00:01:18.720000,0 days 02:10:31.031000,11526.1964736,287.7857152,7,99.0,False,0,5481.343574913714,0.9571495034797353
2024-09-01 14:18:15.035,OnTrack,-1497.8777583494282,-3325.0375510337144,1856.84859030064,car,0 days 00:01:18.805000,0 days 02:10:31.116000,11586.0,289.0,7,99.0,False,0,5488.201111111115,0.9583469630581636
2024-09-01 14:18:15.050,OnTrack,-1498.0,-3313.0,1857.0,pos,0 days 00:01:18.820000,0 days 02:10:31.131000,11567.77523328,289.1874976,7,99.0,False,0,5489.414947976232,0.958558922651076
2024-09-01 14:18:15.350,OnTrack,-1499.0,-3070.0,1859.0,pos,0 days 00:01:19.120000,0 days 02:10:31.431000,11203.27492224,292.9375008,7,99.0,False,0,5513.897751590535,0.9628340977067814
2024-09-01 14:18:15.435,OnTrack,-1498.6103811534247,-3001.1616429805417,1858.9250525285572,car,0 days 00:01:19.205000,0 days 02:10:31.516000,11100.0,294.0,7,99.0,False,0,5520.867777777782,0.9640512002315887
2024-09-01 14:18:15.510,OnTrack,-1498.0,-2940.0,1859.0,pos,0 days 00:01:19.280000,0 days 02:10:31.591000,10923.124849066666,294.6250005333333,7,99.0,False,0,5527.022675856786,0.9651259654893714
2024-09-01 14:18:15.675,OnTrack,-1495.838773120491,-2803.313080103102,1860.6000412132814,car,0 days 00:01:19.445000,0 days 02:10:31.756000,10534.0,296.0,8,99.0,False,0,5540.601111111115,0.9674970251363516
2024-09-01 14:18:15.730,OnTrack,-1495.0,-2759.0,1861.0,pos,0 days 00:01:19.500000,0 days 02:10:31.811000,10534.0,296.58718669601404,8,99.0,False,0,5545.149302237992,0.9682912280209773
2024-09-01 14:18:15.956,OnTrack,-1490.7984146352064,-2576.87200392399,1860.8149451921638,car,0 days 00:01:19.726000,0 days 02:10:32.037000,10534.0,299.0,8,99.0,False,0,5563.939722222226,0.9715724018631714
2024-09-01 14:18:16.010,OnTrack,-1489.0,-2519.0,1861.0,pos,0 days 00:01:19.780000,0 days 02:10:32.091000,10570.98991232,299.53999872,8,99.0,False,0,5568.444950475692,0.9723591025920956
2024-09-01 14:18:16.156,OnTrack,-1482.2633651268893,-2327.6846497316833,1862.4961690199987,car,0 days 00:01:19.926000,0 days 02:10:32.237000,10671.0,301.0,8,99.0,False,0,5580.661944444449,0.974492428035282
2024-09-01 14:18:16.209,OnTrack,-1480.0,-2268.0,1863.0,pos,0 days 00:01:19.979000,0 days 02:10:32.290000,10694.05497216,301.52999936,8,99.0,False,0,5585.115844629509,0.9752701658822927
2024-09-01 14:18:16.356,OnTrack,-1475.624449445544,-2165.9602263377083,1863.640257135541,car,0 days 00:01:20.126000,0 days 02:10:32.437000,10758.0,303.0,8,99.0,False,0,5597.495277777781,0.9774318563746489
2024-09-01 14:18:16.516,OnTrack,-1471.4597644358823,-2091.3990978327975,1863.9431994696643,car,0 days 00:01:20.286000,0 days 02:10:32.597000,10822.0,303.0,8,99.0,False,0,5610.961944444448,0.9797833990461425
2024-09-01 14:18:16.529,OnTrack,-1471.0,-2083.0,1864.0,pos,0 days 00:01:20.299000,0 days 02:10:32.610000,10825.791648,303.2166656,8,99.0,False,0,5612.063342318916,0.9799757245981304
2024-09-01 14:18:16.809,OnTrack,-1458.0,-1844.0,1866.0,pos,0 days 00:01:20.579000,0 days 02:10:32.890000,10907.458314666666,307.8833322666667,8,99.0,False,0,5636.09065495775,0.9841713620450269
2024-09-01 14:18:16.876,OnTrack,-1454.9341050900462,-1789.532626696655,1866.421493765748,car,0 days 00:01:20.646000,0 days 02:10:32.957000,10927.0,309.0,8,99.0,False,0,5641.8619444444475,0.9851791417601886
2024-09-01 14:18:16.969,OnTrack,-1450.0,-1707.0,1867.0,pos,0 days 00:01:20.739000,0 days 02:10:33.050000,10956.75997952,309.46499968,8,99.46499968,False,0,5649.865581563337,0.9865767329145614
2024-09-01 14:18:17.076,OnTrack,-1441.6219962730142,-1577.5144377446236,1867.8323526873005,car,0 days 00:01:20.846000,0 days 02:10:33.157000,10991.0,310.0,8,100.0,False,0,5659.084166666668,0.9881864776849533
2024-09-01 14:18:17.249,OnTrack,-1427.0,-1361.0,1869.0,pos,0 days 00:01:21.019000,0 days 02:10:33.330000,11041.60248128,311.29749952,8,99.56750016,False,0,5674.064552724403,0.9908023452876918
2024-09-01 14:18:17.476,OnTrack,-1417.6748097904235,-1230.9150328274686,1868.956053108419,car,0 days 00:01:21.246000,0 days 02:10:33.557000,11108.0,313.0,8,99.0,False,0,5693.861944444447,0.9942593560362529
2024-09-01 14:18:17.529,OnTrack,-1415.0,-1196.0,1869.0,pos,0 days 00:01:21.299000,0 days 02:10:33.610000,11123.5687312,313.6624992,8,99.0,False,0,5698.507092181146,0.9950704894361223
2024-09-01 14:18:17.796,OnTrack,-1392.3266013610498,-904.7228995999182,1870.4630939530905,car,0 days 00:01:21.566000,0 days 02:10:33.877000,11202.0,317.0,8,99.0,False,0,5722.0397222222255,0.9991797456525138
2024-09-01 14:18:17.849,OnTrack,-1386.0,-824.0,1871.0,pos,0 days 00:01:21.619000,0 days 02:10:33.930000,11202.0,317.0,8,99.0,False,0,5726.737103228059,1.0
