Date,Status,X,Y,Z,Source,Time,SessionTime,RPM,Speed,nGear,Throttle,Brake,DRS,Distance,RelativeDistance
2024-09-01 14:15:46.035,OnTrack,,,,car,0 days 00:00:00,0 days 02:08:02.116000,11425.0,318.0,8,100.0,False,0,1.855,0.00032413954250989625
2024-09-01 14:15:46.249,OnTrack,-1359.0,-500.0,1872.0,pos,0 days 00:00:00.214000,0 days 02:08:02.330000,11472.07997184,319.60499904,8,100.0,False,0,20.919194663803857,0.003655384467924984
2024-09-01 14:15:46.435,OnTrack,-1348.435316995531,-378.2898896815781,1872.8210802865735,car,0 days 00:00:00.400000,0 days 02:08:02.516000,11513.0,321.0,8,100.0,False,0,37.52166666666666,0.00655647216579092
2024-09-01 14:15:46.595,OnTrack,-1337.646605794142,-257.3431759679447,1873.5139331305108,car,0 days 00:00:00.560000,0 days 02:08:02.676000,11513.0,322.0,8,100.0,False,0,51.83277777777777,0.009057171361674396
2024-09-01 14:15:46.709,OnTrack,-1329.0,-162.0,1874.0,pos,0 days 00:00:00.674000,0 days 02:08:02.790000,11530.4562304,322.7124992,8,100.0,False,0,62.06455978214441,0.010845055533079458
2024-09-01 14:15:46.915,OnTrack,-1312.069128692036,22.351854180225747,1874.9231178972113,car,0 days 00:00:00.880000,0 days 02:08:02.996000,11562.0,324.0,8,100.0,False,0,80.63277777777778,0.014089634339725616
2024-09-01 14:15:46.929,OnTrack,-1311.0,34.0,1875.0,pos,0 days 00:00:00.894000,0 days 02:08:03.010000,11566.6082912,324.1166656,8,100.0,False,0,81.89820008249609,0.014310752079312254
2024-09-01 14:15:47.089,OnTrack,-1298.0,178.0,1876.0,pos,0 days 00:00:01.054000,0 days 02:08:03.170000,11619.274957866666,325.44999893333335,8,100.0,False,0,96.38760333010188,0.016842605739646674
2024-09-01 14:15:47.155,OnTrack,-1289.3189380561294,277.3876946647289,1876.4006926217223,car,0 days 00:00:01.120000,0 days 02:08:03.236000,11641.0,326.0,8,100.0,False,0,102.36611111111111,0.017887280012977232
2024-09-01 14:15:47.270,OnTrack,-1273.0,466.0,1877.0,pos,0 days 00:00:01.235000,0 days 02:08:03.351000,11659.208343466667,326.0,8,100.0,False,0,112.77579915277381,0.019706251182516468
2024-09-01 14:15:47.515,OnTrack,-1260.9875466661672,606.1349335520531,1877.6099099516262,car,0 days 00:00:01.480000,0 days 02:08:03.596000,11698.0,326.0,8,100.0,False,0,134.9661111111111,0.023583748522854654
2024-09-01 14:15:47.630,OnTrack,-1256.0,665.0,1878.0,pos,0 days 00:00:01.595000,0 days 02:08:03.711000,11711.416674133334,326.63888924444444,8,100.0,False,0,145.42141205013436,0.025410690012438637
2024-09-01 14:15:47.810,OnTrack,-1242.0,829.0,1879.0,pos,0 days 00:00:01.775000,0 days 02:08:03.891000,11732.416644266666,327.6388878222222,8,100.0,False,0,161.83233695208517,0.0282783070959333
2024-09-01 14:15:47.875,OnTrack,-1236.8190488326495,889.0276496694806,1879.3701721123775,car,0 days 00:00:01.840000,0 days 02:08:03.956000,11740.0,328.0,8,100.0,False,0,167.76611111111112,0.029315164692301877
2024-09-01 14:15:48.035,OnTrack,-1224.7855322666992,1026.7215457571772,1880.2341783317254,car,0 days 00:00:02,0 days 02:08:04.116000,11771.0,329.0,8,100.0,False,0,182.38833333333332,0.03187022691418282
2024-09-01 14:15:48.190,OnTrack,-1212.0,1175.0,1881.0,pos,0 days 00:00:02.155000,0 days 02:08:04.271000,11789.0833408,329.43055573333334,8,100.0,False,0,196.58060107431265,0.034350159621858826
2024-09-01 14:15:48.395,OnTrack,-1193.1749530662623,1398.0344754676194,1881.9292543071092,car,0 days 00:00:02.360000,0 days 02:08:04.476000,11813.0,330.0,8,100.0,False,0,215.38833333333332,0.03763659074319984
2024-09-01 14:15:48.410,OnTrack,-1192.0,1412.0,1882.0,pos,0 days 00:00:02.375000,0 days 02:08:04.491000,11815.77496448,330.07499904,8,100.0,False,0,216.76588776267624,0.03787730225937758
2024-09-01 14:15:48.595,OnTrack,-1180.3055023816698,1550.3247890613295,1882.8770963473487,car,0 days 00:00:02.560000,0 days 02:08:04.676000,11850.0,331.0,8,100.0,False,0,233.77722222222224,0.040849833886978694
2024-09-01 14:15:48.630,OnTrack,-1178.0,1577.0,1883.0,pos,0 days 00:00:02.595000,0 days 02:08:04.711000,11853.5000064,331.2187504,8,100.0,False,0,237.00242756890884,0.041413400779472205
2024-09-01 14:15:48.755,OnTrack,-1168.57782657197,1684.1892001981569,1883.265491393063,car,0 days 00:00:02.720000,0 days 02:08:04.836000,11866.0,332.0,8,100.0,False,0,248.5327777777778,0.043428194548572836
2024-09-01 14:15:48.950,OnTrack,-1152.0,1871.0,1884.0,pos,0 days 00:00:02.915000,0 days 02:08:05.031000,11882.7142912,332.0,8,100.0,False,0,266.5106007901419,0.04656960874078393
2024-09-01 14:15:49.035,OnTrack,-1145.0212146268282,1950.6229534865672,1884.8967245231115,car,0 days 00:00:03,0 days 02:08:05.116000,11890.0,332.0,8,100.0,False,0,274.355,0.047940325706362585
2024-09-01 14:15:49.150,OnTrack,-1136.0,2055.0,1886.0,pos,0 days 00:00:03.115000,0 days 02:08:05.231000,11897.666670933333,332.4791669333333,8,100.0,False,0,284.98332837053306,0.049797501714809775
2024-09-01 14:15:49.275,OnTrack,-1126.7912710996516,2164.1277449437284,1885.996172187986,car,0 days 00:00:03.240000,0 days 02:08:05.356000,11906.0,333.0,8,100.0,False,0,296.55500000000006,0.051819515918610407
2024-09-01 14:15:49.330,OnTrack,-1122.0,2221.0,1886.0,pos,0 days 00:00:03.295000,0 days 02:08:05.411000,11907.5468696,333.1718744,8,100.0,False,0,301.65255251158436,0.05271025356768055
2024-09-01 14:15:49.595,OnTrack,-1090.7820128983112,2587.9929260652084,1887.7438906413438,car,0 days 00:00:03.560000,0 days 02:08:05.676000,11915.0,334.0,8,100.0,False,0,326.24388888888893,0.05700730182808296
2024-09-01 14:15:49.630,OnTrack,-1087.0,2632.0,1888.0,pos,0 days 00:00:03.595000,0 days 02:08:05.711000,11922.375013485715,334.0,8,100.0,False,0,329.49065370595355,0.057574635985732855
2024-09-01 14:15:49.875,OnTrack,-1067.0611252081,2860.135845798736,1889.3529981898084,car,0 days 00:00:03.840000,0 days 02:08:05.956000,11974.0,334.0,8,100.0,False,0,352.22166666666675,0.06154661449887145
2024-09-01 14:15:50.030,OnTrack,-1058.0,2965.0,1890.0,pos,0 days 00:00:03.995000,0 days 02:08:06.111000,11975.2916672,334.6458336,8,100.0,False,0,366.6414381070785,0.06406630081574063
2024-09-01 14:15:50.115,OnTrack,-1053.6381388998198,3017.343837265935,1890.33106096906,car,0 days 00:00:04.080000,0 days 02:08:06.196000,11976.0,335.0,8,100.0,False,0,374.55500000000006,0.06544910315083247
2024-09-01 14:15:50.290,OnTrack,-1044.0,3132.0,1891.0,pos,0 days 00:00:04.255000,0 days 02:08:06.371000,11963.847235555555,335.0,8,100.0,False,0,390.8476645391528,0.06829605561982878
2024-09-01 14:15:50.475,OnTrack,-1028.6416370835307,3302.3013337110165,1891.7738734585637,car,0 days 00:00:04.440000,0 days 02:08:06.556000,11951.0,335.0,8,100.0,False,0,408.05500000000006,0.07130283612877399
2024-09-01 14:15:50.530,OnTrack,-1024.0,3355.0,1892.0,pos,0 days 00:00:04.495000,0 days 02:08:06.611000,11944.321451885715,334.8035721142857,8,100.0,False,0,413.16399047139095,0.07219557242747159
2024-09-01 14:15:50.750,OnTrack,-1007.0,3558.0,1893.0,pos,0 days 00:00:04.715000,0 days 02:08:06.831000,11917.607135085715,334.0178569142857,8,100.0,False,0,433.5695814863699,0.07576121066803188
2024-09-01 14:15:50.755,OnTrack,-1006.6162666474012,3562.5949420183165,1893.0326477135666,car,0 days 00:00:04.720000,0 days 02:08:06.836000,11917.0,334.0,8,100.0,False,0,434.03277777777777,0.07584214879956246
2024-09-01 14:15:51.030,OnTrack,-985.0,3817.0,1895.0,pos,0 days 00:00:04.995000,0 days 02:08:07.111000,11894.41070902857,333.0178569142857,8,100.0,False,0,459.47094947097395,0.08028717162162219
2024-09-01 14:15:51.035,OnTrack,-984.6016202803985,3821.6251625675027,1895.0115411287225,car,0 days 00:00:05,0 days 02:08:07.116000,11894.0,333.0,8,100.0,False,0,459.9327777777778,0.08036787071385158
2024-09-01 14:15:51.229,OnTrack,-969.0,4001.0,1895.0,pos,0 days 00:00:05.194000,0 days 02:08:07.310000,11866.803750839377,332.3956389075417,8,100.0,False,0,477.8335744970252,0.08349582546271385
2024-09-01 14:15:51.356,OnTrack,-958.6025402740812,4118.46091303398,1895.7934974601988,car,0 days 00:00:05.321000,0 days 02:08:07.437000,11849.0,332.0,8,100.0,False,0,489.5361111111111,0.08554070679117483
2024-09-01 14:15:51.389,OnTrack,-956.0,4148.0,1896.0,pos,0 days 00:00:05.354000,0 days 02:08:07.470000,11839.558351644444,331.9083335111111,8,100.0,False,0,492.57516464358287,0.08607174583251094
2024-09-01 14:15:51.629,OnTrack,-937.0,4368.0,1897.0,pos,0 days 00:00:05.594000,0 days 02:08:07.710000,11770.891684977778,331.24166684444447,8,100.0,False,0,514.6518297637067,0.08992938471778378
2024-09-01 14:15:51.716,OnTrack,-927.6207120955896,4477.844625843973,1897.6163771575293,car,0 days 00:00:05.681000,0 days 02:08:07.797000,11746.0,331.0,8,100.0,False,0,522.6361111111112,0.09132454444997676
2024-09-01 14:15:51.889,OnTrack,-909.0,4697.0,1899.0,pos,0 days 00:00:05.854000,0 days 02:08:07.970000,11734.29323929131,330.132832540097,8,100.0,False,0,538.4781678265663,0.09409275847486272
2024-09-01 14:15:52.115,OnTrack,-899.209430802814,4814.647675180967,1899.7098080927128,car,0 days 00:00:06.080000,0 days 02:08:08.196000,11719.0,329.0,8,100.0,False,0,559.1002777777778,0.09769623086579236
2024-09-01 14:15:52.209,OnTrack,-892.0,4897.0,1900.0,pos,0 days 00:00:06.174000,0 days 02:08:08.290000,11697.178601142858,328.3285723428571,8,100.0,False,0,567.6516012315913,0.09919047457046795
2024-09-01 14:15:52.395,OnTrack,-866.8568127043651,5179.6039684598245,1900.8684720678027,car,0 days 00:00:06.360000,0 days 02:08:08.476000,11654.0,327.0,8,100.0,False,0,584.5336111111112,0.10214040824108529
2024-09-01 14:15:52.429,OnTrack,-863.0,5223.0,1901.0,pos,0 days 00:00:06.394000,0 days 02:08:08.510000,11649.58001664,326.83000064,8,100.0,False,0,587.6153756101799,0.10267891052402402
2024-09-01 14:15:52.595,OnTrack,-852.5412318595643,5341.917830055576,1901.3676406617083,car,0 days 00:00:06.560000,0 days 02:08:08.676000,11628.0,326.0,8,100.0,False,0,602.6447222222223,0.10530511296879497
2024-09-01 14:15:52.789,OnTrack,-846.0,5421.0,1902.0,pos,0 days 00:00:06.754000,0 days 02:08:08.870000,11581.578602057143,325.3071433142857,8,100.0,False,0,620.1752822106739,0.10836837318151679
2024-09-01 14:15:52.875,OnTrack,-840.3384426622374,5489.089904084398,1902.658976054397,car,0 days 00:00:06.840000,0 days 02:08:08.956000,11561.0,325.0,8,100.0,False,0,627.9225,0.10972210883108914
2024-09-01 14:15:53.029,OnTrack,-828.0,5636.0,1904.0,pos,0 days 00:00:06.994000,0 days 02:08:09.110000,11533.28002304,323.46000128,8,100.0,False,0,641.7476220250546,0.1121378871213019
2024-09-01 14:15:53.075,OnTrack,-824.5309131850078,5676.483386917329,1904.285682989983,car,0 days 00:00:07.040000,0 days 02:08:09.156000,11525.0,323.0,8,100.0,False,0,645.8669444444445,0.11285769050915731
2024-09-01 14:15:53.249,OnTrack,-811.0,5832.0,1905.0,pos,0 days 00:00:07.214000,0 days 02:08:09.330000,11493.68002304,322.13000064,8,100.0,False,0,661.4095857636589,0.1155735851973544
2024-09-01 14:15:53.475,OnTrack,-786.9611051133716,6110.809749110013,1905.798533394756,car,0 days 00:00:07.440000,0 days 02:08:09.556000,11453.0,321.0,8,100.0,False,0,681.5336111111112,0.11909002313243836
2024-09-01 14:15:53.529,OnTrack,-782.0,6169.0,1906.0,pos,0 days 00:00:07.494000,0 days 02:08:09.610000,11445.478589257144,320.8071433142857,8,100.0,False,0,686.3373007839848,0.11992941168927111
2024-09-01 14:15:53.755,OnTrack,-768.4920523918437,6331.486100228088,1906.944455420892,car,0 days 00:00:07.720000,0 days 02:08:09.836000,11414.0,320.0,8,100.0,False,0,706.4225,0.12343906521223569
2024-09-01 14:15:53.910,OnTrack,-760.0,6434.0,1908.0,pos,0 days 00:00:07.875000,0 days 02:08:09.991000,11384.937488,319.3541664,8,100.0,False,0,720.1773218880683,0.12584255937617292
2024-09-01 14:15:53.995,OnTrack,-754.0464765129874,6504.521125513408,1908.80136445338,car,0 days 00:00:07.960000,0 days 02:08:10.076000,11369.0,319.0,8,100.0,False,0,727.6891666666667,0.1271551663464911
2024-09-01 14:15:54.150,OnTrack,-742.0,6646.0,1910.0,pos,0 days 00:00:08.115000,0 days 02:08:10.231000,11395.1562608,318.0312496,8,56.406231999999996,False,0,741.3018422693278,0.12953382211047074
2024-09-01 14:15:54.270,OnTrack,-733.0,6752.0,1910.0,pos,0 days 00:00:08.235000,0 days 02:08:10.351000,11415.4062608,317.2812496,8,22.656232000000003,False,0,751.8658751276923,0.13137976323056225
2024-09-01 14:15:54.315,OnTrack,-729.437759616509,6794.73018886546,1910.0736556150514,car,0 days 00:00:08.280000,0 days 02:08:10.396000,11423.0,317.0,8,10.0,False,0,755.8669444444445,0.1320789032725474
2024-09-01 14:15:54.475,OnTrack,-715.6963623429971,6963.3985643844435,1910.9754957665325,car,0 days 00:00:08.440000,0 days 02:08:10.556000,11036.0,317.0,8,0.0,True,0,769.9558333333333,0.13454077173557552
2024-09-01 14:15:54.630,OnTrack,-704.0,7107.0,1912.0,pos,0 days 00:00:08.595000,0 days 02:08:10.711000,11031.263886933333,289.0138773333333,8,0.0,True,0,781.7855054837906,0.13660786851125817
2024-09-01 14:15:54.835,OnTrack,-693.469496827456,7232.090628149638,1912.862652363715,car,0 days 00:00:08.800000,0 days 02:08:10.916000,11025.0,252.0,8,0.0,True,0,795.1558333333332,0.13894417684137034
2024-09-01 14:15:54.910,OnTrack,-690.0,7273.0,1913.0,pos,0 days 00:00:08.875000,0 days 02:08:10.991000,11111.62507392,243.74999296,8,0.0,True,0,799.7319788885177,0.13974380472639253
2024-09-01 14:15:55.230,OnTrack,-673.0,7476.0,1913.0,pos,0 days 00:00:09.195000,0 days 02:08:11.311000,11481.22507392,208.54999296,8,0.0,True,0,817.9843528715401,0.14293319348788924
2024-09-01 14:15:55.235,OnTrack,-672.6708350976559,7479.93013805366,1913.0140709534169,car,0 days 00:00:09.200000,0 days 02:08:11.316000,11487.0,208.0,6,0.0,True,0,818.2669444444443,0.142982573058325
2024-09-01 14:15:55.395,OnTrack,-661.30112774446,7615.11148086012,1913.7938672809596,car,0 days 00:00:09.360000,0 days 02:08:11.476000,11806.0,200.0,6,0.0,True,0,827.1558333333332,0.14453580237253835
2024-09-01 14:15:55.430,OnTrack,-659.0,7642.0,1914.0,pos,0 days 00:00:09.395000,0 days 02:08:11.511000,11633.4788512,195.7708256,6,0.0,True,0,828.9584275492738,0.14485078461754425
2024-09-01 14:15:55.635,OnTrack,-648.3783227385945,7760.879166613849,1915.2728334501403,car,0 days 00:00:09.600000,0 days 02:08:11.716000,10623.0,171.0,4,0.0,True,0,838.5558333333332,0.14652781896801695
2024-09-01 14:15:55.810,OnTrack,-642.0,7826.0,1916.0,pos,0 days 00:00:09.775000,0 days 02:08:11.891000,10594.805586488888,163.70834133333332,4,0.0,True,0,846.4010737130398,0.14789868291818312
2024-09-01 14:15:55.995,OnTrack,-636.8960152746843,7872.566177750935,1916.029162063882,car,0 days 00:00:09.960000,0 days 02:08:12.076000,10565.0,156.0,4,0.0,True,0,854.1558333333332,0.14925373641446138
2024-09-01 14:15:56.130,OnTrack,-633.0,7905.0,1916.0,pos,0 days 00:00:10.095000,0 days 02:08:12.211000,10344.7815632,138.2812752,4,0.0,True,0,859.2516321526252,0.1501441676263254
2024-09-01 14:15:56.155,OnTrack,-632.1740738603189,7911.7886277595635,1916.0207218986168,car,0 days 00:00:10.120000,0 days 02:08:12.236000,10304.0,135.0,3,0.0,True,0,860.1558333333332,0.15030216620155537
2024-09-01 14:15:56.395,OnTrack,-621.0322953579293,7990.2498451381825,1916.6408522742001,car,0 days 00:00:10.360000,0 days 02:08:12.476000,11144.0,122.0,3,0.0,True,0,868.2891666666666,0.15172337102406058
2024-09-01 14:15:56.470,OnTrack,-614.0,8021.0,1917.0,pos,0 days 00:00:10.435000,0 days 02:08:12.551000,10645.562074666666,117.312496,3,0.0,True,0,870.6146901554725,0.1521297290401024
2024-09-01 14:15:56.635,OnTrack,-592.7467049602712,8094.501530661863,1917.9414539059585,car,0 days 00:00:10.600000,0 days 02:08:12.716000,9549.0,107.0,2,0.0,True,0,875.4224999999999,0.1529698375487168
2024-09-01 14:15:56.650,OnTrack,-591.0,8100.0,1918.0,pos,0 days 00:00:10.615000,0 days 02:08:12.731000,9505.9224264,106.531256,2,0.0,True,0,875.8450518039008,0.15304367353168344
2024-09-01 14:15:56.955,OnTrack,-570.2163037973011,8148.198503620467,1917.775264714197,car,0 days 00:00:10.920000,0 days 02:08:13.036000,8630.0,97.0,2,0.0,True,0,884.0447222222222,0.15447646998350373
2024-09-01 14:15:57.110,OnTrack,-558.0,8168.0,1918.0,pos,0 days 00:00:11.075000,0 days 02:08:13.191000,8314.6717448,95.0624992,2,0.0,True,0,888.095747320521,0.15518433921372404
2024-09-01 14:15:57.275,OnTrack,-535.9638300754825,8205.132305282563,1918.944670278091,car,0 days 00:00:11.240000,0 days 02:08:13.356000,7979.0,93.0,2,0.0,True,0,892.3113888888888,0.15592097324572213
2024-09-01 14:15:57.290,OnTrack,-533.0,8209.0,1919.0,pos,0 days 00:00:11.255000,0 days 02:08:13.371000,7958.7502592,92.6250048,2,0.0,True,0,892.6873438051496,0.1559866669678575
2024-09-01 14:15:57.435,OnTrack,-494.6535816623605,8249.038142559444,1919.041280405772,car,0 days 00:00:11.400000,0 days 02:08:13.516000,7763.0,89.0,2,0.0,False,0,896.2669444444443,0.15661216029054706
2024-09-01 14:15:57.530,OnTrack,-469.0,8271.0,1919.0,pos,0 days 00:00:11.495000,0 days 02:08:13.611000,7755.8750144,87.8125024,2,0.0,False,0,898.575223453174,0.15701550503549305
2024-09-01 14:15:57.595,OnTrack,-454.24249710470406,8281.758936351329,1919.0812365916404,car,0 days 00:00:11.560000,0 days 02:08:13.676000,7751.0,87.0,2,0.0,False,0,900.133611111111,0.15728781504222986
2024-09-01 14:15:57.796,OnTrack,-420.68751765345723,8296.081940754564,1919.7652930975225,car,0 days 00:00:11.761000,0 days 02:08:13.877000,7366.0,84.0,2,0.0,False,0,904.8236111111111,0.1581073376591417
2024-09-01 14:15:57.889,OnTrack,-406.0,8300.0,1920.0,pos,0 days 00:00:11.854000,0 days 02:08:13.970000,7357.281256,82.8375008,2,2.9062479999999997,False,0,906.9282593264031,0.15847510030585277
2024-09-01 14:15:58.116,OnTrack,-367.435863768686,8308.816260886984,1920.0818102641651,car,0 days 00:00:12.081000,0 days 02:08:14.197000,7336.0,80.0,2,10.0,False,0,911.9347222222221,0.15934992111051235
2024-09-01 14:15:58.289,OnTrack,-335.0,8315.0,1920.0,pos,0 days 00:00:12.254000,0 days 02:08:14.370000,7267.8812752,78.9187504,2,7.296876,False,0,915.694494605226,0.16000689733701814
2024-09-01 14:15:58.436,OnTrack,-305.08872148694934,8320.044001394815,1920.0077882220537,car,0 days 00:00:12.401000,0 days 02:08:14.517000,7210.0,78.0,2,5.0,False,0,918.8680555555555,0.16056143997559877
2024-09-01 14:15:58.549,OnTrack,-279.0,8327.0,1920.0,pos,0 days 00:00:12.514000,0 days 02:08:14.630000,7068.75008,77.52916693333333,2,2.6458346666666666,False,0,921.3013158451594,0.1609866237368277
2024-09-01 14:15:58.676,OnTrack,-245.86699266997843,8340.304812251889,1919.9467212947975,car,0 days 00:00:12.641000,0 days 02:08:14.757000,6910.0,77.0,2,0.0,False,0,924.0013888888889,0.16145842990455697
2024-09-01 14:15:58.729,OnTrack,-234.0,8346.0,1920.0,pos,0 days 00:00:12.694000,0 days 02:08:14.810000,6854.009483233207,76.50156809999888,2,0.0,False,0,925.1075455736534,0.16165171784080704
2024-09-01 14:15:58.995,OnTrack,-201.41861783592307,8371.313726644621,1920.974848852982,car,0 days 00:00:12.960000,0 days 02:08:15.076000,6573.0,74.0,2,0.0,False,0,930.5586111111111,0.16260422775428574
2024-09-01 14:15:59.009,OnTrack,-200.0,8373.0,1921.0,pos,0 days 00:00:12.974000,0 days 02:08:15.090000,6568.333376,74.0,2,0.0,False,0,930.847897851057,0.16265477722681418
2024-09-01 14:15:59.235,OnTrack,-175.37342781615214,8408.112640123083,1920.7690845569723,car,0 days 00:00:13.200000,0 days 02:08:15.316000,6493.0,74.0,2,0.0,False,0,935.4919444444445,0.16346627002367414
2024-09-01 14:15:59.349,OnTrack,-165.0,8429.0,1921.0,pos,0 days 00:00:13.314000,0 days 02:08:15.430000,6393.725111466667,71.1500032,2,6.649992533333333,False,0,937.6797038291234,0.16384855537465612
2024-09-01 14:15:59.475,OnTrack,-156.76011705443506,8452.937568061754,1921.8364247172992,car,0 days 00:00:13.440000,0 days 02:08:15.556000,6284.0,68.0,2,14.0,False,0,940.0252777777778,0.16425841697392293
2024-09-01 14:15:59.509,OnTrack,-155.0,8459.0,1922.0,pos,0 days 00:00:13.474000,0 days 02:08:15.590000,6385.1496192,68.0,2,16.20999168,False,0,940.6599057637866,0.16436931078796546
2024-09-01 14:15:59.675,OnTrack,-148.7723958331194,8485.374464969336,1921.9564039151117,car,0 days 00:00:13.640000,0 days 02:08:15.756000,6879.0,68.0,2,27.0,False,0,943.8030555555555,0.1649185394324636
2024-09-01 14:15:59.769,OnTrack,-146.0,8508.0,1922.0,pos,0 days 00:00:13.734000,0 days 02:08:15.850000,6924.3213668571425,69.67856914285714,2,31.36427977142857,False,0,945.6654410765489,0.1652439695083406
2024-09-01 14:15:59.955,OnTrack,-141.2052144089236,8573.334754616457,1922.9476560300864,car,0 days 00:00:13.920000,0 days 02:08:16.036000,7014.0,73.0,2,40.0,False,0,949.4808333333333,0.16591066465691737
2024-09-01 14:15:59.969,OnTrack,-141.0,8577.0,1923.0,pos,0 days 00:00:13.934000,0 days 02:08:16.050000,7060.4912416,73.1749984,2,40.4666624,False,0,949.7698713322229,0.16596117066485702
2024-09-01 14:16:00.195,OnTrack,-141.3496135519552,8600.55477188918,1923.0462044213832,car,0 days 00:00:14.160000,0 days 02:08:16.276000,7811.0,76.0,2,48.0,False,0,954.5474999999999,0.16679600536601896
2024-09-01 14:16:00.249,OnTrack,-142.0,8607.0,1923.0,pos,0 days 00:00:14.214000,0 days 02:08:16.330000,7938.949696711111,77.64999608888888,2,49.79999573333333,False,0,955.770265605651,0.16700966934661876
2024-09-01 14:16:00.450,OnTrack,-146.0,8651.0,1923.0,pos,0 days 00:00:14.415000,0 days 02:08:16.531000,8415.2078784,83.7916608,2,56.499993599999996,False,0,960.6233570373702,0.16785769028270292
2024-09-01 14:16:00.555,OnTrack,-150.13253356584988,8680.17329917258,1923.2144083350977,car,0 days 00:00:14.520000,0 days 02:08:16.636000,8664.0,87.0,2,60.0,False,0,963.2475,0.16831622855730527
2024-09-01 14:16:00.795,OnTrack,-163.22419232387526,8749.679097561477,1923.9533403658234,car,0 days 00:00:14.760000,0 days 02:08:16.876000,9197.0,93.0,2,62.0,False,0,969.4475,0.16939960600396908
2024-09-01 14:16:00.830,OnTrack,-165.0,8758.0,1924.0,pos,0 days 00:00:14.795000,0 days 02:08:16.911000,9082.249790171429,94.37500251428571,2,63.50000274285714,False,0,970.4069113375488,0.1695672519080294
2024-09-01 14:16:01.070,OnTrack,-177.0,8807.0,1924.0,pos,0 days 00:00:15.035000,0 days 02:08:17.151000,8295.392647314286,103.80357394285714,2,73.78571702857143,False,0,977.385635519518,0.17078670229274437
2024-09-01 14:16:01.075,OnTrack,-177.31223089704915,8808.194236953384,1924.0037261112655,car,0 days 00:00:15.040000,0 days 02:08:17.156000,8279.0,104.0,3,74.0,False,0,977.5363888888888,0.17081304467990321
2024-09-01 14:16:01.275,OnTrack,-192.88202206361362,8866.6923204183,1924.4235945321466,car,0 days 00:00:15.240000,0 days 02:08:17.356000,8979.0,112.0,3,78.0,False,0,983.758611111111,0.17190030519985255
2024-09-01 14:16:01.450,OnTrack,-211.0,8934.0,1925.0,pos,0 days 00:00:15.415000,0 days 02:08:17.531000,9628.443731911111,118.80554808888888,3,82.3749952,False,0,989.6596045368037,0.17293143474667624
2024-09-01 14:16:01.635,OnTrack,-234.29097078824142,9020.437951351054,1925.6269979485628,car,0 days 00:00:15.600000,0 days 02:08:17.716000,10315.0,126.0,3,87.0,False,0,996.358611111111,0.17410200775274995
2024-09-01 14:16:01.790,OnTrack,-251.0,9083.0,1926.0,pos,0 days 00:00:15.755000,0 days 02:08:17.871000,10590.1251136,136.85000448,3,90.8750016,False,0,1002.3204994183184,0.17514377796751723
2024-09-01 14:16:01.835,OnTrack,-254.4839696727206,9096.272711673657,1926.057987309755,car,0 days 00:00:15.800000,0 days 02:08:17.916000,10670.0,140.0,3,92.0,False,0,1004.1363888888887,0.17546108340268662
2024-09-01 14:16:02.150,OnTrack,-275.0,9179.0,1926.0,pos,0 days 00:00:16.115000,0 days 02:08:18.231000,10173.08739904,155.7500032,3,98.30000128,False,0,1017.9840838007634,0.17788080604071987
2024-09-01 14:16:02.235,OnTrack,-287.3571574288449,9229.018509283946,1925.9468413209736,car,0 days 00:00:16.200000,0 days 02:08:18.316000,10039.0,160.0,4,100.0,False,0,1021.9141666666666,0.1785675420311133
2024-09-01 14:16:02.430,OnTrack,-321.0,9366.0,1926.0,pos,0 days 00:00:16.395000,0 days 02:08:18.511000,10475.80014336,169.7500032,4,100.0,False,0,1031.1184934241387,0.18017589042156001
2024-09-01 14:16:02.435,OnTrack,-321.7033110549276,9368.919638483658,1926.0101452005372,car,0 days 00:00:16.400000,0 days 02:08:18.516000,10487.0,170.0,4,100.0,False,0,1031.358611111111,0.18021784817746497
2024-09-01 14:16:02.755,OnTrack,-349.0640865290096,9490.954294901218,1927.4884722717784,car,0 days 00:00:16.720000,0 days 02:08:18.836000,11234.0,179.0,4,100.0,False,0,1047.269722222222,0.18299812864990686
2024-09-01 14:16:02.870,OnTrack,-357.0,9532.0,1928.0,pos,0 days 00:00:16.835000,0 days 02:08:18.951000,11040.2967672,184.7500032,4,100.0,False,0,1053.343856259653,0.1840595124925142
2024-09-01 14:16:03.075,OnTrack,-373.6993195487939,9623.235698272143,1928.5749139538027,car,0 days 00:00:17.040000,0 days 02:08:19.156000,10695.0,195.0,4,100.0,False,0,1064.6030555555553,0.18602692581262284
2024-09-01 14:16:03.210,OnTrack,-385.0,9691.0,1929.0,pos,0 days 00:00:17.175000,0 days 02:08:19.291000,10766.357041371428,200.30356388571428,4,100.0,False,0,1072.2407742916994,0.1873615277840261
2024-09-01 14:16:03.355,OnTrack,-396.43805748272064,9767.943934804964,1929.6678813128763,car,0 days 00:00:17.320000,0 days 02:08:19.436000,10843.0,206.0,5,100.0,False,0,1080.6252777777777,0.18882662165149242
2024-09-01 14:16:03.430,OnTrack,-402.0,9814.0,1930.0,pos,0 days 00:00:17.395000,0 days 02:08:19.511000,10961.359476,208.1093768,5,100.0,False,0,1085.03004957226,0.18959630397727353
2024-09-01 14:16:03.675,OnTrack,-417.3534192129686,9992.330564922251,1930.9186590743634,car,0 days 00:00:17.640000,0 days 02:08:19.756000,11348.0,215.0,5,100.0,False,0,1099.7363888888888,0.19216606467705108
2024-09-01 14:16:03.690,OnTrack,-418.0,10002.0,1931.0,pos,0 days 00:00:17.655000,0 days 02:08:19.771000,11282.37584,215.6562416,5,100.0,False,0,1100.6520916162049,0.192326073012958
2024-09-01 14:16:03.835,OnTrack,-422.0773011428557,10080.695756732719,1932.028647554523,car,0 days 00:00:17.800000,0 days 02:08:19.916000,10648.0,222.0,5,100.0,False,0,1109.6030555555553,0.1938901492158279
2024-09-01 14:16:03.990,OnTrack,-424.0,10162.0,1933.0,pos,0 days 00:00:17.955000,0 days 02:08:20.071000,10557.9062128,225.8750016,5,100.0,False,0,1119.4082633522266,0.195603494536274
2024-09-01 14:16:04.155,OnTrack,-425.60378956764373,10277.77509514201,1933.1455190154031,car,0 days 00:00:18.120000,0 days 02:08:20.236000,10462.0,230.0,6,100.0,False,0,1130.0474999999997,0.19746257663851854
2024-09-01 14:16:04.330,OnTrack,-426.0,10417.0,1933.0,pos,0 days 00:00:18.295000,0 days 02:08:20.411000,10636.273713997998,234.35684284994997,6,100.0,False,0,1141.4761559378564,0.19945960052380152
2024-09-01 14:16:04.396,OnTrack,-425.5721304725896,10469.225596077846,1933.0634906895643,car,0 days 00:00:18.361000,0 days 02:08:20.477000,10702.0,236.0,6,100.0,False,0,1145.8463888888887,0.20022324759086849
2024-09-01 14:16:04.636,OnTrack,-421.63849822688684,10650.719676107312,1933.7478082242737,car,0 days 00:00:18.601000,0 days 02:08:20.717000,10984.0,243.0,6,100.0,False,0,1162.0463888888885,0.20305400801602227
2024-09-01 14:16:04.709,OnTrack,-420.0,10696.0,1934.0,pos,0 days 00:00:18.674000,0 days 02:08:20.790000,11041.4874496,244.520832,6,100.0,False,0,1167.0458209884478,0.20392760027131093
2024-09-01 14:16:04.876,OnTrack,-415.64095472472593,10778.587773155437,1934.5970475937097,car,0 days 00:00:18.841000,0 days 02:08:20.957000,11173.0,248.0,6,100.0,False,0,1178.5797222222218,0.20594301454045907
2024-09-01 14:16:04.989,OnTrack,-412.0,10834.0,1935.0,pos,0 days 00:00:18.954000,0 days 02:08:21.070000,11271.874944,249.88333226666666,6,100.0,False,0,1186.4394215626653,0.2073164050248131
2024-09-01 14:16:05.116,OnTrack,-407.09164590945943,10907.383360483738,1935.4397362100613,car,0 days 00:00:19.081000,0 days 02:08:21.197000,11383.0,252.0,6,100.0,False,0,1195.379722222222,0.20887861794432233
2024-09-01 14:16:05.349,OnTrack,-392.0,11087.0,1936.0,pos,0 days 00:00:19.314000,0 days 02:08:21.430000,11597.23049671111,257.8249984,6,100.0,False,0,1212.2268098643294,0.21182244936261713
2024-09-01 14:16:05.476,OnTrack,-377.5156469752445,11219.207140562987,1936.010252476809,car,0 days 00:00:19.441000,0 days 02:08:21.557000,11714.0,261.0,6,100.0,False,0,1221.4797222222219,0.21343928751818123
2024-09-01 14:16:05.529,OnTrack,-371.0,11273.0,1936.0,pos,0 days 00:00:19.494000,0 days 02:08:21.610000,11480.667042347857,261.3333327966459,6,100.0,False,0,1225.3318476951436,0.21411240136642035
2024-09-01 14:16:05.635,OnTrack,-358.0238566527593,11369.322810774847,1936.0037666837939,car,0 days 00:00:19.600000,0 days 02:08:21.716000,11014.0,262.0,6,100.0,False,0,1233.0513888888884,0.21546130085479054
2024-09-01 14:16:05.795,OnTrack,-338.6049622154871,11488.55737458883,1936.044591785681,car,0 days 00:00:19.760000,0 days 02:08:21.876000,10615.0,266.0,7,100.0,False,0,1244.8736111111107,0.2175270958426943
2024-09-01 14:16:05.909,OnTrack,-325.0,11563.0,1936.0,pos,0 days 00:00:19.874000,0 days 02:08:21.990000,10676.749930666667,268.2166641777778,7,100.0,False,0,1253.436977103071,0.21902344383998748
2024-09-01 14:16:06.155,OnTrack,-296.2761900248564,11699.879743826596,1935.643259545214,car,0 days 00:00:20.120000,0 days 02:08:22.236000,10810.0,273.0,7,100.0,False,0,1272.1736111111106,0.22229745137397203
2024-09-01 14:16:06.315,OnTrack,-273.6399454755573,11791.377621079779,1935.8503391767335,car,0 days 00:00:20.280000,0 days 02:08:22.396000,10868.0,275.0,7,100.0,False,0,1284.3958333333328,0.22443314168101536
2024-09-01 14:16:06.349,OnTrack,-268.0,11813.0,1936.0,pos,0 days 00:00:20.314000,0 days 02:08:22.430000,10891.7999104,275.6374976,7,100.0,False,0,1287.0093634615077,0.22488982548698971
2024-09-01 14:16:06.475,OnTrack,-244.03553168246492,11900.71910298823,1936.8120618952414,car,0 days 00:00:20.440000,0 days 02:08:22.556000,10980.0,278.0,7,100.0,False,0,1296.7513888888884,0.2265921304277719
2024-09-01 14:16:06.529,OnTrack,-230.0,11946.0,1937.0,pos,0 days 00:00:20.494000,0 days 02:08:22.610000,11009.6999296,278.80999808,7,100.0,False,0,1300.948422014812,0.22732551285221164
2024-09-01 14:16:06.675,OnTrack,-176.7415062403668,12098.391751768924,1936.514008753705,car,0 days 00:00:20.640000,0 days 02:08:22.756000,11090.0,281.0,7,100.0,False,0,1312.3624999999997,0.22931998941085913
2024-09-01 14:16:06.789,OnTrack,-135.0,12210.0,1936.0,pos,0 days 00:00:20.754000,0 days 02:08:22.870000,11138.4499456,283.1374976,7,100.0,False,0,1321.3468334562149,0.23088989654630598
2024-09-01 14:16:06.835,OnTrack,-121.23296406349199,12245.549046579046,1935.9362512356688,car,0 days 00:00:20.800000,0 days 02:08:22.916000,11158.0,284.0,7,100.0,False,0,1324.984722222222,0.23152557503704208
2024-09-01 14:16:07.075,OnTrack,-70.7249813110907,12360.916867764035,1936.701337239237,car,0 days 00:00:21.040000,0 days 02:08:23.156000,11287.0,286.0,7,100.0,False,0,1344.0513888888886,0.23485725191602966
2024-09-01 14:16:07.170,OnTrack,-45.0,12413.0,1937.0,pos,0 days 00:00:21.135000,0 days 02:08:23.251000,11323.8124256,286.79166506666667,7,100.0,False,0,1351.635547935546,0.23618249495845867
2024-09-01 14:16:07.315,OnTrack,7.166320189626246,12516.207904558427,1937.1906499637964,car,0 days 00:00:21.280000,0 days 02:08:23.396000,11380.0,288.0,7,100.0,False,0,1363.2513888888884,0.23821222723473046
2024-09-01 14:16:07.390,OnTrack,35.0,12569.0,1937.0,pos,0 days 00:00:21.355000,0 days 02:08:23.471000,11420.12503424,288.75000064,7,100.0,False,0,1369.2789088320906,0.2392654658098565
2024-09-01 14:16:07.515,OnTrack,79.6758374643807,12647.691503571556,1936.1676942460267,car,0 days 00:00:21.480000,0 days 02:08:23.596000,11487.0,290.0,7,100.0,False,0,1379.3624999999997,0.24102745536674217
2024-09-01 14:16:07.570,OnTrack,109.0,12694.0,1936.0,pos,0 days 00:00:21.535000,0 days 02:08:23.651000,11312.964893257144,290.58928365714286,7,100.0,False,0,1383.8189880315567,0.24180617449976088
2024-09-01 14:16:07.770,OnTrack,264.0,12923.0,1937.0,pos,0 days 00:00:21.735000,0 days 02:08:23.851000,10680.1077504,292.7321408,7,100.0,False,0,1400.1098763003242,0.24465281658629356
2024-09-01 14:16:07.795,OnTrack,277.6184398768873,12942.667987604791,1937.0816104223184,car,0 days 00:00:21.760000,0 days 02:08:23.876000,10601.0,293.0,7,100.0,False,0,1402.1513888888885,0.2450095470210566
2024-09-01 14:16:07.995,OnTrack,322.4038588596674,13002.299302893607,1936.9358814249515,car,0 days 00:00:21.960000,0 days 02:08:24.076000,10709.0,295.0,8,100.0,False,0,1418.5402777777776,0.24787331356913747
2024-09-01 14:16:08.070,OnTrack,344.0,13027.0,1937.0,pos,0 days 00:00:22.035000,0 days 02:08:24.151000,10713.375003733334,296.25000106666664,8,100.0,False,0,1424.7433182523923,0.24895722230316011
2024-09-01 14:16:08.235,OnTrack,430.0589891587823,13126.14430127725,1937.7470088759014,car,0 days 00:00:22.200000,0 days 02:08:24.316000,10723.0,299.0,8,100.0,False,0,1438.4736111111108,0.25135643030626087
2024-09-01 14:16:08.310,OnTrack,475.0,13175.0,1938.0,pos,0 days 00:00:22.275000,0 days 02:08:24.391000,10743.312517333334,299.3125002666667,8,100.0,False,0,1444.7201658510926,0.2524479426489459
2024-09-01 14:16:08.470,OnTrack,569.0,13268.0,1938.0,pos,0 days 00:00:22.435000,0 days 02:08:24.551000,10786.645850666666,299.9791669333333,8,100.0,False,0,1458.0564610998294,0.2547783041803219
2024-09-01 14:16:08.475,OnTrack,571.98309261748,13270.839431379985,1937.9965579264697,car,0 days 00:00:22.440000,0 days 02:08:24.556000,10788.0,300.0,8,100.0,False,0,1458.4736111111106,0.2548511962632408
2024-09-01 14:16:08.690,OnTrack,705.0,13392.0,1938.0,pos,0 days 00:00:22.655000,0 days 02:08:24.771000,10858.770770133333,300.8958325333333,8,100.0,False,0,1476.4436611079147,0.25799125221194386
2024-09-01 14:16:08.715,OnTrack,721.0881087696764,13405.613144222614,1938.0590805626719,car,0 days 00:00:22.680000,0 days 02:08:24.796000,10867.0,301.0,8,100.0,False,0,1478.5402777777774,0.25835761144007746
2024-09-01 14:16:08.915,OnTrack,853.8553037967483,13510.36355772235,1938.9313908849385,car,0 days 00:00:22.880000,0 days 02:08:24.996000,10907.0,303.0,8,100.0,False,0,1495.3736111111107,0.26129903945386895
2024-09-01 14:16:08.930,OnTrack,864.0,13518.0,1939.0,pos,0 days 00:00:22.895000,0 days 02:08:25.011000,10911.999936,303.1249984,8,100.0,False,0,1496.6397201852237,0.2615202771983707
2024-09-01 14:16:09.155,OnTrack,1018.7510210937711,13629.106276318062,1939.8781569882178,car,0 days 00:00:23.120000,0 days 02:08:25.236000,10987.0,305.0,8,100.0,False,0,1515.706944444444,0.26485205151013197
2024-09-01 14:16:09.250,OnTrack,1086.0,13673.0,1940.0,pos,0 days 00:00:23.215000,0 days 02:08:25.331000,11007.781208,306.1874976,8,100.0,False,0,1523.8240839451237,0.26627042664988365
2024-09-01 14:16:09.290,OnTrack,1115.0,13691.0,1940.0,pos,0 days 00:00:23.255000,0 days 02:08:25.371000,11016.531208,306.6874976,8,100.0,False,0,1527.2547885288109,0.26686990212925993
2024-09-01 14:16:09.475,OnTrack,1281.3905561740764,13786.581310927355,1940.6320720117574,car,0 days 00:00:23.440000,0 days 02:08:25.556000,11057.0,309.0,8,100.0,False,0,1543.1736111111106,0.2696515300910512
2024-09-01 14:16:09.690,OnTrack,1487.0,13895.0,1942.0,pos,0 days 00:00:23.655000,0 days 02:08:25.771000,11105.3749568,310.19444337777776,8,100.0,False,0,1561.7207391885584,0.27289242368129185
2024-09-01 14:16:09.835,OnTrack,1593.3592975605975,13945.80863299649,1942.7657864482953,car,0 days 00:00:23.800000,0 days 02:08:25.916000,11138.0,311.0,8,100.0,False,0,1574.273611111111,0.27508589115415516
2024-09-01 14:16:10.075,OnTrack,1746.182427023144,14007.885804345207,1943.921339685433,car,0 days 00:00:24.040000,0 days 02:08:26.156000,11206.0,313.0,8,100.0,False,0,1595.1402777777776,0.278732096969271
2024-09-01 14:16:10.090,OnTrack,1757.0,14012.0,1944.0,pos,0 days 00:00:24.055000,0 days 02:08:26.171000,11207.61247936,313.03749952,8,100.0,False,0,1596.4464038269211,0.2789603272118746
2024-09-01 14:16:10.250,OnTrack,1888.0,14059.0,1945.0,pos,0 days 00:00:24.215000,0 days 02:08:26.331000,11224.81247936,313.43749952,8,100.0,False,0,1610.3881650266144,0.28139648683292623
2024-09-01 14:16:10.475,OnTrack,2149.8302509473406,14136.416517939266,1947.610482769744,car,0 days 00:00:24.440000,0 days 02:08:26.556000,11249.0,314.0,8,100.0,False,0,1630.0291666666662,0.2848285220275583
2024-09-01 14:16:10.510,OnTrack,2190.0,14147.0,1948.0,pos,0 days 00:00:24.475000,0 days 02:08:26.591000,11248.249998628571,314.1250002285714,8,100.0,False,0,1633.088846203828,0.2853631652218454
2024-09-01 14:16:10.755,OnTrack,2432.959669223193,14200.571658028997,1950.047517784679,car,0 days 00:00:24.720000,0 days 02:08:26.836000,11243.0,315.0,8,100.0,False,0,1654.5291666666662,0.2891096103248588
2024-09-01 14:16:10.910,OnTrack,2550.0,14222.0,1951.0,pos,0 days 00:00:24.875000,0 days 02:08:26.991000,11260.651256860072,315.0,8,100.0,False,0,1668.0934395907695,0.2914798082871759
2024-09-01 14:16:11.036,OnTrack,2623.3237351911057,14234.819635909953,1951.690745125186,car,0 days 00:00:25.001000,0 days 02:08:27.117000,11275.0,315.0,8,100.0,False,0,1679.116666666666,0.2934059882232211
2024-09-01 14:16:11.269,OnTrack,2757.0,14256.0,1953.0,pos,0 days 00:00:25.234000,0 days 02:08:27.350000,11282.766664533334,315.0,8,100.0,False,0,1699.5032227103925,0.29696830032530513
2024-09-01 14:16:11.276,OnTrack,2762.436210264939,14256.830711131011,1953.0467130281295,car,0 days 00:00:25.241000,0 days 02:08:27.357000,11283.0,315.0,8,100.0,False,0,1700.1166666666663,0.29707549247805015
2024-09-01 14:16:11.409,OnTrack,2878.0,14274.0,1954.0,pos,0 days 00:00:25.374000,0 days 02:08:27.490000,11277.088891733334,315.3694442666667,8,100.0,False,0,1711.7871535705463,0.29911477349470317
2024-09-01 14:16:11.636,OnTrack,3076.0377240692833,14298.766199492744,1955.6446003895335,car,0 days 00:00:25.601000,0 days 02:08:27.717000,11267.0,316.0,8,100.0,False,0,1731.7166666666662,0.30259722269007855
2024-09-01 14:16:11.689,OnTrack,3122.0,14304.0,1956.0,pos,0 days 00:00:25.654000,0 days 02:08:27.770000,11277.5999872,315.6687504,8,100.0,False,0,1736.357197704916,0.30340810118481776
2024-09-01 14:16:11.796,OnTrack,3214.949632925497,14314.229368585542,1956.6717459694783,car,0 days 00:00:25.761000,0 days 02:08:27.877000,11299.0,315.0,8,100.0,False,0,1745.7166666666662,0.3050435588599646
2024-09-01 14:16:11.849,OnTrack,3261.0,14319.0,1957.0,pos,0 days 00:00:25.814000,0 days 02:08:27.930000,11291.617866057142,315.0,8,100.0,False,0,1750.3530680097292,0.3058537157387962
2024-09-01 14:16:12.009,OnTrack,3400.0,14332.0,1958.0,pos,0 days 00:00:25.974000,0 days 02:08:28.090000,11269.332151771428,315.0,8,100.0,False,0,1764.3528683562065,0.3083000170215655
2024-09-01 14:16:12.076,OnTrack,3458.371372967088,14337.001823300343,1958.3928985751038,car,0 days 00:00:26.041000,0 days 02:08:28.157000,11260.0,315.0,8,100.0,False,0,1770.2166666666662,0.3093246471572651
2024-09-01 14:16:12.275,OnTrack,3632.3212747146367,14350.817210343474,1959.5094709717641,car,0 days 00:00:26.240000,0 days 02:08:28.356000,11273.0,315.0,8,100.0,False,0,1787.6291666666662,0.31236727776856077
2024-09-01 14:16:12.349,OnTrack,3697.0,14356.0,1960.0,pos,0 days 00:00:26.314000,0 days 02:08:28.430000,11252.958368,314.6916672,8,100.0,False,0,1794.0915824281637,0.3134965092987174
2024-09-01 14:16:12.489,OnTrack,3818.0,14366.0,1961.0,pos,0 days 00:00:26.454000,0 days 02:08:28.570000,11215.041701333334,314.10833386666667,8,100.0,False,0,1806.2976031158494,0.3156293685771933
2024-09-01 14:16:12.515,OnTrack,3839.5847742893043,14367.843363854909,1961.1502598994546,car,0 days 00:00:26.480000,0 days 02:08:28.596000,11208.0,314.0,8,100.0,False,0,1808.5624999999995,0.3160251328035332
2024-09-01 14:16:12.689,OnTrack,3992.0,14381.0,1962.0,pos,0 days 00:00:26.654000,0 days 02:08:28.770000,11202.78000384,313.56500032,8,100.0,False,0,1823.7052554281781,0.31867115211179686
2024-09-01 14:16:12.915,OnTrack,4276.470688769765,14403.790189638663,1963.8945425282411,car,0 days 00:00:26.880000,0 days 02:08:28.996000,11196.0,313.0,8,100.0,False,0,1843.3402777777771,0.3221021424953929
2024-09-01 14:16:12.929,OnTrack,4292.0,14405.0,1964.0,pos,0 days 00:00:26.894000,0 days 02:08:29.010000,11193.995472872728,312.9681821090909,8,100.0,False,0,1844.5555724224027,0.32231450101297976
2024-09-01 14:16:13.329,OnTrack,4583.0,14426.0,1966.0,pos,0 days 00:00:27.294000,0 days 02:08:29.410000,11136.7227456,312.0590912,8,100.0,False,0,1879.2243798669197,0.32837246941428944
2024-09-01 14:16:13.355,OnTrack,4602.416051352646,14427.30662978749,1966.1497341725585,car,0 days 00:00:27.320000,0 days 02:08:29.436000,11133.0,312.0,8,100.0,False,0,1881.4736111111106,0.32876549625336815
2024-09-01 14:16:13.509,OnTrack,4739.0,14436.0,1967.0,pos,0 days 00:00:27.474000,0 days 02:08:29.590000,11122.850008436364,311.6500002909091,8,100.0,False,0,1894.7845165162792,0.3310914212066963
2024-09-01 14:16:13.790,OnTrack,5084.0,14454.0,1967.0,pos,0 days 00:00:27.755000,0 days 02:08:29.871000,11104.329541236364,311.0113634909091,8,100.0,False,0,1919.052615283053,0.33533198747723386
2024-09-01 14:16:13.795,OnTrack,5087.892637618821,14454.196008163042,1966.9973430564953,car,0 days 00:00:27.760000,0 days 02:08:29.876000,11104.0,311.0,8,100.0,False,0,1919.4847222222215,0.3354074931082729
2024-09-01 14:16:13.995,OnTrack,5168.85959269653,14458.165424965442,1966.995783354034,car,0 days 00:00:27.960000,0 days 02:08:30.076000,11077.0,311.0,8,100.0,False,0,1936.7624999999996,0.33842658258777514
2024-09-01 14:16:14.030,OnTrack,5187.0,14459.0,1967.0,pos,0 days 00:00:27.995000,0 days 02:08:30.111000,11073.0624928,310.7083328,8,100.0,False,0,1939.7773225858655,0.338953387554746
2024-09-01 14:16:14.235,OnTrack,5361.705782396566,14466.735988172919,1967.0022117456865,car,0 days 00:00:28.200000,0 days 02:08:30.316000,11050.0,309.0,8,100.0,False,0,1957.3624999999995,0.34202619152346453
2024-09-01 14:16:14.270,OnTrack,5394.0,14468.0,1967.0,pos,0 days 00:00:28.235000,0 days 02:08:30.351000,11034.7968472,308.453124,8,90.3749824,False,0,1960.3514086041741,0.3425484683253842
2024-09-01 14:16:14.510,OnTrack,5599.0,14475.0,1967.0,pos,0 days 00:00:28.475000,0 days 02:08:30.591000,10930.5468472,304.703124,8,24.374982399999993,False,0,1980.6584322130605,0.3460968830651805
2024-09-01 14:16:14.555,OnTrack,5635.265048273897,14476.5005516502,1967.0184064658174,car,0 days 00:00:28.520000,0 days 02:08:30.636000,10911.0,304.0,8,12.0,True,0,1984.3847222222219,0.3467480086386731
2024-09-01 14:16:14.715,OnTrack,5766.398746345129,14482.451064642686,1967.0244085668094,car,0 days 00:00:28.680000,0 days 02:08:30.796000,10649.0,289.0,8,0.0,True,0,1997.2291666666663,0.3489924249977114
2024-09-01 14:16:14.730,OnTrack,5780.0,14483.0,1967.0,pos,0 days 00:00:28.695000,0 days 02:08:30.811000,10651.7499648,286.500032,8,0.0,True,0,1998.3652326167862,0.34919093922807953
2024-09-01 14:16:14.955,OnTrack,6003.624750182631,14490.557310275777,1966.161471411376,car,0 days 00:00:28.920000,0 days 02:08:31.036000,10693.0,249.0,7,0.0,True,0,2013.8291666666662,0.35189308074200476
2024-09-01 14:16:15.010,OnTrack,6048.0,14492.0,1966.0,pos,0 days 00:00:28.975000,0 days 02:08:31.091000,10744.56232,242.26252352,7,0.0,True,0,2017.2278719025828,0.35248696470981933
2024-09-01 14:16:15.355,OnTrack,6203.727534493668,14497.733034697698,1965.991264029581,car,0 days 00:00:29.320000,0 days 02:08:31.436000,11068.0,200.0,7,0.0,True,0,2036.0513888888886,0.35577615402753815
2024-09-01 14:16:15.370,OnTrack,6211.0,14498.0,1966.0,pos,0 days 00:00:29.335000,0 days 02:08:31.451000,11056.3751488,198.750016,7,0.0,True,0,2036.8253841265619,0.3559114006379124
2024-09-01 14:16:15.510,OnTrack,6288.0,14501.0,1966.0,pos,0 days 00:00:29.475000,0 days 02:08:31.591000,10947.8749504,187.083328,7,0.0,True,0,2043.9288915976404,0.3571526554421663
2024-09-01 14:16:15.595,OnTrack,6335.188356421513,14503.635907325805,1965.7837775543549,car,0 days 00:00:29.560000,0 days 02:08:31.676000,10882.0,180.0,7,0.0,True,0,2048.0513888888886,0.35787301360172613
2024-09-01 14:16:15.755,OnTrack,6418.756481035702,14510.31118092262,1965.105778504725,car,0 days 00:00:29.720000,0 days 02:08:31.836000,11087.0,163.0,5,0.0,True,0,2055.295833333333,0.35913889549281003
2024-09-01 14:16:15.810,OnTrack,6444.0,14513.0,1965.0,pos,0 days 00:00:29.775000,0 days 02:08:31.891000,10911.982753828572,158.6785865142857,5,0.0,True,0,2057.6019680677023,0.35954186555090417
2024-09-01 14:16:16.035,OnTrack,6526.804799147048,14525.97619076872,1965.4556641679117,car,0 days 00:00:30,0 days 02:08:32.116000,10196.0,141.0,3,0.0,True,0,2066.2625,0.3610551921592208
2024-09-01 14:16:16.250,OnTrack,6595.0,14542.0,1965.0,pos,0 days 00:00:30.215000,0 days 02:08:32.331000,9400.5007104,132.55357897142858,3,0.0,True,0,2074.104475410939,0.36242548559430193
2024-09-01 14:16:16.315,OnTrack,6617.125912280216,14547.674418909193,1964.3006300654965,car,0 days 00:00:30.280000,0 days 02:08:32.396000,9160.0,130.0,3,0.0,True,0,2076.3736111111107,0.3628219905041384
2024-09-01 14:16:16.350,OnTrack,6629.0,14551.0,1964.0,pos,0 days 00:00:30.315000,0 days 02:08:32.431000,9076.5831808,128.3958304,3,0.0,True,0,2077.572301599029,0.36303144763964496
2024-09-01 14:16:16.530,OnTrack,6687.0,14571.0,1964.0,pos,0 days 00:00:30.495000,0 days 02:08:32.611000,8647.583790933333,120.14584213333333,3,0.0,True,0,2083.5055573993336,0.36406821465889294
2024-09-01 14:16:16.555,OnTrack,6694.5415591822275,14573.84735290803,1963.9911442814478,car,0 days 00:00:30.520000,0 days 02:08:32.636000,8588.0,119.0,3,0.0,True,0,2084.306944444444,0.36420824766707377
2024-09-01 14:16:16.810,OnTrack,6768.0,14607.0,1963.0,pos,0 days 00:00:30.775000,0 days 02:08:32.891000,8090.7503744,112.6250048,3,0.0,True,0,2092.2490146455866,0.3655960314954187
2024-09-01 14:16:16.835,OnTrack,6775.687066576402,14611.583780242092,1962.8851731973862,car,0 days 00:00:30.800000,0 days 02:08:32.916000,8042.0,112.0,3,0.0,True,0,2093.0180555555553,0.36573041239500287
2024-09-01 14:16:16.995,OnTrack,6826.941403025458,14647.353517271291,1962.2025640243296,car,0 days 00:00:30.960000,0 days 02:08:33.076000,7839.0,110.0,3,0.0,False,0,2097.906944444444,0.36658468851782017
2024-09-01 14:16:17.070,OnTrack,6848.0,14666.0,1962.0,pos,0 days 00:00:31.035000,0 days 02:08:33.151000,7777.87494784,108.49999872,3,0.0,False,0,2100.144217544186,0.3669756258110925
2024-09-01 14:16:17.195,OnTrack,6876.005471072942,14698.400747759666,1961.8882869467311,car,0 days 00:00:31.160000,0 days 02:08:33.276000,7676.0,106.0,3,0.0,False,0,2103.7958333333327,0.3676137029384865
2024-09-01 14:16:17.475,OnTrack,6916.095835300978,14774.027958307044,1962.021043472606,car,0 days 00:00:31.440000,0 days 02:08:33.556000,7585.0,103.0,3,26.0,False,0,2111.8069444444436,0.36901355085792126
2024-09-01 14:16:17.490,OnTrack,6918.0,14778.0,1962.0,pos,0 days 00:00:31.455000,0 days 02:08:33.571000,7585.0,103.18633309270383,3,26.0,False,0,2112.2416407901737,0.3690895089574553
2024-09-01 14:16:17.636,OnTrack,6935.755773848518,14816.08046231286,1961.6109129934648,car,0 days 00:00:31.601000,0 days 02:08:33.717000,7585.0,105.0,3,26.0,False,0,2116.502777777777,0.3698340927815705
2024-09-01 14:16:17.829,OnTrack,6959.0,14862.0,1961.0,pos,0 days 00:00:31.794000,0 days 02:08:33.910000,7955.55987712,105.0,3,48.194992639999995,False,0,2122.1260923554964,0.37081670119915067
2024-09-01 14:16:17.836,OnTrack,6959.889841849682,14863.49629728211,1960.986863805412,car,0 days 00:00:31.801000,0 days 02:08:33.917000,7969.0,105.0,3,49.0,False,0,2122.3361111111103,0.370853399519023
2024-09-01 14:16:18.076,OnTrack,6992.6427385380175,14907.843321493649,1960.9194176737367,car,0 days 00:00:32.041000,0 days 02:08:34.157000,8298.0,112.0,3,39.0,False,0,2129.802777777777,0.37215811214296224
2024-09-01 14:16:18.249,OnTrack,7025.0,14940.0,1961.0,pos,0 days 00:00:32.214000,0 days 02:08:34.330000,8259.0750144,112.0,3,33.23333546666667,False,0,2135.175321836934,0.3730969013469781
2024-09-01 14:16:18.316,OnTrack,7040.507787782172,14953.925701622118,1961.0048710354076,car,0 days 00:00:32.281000,0 days 02:08:34.397000,8244.0,112.0,3,31.0,False,0,2137.2694444444437,0.3734628247669014
2024-09-01 14:16:18.409,OnTrack,7063.0,14973.0,1961.0,pos,0 days 00:00:32.374000,0 days 02:08:34.490000,8379.18204982857,112.99642788571428,3,37.310709942857144,False,0,2140.206284850097,0.37397600326043945
2024-09-01 14:16:18.589,OnTrack,7110.0,15006.0,1961.0,pos,0 days 00:00:32.554000,0 days 02:08:34.670000,8640.82490697143,114.92499931428571,3,49.52499565714286,False,0,2145.9866666699545,0.3749860573405587
2024-09-01 14:16:18.596,OnTrack,7112.686908216358,15007.553423034016,1960.9995719148449,car,0 days 00:00:32.561000,0 days 02:08:34.677000,8651.0,115.0,3,50.0,False,0,2146.213888888888,0.37502576176432856
2024-09-01 14:16:18.809,OnTrack,7214.0,15060.0,1961.0,pos,0 days 00:00:32.774000,0 days 02:08:34.890000,8943.874912,117.6624992,3,60.6499968,False,0,2153.194416005276,0.37624552719073495
2024-09-01 14:16:18.836,OnTrack,7223.1535493848305,15064.518276475905,1961.0130364016532,car,0 days 00:00:32.801000,0 days 02:08:34.917000,8981.0,118.0,3,62.0,False,0,2154.080555555555,0.3764003697074074
2024-09-01 14:16:19.115,OnTrack,7267.843745819582,15081.532737090703,1961.0887816082627,car,0 days 00:00:33.080000,0 days 02:08:35.196000,9551.0,120.0,3,72.0,False,0,2163.3805555555546,0.37802543587740306
2024-09-01 14:16:19.149,OnTrack,7277.0,15084.0,1961.0,pos,0 days 00:00:33.114000,0 days 02:08:35.230000,9661.499584,121.84165973333333,3,73.13332906666666,False,0,2164.586231643428,0.37823611366475535
2024-09-01 14:16:19.355,OnTrack,7369.029667681527,15108.784996470491,1959.8343340028143,car,0 days 00:00:33.320000,0 days 02:08:35.436000,10331.0,133.0,3,80.0,False,0,2172.2472222222214,0.3795747821183309
2024-09-01 14:16:19.529,OnTrack,7447.0,15129.0,1959.0,pos,0 days 00:00:33.494000,0 days 02:08:35.610000,10656.524760533333,138.79999573333333,3,86.5249952,False,0,2178.9789388391355,0.3807510708215723
2024-09-01 14:16:19.595,OnTrack,7466.5603390665665,15133.622979282301,1958.9244333715026,car,0 days 00:00:33.560000,0 days 02:08:35.676000,10780.0,141.0,3,89.0,False,0,2181.6472222222214,0.3812173221181115
2024-09-01 14:16:19.809,OnTrack,7517.0,15143.0,1959.0,pos,0 days 00:00:33.774000,0 days 02:08:35.890000,10016.479028114285,152.46427885714286,3,97.40713782857142,False,0,2190.835783693207,0.38282291570923244
2024-09-01 14:16:19.875,OnTrack,7542.20461434883,15147.39877049562,1958.7982988324356,car,0 days 00:00:33.840000,0 days 02:08:35.956000,9781.0,156.0,3,100.0,False,0,2193.7805555555547,0.3833374801320127
2024-09-01 14:16:20.069,OnTrack,7628.0,15162.0,1958.0,pos,0 days 00:00:34.034000,0 days 02:08:36.150000,10539.53949952,164.72999424,3,100.0,False,0,2202.6660979135286,0.38489012467911027
2024-09-01 14:16:20.075,OnTrack,7630.118567081316,15162.339235589134,1957.9921752155842,car,0 days 00:00:34.040000,0 days 02:08:36.156000,10563.0,165.0,4,100.0,False,0,2202.9472222222216,0.3849392478622953
2024-09-01 14:16:20.290,OnTrack,7722.0,15179.0,1958.0,pos,0 days 00:00:34.255000,0 days 02:08:36.371000,11136.332821333333,173.0624928,4,100.0,False,0,2213.301888348271,0.38674860459595584
2024-09-01 14:16:20.315,OnTrack,7745.988279548447,15184.141113250931,1957.8957432862057,car,0 days 00:00:34.280000,0 days 02:08:36.396000,11203.0,174.0,4,100.0,False,0,2214.5472222222215,0.38696621211734367
2024-09-01 14:16:20.450,OnTrack,7903.0,15219.0,1957.0,pos,0 days 00:00:34.415000,0 days 02:08:36.531000,11401.160432457144,180.26784822857144,4,100.0,False,0,2221.4315419763175,0.3881691664330226
2024-09-01 14:16:20.595,OnTrack,7978.470809304079,15237.282040963892,1956.3967728164876,car,0 days 00:00:34.560000,0 days 02:08:36.676000,11614.0,187.0,4,100.0,False,0,2229.0916666666662,0.38950768358272525
2024-09-01 14:16:20.790,OnTrack,8005.0,15248.0,1956.0,pos,0 days 00:00:34.755000,0 days 02:08:36.871000,10962.5779112,194.3125024,4,100.0,False,0,2239.764975652262,0.3913727194272847
2024-09-01 14:16:20.915,OnTrack,8059.241279318358,15265.084310868715,1955.7059546019,car,0 days 00:00:34.880000,0 days 02:08:36.996000,10545.0,199.0,5,100.0,False,0,2246.780555555555,0.3925986099180098
2024-09-01 14:16:21.115,OnTrack,8179.605071766024,15301.458091844976,1955.0643012975843,car,0 days 00:00:35.080000,0 days 02:08:37.196000,10722.0,206.0,5,100.0,False,0,2258.2249999999995,0.39459839266005947
2024-09-01 14:16:21.130,OnTrack,8188.0,15304.0,1955.0,pos,0 days 00:00:35.095000,0 days 02:08:37.211000,10747.34967552,206.3749952,5,100.0,False,0,2259.093460323867,0.3947501459388015
2024-09-01 14:16:21.315,OnTrack,8289.359848529974,15334.991710145947,1954.0729817726499,car,0 days 00:00:35.280000,0 days 02:08:37.396000,11060.0,211.0,5,100.0,False,0,2269.9472222222216,0.3966467138181783
2024-09-01 14:16:21.330,OnTrack,8299.0,15338.0,1954.0,pos,0 days 00:00:35.295000,0 days 02:08:37.411000,11058.5000192,211.4999936,5,100.0,False,0,2270.8435471915127,0.3968033361176318
2024-09-01 14:16:21.550,OnTrack,8459.0,15389.0,1953.0,pos,0 days 00:00:35.515000,0 days 02:08:37.631000,11036.4999936,218.83333546666665,5,100.0,False,0,2284.240006656288,0.3991442106417098
2024-09-01 14:16:21.555,OnTrack,8462.079912596448,15390.006523709264,1952.974886084011,car,0 days 00:00:35.520000,0 days 02:08:37.636000,11036.0,219.0,5,100.0,False,0,2284.5472222222215,0.3991978929667737
2024-09-01 14:16:21.795,OnTrack,8570.690156053799,15427.656969181047,1951.885217716414,car,0 days 00:00:35.760000,0 days 02:08:37.876000,10117.0,223.0,5,100.0,False,0,2299.4138888888883,0.4017956689947955
2024-09-01 14:16:21.850,OnTrack,8598.0,15438.0,1952.0,pos,0 days 00:00:35.815000,0 days 02:08:37.931000,10151.145714133334,224.3749952,5,100.0,False,0,2302.876455497709,0.4024007119902096
2024-09-01 14:16:22.010,OnTrack,8693.0,15475.0,1953.0,pos,0 days 00:00:35.975000,0 days 02:08:38.091000,10250.479047466666,228.3749952,5,100.0,False,0,2313.0738509041744,0.40418258750602865
2024-09-01 14:16:22.035,OnTrack,8707.882208802837,15480.820442514536,1953.035134638565,car,0 days 00:00:36,0 days 02:08:38.116000,10266.0,229.0,6,100.0,False,0,2314.680555555555,0.40446334034195697
2024-09-01 14:16:22.230,OnTrack,8824.0,15526.0,1952.0,pos,0 days 00:00:36.195000,0 days 02:08:38.311000,10438.0179136,232.482144,6,100.0,False,0,2327.324973431803,0.406672804398944
2024-09-01 14:16:22.315,OnTrack,8882.202954961593,15548.34047387318,1951.422721484079,car,0 days 00:00:36.280000,0 days 02:08:38.396000,10513.0,234.0,6,100.0,False,0,2332.8805555555555,0.4076435773628088
2024-09-01 14:16:22.515,OnTrack,9031.954176348489,15604.953317346684,1950.212833317326,car,0 days 00:00:36.480000,0 days 02:08:38.596000,10600.0,237.0,6,100.0,False,0,2346.047222222222,0.4099442982844873
2024-09-01 14:16:22.570,OnTrack,9070.0,15619.0,1950.0,pos,0 days 00:00:36.535000,0 days 02:08:38.651000,10646.291505066667,237.91666346666668,6,100.0,False,0,2349.7064559262853,0.41058370655336707
2024-09-01 14:16:22.755,OnTrack,9183.545084912908,15659.627705269098,1949.7233298400697,car,0 days 00:00:36.720000,0 days 02:08:38.836000,10802.0,241.0,6,100.0,False,0,2362.1138888888886,0.41275176026992794
2024-09-01 14:16:23.010,OnTrack,9323.0,15707.0,1950.0,pos,0 days 00:00:36.975000,0 days 02:08:39.091000,10903.0892096,242.8214272,6,100.0,False,0,2379.313190267596,0.4157571369170352
2024-09-01 14:16:23.035,OnTrack,9337.156089188167,15711.752300388458,1950.0321345614655,car,0 days 00:00:37,0 days 02:08:39.116000,10913.0,243.0,6,100.0,False,0,2381.0138888888887,0.41605431409927407
2024-09-01 14:16:23.230,OnTrack,9452.0,15750.0,1950.0,pos,0 days 00:00:37.195000,0 days 02:08:39.311000,11017.8125344,246.25000106666667,6,100.0,False,0,2394.3822157204067,0.41839027277490265
2024-09-01 14:16:23.275,OnTrack,9480.203642765024,15759.322358427542,1949.7671628757996,car,0 days 00:00:37.240000,0 days 02:08:39.356000,11042.0,247.0,6,100.0,False,0,2397.4805555555554,0.4189316714038543
2024-09-01 14:16:23.475,OnTrack,9611.190375874503,15801.91311882146,1948.0897228515828,car,0 days 00:00:37.440000,0 days 02:08:39.556000,10728.0,247.0,6,30.0,True,0,2411.202777777777,0.421329469157671
2024-09-01 14:16:23.490,OnTrack,9621.0,15805.0,1948.0,pos,0 days 00:00:37.455000,0 days 02:08:39.571000,10753.208010666667,246.375008,6,28.750016,True,0,2412.214685293427,0.4215062881545363
2024-09-01 14:16:23.690,OnTrack,9750.0,15843.0,1947.0,pos,0 days 00:00:37.655000,0 days 02:08:39.771000,11089.319121777778,238.04167466666667,6,12.08334933333333,True,0,2425.392051851656,0.4238088787570536
2024-09-01 14:16:23.835,OnTrack,9840.34454672941,15863.773911811732,1944.7862193369717,car,0 days 00:00:37.800000,0 days 02:08:39.916000,11333.0,232.0,6,0.0,True,0,2434.402777777777,0.4253833976677678
2024-09-01 14:16:23.890,OnTrack,9871.0,15870.0,1944.0,pos,0 days 00:00:37.855000,0 days 02:08:39.971000,11216.67540608,225.67502208,6,0.0,True,0,2437.6747047505423,0.4259551286176751
2024-09-01 14:16:24.035,OnTrack,9938.001737340172,15882.047370802224,1942.7723010138873,car,0 days 00:00:38,0 days 02:08:40.116000,10910.0,209.0,5,0.0,True,0,2446.0138888888882,0.427412303459459
2024-09-01 14:16:24.249,OnTrack,10062.0,15882.0,1942.0,pos,0 days 00:00:38.214000,0 days 02:08:40.330000,10320.000235264844,203.00000239252384,5,0.0,True,0,2458.0176744309642,0.4295098245128258
2024-09-01 14:16:24.356,OnTrack,10170.336326634895,15870.418423483088,1941.3617471269044,car,0 days 00:00:38.321000,0 days 02:08:40.437000,10025.0,200.0,5,0.0,True,0,2463.8472222222213,0.4305284697710995
2024-09-01 14:16:24.409,OnTrack,10222.0,15863.0,1941.0,pos,0 days 00:00:38.374000,0 days 02:08:40.490000,9936.004274133333,197.57083626666667,5,0.0,True,0,2466.684375045365,0.4310242290261531
2024-09-01 14:16:24.596,OnTrack,10348.838995003876,15831.850541287218,1939.554588340889,car,0 days 00:00:38.561000,0 days 02:08:40.677000,9622.0,189.0,5,0.0,True,0,2476.447222222221,0.43273017232399685
2024-09-01 14:16:24.836,OnTrack,10427.588824182245,15790.811223638852,1938.0397023637731,car,0 days 00:00:38.801000,0 days 02:08:40.917000,9320.0,181.0,5,0.0,True,0,2488.513888888888,0.43483868111804147
2024-09-01 14:16:24.849,OnTrack,10431.0,15789.0,1938.0,pos,0 days 00:00:38.814000,0 days 02:08:40.930000,9303.0188336,180.7562512,5,1.624992,True,0,2489.15532910641,0.43495076528982324
2024-09-01 14:16:25.156,OnTrack,10502.824498827713,15746.949882085852,1937.9966509282,car,0 days 00:00:39.121000,0 days 02:08:41.237000,8902.0,175.0,5,40.0,False,0,2504.0694444444434,0.4375568324179148
2024-09-01 14:16:25.169,OnTrack,10507.0,15744.0,1938.0,pos,0 days 00:00:39.134000,0 days 02:08:41.250000,8928.185585371428,175.04642834285715,5,41.76427702857143,False,0,2504.6996675700902,0.43766695653415544
2024-09-01 14:16:25.349,OnTrack,10576.0,15691.0,1938.0,pos,0 days 00:00:39.314000,0 days 02:08:41.430000,9290.757013942857,175.6892854857143,5,66.19284845714286,False,0,2513.4557229644593,0.43919697474963904
2024-09-01 14:16:25.436,OnTrack,10608.960684455964,15661.778371067747,1938.0986779675977,car,0 days 00:00:39.401000,0 days 02:08:41.517000,9466.0,176.0,5,78.0,False,0,2517.758333333332,0.43994880556180327
2024-09-01 14:16:25.589,OnTrack,10661.0,15610.0,1938.0,pos,0 days 00:00:39.554000,0 days 02:08:41.670000,9656.291464413089,179.13667249032565,5,85.66742164301826,False,0,2525.4824138994354,0.4412984982523728
2024-09-01 14:16:25.869,OnTrack,10744.0,15497.0,1936.0,pos,0 days 00:00:39.834000,0 days 02:08:41.950000,10004.537427311172,184.87699056007426,5,99.69931025795933,False,0,2540.004258623041,0.44383602068100314
2024-09-01 14:16:25.875,OnTrack,10746.450399555944,15492.59251242338,1936.0083444243214,car,0 days 00:00:39.840000,0 days 02:08:41.956000,10012.0,185.0,5,100.0,False,0,2540.318055555554,0.4438908530228607
2024-09-01 14:16:26.029,OnTrack,10816.0,15356.0,1937.0,pos,0 days 00:00:39.994000,0 days 02:08:42.110000,10140.333226666668,188.8499968,5,100.0,False,0,2548.4136105289963,0.445305456519063
2024-09-01 14:16:26.115,OnTrack,10845.116524414983,15289.305179769837,1937.4050343797355,car,0 days 00:00:40.080000,0 days 02:08:42.196000,10212.0,191.0,5,100.0,False,0,2553.0513888888877,0.4461158540154713
2024-09-01 14:16:26.475,OnTrack,10887.852807017778,15117.567500912659,1937.0761346108256,car,0 days 00:00:40.440000,0 days 02:08:42.556000,11010.0,205.0,5,100.0,False,0,2573.5513888888877,0.4496979891213759
2024-09-01 14:16:26.509,OnTrack,10890.0,15106.0,1937.0,pos,0 days 00:00:40.474000,0 days 02:08:42.590000,11045.18986752,205.67999744,5,100.0,False,0,2575.5158568591705,0.450041256910682
2024-09-01 14:16:26.675,OnTrack,10899.238204360398,15057.909141857745,1936.6068381107207,car,0 days 00:00:40.640000,0 days 02:08:42.756000,11217.0,209.0,5,100.0,False,0,2585.162499999999,0.45172689491306706
2024-09-01 14:16:26.890,OnTrack,10914.0,14957.0,1936.0,pos,0 days 00:00:40.855000,0 days 02:08:42.971000,11352.142736457143,214.3749952,5,100.0,False,0,2598.0196810029574,0.45397353683666053
2024-09-01 14:16:26.955,OnTrack,10920.694298476832,14901.63948626885,1935.782580046554,car,0 days 00:00:40.920000,0 days 02:08:43.036000,11393.0,216.0,5,100.0,False,0,2601.962499999999,0.4546624983169303
2024-09-01 14:16:27.150,OnTrack,10942.0,14714.0,1935.0,pos,0 days 00:00:41.115000,0 days 02:08:43.231000,10503.312208,220.06250133333333,5,100.0,False,0,2613.9070015227785,0.45674966018167557
2024-09-01 14:16:27.195,OnTrack,10945.307859251536,14683.971324426622,1934.778713142054,car,0 days 00:00:41.160000,0 days 02:08:43.276000,10298.0,221.0,5,100.0,False,0,2616.6958333333323,0.4572369759052389
2024-09-01 14:16:27.475,OnTrack,10953.423446408073,14593.8225999084,1933.2482971026898,car,0 days 00:00:41.440000,0 days 02:08:43.556000,10265.0,227.0,6,100.0,False,0,2634.351388888888,0.46032207763059513
2024-09-01 14:16:27.570,OnTrack,10957.0,14539.0,1933.0,pos,0 days 00:00:41.535000,0 days 02:08:43.651000,10343.035556571429,229.03571017142858,6,100.0,False,0,2640.455203643155,0.46138864783114136
2024-09-01 14:16:27.750,OnTrack,10967.0,14385.0,1933.0,pos,0 days 00:00:41.715000,0 days 02:08:43.831000,10490.892909714286,232.8928585142857,6,100.0,False,0,2652.1472947347465,0.46343170392678157
2024-09-01 14:16:27.755,OnTrack,10967.245110850774,14381.216309455061,1933.0015885942212,car,0 days 00:00:41.720000,0 days 02:08:43.836000,10495.0,233.0,6,100.0,False,0,2652.47361111111,0.46348872389494755
2024-09-01 14:16:28.070,OnTrack,10978.0,14216.0,1933.0,pos,0 days 00:00:42.035000,0 days 02:08:44.151000,10638.7187792,236.9375008,6,100.0,False,0,2673.2077762307763,0.46711177661527814
2024-09-01 14:16:28.075,OnTrack,10978.19225485606,14213.123109341712,1932.9998557879067,car,0 days 00:00:42.040000,0 days 02:08:44.156000,10641.0,237.0,6,100.0,False,0,2673.5402777777767,0.46716987736963317
2024-09-01 14:16:28.290,OnTrack,10988.0,14070.0,1933.0,pos,0 days 00:00:42.255000,0 days 02:08:44.371000,10788.1404936,240.359372,6,100.0,False,0,2687.9460627726844,0.46968711971882204
2024-09-01 14:16:28.395,OnTrack,10993.202697791497,13999.008633571231,1932.9919429692286,car,0 days 00:00:42.360000,0 days 02:08:44.476000,10860.0,242.0,6,100.0,False,0,2695.0513888888877,0.47092869231002943
2024-09-01 14:16:28.430,OnTrack,10995.0,13976.0,1933.0,pos,0 days 00:00:42.395000,0 days 02:08:44.511000,10875.0937776,242.4375008,6,100.0,False,0,2697.429370975377,0.471344216852138
2024-09-01 14:16:28.630,OnTrack,11006.0,13849.0,1933.0,pos,0 days 00:00:42.595000,0 days 02:08:44.711000,10961.3437776,244.9375008,6,100.0,False,0,2711.09780665259,0.47373261603663275
2024-09-01 14:16:28.715,OnTrack,11011.005757566372,13792.313914800641,1932.6603217919037,car,0 days 00:00:42.680000,0 days 02:08:44.796000,10998.0,246.0,6,100.0,False,0,2716.9180555555545,0.4747496364229943
2024-09-01 14:16:28.890,OnTrack,11022.0,13671.0,1932.0,pos,0 days 00:00:42.855000,0 days 02:08:44.971000,10883.885541866666,244.54166826666668,6,63.54170666666667,False,0,2728.896360788624,0.4768427050905366
2024-09-01 14:16:29.110,OnTrack,11037.0,13520.0,1933.0,pos,0 days 00:00:43.075000,0 days 02:08:45.191000,10740.4270416,242.7083328,6,17.70832,False,0,2743.7069308728987,0.4794306788972361
2024-09-01 14:16:29.195,OnTrack,11042.542183170344,13462.959537763905,1932.7239911378083,car,0 days 00:00:43.160000,0 days 02:08:45.276000,10685.0,242.0,6,0.0,True,0,2749.184722222221,0.48038785883358864
2024-09-01 14:16:29.370,OnTrack,11053.0,13350.0,1932.0,pos,0 days 00:00:43.335000,0 days 02:08:45.451000,10579.204661527272,230.46592174545455,6,0.0,True,0,2760.0049516950485,0.48227856731400615
2024-09-01 14:16:29.490,OnTrack,11059.0,13278.0,1933.0,pos,0 days 00:00:43.455000,0 days 02:08:45.571000,10506.659206981818,222.55683083636364,6,0.0,True,0,2767.0686311072445,0.4835128626310443
2024-09-01 14:16:29.635,OnTrack,11063.748379064562,13194.45206392785,1933.1717231577973,car,0 days 00:00:43.600000,0 days 02:08:45.716000,10419.0,213.0,6,0.0,True,0,2775.2180555555547,0.48493687918759104
2024-09-01 14:16:29.690,OnTrack,11065.0,13164.0,1933.0,pos,0 days 00:00:43.655000,0 days 02:08:45.771000,10184.9070672,205.7812752,6,0.0,True,0,2778.1987504851363,0.4854577207459933
2024-09-01 14:16:29.795,OnTrack,11066.729096671635,13108.048133240733,1932.4681128382829,car,0 days 00:00:43.760000,0 days 02:08:45.876000,9738.0,192.0,5,0.0,True,0,2783.751388888888,0.4864279793292358
2024-09-01 14:16:29.870,OnTrack,11067.0,13069.0,1932.0,pos,0 days 00:00:43.835000,0 days 02:08:45.951000,9619.8748992,189.37499776,5,0.0,True,0,2787.6449854599696,0.48710833976657736
2024-09-01 14:16:29.995,OnTrack,11065.04947961347,13004.427424420228,1931.1642604825647,car,0 days 00:00:43.960000,0 days 02:08:46.076000,9423.0,185.0,5,0.0,True,0,2794.029166666666,0.488223900723795
2024-09-01 14:16:30.170,OnTrack,11058.0,12918.0,1930.0,pos,0 days 00:00:44.135000,0 days 02:08:46.251000,9233.416874666667,181.35417066666668,5,0.0,True,0,2802.8196039931763,0.4897599267795778
2024-09-01 14:16:30.235,OnTrack,11054.37826799629,12888.201368669852,1929.6165186992316,car,0 days 00:00:44.200000,0 days 02:08:46.316000,9163.0,180.0,5,0.0,True,0,2806.0291666666653,0.49032076029798294
2024-09-01 14:16:30.350,OnTrack,11043.0,12832.0,1929.0,pos,0 days 00:00:44.315000,0 days 02:08:46.431000,9023.2030472,177.4843736,5,2.5156264,True,0,2811.6246531491365,0.49129850608156705
2024-09-01 14:16:30.555,OnTrack,10993.217757120601,12697.088830069657,1928.1199586329785,car,0 days 00:00:44.520000,0 days 02:08:46.636000,8774.0,173.0,5,7.0,False,0,2821.406944444443,0.493007847011572
2024-09-01 14:16:30.610,OnTrack,10979.0,12665.0,1928.0,pos,0 days 00:00:44.575000,0 days 02:08:46.691000,8840.410574183721,172.31535490532247,5,17.49789145172221,False,0,2824.012101677133,0.4934630677520413
2024-09-01 14:16:30.796,OnTrack,10937.667869265144,12589.116719805854,1928.0725185606752,car,0 days 00:00:44.761000,0 days 02:08:46.877000,9065.0,170.0,5,53.0,False,0,2832.7874999999985,0.4949964659179258
2024-09-01 14:16:30.956,OnTrack,10906.160156037933,12554.10866916675,1928.5902297163705,car,0 days 00:00:44.921000,0 days 02:08:47.037000,9066.0,170.0,5,69.0,False,0,2840.343055555554,0.4963167108350071
2024-09-01 14:16:31.089,OnTrack,10872.0,12521.0,1929.0,pos,0 days 00:00:45.054000,0 days 02:08:47.170000,9061.5666688,170.5541664,5,72.8791648,False,0,2846.6356603464424,0.4974162698852034
2024-09-01 14:16:31.196,OnTrack,10838.673090751094,12490.334813631127,1929.2974099515773,car,0 days 00:00:45.161000,0 days 02:08:47.277000,9058.0,171.0,5,76.0,False,0,2851.7430555555543,0.49830872743048577
2024-09-01 14:16:31.389,OnTrack,10770.0,12432.0,1930.0,pos,0 days 00:00:45.354000,0 days 02:08:47.470000,9662.08979968,173.89499904,5,87.57999616,False,0,2861.073411211303,0.49993909789609714
2024-09-01 14:16:31.396,OnTrack,10767.464165731557,12430.023625072596,1930.0378752630074,car,0 days 00:00:45.361000,0 days 02:08:47.477000,9684.0,174.0,5,88.0,False,0,2861.409722222221,0.49999786430969273
2024-09-01 14:16:31.609,OnTrack,10678.0,12369.0,1931.0,pos,0 days 00:00:45.574000,0 days 02:08:47.690000,9880.137441066667,174.0,5,98.6499968,False,0,2871.6504930819297,0.5017873191783799
2024-09-01 14:16:31.636,OnTrack,10661.737927197864,12359.380494660516,1930.9156793309987,car,0 days 00:00:45.601000,0 days 02:08:47.717000,9905.0,174.0,5,100.0,False,0,2873.0097222222207,0.5020248285647412
2024-09-01 14:16:31.796,OnTrack,10540.01639687141,12292.059294227043,1929.227639457954,car,0 days 00:00:45.761000,0 days 02:08:47.877000,10295.0,190.0,5,100.0,False,0,2881.454166666665,0.5035003964132437
2024-09-01 14:16:31.909,OnTrack,10471.0,12255.0,1928.0,pos,0 days 00:00:45.874000,0 days 02:08:47.990000,10519.116539733333,195.6499968,5,100.0,False,0,2887.700502101902,0.504591870434991
2024-09-01 14:16:32.036,OnTrack,10434.437934070715,12235.601873228876,1927.2550389448566,car,0 days 00:00:46.001000,0 days 02:08:48.117000,10771.0,202.0,5,100.0,False,0,2894.9208333333318,0.505853538824277
2024-09-01 14:16:32.189,OnTrack,10401.0,12219.0,1927.0,pos,0 days 00:00:46.154000,0 days 02:08:48.270000,10883.43417594199,205.51356799818717,5,100.0,False,0,2903.8192885763447,0.5074084397469266
2024-09-01 14:16:32.369,OnTrack,10308.0,12173.0,1927.0,pos,0 days 00:00:46.334000,0 days 02:08:48.450000,11015.709732381163,209.64717913691135,5,100.0,False,0,2914.5300695912215,0.5092800233900996
2024-09-01 14:16:32.515,OnTrack,10228.395832351789,12133.676992277613,1926.4473625886387,car,0 days 00:00:46.480000,0 days 02:08:48.596000,11123.0,213.0,5,100.0,False,0,2923.261666666665,0.5108057678005659
2024-09-01 14:16:32.589,OnTrack,10191.0,12115.0,1926.0,pos,0 days 00:00:46.554000,0 days 02:08:48.670000,10949.1003008,214.10999808,5,100.0,False,0,2927.693398165975,0.5115801610192791
2024-09-01 14:16:32.915,OnTrack,10024.666780871636,12028.269095438156,1923.9404963392967,car,0 days 00:00:46.880000,0 days 02:08:48.996000,10183.0,219.0,5,100.0,False,0,2947.5949999999984,0.5150577330482249
2024-09-01 14:16:32.949,OnTrack,9996.0,12013.0,1924.0,pos,0 days 00:00:46.914000,0 days 02:08:49.030000,10231.733149866666,220.6999936,5,100.0,False,0,2949.7622397235086,0.5154364328285418
2024-09-01 14:16:33.109,OnTrack,9837.0,11928.0,1925.0,pos,0 days 00:00:47.074000,0 days 02:08:49.190000,10461.0664832,228.6999936,5,100.0,False,0,2960.2263669206,0.517264916603437
2024-09-01 14:16:33.275,OnTrack,9735.356055474263,11873.017411832428,1925.427645400538,car,0 days 00:00:47.240000,0 days 02:08:49.356000,10699.0,237.0,6,100.0,False,0,2971.2949999999983,0.5191990307072462
2024-09-01 14:16:33.475,OnTrack,9679.825781513611,11842.220268054605,1925.0942155804598,car,0 days 00:00:47.440000,0 days 02:08:49.556000,10948.0,242.0,6,100.0,False,0,2984.7394444444426,0.5215482900449938
2024-09-01 14:16:33.530,OnTrack,9661.0,11832.0,1925.0,pos,0 days 00:00:47.495000,0 days 02:08:49.611000,10997.041495466667,243.17856731428571,6,100.0,False,0,2988.5122653766857,0.5222075463527831
2024-09-01 14:16:34.310,OnTrack,9180.0,11571.0,1924.0,pos,0 days 00:00:48.275000,0 days 02:08:50.391000,11692.541723733333,259.8928585142857,6,100.0,False,0,3045.0401415757933,0.5320851312208342
2024-09-01 14:16:34.315,OnTrack,9175.598785989223,11568.489552130573,1923.9955588041707,car,0 days 00:00:48.280000,0 days 02:08:50.396000,11697.0,260.0,6,100.0,False,0,3045.4061111111096,0.5321490801144999
2024-09-01 14:16:34.515,OnTrack,8987.501592365696,11459.773420613226,1923.8486049624125,car,0 days 00:00:48.480000,0 days 02:08:50.596000,10297.0,264.0,6,100.0,False,0,3060.072777777776,0.5347119084829519
2024-09-01 14:16:34.650,OnTrack,8886.0,11401.0,1924.0,pos,0 days 00:00:48.615000,0 days 02:08:50.731000,10498.9372128,267.3749952,6,100.0,False,0,3070.150854240293,0.5364729344096042
2024-09-01 14:16:34.755,OnTrack,8836.806054184573,11372.971082281792,1924.3444255112254,car,0 days 00:00:48.720000,0 days 02:08:50.836000,10656.0,270.0,7,100.0,False,0,3078.072777777776,0.5378571978442339
2024-09-01 14:16:34.930,OnTrack,8781.0,11342.0,1925.0,pos,0 days 00:00:48.895000,0 days 02:08:51.011000,10740.765532,272.734372,7,100.0,False,0,3091.3814505948308,0.5401827326789154
2024-09-01 14:16:35.075,OnTrack,8716.21428927835,11305.733151030787,1925.1287635762706,car,0 days 00:00:49.040000,0 days 02:08:51.156000,10811.0,275.0,7,100.0,False,0,3102.5172222222204,0.5421285784583206
2024-09-01 14:16:35.235,OnTrack,8594.333186602256,11237.510385214024,1925.015212844189,car,0 days 00:00:49.200000,0 days 02:08:51.316000,10951.0,279.0,7,100.0,False,0,3114.91722222222,0.5442953333516481
2024-09-01 14:16:35.270,OnTrack,8554.0,11215.0,1925.0,pos,0 days 00:00:49.235000,0 days 02:08:51.351000,10965.625026742857,279.25000045714285,7,100.0,False,0,3117.638610276739,0.5447708640680814
2024-09-01 14:16:35.410,OnTrack,8364.0,11109.0,1925.0,pos,0 days 00:00:49.375000,0 days 02:08:51.491000,11024.124919771428,280.2499986285714,7,100.0,False,0,3128.5494701276352,0.546677409146496
2024-09-01 14:16:35.515,OnTrack,8264.521103905774,11053.132076989346,1925.1360501266975,car,0 days 00:00:49.480000,0 days 02:08:51.596000,11068.0,281.0,7,100.0,False,0,3136.772777777776,0.5481143359279702
2024-09-01 14:16:35.715,OnTrack,8200.772973586923,11015.843956640902,1925.7048479166883,car,0 days 00:00:49.680000,0 days 02:08:51.796000,11235.0,284.0,7,100.0,False,0,3152.5505555555537,0.5508713179606989
2024-09-01 14:16:35.890,OnTrack,8131.0,10975.0,1926.0,pos,0 days 00:00:49.855000,0 days 02:08:51.971000,11311.99991552,286.62499712,7,100.0,False,0,3166.4924777987935,0.5533075057222258
2024-09-01 14:16:35.915,OnTrack,8115.947940640386,10966.315803000474,1926.0123119328437,car,0 days 00:00:49.880000,0 days 02:08:51.996000,11323.0,287.0,7,100.0,False,0,3168.4949999999985,0.5536574230430692
2024-09-01 14:16:36.050,OnTrack,8020.0,10911.0,1926.0,pos,0 days 00:00:50.015000,0 days 02:08:52.131000,11398.59989248,289.02499712,7,100.0,False,0,3179.354756036767,0.5555550383279895
2024-09-01 14:16:36.115,OnTrack,7973.744474600034,10883.969623678966,1926.0069418046241,car,0 days 00:00:50.080000,0 days 02:08:52.196000,11435.0,290.0,7,100.0,False,0,3184.6061111111094,0.5564726511750808
2024-09-01 14:16:36.275,OnTrack,7863.521650812725,10818.311994534528,1926.300347874742,car,0 days 00:00:50.240000,0 days 02:08:52.356000,11506.0,292.0,7,100.0,False,0,3197.5838888888875,0.5587403659738324
2024-09-01 14:16:36.350,OnTrack,7812.0,10787.0,1927.0,pos,0 days 00:00:50.315000,0 days 02:08:52.431000,11540.062529066667,292.6250005333333,7,100.0,False,0,3203.689438841561,0.5598072393799945
2024-09-01 14:16:36.430,OnTrack,7757.0,10753.0,1928.0,pos,0 days 00:00:50.395000,0 days 02:08:52.511000,11576.3958624,293.2916672,7,100.0,False,0,3210.218302171565,0.5609480818451682
2024-09-01 14:16:36.515,OnTrack,7699.783990395641,10716.038152925918,1927.8357199650786,car,0 days 00:00:50.480000,0 days 02:08:52.596000,11615.0,294.0,7,100.0,False,0,3217.183888888887,0.5621652366116726
2024-09-01 14:16:36.610,OnTrack,7634.0,10672.0,1927.0,pos,0 days 00:00:50.575000,0 days 02:08:52.691000,11640.597170488889,295.0555534222222,7,100.0,False,0,3225.006473991244,0.5635321418172375
2024-09-01 14:16:36.870,OnTrack,7420.0,10521.0,1927.0,pos,0 days 00:00:50.835000,0 days 02:08:52.951000,11710.652795022223,297.94444515555557,7,100.0,False,0,3246.568273461975,0.5672998139553145
2024-09-01 14:16:36.875,OnTrack,7415.279100829344,10517.402659351177,1926.986706731356,car,0 days 00:00:50.840000,0 days 02:08:52.956000,11712.0,298.0,7,100.0,False,0,3246.9838888888867,0.5673724378875729
2024-09-01 14:16:37.075,OnTrack,7214.870049182835,10356.654726822177,1925.5738802923206,car,0 days 00:00:51.040000,0 days 02:08:53.156000,10910.0,300.0,7,100.0,False,0,3263.6505555555536,0.5702847428517229
2024-09-01 14:16:37.150,OnTrack,7158.0,10310.0,1925.0,pos,0 days 00:00:51.115000,0 days 02:08:53.231000,10900.67163086062,301.11940429672575,7,100.0,False,0,3269.943881625817,0.5713844279370495
2024-09-01 14:16:37.276,OnTrack,7102.2498357709355,10264.253096159111,1924.2689293784204,car,0 days 00:00:51.241000,0 days 02:08:53.357000,10885.0,303.0,8,100.0,False,0,3280.5680555555537,0.5732408780055833
2024-09-01 14:16:37.429,OnTrack,7053.0,10224.0,1923.0,pos,0 days 00:00:51.394000,0 days 02:08:53.510000,10937.593728,304.9124992,8,100.0,False,0,3293.5291350682087,0.5755056749779103
2024-09-01 14:16:37.436,OnTrack,7049.7289158165395,10221.333262942913,1922.9080349394774,car,0 days 00:00:51.401000,0 days 02:08:53.517000,10940.0,305.0,8,100.0,False,0,3294.123611111109,0.5756095527097587
2024-09-01 14:16:37.676,OnTrack,6892.485604599546,10092.787545745205,1918.3170389969755,car,0 days 00:00:51.641000,0 days 02:08:53.757000,10994.0,307.0,8,100.0,False,0,3314.5902777777756,0.5791858632057348
2024-09-01 14:16:37.749,OnTrack,6844.0,10052.0,1917.0,pos,0 days 00:00:51.714000,0 days 02:08:53.830000,11022.2874752,307.9124992,8,100.0,False,0,3320.8556986263793,0.5802806721801276
2024-09-01 14:16:37.916,OnTrack,6737.499857439784,9959.218135842357,1914.2956120449812,car,0 days 00:00:51.881000,0 days 02:08:53.997000,11087.0,310.0,8,100.0,False,0,3335.2569444444425,0.5827971213612809
2024-09-01 14:16:37.929,OnTrack,6727.0,9950.0,1914.0,pos,0 days 00:00:51.894000,0 days 02:08:54.010000,11091.165888581818,310.0886359272727,8,100.0,False,0,3336.3813319722913,0.5829935949240198
2024-09-01 14:16:38.129,OnTrack,6532.0,9779.0,1908.0,pos,0 days 00:00:52.094000,0 days 02:08:54.210000,11155.256797672728,311.4522722909091,8,100.0,False,0,3353.738972943879,0.5860266395620692
2024-09-01 14:16:38.356,OnTrack,6406.96453980395,9670.121090226197,1903.9319417591316,car,0 days 00:00:52.321000,0 days 02:08:54.437000,11228.0,313.0,8,100.0,False,0,3373.512499999998,0.5894818320223266
2024-09-01 14:16:38.516,OnTrack,6339.239604042407,9611.744127246919,1901.618214610035,car,0 days 00:00:52.481000,0 days 02:08:54.597000,11250.0,314.0,8,100.0,False,0,3387.4680555555537,0.5919204020456416
2024-09-01 14:16:38.549,OnTrack,6321.0,9596.0,1901.0,pos,0 days 00:00:52.514000,0 days 02:08:54.630000,11253.437493333333,314.27499946666666,8,100.0,False,0,3390.3563205214195,0.5924250925495138
2024-09-01 14:16:38.729,OnTrack,6202.0,9493.0,1897.0,pos,0 days 00:00:52.694000,0 days 02:08:54.810000,11272.187493333333,315.77499946666666,8,100.0,False,0,3406.1636981060037,0.5951872468021006
2024-09-01 14:16:38.756,OnTrack,6183.7506020066085,9477.093605019674,1896.3955624239757,car,0 days 00:00:52.721000,0 days 02:08:54.837000,11275.0,316.0,8,100.0,False,0,3408.53472222222,0.5956015555203271
2024-09-01 14:16:39.009,OnTrack,6017.0,9331.0,1891.0,pos,0 days 00:00:52.974000,0 days 02:08:55.090000,11274.0964288,316.0,8,100.0,False,0,3430.7375216009573,0.5994812348912505
2024-09-01 14:16:39.036,OnTrack,5999.139503902395,9315.494310388189,1890.4327884482493,car,0 days 00:00:53.001000,0 days 02:08:55.117000,11274.0,316.0,8,100.0,False,0,3433.112499999998,0.599896234574127
2024-09-01 14:16:39.209,OnTrack,5884.0,9216.0,1887.0,pos,0 days 00:00:53.174000,0 days 02:08:55.290000,11321.181791261333,317.0846388795709,8,100.0,False,0,3448.3714423406454,0.6025625561857078
2024-09-01 14:16:39.355,OnTrack,5786.949609563544,9131.353915611564,1884.8473745456329,car,0 days 00:00:53.320000,0 days 02:08:55.436000,11361.0,318.0,8,100.0,False,0,3461.2908333333316,0.6048200685770155
2024-09-01 14:16:39.409,OnTrack,5751.0,9100.0,1884.0,pos,0 days 00:00:53.374000,0 days 02:08:55.490000,11360.3250016,318.3374992,8,100.0,False,0,3466.076128509906,0.6056562429108752
2024-09-01 14:16:39.515,OnTrack,5680.229376410836,9038.475266969268,1882.053090563743,car,0 days 00:00:53.480000,0 days 02:08:55.596000,11359.0,319.0,8,100.0,False,0,3475.468611111109,0.6072974693331857
2024-09-01 14:16:39.569,OnTrack,5644.0,9007.0,1881.0,pos,0 days 00:00:53.534000,0 days 02:08:55.650000,11360.3499968,318.77500053333335,8,100.0,False,0,3480.24373427942,0.6081318662276357
2024-09-01 14:16:39.755,OnTrack,5518.914016011918,8898.245606230823,1877.5585020511787,car,0 days 00:00:53.720000,0 days 02:08:55.836000,11365.0,318.0,8,100.0,False,0,3496.6686111111094,0.6110019212475846
2024-09-01 14:16:39.809,OnTrack,5484.0,8868.0,1877.0,pos,0 days 00:00:53.774000,0 days 02:08:55.890000,11368.278563657143,318.1928566857143,8,100.0,False,0,3501.446459335105,0.6118367943136265
2024-09-01 14:16:40.035,OnTrack,5335.417742059689,8739.776769135751,1877.0176354181528,car,0 days 00:00:54,0 days 02:08:56.116000,11382.0,319.0,8,100.0,False,0,3521.4797222222205,0.6153373725708826
2024-09-01 14:16:40.050,OnTrack,5323.0,8729.0,1877.0,pos,0 days 00:00:54.015000,0 days 02:08:56.131000,11382.44999424,319.0,8,100.0,False,0,3522.8092358850317,0.6155696895252892
2024-09-01 14:16:40.235,OnTrack,5148.273328995389,8576.710069465516,1876.0786868070495,car,0 days 00:00:54.200000,0 days 02:08:56.316000,11388.0,319.0,8,100.0,False,0,3539.2019444444422,0.6184341235160953
2024-09-01 14:16:40.250,OnTrack,5136.0,8566.0,1876.0,pos,0 days 00:00:54.215000,0 days 02:08:56.331000,11389.94997504,319.0,8,100.0,False,0,3540.5309674600117,0.618666354735638
2024-09-01 14:16:40.435,OnTrack,5030.698902590521,8474.115605376843,1875.3113871392318,car,0 days 00:00:54.400000,0 days 02:08:56.516000,11414.0,319.0,8,100.0,False,0,3556.924166666665,0.6215308744613083
2024-09-01 14:16:40.675,OnTrack,4908.862893485724,8368.169345785778,1876.7432805415383,car,0 days 00:00:54.640000,0 days 02:08:56.756000,11378.0,319.0,8,100.0,False,0,3578.1908333333317,0.6252469755955636
2024-09-01 14:16:40.690,OnTrack,4896.0,8357.0,1877.0,pos,0 days 00:00:54.655000,0 days 02:08:56.771000,11377.1562608,318.9062512,8,100.0,False,0,3579.5175621682774,0.6254788059338893
2024-09-01 14:16:40.835,OnTrack,4742.163636144026,8223.472721211207,1880.4053806861732,car,0 days 00:00:54.800000,0 days 02:08:56.916000,11369.0,318.0,8,100.0,False,0,3592.324166666665,0.6277166102051629
2024-09-01 14:16:40.910,OnTrack,4669.0,8160.0,1882.0,pos,0 days 00:00:54.875000,0 days 02:08:56.991000,11356.678560914286,317.7321426285714,8,100.0,False,0,3598.9376380701337,0.6288722369410781
2024-09-01 14:16:41.115,OnTrack,4554.933805100069,8061.192855140568,1883.8643784619699,car,0 days 00:00:55.080000,0 days 02:08:57.196000,11323.0,317.0,8,100.0,False,0,3616.9797222222205,0.6320248800154621
2024-09-01 14:16:41.330,OnTrack,4470.0,7987.0,1885.0,pos,0 days 00:00:55.295000,0 days 02:08:57.411000,11290.7500288,316.23214354285716,8,100.0,False,0,3635.8525454406863,0.6353226850202619
2024-09-01 14:16:41.395,OnTrack,4430.120364654096,7951.923815644929,1885.8330255435817,car,0 days 00:00:55.360000,0 days 02:08:57.476000,11281.0,316.0,8,100.0,False,0,3641.5574999999985,0.6363195590692621
2024-09-01 14:16:41.510,OnTrack,4351.0,7883.0,1888.0,pos,0 days 00:00:55.475000,0 days 02:08:57.591000,11267.857135542858,316.0,8,100.0,False,0,3651.65546594029,0.6380840604494058
2024-09-01 14:16:41.550,OnTrack,4324.0,7860.0,1889.0,pos,0 days 00:00:55.515000,0 days 02:08:57.631000,11263.285706971428,316.0,8,100.0,False,0,3655.1689640753093,0.6386980031330147
2024-09-01 14:16:41.675,OnTrack,4230.520548537269,7779.499354143802,1892.0144030435429,car,0 days 00:00:55.640000,0 days 02:08:57.756000,11249.0,316.0,8,100.0,False,0,3666.1352777777765,0.640614238123062
2024-09-01 14:16:41.835,OnTrack,4100.828577624807,7666.2835780883215,1895.1573269330681,car,0 days 00:00:55.800000,0 days 02:08:57.916000,11249.0,315.0,8,100.0,False,0,3680.135277777776,0.6430605742929479
2024-09-01 14:16:41.910,OnTrack,4049.0,7621.0,1896.0,pos,0 days 00:00:55.875000,0 days 02:08:57.991000,11239.284082618182,314.65909061818184,8,100.0,False,0,3686.6774620914252,0.6442037444441294
2024-09-01 14:16:42.230,OnTrack,3878.0,7472.0,1897.0,pos,0 days 00:00:56.195000,0 days 02:08:58.311000,11197.829537163636,313.20454516363634,8,100.0,False,0,3714.480844977975,0.6490620602441691
2024-09-01 14:16:42.275,OnTrack,3851.1588189810755,7448.774718055634,1897.6301005752514,car,0 days 00:00:56.240000,0 days 02:08:58.356000,11192.0,313.0,8,100.0,False,0,3718.390833333332,0.6497452849539936
2024-09-01 14:16:42.475,OnTrack,3717.5708351081053,7333.145435236042,1901.6463656372857,car,0 days 00:00:56.440000,0 days 02:08:58.556000,11167.0,313.0,8,100.0,False,0,3735.7797222222207,0.6527837897999235
2024-09-01 14:16:42.530,OnTrack,3681.0,7301.0,1902.0,pos,0 days 00:00:56.495000,0 days 02:08:58.611000,11173.1874784,313.0,8,100.0,False,0,3740.562567639852,0.6536195360670752
2024-09-01 14:16:42.570,OnTrack,3655.0,7278.0,1902.0,pos,0 days 00:00:56.535000,0 days 02:08:58.651000,11177.6874784,313.0,8,100.0,False,0,3744.040959130621,0.6542273442754246
2024-09-01 14:16:42.635,OnTrack,3615.6822569804644,7243.4852772106115,1902.2689524577406,car,0 days 00:00:56.600000,0 days 02:08:58.716000,11185.0,313.0,8,100.0,False,0,3749.690833333332,0.6552145936766673
2024-09-01 14:16:42.910,OnTrack,3432.0,7085.0,1906.0,pos,0 days 00:00:56.875000,0 days 02:08:58.991000,11136.8749888,313.0,8,100.0,False,0,3773.5986077150737,0.6593921974774909
2024-09-01 14:16:42.915,OnTrack,3426.7942768168155,7080.4671006267845,1906.0460597054098,car,0 days 00:00:56.880000,0 days 02:08:58.996000,11136.0,313.0,8,100.0,False,0,3774.0352777777766,0.6594685004609692
2024-09-01 14:16:43.090,OnTrack,3226.0,6905.0,1907.0,pos,0 days 00:00:57.055000,0 days 02:08:59.171000,10890.12526976,311.25000192,8,43.1250624,False,0,3789.2297977246785,0.6621235650131235
2024-09-01 14:16:43.115,OnTrack,3205.239644112107,6886.8532451650935,1907.0941496697249,car,0 days 00:00:57.080000,0 days 02:08:59.196000,10855.0,311.0,8,35.0,True,0,3791.313055555554,0.6624875899404713
2024-09-01 14:16:43.355,OnTrack,3130.2959370052904,6821.53908834342,1907.8010214154463,car,0 days 00:00:57.320000,0 days 02:08:59.436000,10753.0,278.0,8,0.0,True,0,3809.8463888888873,0.665726073060606
2024-09-01 14:16:43.430,OnTrack,3108.0,6802.0,1908.0,pos,0 days 00:00:57.395000,0 days 02:08:59.511000,10857.687589333333,269.87499306666666,8,0.0,True,0,3815.230404664453,0.6666668668128206
2024-09-01 14:16:43.595,OnTrack,3024.8966541689438,6728.918161924215,1908.4441130706525,car,0 days 00:00:57.560000,0 days 02:08:59.676000,11088.0,252.0,8,0.0,True,0,3826.6463888888875,0.6686616764644693
2024-09-01 14:16:43.730,OnTrack,2950.0,6663.0,1909.0,pos,0 days 00:00:57.695000,0 days 02:08:59.811000,11248.462441785041,245.7544558586661,8,0.0,True,0,3835.848848083736,0.670269698520202
2024-09-01 14:16:43.876,OnTrack,2884.349775553193,6604.974202285566,1909.8915347028483,car,0 days 00:00:57.841000,0 days 02:08:59.957000,11422.0,239.0,8,0.0,True,0,3845.3016666666654,0.6719214679492586
2024-09-01 14:16:43.949,OnTrack,2847.0,6570.0,1910.0,pos,0 days 00:00:57.914000,0 days 02:09:00.030000,11102.62528,228.6583424,8,0.0,True,0,3849.673731315354,0.6726854350840562
2024-09-01 14:16:44.116,OnTrack,2743.7352994685775,6467.841394469404,1909.057773318054,car,0 days 00:00:58.081000,0 days 02:09:00.197000,10372.0,205.0,6,0.0,True,0,3858.968333333332,0.6743095580198615
2024-09-01 14:16:44.129,OnTrack,2737.0,6461.0,1909.0,pos,0 days 00:00:58.094000,0 days 02:09:00.210000,10328.2877152,204.0250048,6,0.0,True,0,3859.667327900286,0.6744316991406968
2024-09-01 14:16:44.356,OnTrack,2673.2829812166447,6391.401698607684,1909.2009394433387,car,0 days 00:00:58.321000,0 days 02:09:00.437000,9565.0,187.0,5,0.0,True,0,3871.4349999999986,0.6764879621330457
2024-09-01 14:16:44.509,OnTrack,2648.0,6353.0,1909.0,pos,0 days 00:00:58.474000,0 days 02:09:00.590000,9298.78011136,181.64500224,5,0.0,True,0,3879.104926275823,0.6778281919951106
2024-09-01 14:16:44.556,OnTrack,2638.242655586434,6337.142110232466,1908.6859715241872,car,0 days 00:00:58.521000,0 days 02:09:00.637000,9217.0,180.0,5,0.0,True,0,3881.4349999999986,0.6782353451115357
2024-09-01 14:16:44.749,OnTrack,2595.0,6259.0,1907.0,pos,0 days 00:00:58.714000,0 days 02:09:00.830000,9160.172241066666,177.31944533333333,5,4.288887466666667,True,0,3890.8980866279812,0.679888908761307
2024-09-01 14:16:44.916,OnTrack,2569.6235692974237,6186.2846636174,1906.9857154008444,car,0 days 00:00:58.881000,0 days 02:09:00.997000,9111.0,175.0,5,8.0,False,0,3898.9349999999986,0.6812932653238932
2024-09-01 14:16:44.929,OnTrack,2568.0,6179.0,1907.0,pos,0 days 00:00:58.894000,0 days 02:09:01.010000,9113.553558857142,174.76785828571428,5,10.2749888,False,0,3899.5542204060193,0.6814014668436347
2024-09-01 14:16:45.169,OnTrack,2546.0,6015.0,1907.0,pos,0 days 00:00:59.134000,0 days 02:09:01.250000,9160.696416,170.482144,5,52.274988799999996,False,0,3910.8782994783082,0.683380217145434
2024-09-01 14:16:45.196,OnTrack,2544.7549925749604,6000.959009702332,1906.9431810277947,car,0 days 00:00:59.161000,0 days 02:09:01.277000,9166.0,170.0,5,57.0,False,0,3912.1572222222208,0.6836036939287856
2024-09-01 14:16:45.396,OnTrack,2543.185684320157,5937.829291723079,1906.193995975319,car,0 days 00:00:59.361000,0 days 02:09:01.477000,9169.0,172.0,5,62.0,False,0,3921.712777777776,0.6852734154415648
2024-09-01 14:16:45.489,OnTrack,2544.0,5905.0,1906.0,pos,0 days 00:00:59.454000,0 days 02:09:01.570000,9370.1123616,173.7437488,5,71.8812432,False,0,3926.203846534643,0.6860581771516626
2024-09-01 14:16:45.556,OnTrack,2544.589840274004,5874.431673215815,1905.9906123444339,car,0 days 00:00:59.521000,0 days 02:09:01.637000,9515.0,175.0,5,79.0,False,0,3929.490555555554,0.6866324910915015
2024-09-01 14:16:45.729,OnTrack,2546.0,5783.0,1906.0,pos,0 days 00:00:59.694000,0 days 02:09:01.810000,9723.217780114286,181.17856914285716,5,91.9749952,False,0,3938.2700035106795,0.6881665968832341
2024-09-01 14:16:45.836,OnTrack,2546.62577014477,5735.025544869948,1905.4484624040365,car,0 days 00:00:59.801000,0 days 02:09:01.917000,9852.0,185.0,5,100.0,False,0,3943.879444444443,0.6891467810438844
2024-09-01 14:16:45.929,OnTrack,2545.0,5680.0,1905.0,pos,0 days 00:00:59.894000,0 days 02:09:02.010000,9952.009949263133,189.20602590358965,5,95.79397409641034,False,0,3948.8521843346416,0.6900157091479435
2024-09-01 14:16:46.035,OnTrack,2538.6937585535898,5582.608964231381,1904.9342644933863,car,0 days 00:01:00,0 days 02:09:02.116000,10066.0,194.0,5,91.0,False,0,3954.6033333333316,0.6910206551346506
2024-09-01 14:16:46.129,OnTrack,2532.0,5499.0,1905.0,pos,0 days 00:01:00.094000,0 days 02:09:02.210000,9546.6507072,195.87999744,5,84.89000831999999,False,0,3959.750510137749,0.6919200640481824
2024-09-01 14:16:46.235,OnTrack,2526.106069203174,5441.824878474026,1904.9382867070005,car,0 days 00:01:00.200000,0 days 02:09:02.316000,8961.0,198.0,6,78.0,False,0,3965.603333333331,0.6929427764109896
2024-09-01 14:16:46.490,OnTrack,2509.0,5381.0,1904.0,pos,0 days 00:01:00.455000,0 days 02:09:02.571000,9191.20816,200.8333312,6,78.0,False,0,3979.8684750695643,0.6954354429965537
2024-09-01 14:16:46.595,OnTrack,2493.884492597059,5330.105295189046,1903.1534503439723,car,0 days 00:01:00.560000,0 days 02:09:02.676000,9286.0,202.0,6,78.0,False,0,3985.8033333333315,0.6964724900275394
2024-09-01 14:16:46.730,OnTrack,2469.0,5252.0,1902.0,pos,0 days 00:01:00.695000,0 days 02:09:02.811000,9424.3748032,204.5312464,6,81.3749952,False,0,3993.4827198884363,0.697814372962703
2024-09-01 14:16:46.755,OnTrack,2464.033238059712,5238.17688699695,1901.830071472459,car,0 days 00:01:00.720000,0 days 02:09:02.836000,9450.0,205.0,6,82.0,False,0,3994.9144444444423,0.6980645500746081
2024-09-01 14:16:46.970,OnTrack,2416.0,5126.0,1901.0,pos,0 days 00:01:00.935000,0 days 02:09:03.051000,9534.805479822222,207.98610844444445,6,92.7499904,False,0,4007.3730377035226,0.7002415434542928
2024-09-01 14:16:47.115,OnTrack,2376.459986786661,5052.529885581493,1901.0304542699687,car,0 days 00:01:01.080000,0 days 02:09:03.196000,9592.0,210.0,6,100.0,False,0,4015.9144444444423,0.701734054329437
2024-09-01 14:16:47.130,OnTrack,2372.0,5045.0,1901.0,pos,0 days 00:01:01.095000,0 days 02:09:03.211000,9609.416443733333,210.33332906666666,6,100.0,False,0,4016.8041274351335,0.7018895160208557
2024-09-01 14:16:47.310,OnTrack,2313.0,4956.0,1900.0,pos,0 days 00:01:01.275000,0 days 02:09:03.391000,9818.416740977778,214.33333475555557,6,100.0,False,0,4027.5706270685096,0.7037708358405836
2024-09-01 14:16:47.475,OnTrack,2250.4903423476576,4877.673321241126,1899.169495959709,car,0 days 00:01:01.440000,0 days 02:09:03.556000,10010.0,218.0,6,100.0,False,0,4037.7144444444425,0.7055433492225454
2024-09-01 14:16:47.530,OnTrack,2228.0,4852.0,1899.0,pos,0 days 00:01:01.495000,0 days 02:09:03.611000,10082.59974656,220.0624928,6,100.0,False,0,4041.175604457571,0.7061481464318224
2024-09-01 14:16:47.850,OnTrack,2086.0,4706.0,1899.0,pos,0 days 00:01:01.815000,0 days 02:09:03.931000,10504.99974656,232.0624928,6,100.0,False,0,4061.9567918625526,0.70977941574625
2024-09-01 14:16:47.875,OnTrack,2074.9670298844944,4694.969144500037,1899.0145908896382,car,0 days 00:01:01.840000,0 days 02:09:03.956000,10538.0,233.0,6,100.0,False,0,4063.603333333331,0.7100671296001917
2024-09-01 14:16:48.010,OnTrack,2015.0,4631.0,1899.0,pos,0 days 00:01:01.975000,0 days 02:09:04.091000,10738.8122144,235.5312464,6,100.0,False,0,4072.5321692162725,0.7116273391841499
2024-09-01 14:16:48.195,OnTrack,1924.3685191628822,4501.129972945545,1898.3373437707105,car,0 days 00:01:02.160000,0 days 02:09:04.276000,11014.0,239.0,6,100.0,False,0,4084.8477777777757,0.7137793476611616
2024-09-01 14:16:48.310,OnTrack,1880.0,4426.0,1898.0,pos,0 days 00:01:02.275000,0 days 02:09:04.391000,11020.8281288,240.0781256,6,100.0,False,0,4092.532465157938,0.7151221568534728
2024-09-01 14:16:48.515,OnTrack,1842.324431600484,4338.278696666035,1898.0471607884874,car,0 days 00:01:02.480000,0 days 02:09:04.596000,11033.0,242.0,6,100.0,False,0,4106.358888888887,0.7175381626015579
2024-09-01 14:16:48.570,OnTrack,1834.0,4313.0,1898.0,pos,0 days 00:01:02.535000,0 days 02:09:04.651000,11083.1873248,243.3749952,6,100.0,False,0,4110.119575204653,0.7181952985271188
2024-09-01 14:16:48.755,OnTrack,1799.9822934928886,4201.004538783661,1897.355727344246,car,0 days 00:01:02.720000,0 days 02:09:04.836000,11252.0,248.0,6,100.0,False,0,4122.892222222221,0.7204271691259948
2024-09-01 14:16:48.830,OnTrack,1785.0,4136.0,1897.0,pos,0 days 00:01:02.795000,0 days 02:09:04.911000,11311.375050666667,248.9375008,6,100.0,False,0,4128.091958417543,0.7213357621780291
2024-09-01 14:16:48.995,OnTrack,1752.4008992441848,3952.035997633052,1896.2011013553438,car,0 days 00:01:02.960000,0 days 02:09:05.076000,11442.0,251.0,6,100.0,False,0,4139.6255555555545,0.7233511233100014
2024-09-01 14:16:49.050,OnTrack,1744.0,3898.0,1896.0,pos,0 days 00:01:03.015000,0 days 02:09:05.131000,11493.2185712,253.0624928,6,100.0,False,0,4143.528166324594,0.7240330588729506
2024-09-01 14:16:49.155,OnTrack,1733.2312814269792,3820.4782815762533,1895.761623213676,car,0 days 00:01:03.120000,0 days 02:09:05.236000,11591.0,257.0,6,100.0,False,0,4151.047777777776,0.7253470229787654
2024-09-01 14:16:49.470,OnTrack,1723.0,3680.0,1895.0,pos,0 days 00:01:03.435000,0 days 02:09:05.551000,11770.375036444444,261.3750008888889,6,100.0,False,0,4173.943620193129,0.7293478035102432
2024-09-01 14:16:49.515,OnTrack,1720.178662792323,3648.235885677082,1894.6360177541771,car,0 days 00:01:03.480000,0 days 02:09:05.596000,11796.0,262.0,6,100.0,False,0,4177.247777777776,0.7299251663824092
2024-09-01 14:16:49.590,OnTrack,1715.0,3592.0,1894.0,pos,0 days 00:01:03.555000,0 days 02:09:05.671000,11323.4995968,263.50000128,6,100.0,False,0,4182.771201075894,0.7308903199678219
2024-09-01 14:16:49.715,OnTrack,1707.7443907263,3510.979629223433,1893.411070726885,car,0 days 00:01:03.680000,0 days 02:09:05.796000,10536.0,266.0,6,100.0,False,0,4192.025555555554,0.7325074101172889
2024-09-01 14:16:49.870,OnTrack,1696.0,3385.0,1893.0,pos,0 days 00:01:03.835000,0 days 02:09:05.951000,10659.0313008,268.9062512,6,100.0,False,0,4203.6046433664405,0.7345307202120074
2024-09-01 14:16:49.875,OnTrack,1695.454825641473,3379.397293087013,1892.9811060553163,car,0 days 00:01:03.840000,0 days 02:09:05.956000,10663.0,269.0,7,100.0,False,0,4203.981111111109,0.7345965035449059
2024-09-01 14:16:50.090,OnTrack,1667.0,3093.0,1892.0,pos,0 days 00:01:04.055000,0 days 02:09:06.171000,10831.928420571428,273.60713874285716,7,100.0,False,0,4220.360788985761,0.7374586605760375
2024-09-01 14:16:50.155,OnTrack,1660.6353340660185,3028.2183487317825,1891.7869300893435,car,0 days 00:01:04.120000,0 days 02:09:06.236000,10883.0,275.0,7,100.0,False,0,4225.369999999999,0.7383339615822319
2024-09-01 14:16:50.436,OnTrack,1649.1181087890393,2901.1491831244352,1891.3993106060032,car,0 days 00:01:04.401000,0 days 02:09:06.517000,11027.0,280.0,7,100.0,False,0,4247.225555555554,0.7421529641585538
2024-09-01 14:16:50.569,OnTrack,1643.0,2831.0,1891.0,pos,0 days 00:01:04.534000,0 days 02:09:06.650000,11060.249984,280.66499968,7,100.0,False,0,4257.5926128320625,0.7439644861007539
2024-09-01 14:16:50.636,OnTrack,1638.7588566020145,2783.3223572807383,1890.6932325991384,car,0 days 00:01:04.601000,0 days 02:09:06.717000,11077.0,281.0,7,100.0,False,0,4262.836666666665,0.744880823141641
2024-09-01 14:16:50.769,OnTrack,1629.0,2675.0,1890.0,pos,0 days 00:01:04.734000,0 days 02:09:06.850000,11175.0874528,283.4937488,7,100.0,False,0,4273.318127305338,0.746712335732614
2024-09-01 14:16:50.796,OnTrack,1627.039098257998,2653.4648636521106,1889.8766078021115,car,0 days 00:01:04.761000,0 days 02:09:06.877000,11195.0,284.0,7,100.0,False,0,4275.4588888888875,0.747086408767824
2024-09-01 14:16:50.949,OnTrack,1616.0,2534.0,1889.0,pos,0 days 00:01:04.914000,0 days 02:09:07.030000,11273.199967288889,286.1249991111111,7,100.0,False,0,4287.676548291885,0.7492213017756026
2024-09-01 14:16:51.109,OnTrack,1604.0,2407.0,1887.0,pos,0 days 00:01:05.074000,0 days 02:09:07.190000,11354.977745066666,288.3472213333333,7,100.0,False,0,4300.5660603665765,0.7514735931756383
2024-09-01 14:16:51.156,OnTrack,1600.522735797205,2369.5423029924846,1886.6013999917552,car,0 days 00:01:05.121000,0 days 02:09:07.237000,11379.0,289.0,7,100.0,False,0,4304.358888888887,0.75213634557566
2024-09-01 14:16:51.409,OnTrack,1582.0,2167.0,1886.0,pos,0 days 00:01:05.374000,0 days 02:09:07.490000,11486.5249728,291.1083328,7,100.0,False,0,4324.831885675538,0.7557137621860274
2024-09-01 14:16:51.516,OnTrack,1573.7937724429075,2080.192725564095,1885.5954678779597,car,0 days 00:01:05.481000,0 days 02:09:07.597000,11532.0,292.0,7,100.0,False,0,4333.558888888887,0.7572387038728507
2024-09-01 14:16:51.569,OnTrack,1570.0,2037.0,1885.0,pos,0 days 00:01:05.534000,0 days 02:09:07.650000,11436.710531733333,292.6624992,7,100.0,False,0,4337.902112259959,0.7579976313318899
2024-09-01 14:16:51.629,OnTrack,1566.0,1988.0,1884.0,pos,0 days 00:01:05.594000,0 days 02:09:07.710000,11328.835531733333,293.4124992,7,100.0,False,0,4342.835373146752,0.7588596609420932
2024-09-01 14:16:51.849,OnTrack,1549.0,1808.0,1884.0,pos,0 days 00:01:05.814000,0 days 02:09:07.930000,10933.293865066667,296.1624992,7,100.0,False,0,4361.058375356243,0.7620439173298783
2024-09-01 14:16:51.996,OnTrack,1537.9678885246399,1687.5941640222006,1882.8500175669055,car,0 days 00:01:05.961000,0 days 02:09:08.077000,10669.0,298.0,8,100.0,False,0,4373.2922222222205,0.7641816389073844
2024-09-01 14:16:52.089,OnTrack,1531.0,1611.0,1882.0,pos,0 days 00:01:06.054000,0 days 02:09:08.170000,10716.164253257142,298.9964278857143,8,100.0,False,0,4381.048278195968,0.7655369189262586
2024-09-01 14:16:52.276,OnTrack,1516.5201782575793,1455.5290523455194,1881.1647809494805,car,0 days 00:01:06.241000,0 days 02:09:08.357000,10811.0,301.0,8,100.0,False,0,4396.703333333332,0.7682724566136939
2024-09-01 14:16:52.309,OnTrack,1514.0,1428.0,1881.0,pos,0 days 00:01:06.274000,0 days 02:09:08.390000,10821.31248,301.4124992,8,100.0,False,0,4399.478756470697,0.7687574293285278
2024-09-01 14:16:52.516,OnTrack,1498.6956341064024,1254.9266158312728,1879.4577683210152,car,0 days 00:01:06.481000,0 days 02:09:08.597000,10886.0,304.0,8,100.0,False,0,4416.969999999998,0.7718138194501003
2024-09-01 14:16:52.629,OnTrack,1490.0,1159.0,1879.0,pos,0 days 00:01:06.594000,0 days 02:09:08.710000,10922.955939036603,305.42138227063856,8,100.0,False,0,4426.565917334162,0.7734905937113717
2024-09-01 14:16:52.675,OnTrack,1486.293929137415,1119.4977027459586,1878.9949672218595,car,0 days 00:01:06.640000,0 days 02:09:08.756000,10938.0,306.0,8,100.0,False,0,4430.484999999999,0.7741754075455296
2024-09-01 14:16:52.729,OnTrack,1482.0,1074.0,1879.0,pos,0 days 00:01:06.694000,0 days 02:09:08.810000,10952.54996551111,306.44999893333335,8,100.0,False,0,4435.096597658506,0.7749812302707415
2024-09-01 14:16:53.035,OnTrack,1458.649040944173,819.641296987991,1877.0870296390667,car,0 days 00:01:07,0 days 02:09:09.116000,11035.0,309.0,8,100.0,False,0,4461.384999999998,0.7795748209490636
2024-09-01 14:16:53.050,OnTrack,1457.0,802.0,1877.0,pos,0 days 00:01:07.015000,0 days 02:09:09.131000,11040.2499328,309.0624992,8,100.0,False,0,4462.67497668626,0.779800229279486
2024-09-01 14:16:53.270,OnTrack,1428.0,494.0,1876.0,pos,0 days 00:01:07.235000,0 days 02:09:09.351000,11117.2500224,309.9791669333333,8,100.0,False,0,4481.619368170608,0.783110540001246
2024-09-01 14:16:53.275,OnTrack,1427.402413821029,487.5660190630964,1875.9702092582563,car,0 days 00:01:07.240000,0 days 02:09:09.356000,11119.0,310.0,8,100.0,False,0,4482.0516666666645,0.7831860791046096
2024-09-01 14:16:53.555,OnTrack,1403.3256854856427,218.31952065185655,1873.589297084709,car,0 days 00:01:07.520000,0 days 02:09:09.636000,11194.0,313.0,8,100.0,False,0,4506.396111111109,0.7874399858889114
2024-09-01 14:16:53.670,OnTrack,1397.0,147.0,1873.0,pos,0 days 00:01:07.635000,0 days 02:09:09.751000,11207.964293485715,313.8214290285714,8,100.0,False,0,4516.437542266594,0.7891946084769887
2024-09-01 14:16:53.835,OnTrack,1390.4136660323816,76.43840231170245,1873.032152542141,car,0 days 00:01:07.800000,0 days 02:09:09.916000,11228.0,315.0,8,100.0,False,0,4530.896111111109,0.791721074186212
2024-09-01 14:16:53.970,OnTrack,1384.0,8.0,1873.0,pos,0 days 00:01:07.935000,0 days 02:09:10.051000,11275.92493184,316.01249856,8,100.0,False,0,4542.792308452749,0.7937997954605659
2024-09-01 14:16:54.235,OnTrack,1362.9888550310586,-222.14020198720414,1871.2575418015488,car,0 days 00:01:08.200000,0 days 02:09:10.316000,11370.0,318.0,8,100.0,False,0,4566.229444444443,0.79789516071021
2024-09-01 14:16:54.270,OnTrack,1360.0,-254.0,1871.0,pos,0 days 00:01:08.235000,0 days 02:09:10.351000,11378.020848,318.0,8,100.0,False,0,4569.3199211075325,0.7984351853418603
2024-09-01 14:16:54.450,OnTrack,1345.0,-412.0,1870.0,pos,0 days 00:01:08.415000,0 days 02:09:10.531000,11419.270789333334,318.0,8,100.0,False,0,4585.214204808582,0.8012125254213107
2024-09-01 14:16:54.475,OnTrack,1342.9898159299503,-434.2146720460863,1869.9694135065993,car,0 days 00:01:08.440000,0 days 02:09:10.556000,11425.0,318.0,8,100.0,False,0,4587.429444444443,0.8015996126246089
2024-09-01 14:16:54.590,OnTrack,1334.0,-536.0,1870.0,pos,0 days 00:01:08.555000,0 days 02:09:10.671000,11435.781256,319.4375008,8,100.0,False,0,4597.649004974843,0.8033853612364557
2024-09-01 14:16:54.635,OnTrack,1330.5955545292245,-573.488811223617,1869.875326736573,car,0 days 00:01:08.600000,0 days 02:09:10.716000,11440.0,320.0,8,100.0,False,0,4601.651666666665,0.8040847795273501
2024-09-01 14:16:54.835,OnTrack,1314.8280671770665,-739.5679931355515,1868.4028613661324,car,0 days 00:01:08.800000,0 days 02:09:10.916000,11440.0,320.0,8,100.0,False,0,4619.429444444443,0.8071912381557769
2024-09-01 14:16:54.890,OnTrack,1309.0,-802.0,1868.0,pos,0 days 00:01:08.855000,0 days 02:09:10.971000,11440.54999808,320.0,8,100.0,False,0,4624.31652505512,0.8080451983031374
2024-09-01 14:16:55.070,OnTrack,1287.0,-1042.0,1867.0,pos,0 days 00:01:09.035000,0 days 02:09:11.151000,11442.35000064,320.0,8,100.0,False,0,4640.307643547487,0.8108394591291953
2024-09-01 14:16:55.235,OnTrack,1277.1818910466795,-1151.4878548388676,1866.6271200753138,car,0 days 00:01:09.200000,0 days 02:09:11.316000,11444.0,320.0,8,100.0,False,0,4654.984999999999,0.8134041554126302
2024-09-01 14:16:55.450,OnTrack,1268.0,-1255.0,1866.0,pos,0 days 00:01:09.415000,0 days 02:09:11.531000,11486.3280872,320.6718744,8,100.0,False,0,4674.152747877543,0.8167534950503512
2024-09-01 14:16:55.555,OnTrack,1257.2408900334976,-1372.8608263711537,1865.14836806939,car,0 days 00:01:09.520000,0 days 02:09:11.636000,11507.0,321.0,8,100.0,False,0,4683.518333333332,0.818390021511255
2024-09-01 14:16:55.690,OnTrack,1242.0,-1539.0,1864.0,pos,0 days 00:01:09.655000,0 days 02:09:11.771000,11486.375029333334,321.0,8,100.0,False,0,4695.556270157224,0.8204935101014758
2024-09-01 14:16:55.915,OnTrack,1227.4018629933944,-1697.249475462509,1863.382910949709,car,0 days 00:01:09.880000,0 days 02:09:11.996000,11452.0,321.0,8,100.0,False,0,4715.618333333332,0.823999120872208
2024-09-01 14:16:56.050,OnTrack,1219.0,-1787.0,1863.0,pos,0 days 00:01:10.015000,0 days 02:09:12.131000,11489.874946133334,321.0,8,100.0,False,0,4727.661301044045,0.8261034885510284
2024-09-01 14:16:56.230,OnTrack,1204.0,-1947.0,1862.0,pos,0 days 00:01:10.195000,0 days 02:09:12.311000,11540.375017955555,321.0,8,100.0,False,0,4743.711793694925,0.8289081243164812
2024-09-01 14:16:56.275,OnTrack,1200.2434133755482,-1987.782794796294,1861.8048666924558,car,0 days 00:01:10.240000,0 days 02:09:12.356000,11553.0,321.0,8,100.0,False,0,4747.718333333332,0.8296082202331609
2024-09-01 14:16:56.435,OnTrack,1187.466795217986,-2129.259303633781,1861.3698008716221,car,0 days 00:01:10.400000,0 days 02:09:12.516000,11478.0,320.0,8,100.0,False,0,4761.940555555556,0.8320933871359025
2024-09-01 14:16:56.530,OnTrack,1180.0,-2212.0,1861.0,pos,0 days 00:01:10.495000,0 days 02:09:12.611000,11438.57507968,319.52500096,8,100.0,False,0,4770.36202613911,0.8335649405710581
2024-09-01 14:16:56.635,OnTrack,1171.6975145641484,-2303.224127470246,1860.3860532155988,car,0 days 00:01:10.600000,0 days 02:09:12.716000,11395.0,319.0,8,100.0,False,0,4779.662777777777,0.8351901380811151
2024-09-01 14:16:56.690,OnTrack,1167.0,-2354.0,1860.0,pos,0 days 00:01:10.655000,0 days 02:09:12.771000,11387.208360533334,319.0,8,100.0,False,0,4784.537928918665,0.8360420136932305
2024-09-01 14:16:56.875,OnTrack,1148.804825955024,-2545.9387260398744,1858.4993058553205,car,0 days 00:01:10.840000,0 days 02:09:12.956000,11361.0,319.0,8,100.0,False,0,4800.929444444444,0.8389062392153707
2024-09-01 14:16:56.950,OnTrack,1142.0,-2618.0,1858.0,pos,0 days 00:01:10.915000,0 days 02:09:13.031000,11356.698250006702,318.6259347831916,8,100.0,False,0,4807.552712632119,0.8400635778246824
2024-09-01 14:16:57.249,OnTrack,1121.0,-2847.0,1857.0,pos,0 days 00:01:11.214000,0 days 02:09:13.330000,11339.548632346914,317.1346636823403,8,100.0,False,0,4833.863281757437,0.844661041889079
2024-09-01 14:16:57.276,OnTrack,1118.9603873384604,-2869.1382576385668,1856.9153367011752,car,0 days 00:01:11.241000,0 days 02:09:13.357000,11338.0,317.0,8,100.0,False,0,4836.239722222222,0.8450762970508349
2024-09-01 14:16:57.509,OnTrack,1100.0,-3075.0,1856.0,pos,0 days 00:01:11.474000,0 days 02:09:13.590000,11298.889296457142,317.0,8,100.0,False,0,4856.759614673259,0.8486619081297738
2024-09-01 14:16:57.556,OnTrack,1096.4699505401961,-3114.5513260452653,1855.7649851757274,car,0 days 00:01:11.521000,0 days 02:09:13.637000,11291.0,317.0,8,100.0,False,0,4860.895277777778,0.8493845668611343
2024-09-01 14:16:57.689,OnTrack,1086.0,-3233.0,1855.0,pos,0 days 00:01:11.654000,0 days 02:09:13.770000,11282.02250432,316.66750016,8,100.0,False,0,4872.585772233564,0.8514273439633515
2024-09-01 14:16:57.956,OnTrack,1055.3730324288501,-3567.379112370517,1853.0926076196565,car,0 days 00:01:11.921000,0 days 02:09:14.037000,11264.0,316.0,8,100.0,False,0,4896.006388888888,0.8555198226522768
2024-09-01 14:16:57.969,OnTrack,1054.0,-3582.0,1853.0,pos,0 days 00:01:11.934000,0 days 02:09:14.050000,11262.64584,315.9458336,8,100.0,False,0,4897.1454586400905,0.8557188617617332
2024-09-01 14:16:58.196,OnTrack,1034.8261082370552,-3779.1898937380315,1851.4909689314206,car,0 days 00:01:12.161000,0 days 02:09:14.277000,11239.0,315.0,8,100.0,False,0,4917.006388888889,0.8591893269071059
2024-09-01 14:16:58.349,OnTrack,1025.0,-3878.0,1851.0,pos,0 days 00:01:12.314000,0 days 02:09:14.430000,11231.828128,314.5218752,8,100.0,False,0,4930.335158046676,0.86151837334216
2024-09-01 14:16:58.516,OnTrack,1015.7203165842138,-3973.815150020318,1851.2317458435436,car,0 days 00:01:12.481000,0 days 02:09:14.597000,11224.0,314.0,8,100.0,False,0,4944.9175,0.8640664669537358
2024-09-01 14:16:58.749,OnTrack,997.0,-4156.0,1851.0,pos,0 days 00:01:12.714000,0 days 02:09:14.830000,11008.4750592,313.35277795555555,8,63.10834346666667,False,0,4965.443933686057,0.8676532210369479
2024-09-01 14:16:58.876,OnTrack,978.6944311797731,-4323.234466318694,1849.3970219825117,car,0 days 00:01:12.841000,0 days 02:09:14.957000,10891.0,313.0,8,43.0,False,0,4976.2175,0.8695357756764095
2024-09-01 14:16:58.989,OnTrack,963.0,-4463.0,1848.0,pos,0 days 00:01:12.954000,0 days 02:09:15.070000,10876.875008,301.7000064,8,27.815633599999998,False,0,4985.359731980845,0.8711332737312831
2024-09-01 14:16:59.196,OnTrack,947.5940243722973,-4588.3176861652555,1847.522970351974,car,0 days 00:01:13.161000,0 days 02:09:15.277000,10851.0,281.0,8,0.0,True,0,5001.195277777778,0.8739003500493491
2024-09-01 14:16:59.369,OnTrack,936.0,-4662.0,1848.0,pos,0 days 00:01:13.334000,0 days 02:09:15.450000,11324.793642197019,262.7437312180965,8,0.0,True,0,5013.751843621184,0.8760944629916547
2024-09-01 14:16:59.395,OnTrack,933.5533577632572,-4677.270673352743,1848.0604800488682,car,0 days 00:01:13.360000,0 days 02:09:15.476000,11396.0,260.0,7,0.0,True,0,5015.5675,0.8764117276967678
2024-09-01 14:16:59.589,OnTrack,911.0,-4812.0,1848.0,pos,0 days 00:01:13.554000,0 days 02:09:15.670000,11411.7624896,244.2375104,7,0.0,True,0,5028.46129793165,0.8786647680001533
2024-09-01 14:16:59.710,OnTrack,896.0,-4889.0,1847.0,pos,0 days 00:01:13.675000,0 days 02:09:15.791000,11421.5937552,234.4062448,7,0.0,True,0,5036.0591408679,0.8799924021421577
2024-09-01 14:16:59.715,OnTrack,895.378893254473,-4892.050171315513,1846.9732191680553,car,0 days 00:01:13.680000,0 days 02:09:15.796000,11422.0,234.0,7,0.0,True,0,5036.367499999999,0.8800462842920268
2024-09-01 14:16:59.970,OnTrack,860.0,-5045.0,1847.0,pos,0 days 00:01:13.935000,0 days 02:09:16.051000,10895.0003968,217.7083456,7,0.0,True,0,5051.516322657994,0.8826933637777012
2024-09-01 14:17:00.075,OnTrack,838.4868911103524,-5117.624800505572,1846.0147493341824,car,0 days 00:01:14.040000,0 days 02:09:16.156000,10678.0,211.0,5,0.0,True,0,5057.4675,0.8837332623766408
2024-09-01 14:17:00.230,OnTrack,805.0,-5221.0,1844.0,pos,0 days 00:01:14.195000,0 days 02:09:16.311000,10395.555438933334,204.11110826666666,5,0.0,True,0,5065.975640356797,0.885219960340448
2024-09-01 14:17:00.435,OnTrack,775.4508037031218,-5306.862439256564,1842.962329755992,car,0 days 00:01:14.400000,0 days 02:09:16.516000,10022.0,195.0,5,0.0,True,0,5076.9675,0.8871406591846963
2024-09-01 14:17:00.595,OnTrack,746.206484291738,-5363.867217716246,1842.992314756746,car,0 days 00:01:14.560000,0 days 02:09:16.676000,9800.0,193.0,5,0.0,True,0,5085.545277777777,0.8886395254729121
2024-09-01 14:17:00.670,OnTrack,721.0,-5404.0,1843.0,pos,0 days 00:01:14.635000,0 days 02:09:16.751000,9759.999965866667,191.1249984,5,13.750011733333332,True,0,5089.487239205629,0.8893283371030013
2024-09-01 14:17:00.835,OnTrack,646.9214781278846,-5511.906065329393,1843.0002317806054,car,0 days 00:01:14.800000,0 days 02:09:16.916000,9672.0,187.0,5,44.0,True,0,5098.0119444444435,0.8908179295860963
2024-09-01 14:17:00.850,OnTrack,641.0,-5520.0,1843.0,pos,0 days 00:01:14.815000,0 days 02:09:16.931000,9675.3749568,186.8928585142857,5,44.3749952,True,0,5098.784504084438,0.8909529253425758
2024-09-01 14:17:01.115,OnTrack,575.8713612474567,-5590.436120665818,1842.9996979316531,car,0 days 00:01:15.080000,0 days 02:09:17.196000,9735.0,185.0,5,51.0,False,0,5112.400833333332,0.8933322195384791
2024-09-01 14:17:01.190,OnTrack,556.0,-5607.0,1843.0,pos,0 days 00:01:15.155000,0 days 02:09:17.271000,9735.803572114286,185.0,5,53.67857371428571,False,0,5116.249517912777,0.8940047321308491
2024-09-01 14:17:01.395,OnTrack,475.2266338233888,-5669.939912913108,1843.0001156410797,car,0 days 00:01:15.360000,0 days 02:09:17.476000,9738.0,185.0,5,61.0,False,0,5126.789722222221,0.895846509490862
2024-09-01 14:17:01.410,OnTrack,467.0,-5675.0,1843.0,pos,0 days 00:01:15.375000,0 days 02:09:17.491000,9754.57478784,185.14999808,5,61.82498944,False,0,5127.5647354935,0.8959819339906956
2024-09-01 14:17:01.595,OnTrack,338.9993470173973,-5738.405371473245,1842.9973907179399,car,0 days 00:01:15.560000,0 days 02:09:17.676000,9959.0,187.0,5,72.0,False,0,5137.17861111111,0.8976618462518487
2024-09-01 14:17:01.690,OnTrack,281.0,-5763.0,1843.0,pos,0 days 00:01:15.655000,0 days 02:09:17.771000,10007.44990208,188.42499712,5,74.3749952,False,0,5142.167593691345,0.8985336125759175
2024-09-01 14:17:01.795,OnTrack,237.12498544413575,-5779.321021466007,1843.0085309021238,car,0 days 00:01:15.760000,0 days 02:09:17.876000,10061.0,190.0,5,77.0,False,0,5147.734166666665,0.8995063060624771
2024-09-01 14:17:02.030,OnTrack,167.0,-5791.0,1843.0,pos,0 days 00:01:15.995000,0 days 02:09:18.111000,10351.078204,193.671876,5,80.671876,False,0,5160.421848855062,0.9017233300517267
2024-09-01 14:17:02.115,OnTrack,124.4020007006576,-5795.7943899579695,1842.9606050482648,car,0 days 00:01:16.080000,0 days 02:09:18.196000,10456.0,195.0,5,82.0,False,0,5165.067499999998,0.902535103225193
2024-09-01 14:17:02.230,OnTrack,58.0,-5801.0,1843.0,pos,0 days 00:01:16.195000,0 days 02:09:18.311000,10584.80007168,197.30000128,5,86.02500224,False,0,5171.390773643882,0.9036400212985588
2024-09-01 14:17:02.315,OnTrack,9.98280172619355,-5801.540357524897,1843.2162203536427,car,0 days 00:01:16.280000,0 days 02:09:18.396000,10680.0,199.0,5,89.0,False,0,5176.123055555554,0.9044669321847459
2024-09-01 14:17:02.475,OnTrack,-78.35657997879485,-5795.055442741489,1843.875775303904,car,0 days 00:01:16.440000,0 days 02:09:18.556000,11065.0,204.0,5,100.0,False,0,5185.189722222221,0.9060512260852435
2024-09-01 14:17:02.550,OnTrack,-120.0,-5789.0,1844.0,pos,0 days 00:01:16.515000,0 days 02:09:18.631000,11157.25007872,204.75000064,5,100.0,False,0,5189.453772746003,0.9067963190157113
2024-09-01 14:17:02.630,OnTrack,-166.0,-5780.0,1844.0,pos,0 days 00:01:16.595000,0 days 02:09:18.711000,11255.65007872,205.55000064,5,100.0,False,0,5194.024203793099,0.9075949483573172
2024-09-01 14:17:02.675,OnTrack,-195.67416116268595,-5772.595873616933,1844.051806453677,car,0 days 00:01:16.640000,0 days 02:09:18.756000,11311.0,206.0,5,100.0,False,0,5196.634166666665,0.9080510088272932
2024-09-01 14:17:02.835,OnTrack,-324.8254475656026,-5731.883696122776,1844.6396417038948,car,0 days 00:01:16.800000,0 days 02:09:18.916000,11368.0,214.0,5,100.0,False,0,5206.145277777776,0.9097129641935014
2024-09-01 14:17:02.950,OnTrack,-415.0,-5697.0,1845.0,pos,0 days 00:01:16.915000,0 days 02:09:19.031000,10890.7497344,217.2343768,5,100.0,False,0,5213.165121449711,0.9109395997279014
2024-09-01 14:17:03.155,OnTrack,-545.5911573943235,-5631.173176793944,1845.0791142848373,car,0 days 00:01:17.120000,0 days 02:09:19.236000,10040.0,223.0,6,100.0,False,0,5225.967499999999,0.9131766655641973
2024-09-01 14:17:03.310,OnTrack,-630.0,-5576.0,1845.0,pos,0 days 00:01:17.275000,0 days 02:09:19.391000,10267.763982933333,226.01389013333335,6,100.0,False,0,5235.798525224824,0.9148945221780937
2024-09-01 14:17:03.510,OnTrack,-732.0,-5496.0,1845.0,pos,0 days 00:01:17.475000,0 days 02:09:19.591000,10561.652871822222,229.90277902222223,6,100.0,False,0,5248.6445125861255,0.9171392081437975
2024-09-01 14:17:03.515,OnTrack,-734.4409357644314,-5493.897899994174,1844.9973276270762,car,0 days 00:01:17.480000,0 days 02:09:19.596000,10569.0,230.0,6,100.0,False,0,5248.967499999999,0.9171956464147243
2024-09-01 14:17:03.610,OnTrack,-780.0,-5453.0,1845.0,pos,0 days 00:01:17.575000,0 days 02:09:19.691000,10675.801068840177,232.36024461525253,6,100.0,False,0,5255.121826864763,0.9182710430154795
2024-09-01 14:17:03.676,OnTrack,-811.3138588226714,-5423.250802704877,1845.301728062866,car,0 days 00:01:17.641000,0 days 02:09:19.757000,10750.0,234.0,6,100.0,False,0,5259.432499999999,0.9190242827017141
2024-09-01 14:17:03.789,OnTrack,-864.0,-5370.0,1846.0,pos,0 days 00:01:17.754000,0 days 02:09:19.870000,10847.17994496,236.8249984,6,100.0,False,0,5266.901685818048,0.9203294355178778
2024-09-01 14:17:03.876,OnTrack,-903.105510510027,-5327.432172233956,1846.0779861551257,car,0 days 00:01:17.841000,0 days 02:09:19.957000,10922.0,239.0,6,100.0,False,0,5272.710277777776,0.9213444189898202
2024-09-01 14:17:03.989,OnTrack,-952.0,-5270.0,1846.0,pos,0 days 00:01:17.954000,0 days 02:09:20.070000,10986.40996352,241.25999872,6,100.0,False,0,5280.310855177076,0.9226725309472433
2024-09-01 14:17:04.076,OnTrack,-988.2145784735484,-5224.009999887745,1846.2339834006261,car,0 days 00:01:18.041000,0 days 02:09:20.157000,11036.0,243.0,6,100.0,False,0,5286.210277777776,0.9237033860107817
2024-09-01 14:17:04.229,OnTrack,-1049.0,-5139.0,1847.0,pos,0 days 00:01:18.194000,0 days 02:09:20.310000,11123.337463466667,245.54999893333334,6,100.0,False,0,5296.690296814364,0.9255346466986601
2024-09-01 14:17:04.316,OnTrack,-1082.0099919895652,-5087.986931892876,1847.4038032524666,car,0 days 00:01:18.281000,0 days 02:09:20.397000,11173.0,247.0,6,100.0,False,0,5302.6769444444435,0.926580743315362
2024-09-01 14:17:04.516,OnTrack,-1151.8957000692212,-4968.441839239813,1847.9961526685925,car,0 days 00:01:18.481000,0 days 02:09:20.597000,11348.0,249.0,6,100.0,False,0,5316.510277777776,0.9289979564356063
2024-09-01 14:17:04.529,OnTrack,-1156.0,-4961.0,1848.0,pos,0 days 00:01:18.494000,0 days 02:09:20.610000,11363.031176,249.4874976,6,100.0,False,0,5317.422023085224,0.9291572732587017
2024-09-01 14:17:04.676,OnTrack,-1202.0656313201746,-4870.8423783154385,1847.9545200038788,car,0 days 00:01:18.641000,0 days 02:09:20.757000,11533.0,255.0,6,100.0,False,0,5327.84361111111,0.9309783238112285
2024-09-01 14:17:04.689,OnTrack,-1207.0,-4860.0,1848.0,pos,0 days 00:01:18.654000,0 days 02:09:20.770000,11536.5749824,255.2437488,6,100.0,False,0,5328.770593840651,0.9311403031955239
2024-09-01 14:17:04.836,OnTrack,-1275.7276630154668,-4696.57863106078,1849.3228656275433,car,0 days 00:01:18.801000,0 days 02:09:20.917000,11577.0,258.0,6,100.0,False,0,5339.310277777776,0.9329819896265635
2024-09-01 14:17:04.909,OnTrack,-1306.0,-4621.0,1850.0,pos,0 days 00:01:18.874000,0 days 02:09:20.990000,11411.3813952,259.3687488,6,100.0,False,0,5344.606232879035,0.9339073958064423
2024-09-01 14:17:05.156,OnTrack,-1349.6948264123018,-4497.579003339769,1850.7073809358053,car,0 days 00:01:19.121000,0 days 02:09:21.237000,10851.0,264.0,6,100.0,False,0,5362.776944444442,0.9370825150160867
2024-09-01 14:17:05.329,OnTrack,-1368.0,-4425.0,1851.0,pos,0 days 00:01:19.294000,0 days 02:09:21.410000,10678.720897066667,266.1624992,6,100.0,False,0,5375.597617590908,0.9393227776189786
2024-09-01 14:17:05.396,OnTrack,-1379.4022616736838,-4381.7782455689285,1851.2798630298576,car,0 days 00:01:19.361000,0 days 02:09:21.477000,10612.0,267.0,7,100.0,False,0,5380.576944444443,0.9401928567177991
2024-09-01 14:17:05.529,OnTrack,-1405.0,-4281.0,1852.0,pos,0 days 00:01:19.494000,0 days 02:09:21.610000,10707.09495424,268.32999936,7,100.0,False,0,5390.486070855327,0.9419243606000075
2024-09-01 14:17:05.596,OnTrack,-1416.1286847236345,-4230.515473800086,1852.3590341462586,car,0 days 00:01:19.561000,0 days 02:09:21.677000,10755.0,269.0,7,100.0,False,0,5395.521388888887,0.9428042235023201
2024-09-01 14:17:05.729,OnTrack,-1435.0,-4133.0,1853.0,pos,0 days 00:01:19.694000,0 days 02:09:21.810000,10842.281208,273.156248,7,100.0,False,0,5405.634569894749,0.9445713835371233
2024-09-01 14:17:05.756,OnTrack,-1438.4914365400757,-4113.9008947367765,1853.1055417265436,car,0 days 00:01:19.721000,0 days 02:09:21.837000,10860.0,274.0,7,100.0,False,0,5407.699166666665,0.9449321476627925
2024-09-01 14:17:05.989,OnTrack,-1465.0,-3935.0,1854.0,pos,0 days 00:01:19.954000,0 days 02:09:22.070000,10937.389264457142,276.4964278857143,7,100.0,False,0,5425.615262005626,0.948062775666423
2024-09-01 14:17:06.036,OnTrack,-1469.9568697747773,-3885.3363339939533,1854.3267042588818,car,0 days 00:01:20.001000,0 days 02:09:22.117000,10953.0,277.0,7,100.0,False,0,5429.24361111111,0.9486967872131172
2024-09-01 14:17:06.195,OnTrack,-1485.2517567783095,-3693.120584434656,1855.696987789734,car,0 days 00:01:20.160000,0 days 02:09:22.276000,11073.0,279.0,7,100.0,False,0,5441.566111111109,0.9508499998883614
2024-09-01 14:17:06.250,OnTrack,-1489.0,-3640.0,1856.0,pos,0 days 00:01:20.215000,0 days 02:09:22.331000,11103.2498944,280.3749952,7,100.0,False,0,5445.871071568442,0.9516022413509829
2024-09-01 14:17:06.355,OnTrack,-1493.4772498704433,-3568.0617583501817,1856.2090485028025,car,0 days 00:01:20.320000,0 days 02:09:22.436000,11161.0,283.0,7,100.0,False,0,5454.143888888887,0.9530478193679732
2024-09-01 14:17:06.555,OnTrack,-1495.584950775626,-3486.8274391276864,1855.946970324572,car,0 days 00:01:20.520000,0 days 02:09:22.636000,11288.0,285.0,7,100.0,False,0,5469.977222222221,0.9558145090839159
2024-09-01 14:17:06.590,OnTrack,-1496.0,-3466.0,1856.0,pos,0 days 00:01:20.555000,0 days 02:09:22.671000,11291.7187568,285.0,7,100.0,False,0,5472.746066982403,0.9562983323043183
2024-09-01 14:17:06.715,OnTrack,-1497.9051172404943,-3370.7502356220316,1856.4934022466025,car,0 days 00:01:20.680000,0 days 02:09:22.796000,11305.0,285.0,7,100.0,False,0,5482.643888888887,0.9580278608566698
2024-09-01 14:17:06.810,OnTrack,-1499.0,-3290.0,1857.0,pos,0 days 00:01:20.775000,0 days 02:09:22.891000,11358.267749485714,286.3571401142857,7,100.0,False,0,5490.222717086495,0.9593521723956099
2024-09-01 14:17:06.995,OnTrack,-1499.032139413184,-3140.314119092437,1857.930752657713,car,0 days 00:01:20.960000,0 days 02:09:23.076000,11462.0,289.0,7,100.0,False,0,5505.121666666665,0.9619555894849868
2024-09-01 14:17:07.010,OnTrack,-1499.0,-3129.0,1858.0,pos,0 days 00:01:20.975000,0 days 02:09:23.091000,11457.20006144,289.29999616,7,100.0,False,0,5506.336571685435,0.9621678799200148
2024-09-01 14:17:07.195,OnTrack,-1498.2006748669344,-2983.3805727926756,1858.8944701194912,car,0 days 00:01:21.160000,0 days 02:09:23.276000,11398.0,293.0,7,100.0,False,0,5521.399444444443,0.9647999406666401
2024-09-01 14:17:07.210,OnTrack,-1498.0,-2967.0,1859.0,pos,0 days 00:01:21.175000,0 days 02:09:23.291000,11371.41284032,293.14999808,7,100.0,False,0,5522.626363959473,0.965014330494294
2024-09-01 14:17:07.430,OnTrack,-1493.0,-2671.0,1861.0,pos,0 days 00:01:21.395000,0 days 02:09:23.511000,10981.46238656,295.35000064,7,100.0,False,0,5540.713713698362,0.9681748832002671
2024-09-01 14:17:07.595,OnTrack,-1490.5962269189745,-2572.3272561125023,1861.8266136407037,car,0 days 00:01:21.560000,0 days 02:09:23.676000,10689.0,297.0,8,100.0,False,0,5554.399444444444,0.9705663044956573
2024-09-01 14:17:07.755,OnTrack,-1488.3156321607912,-2514.3549587165535,1862.0053510535163,car,0 days 00:01:21.720000,0 days 02:09:23.836000,10804.0,301.0,8,100.0,False,0,5567.777222222222,0.9729039146135483
2024-09-01 14:17:07.770,OnTrack,-1488.0,-2505.0,1862.0,pos,0 days 00:01:21.735000,0 days 02:09:23.851000,10807.12496,301.16666453333335,8,100.0,False,0,5569.037925264536,0.9731242077172554
2024-09-01 14:17:07.950,OnTrack,-1483.0,-2354.0,1862.0,pos,0 days 00:01:21.915000,0 days 02:09:24.031000,10844.625013333334,303.1666673777778,8,100.0,False,0,5584.259074686277,0.9757839254585157
2024-09-01 14:17:08.115,OnTrack,-1477.148254287409,-2214.038347644693,1863.5368770395407,car,0 days 00:01:22.080000,0 days 02:09:24.196000,10879.0,305.0,8,100.0,False,0,5598.277222222222,0.9782334326979428
2024-09-01 14:17:08.170,OnTrack,-1475.0,-2168.0,1864.0,pos,0 days 00:01:22.135000,0 days 02:09:24.251000,10897.97493376,305.27499904,8,100.0,False,0,5602.949642815639,0.9790498835192711
2024-09-01 14:17:08.315,OnTrack,-1468.9181986460778,-2045.8258827786647,1864.5236275896355,car,0 days 00:01:22.280000,0 days 02:09:24.396000,10948.0,306.0,8,100.0,False,0,5615.277222222222,0.9812039837613759
2024-09-01 14:17:08.450,OnTrack,-1463.0,-1931.0,1865.0,pos,0 days 00:01:22.415000,0 days 02:09:24.531000,11000.124925866667,306.74999893333336,8,100.0,False,0,5626.789605426064,0.9832156380066005
2024-09-01 14:17:08.670,OnTrack,-1453.0,-1743.0,1867.0,pos,0 days 00:01:22.635000,0 days 02:09:24.751000,11085.069469155556,307.97222257777776,8,100.0,False,0,5645.646850282528,0.986510720874941
2024-09-01 14:17:08.675,OnTrack,-1452.7460768759174,-1738.7940002504586,1867.0358572834314,car,0 days 00:01:22.640000,0 days 02:09:24.756000,11087.0,308.0,8,100.0,False,0,5646.077222222222,0.9865859233351251
2024-09-01 14:17:08.875,OnTrack,-1441.280221176067,-1569.607077688607,1867.874879329793,car,0 days 00:01:22.840000,0 days 02:09:24.956000,11153.0,311.0,8,100.0,False,0,5663.3550000000005,0.9896050128146273
2024-09-01 14:17:08.910,OnTrack,-1439.0,-1537.0,1868.0,pos,0 days 00:01:22.875000,0 days 02:09:24.991000,11160.0000128,311.2916672,8,100.0,False,0,5666.389326982998,0.9901352259467536
2024-09-01 14:17:09.115,OnTrack,-1424.4134173482475,-1327.0598132464274,1868.8607903419706,car,0 days 00:01:23.080000,0 days 02:09:25.196000,11201.0,313.0,8,100.0,False,0,5684.221666666666,0.9932512186297431
2024-09-01 14:17:09.150,OnTrack,-1422.0,-1293.0,1869.0,pos,0 days 00:01:23.115000,0 days 02:09:25.231000,11211.2613824,313.2386368,8,100.0,False,0,5687.276506606322,0.9937850161609996
2024-09-01 14:17:09.490,OnTrack,-1402.0,-1029.0,1870.0,pos,0 days 00:01:23.455000,0 days 02:09:25.571000,11310.943125527272,315.55681687272727,8,100.0,False,0,5717.108416628304,0.9989977933398254
2024-09-01 14:17:09.555,OnTrack,-1398.8876606951885,-992.3351230923536,1870.118433393056,car,0 days 00:01:23.520000,0 days 02:09:25.636000,11330.0,316.0,8,100.0,False,0,5722.843888888889,1.0
