t,driver,x,y
0,ALB,-1366.0,-591.0
1,ALB,-1347.0,-363.0
2,ALB,-1328.0,-152.0
3,ALB,-1307.0,78.0
4,ALB,-1293.0,238.0
5,ALB,-1276.0,434.0
6,ALB,-1261.0,613.0
7,ALB,-1241.5305496191468,833.4793477069534
8,ALB,-1223.567599803306,1049.7062613604746
9,ALB,-1210.998563827112,1194.5736133255568
10,ALB,-1191.610650104746,1411.5848565616152
11,ALB,-1164.8664088227097,1724.0894458371347
12,ALB,-1148.5937979310972,1912.4908508601416
13,ALB,-1120.8989081317125,2232.3461893168032
14,ALB,-1096.0,2529.0
15,ALB,-1081.242121572514,2700.3005974749626
16,ALB,-1065.2437588606101,2884.515722360573
17,ALB,-1048.0,3080.0
18,ALB,-1013.0,3486.0
19,ALB,-1003.3314603101528,3596.6469030923927
20,ALB,-992.0,3726.0
21,ALB,-965.0,4040.0
22,ALB,-943.2381674442015,4297.218935294244
23,ALB,-913.0,4651.0
24,ALB,-897.0,4836.0
25,ALB,-879.7073447287238,5028.826713332852
26,ALB,-854.4492616977515,5323.8388833712615
27,ALB,-825.0,5671.0
28,ALB,-800.969562941553,5951.683615485029
29,ALB,-786.3760162553477,6128.715792910944
30,ALB,-766.0,6359.0
31,ALB,-737.0,6709.0
32,ALB,-717.0,6951.0
33,ALB,-703.0,7112.0
34,ALB,-681.4760912567514,7368.982884835618
35,ALB,-672.8004047535751,7473.713105303763
36,ALB,-658.0,7653.0
37,ALB,-650.0,7742.0
38,ALB,-639.99091088488,7844.361630567084
39,ALB,-628.718089723761,7938.137329868451
40,ALB,-610.1091059804173,8035.276924974004
41,ALB,-591.0,8099.0
42,ALB,-557.0,8174.0
43,ALB,-507.0,8240.0
44,ALB,-486.0,8259.0
45,ALB,-444.0,8285.0
46,ALB,-376.0,8307.0
47,ALB,-320.0,8317.0
48,ALB,-291.0,8323.0
49,ALB,-233.0,8346.0
50,ALB,-175.14582359770196,8401.116031088233
51,ALB,-157.0,8450.0
52,ALB,-152.0,8472.0
53,ALB,-143.86341903757665,8525.279774146626
54,ALB,-141.0,8565.0
55,ALB,-142.0,8596.0
56,ALB,-146.0,8653.0
57,ALB,-150.0,8678.0
58,ALB,-160.98613152992291,8738.294328660475
59,ALB,-174.0,8796.0
60,ALB,-194.86867817070754,8871.926882555592
61,ALB,-208.0,8923.0
62,ALB,-226.0,8990.0
63,ALB,-251.73940058039597,9085.78500216295
64,ALB,-278.49727035258275,9191.092166243137
65,ALB,-310.0,9320.0
66,ALB,-327.0,9392.0
67,ALB,-349.0,9494.0
68,ALB,-376.0,9634.0
69,ALB,-400.0,9795.0
70,ALB,-411.62012055187824,9914.425911575316
71,ALB,-422.0,10085.0
72,ALB,-425.0,10205.0
73,ALB,-426.0,10461.0
74,ALB,-424.0,10566.0
75,ALB,-409.0,10879.0
76,ALB,-392.56978914934416,11073.152378643463
77,ALB,-359.71085007552637,11356.524256763018
78,ALB,-319.0,11593.0
79,ALB,-256.0,11858.0
80,ALB,-136.02095134092986,12205.108985902272
81,ALB,-47.0,12409.0
82,ALB,56.0,12606.0
83,ALB,156.0,12769.0
84,ALB,337.95914240490566,13014.73599845573
85,ALB,448.6218464452082,13147.644540543442
86,ALB,545.149520735858,13243.10160572243
87,ALB,758.0,13435.0
88,ALB,1000.1766114709746,13615.76524633031
89,ALB,1100.9752141522713,13686.655703933937
90,ALB,1269.195603932741,13781.957114010582
91,ALB,1522.8000676140864,13913.16709966166
92,ALB,1716.0,13995.0
93,ALB,1894.0111108744613,14058.61124113561
94,ALB,2045.495924175565,14110.49251105788
95,ALB,2275.0,14167.0
96,ALB,2496.0,14212.0
97,ALB,3276.0,14321.0
98,ALB,3458.0421163599676,14336.167612582592
99,ALB,3664.0,14353.0
100,ALB,3969.2785639744216,14378.907609932428
101,ALB,4243.0,14402.0
102,ALB,4494.668613187408,14420.165753521487
103,ALB,4630.0,14429.0
104,ALB,4770.0,14437.0
105,ALB,4980.0,14449.0
106,ALB,5207.0,14460.0
107,ALB,5405.2971395492605,14468.246514387094
108,ALB,5769.829486671635,14482.321327351105
109,ALB,5841.0,14485.0
110,ALB,6087.782964354725,14493.683845212201
111,ALB,6316.714773362623,14501.742424865048
112,ALB,6466.312807674983,14516.952562565508
113,ALB,6583.159697999186,14533.814397901795
114,ALB,6641.0,14555.0
115,ALB,6701.961338662876,14577.100527466182
116,ALB,6790.0,14620.0
117,ALB,6855.0,14673.0
118,ALB,6869.774121660087,14690.702585009116
119,ALB,6903.0,14747.0
120,ALB,6949.0,14843.0
121,ALB,7012.0,14927.0
122,ALB,7030.0,14945.0
123,ALB,7107.0,15004.0
124,ALB,7176.0,15042.0
125,ALB,7269.219116850924,15081.656663598182
126,ALB,7345.245774290634,15103.764716264308
127,ALB,7462.293933649587,15132.298493145554
128,ALB,7587.652484388808,15155.34067448417
129,ALB,7700.0,15175.0
130,ALB,7747.0,15184.0
131,ALB,7959.146946460717,15234.077805839159
132,ALB,8159.361100156879,15295.212796646643
133,ALB,8260.0,15326.0
134,ALB,8364.918330715478,15357.923129087381
135,ALB,8542.602794945198,15417.713868155983
136,ALB,8649.752965038044,15457.583506734016
137,ALB,8925.910865290307,15566.380917234723
138,ALB,9033.925214772764,15606.484474326624
139,ALB,9243.681830187208,15679.82617140464
140,ALB,9421.0,15739.0
141,ALB,9526.0,15774.0
142,ALB,9605.0,15800.0
143,ALB,9818.958351994757,15858.616064373522
144,ALB,10016.865252835229,15885.032348982306
145,ALB,10218.767937905632,15864.3964210423
146,ALB,10319.0,15837.0
147,ALB,10424.0,15793.0
148,ALB,10535.0,15724.0
149,ALB,10692.0,15573.0
150,ALB,10722.0,15532.0
151,ALB,10780.0,15435.0
152,ALB,10819.0,15348.0
153,ALB,10881.79668606391,15132.502688315613
154,ALB,10910.591064700177,14985.774253587282
155,ALB,10924.0,14882.0
156,ALB,10946.0,14662.0
157,ALB,10952.0,14599.0
158,ALB,10964.853207114991,14419.29763087046
159,ALB,10975.0,14266.0
160,ALB,10989.942736804209,14038.718442234265
161,ALB,11005.677912083607,13848.13079491129
162,ALB,11017.155093788733,13719.469953533699
163,ALB,11038.799749554042,13495.847721800577
164,ALB,11054.145759525261,13336.107043838514
165,ALB,11063.624700733231,13206.76775660753
166,ALB,11065.99927819426,13104.137564543571
167,ALB,11058.565557764969,12908.602783971963
168,ALB,11032.688715126744,12797.445523388462
169,ALB,10965.0,12642.0
170,ALB,10739.0,12410.0
171,ALB,10586.653217691002,12316.908044507623
172,ALB,10488.0,12264.0
173,ALB,10349.28661066004,12193.66137233981
174,ALB,10260.0,12149.0
175,ALB,10163.278639703029,12099.813867508237
176,ALB,10060.545329647552,12047.257577273738
177,ALB,9874.0,11948.0
178,ALB,9765.437046761735,11888.33499533518
179,ALB,9622.0,11812.0
180,ALB,9404.0,11695.0
181,ALB,9282.0,11628.0
182,ALB,9158.0,11558.0
183,ALB,9046.0,11493.0
184,ALB,8933.0,11429.0
185,ALB,8727.0,11311.0
186,ALB,8507.847362548342,11189.423245683112
187,ALB,8334.776447418724,11092.654964827572
188,ALB,8151.0,10987.0
189,ALB,8001.0,10900.0
190,ALB,7796.0,10777.0
191,ALB,7674.0,10699.0
192,ALB,7553.0,10617.0
193,ALB,7418.0,10519.0
194,ALB,7245.569308570661,10382.290341840318
195,ALB,7043.0,10216.0
196,ALB,6939.0,10132.0
197,ALB,6670.0,9899.0
198,ALB,6404.714721485838,9668.86680344781
199,ALB,6308.131606652092,9584.073572740468
200,ALB,6190.670957810365,9481.911234478139
201,ALB,6027.492858908471,9340.81196767678
202,ALB,5860.0,9195.0
203,ALB,5634.0,8998.0
204,ALB,5513.0,8894.0
205,ALB,5263.5302643492705,8677.437818180075
206,ALB,5069.734965292916,8507.953008848423
207,ALB,4956.246790922246,8409.464772310144
208,ALB,4822.639588604716,8293.68035420203
209,ALB,4713.57415516615,8199.022412679811
210,ALB,4524.99243187547,8034.6576805733
211,ALB,4382.312490491313,7910.1295271321205
212,ALB,4150.089158316849,7708.608411402855
213,ALB,3930.9255330933674,7518.460966432675
214,ALB,3729.0,7343.0
215,ALB,3591.0,7223.0
216,ALB,3426.0,7080.0
217,ALB,3235.0,6913.0
218,ALB,3141.9806062069792,6832.919025323584
219,ALB,2925.0,6641.0
220,ALB,2792.0,6517.0
221,ALB,2721.566760914938,6444.368987227631
222,ALB,2644.8169439580474,6346.827085728732
223,ALB,2566.936370993134,6179.0279976074735
224,ALB,2551.584001826851,6082.446553677188
225,ALB,2545.937114508587,5997.619889768874
226,ALB,2544.66300501937,5738.471808710834
227,ALB,2539.319991787875,5567.486149791992
228,ALB,2532.0,5503.0
229,ALB,2461.1218002264295,5234.41768472156
230,ALB,2394.0,5083.0
231,ALB,2325.0,4972.0
232,ALB,2168.650105739242,4788.505719146265
233,ALB,2096.106918371981,4714.906143882266
234,ALB,1911.0,4485.0
235,ALB,1843.0,4339.0
236,ALB,1776.0,4093.0
237,ALB,1732.0,3780.0
238,ALB,1708.0660320874938,3515.470361396846
239,ALB,1700.045300969498,3426.6662232100352
240,ALB,1685.7693817831778,3283.0956563149934
241,ALB,1666.7641683700576,3093.7915378299485
242,ALB,1650.4703581956978,2912.7765274163894
243,ALB,1639.5353085311706,2788.7512511592904
244,ALB,1618.4597535435726,2555.838896888614
245,ALB,1585.728624475505,2200.507030268221
246,ALB,1576.0,2094.0
247,ALB,1562.0,1947.0
248,ALB,1548.0,1800.0
249,ALB,1532.0,1618.0
250,ALB,1504.0,1319.0
251,ALB,1476.0,1016.0
252,ALB,1466.496025243111,908.851856300231
253,ALB,1447.0,692.0
254,ALB,1415.0,348.0
255,ALB,1399.0,175.0
256,ALB,1383.0,1.0
257,ALB,1362.0,-225.0
258,ALB,1338.9757244823188,-482.73587357689496
259,ALB,1322.3693229500218,-662.9321308329553
260,ALB,1285.0,-1068.0
261,ALB,1271.1761585036338,-1215.3120202717098
262,ALB,1257.0,-1371.0
263,ALB,1230.2740236932118,-1665.9456816720144
264,ALB,1210.9617394028119,-1870.1629754924143
265,ALB,1193.0,-2073.0
266,ALB,1178.0,-2235.0
267,ALB,1155.4246912276524,-2477.3493319581125
268,ALB,1126.0,-2798.0
269,ALB,1107.0,-2998.0
270,ALB,1076.0,-3344.0
271,ALB,1057.0,-3545.0
272,ALB,1033.0,-3801.0
273,ALB,1009.0,-4039.0
274,ALB,988.876928995854,-4232.80367811976
275,ALB,952.0852054828747,-4549.405311256084
276,ALB,920.8298751689376,-4757.167455919031
277,ALB,898.6273548113,-4873.8701987157565
278,ALB,830.0,-5148.0
279,ALB,774.9237167801881,-5296.068313628942
280,ALB,732.8158386217101,-5387.663277771371
281,ALB,681.0406743082195,-5458.484615046265
282,ALB,562.0,-5601.0
283,ALB,501.0,-5651.0
284,ALB,324.0,-5748.0
285,ALB,223.4774911945758,-5779.423679229056
286,ALB,76.0,-5800.0
287,ALB,-139.0,-5786.0
288,ALB,-215.0,-5769.0
289,ALB,-422.0,-5695.0
290,ALB,-563.0,-5619.0
291,ALB,-653.0,-5557.0
292,ALB,-769.0,-5463.0
293,ALB,-868.0,-5365.0
294,ALB,-996.0947216492336,-5213.050987417363
295,ALB,-1071.8278455031802,-5102.793376933532
296,ALB,-1151.5476481143503,-4969.071483983906
297,ALB,-1280.0,-4689.0
298,ALB,-1360.2622217988162,-4454.866358926181
299,ALB,-1389.0,-4345.0
300,ALB,-1413.0,-4245.0
301,ALB,-1456.338837357081,-4004.2041943937948
302,ALB,-1473.6684236431774,-3853.006525753589
303,ALB,-1487.03781060136,-3672.4011926812664
304,ALB,-1495.1683864722672,-3453.710755544639
305,ALB,-1499.087380813455,-3234.4440156113724
306,ALB,-1498.7305809690342,-3039.6021484071757
307,ALB,-1494.9378407901318,-2776.1709202439138
308,ALB,-1491.3097832989642,-2614.459231700203
309,ALB,-1487.062849379065,-2457.248130700887
310,ALB,-1471.712924611572,-2093.5579737050984
311,ALB,-1458.5761547687518,-1844.9277398934419
312,ALB,-1449.7465399532425,-1693.7282887108377
313,ALB,-1430.0,-1407.0
314,ALB,-1418.0,-1241.0
315,ALB,-1396.3166098953384,-956.9397580280333
316,ALB,-1389.0436794563052,-861.027191431106
0,ALO,-1362.0,-544.0
1,ALO,-1333.9752642229544,-219.99473738534186
2,ALO,-1317.9766870425833,-39.54784101311967
3,ALO,-1287.0,302.0
4,ALO,-1281.0,375.0
5,ALO,-1268.0,522.0
6,ALO,-1249.0,743.0
7,ALO,-1216.0,1133.0
8,ALO,-1202.9323499046432,1278.9615924835534
9,ALO,-1187.9607687487505,1453.3580787970088
10,ALO,-1169.0,1677.0
11,ALO,-1117.0,2282.0
12,ALO,-1102.49793303664,2452.525253731358
13,ALO,-1077.9555355754007,2734.266939659373
14,ALO,-1058.7117601164846,2953.1680280705236
15,ALO,-1028.288105610888,3305.9841684729818
16,ALO,-1011.3623510824896,3508.0297433972537
17,ALO,-995.8222987556355,3688.978330511499
18,ALO,-976.6822048481084,3910.2946047097103
19,ALO,-954.4713668232532,4167.400067275214
20,ALO,-915.0,4623.0
21,ALO,-892.5947127445195,4876.120200101193
22,ALO,-876.2106301400078,5080.660816710944
23,ALO,-864.0,5216.0
24,ALO,-845.4403302201558,5426.851685766645
25,ALO,-829.5538435133703,5617.425980990027
26,ALO,-810.0,5839.0
27,ALO,-781.0,6190.0
28,ALO,-770.0,6321.0
29,ALO,-747.797500452215,6579.974850741852
30,ALO,-725.1496888830831,6850.829238248914
31,ALO,-706.4054950715542,7071.299781515658
32,ALO,-692.0,7250.0
33,ALO,-680.636951586848,7386.873278261924
34,ALO,-654.3565778135782,7688.001921808091
35,ALO,-642.7105114692888,7823.622209993868
36,ALO,-631.8804787278391,7911.649576306633
37,ALO,-617.5907214597094,8006.7251014467565
38,ALO,-608.6991757830464,8040.083293118984
39,ALO,-590.6556698939547,8100.7146547853545
40,ALO,-567.0449814061562,8157.751711465071
41,ALO,-524.0,8221.0
42,ALO,-478.0,8265.0
43,ALO,-419.0,8295.0
44,ALO,-377.735588386188,8306.963694515505
45,ALO,-286.32090914595716,8325.721450407491
46,ALO,-245.77010471813205,8335.433321275996
47,ALO,-221.0,8354.0
48,ALO,-177.0,8402.0
49,ALO,-157.0,8451.0
50,ALO,-145.86379324510816,8506.297975105925
51,ALO,-141.95067213914317,8545.805079102063
52,ALO,-161.0,8740.0
53,ALO,-169.2082630861945,8775.686707267074
54,ALO,-195.51044257981746,8876.833633530772
55,ALO,-213.02941339322484,8943.20621818561
56,ALO,-224.91299463890553,8986.056973746632
57,ALO,-271.0,9161.0
58,ALO,-290.0,9237.0
59,ALO,-311.0,9325.0
60,ALO,-331.0,9411.0
61,ALO,-355.0,9520.0
62,ALO,-374.0,9624.0
63,ALO,-388.0,9711.0
64,ALO,-403.5973578404464,9825.85521446231
65,ALO,-417.1301604036057,9986.145010521046
66,ALO,-423.0,10133.0
67,ALO,-427.0,10334.0
68,ALO,-424.3899221861243,10529.45776801995
69,ALO,-419.1659804544993,10694.11910327599
70,ALO,-412.7405813926546,10826.354237929167
71,ALO,-385.0,11152.0
72,ALO,-365.36209445337954,11311.248323603344
73,ALO,-347.0,11441.0
74,ALO,-311.0419446891031,11633.731815422754
75,ALO,-275.9244719362643,11781.545748815359
76,ALO,-225.7929544048278,11958.677632814097
77,ALO,-172.0,12116.0
78,ALO,-87.50322355282921,12321.095310564053
79,ALO,-5.040662193679918,12498.991361497361
80,ALO,163.0,12780.0
81,ALO,305.0,12977.0
82,ALO,387.0,13078.0
83,ALO,618.0,13314.0
84,ALO,717.0,13402.0
85,ALO,984.0,13605.0
86,ALO,1139.0,13706.0
87,ALO,1380.8451058544542,13842.046298526919
88,ALO,1602.679610663475,13947.621840915059
89,ALO,1741.0,14006.0
90,ALO,1919.0,14070.0
91,ALO,2087.215908778642,14120.583063001424
92,ALO,2318.201141526559,14177.317311222208
93,ALO,2508.0,14215.0
94,ALO,2860.0297776197867,14272.97163529809
95,ALO,3269.2346124961496,14319.834119227082
96,ALO,3464.3599649408366,14337.808575057194
97,ALO,3603.655817498619,14348.241265925179
98,ALO,3885.0,14372.0
99,ALO,4035.8215380951933,14383.763050455636
100,ALO,4138.0,14394.0
101,ALO,4334.477877144203,14409.583201676973
102,ALO,4732.56496744877,14434.875317087492
103,ALO,4906.9962485930955,14444.999209760233
104,ALO,5149.0,14457.0
105,ALO,5342.858450657068,14465.488999583506
106,ALO,5747.118696091962,14481.43550588615
107,ALO,5951.661192081738,14488.71554279135
108,ALO,6072.0,14493.0
109,ALO,6198.0,14498.0
110,ALO,6359.0,14505.0
111,ALO,6483.0,14518.0
112,ALO,6587.0,14540.0
113,ALO,6681.820289261489,14569.007223692448
114,ALO,6749.164980024295,14597.081801179243
115,ALO,6785.368440392938,14617.650391344745
116,ALO,6837.938005829918,14657.124093472627
117,ALO,6896.0,14732.0
118,ALO,6933.0,14812.0
119,ALO,6957.389765469956,14858.80014864024
120,ALO,7032.689462438459,14943.874207357956
121,ALO,7110.837484340071,15010.825412541972
122,ALO,7163.0,15036.0
123,ALO,7283.0,15086.0
124,ALO,7391.0,15116.0
125,ALO,7518.0,15143.0
126,ALO,7736.0,15182.0
127,ALO,7848.0,15206.0
128,ALO,8032.708833969388,15254.43893049352
129,ALO,8087.0,15273.0
130,ALO,8265.0,15327.0
131,ALO,8417.892876111946,15374.998708655348
132,ALO,8574.87549533922,15430.50453548984
133,ALO,8796.928534988881,15515.371962343326
134,ALO,9041.563663120758,15609.597783846395
135,ALO,9164.0,15652.0
136,ALO,9304.0,15700.0
137,ALO,9369.0,15722.0
138,ALO,9585.020553293365,15791.827844976713
139,ALO,9771.664419226898,15848.769933826548
140,ALO,9896.0,15873.0
141,ALO,10108.958312436564,15877.31691674346
142,ALO,10280.922398035005,15850.595332857483
143,ALO,10414.263378618754,15796.624290171454
144,ALO,10523.0,15733.0
145,ALO,10647.806578071886,15623.440682313083
146,ALO,10737.554709936143,15512.336620139504
147,ALO,10828.56913006554,15323.344996616626
148,ALO,10847.0,15270.0
149,ALO,10879.0,15157.0
150,ALO,10902.0,15038.0
151,ALO,10931.188211306478,14826.353328598545
152,ALO,10934.0,14792.0
153,ALO,10956.061502095097,14548.156189776282
154,ALO,10970.866454075958,14340.062180261863
155,ALO,10979.0,14199.0
156,ALO,10985.0,14106.0
157,ALO,11005.0,13849.0
158,ALO,11016.0,13730.0
159,ALO,11032.785333798876,13561.383398254215
160,ALO,11050.0,13387.0
161,ALO,11058.0,13285.0
162,ALO,11066.0,13145.0
163,ALO,11067.354996205555,13013.3807076271
164,ALO,11054.0,12886.0
165,ALO,11009.0,12726.0
166,ALO,10982.0,12670.0
167,ALO,10910.0,12564.0
168,ALO,10852.0,12501.0
169,ALO,10690.607289082649,12374.139281582298
170,ALO,10639.0,12346.0
171,ALO,10514.46750018276,12277.181178293558
172,ALO,10372.424836252072,12204.587330588123
173,ALO,10288.90950364265,12163.011268705282
174,ALO,10182.378292352523,12110.18339790597
175,ALO,9960.351023563651,11994.23381275334
176,ALO,9813.0,11915.0
177,ALO,9720.0,11864.0
178,ALO,9508.0,11751.0
179,ALO,9301.0,11639.0
180,ALO,9152.0,11554.0
181,ALO,9000.0,11467.0
182,ALO,8703.081809597143,11298.063747564189
183,ALO,8546.983068400594,11210.505667509991
184,ALO,8419.416473246523,11139.977540917505
185,ALO,8227.059215072852,11030.908696454895
186,ALO,7954.0,10873.0
187,ALO,7816.0,10790.0
188,ALO,7572.0,10630.0
189,ALO,7434.0,10531.0
190,ALO,7315.0,10439.0
191,ALO,7016.0,10195.0
192,ALO,6758.0,9977.0
193,ALO,6630.0,9864.0
194,ALO,6393.758377604359,9659.943338213205
195,ALO,6238.152885247337,9524.12010675123
196,ALO,6096.0,9400.0
197,ALO,5887.0,9218.0
198,ALO,5742.523596551006,9092.710742632311
199,ALO,5527.0,8906.0
200,ALO,5231.695313542068,8649.567419816382
201,ALO,5141.0,8570.0
202,ALO,5021.0,8466.0
203,ALO,4834.0,8304.0
204,ALO,4715.0,8199.0
205,ALO,4568.0,8072.0
206,ALO,4322.0,7858.0
207,ALO,4122.0,7685.0
208,ALO,4017.0,7593.0
209,ALO,3794.0,7399.0
210,ALO,3581.557727226133,7214.532784588653
211,ALO,3424.4650569351966,7077.529621305881
212,ALO,3325.0746152973625,6991.3437218449435
213,ALO,3171.0437880946197,6857.589564053082
214,ALO,3000.0046520253763,6708.157948343025
215,ALO,2921.0,6637.0
216,ALO,2821.4818234683667,6545.927673117642
217,ALO,2745.4799840505466,6469.110174578496
218,ALO,2681.0,6397.0
219,ALO,2614.8727074374156,6299.312393247701
220,ALO,2557.0,6126.0
221,ALO,2547.0,6028.0
222,ALO,2545.0,5875.0
223,ALO,2545.7044203917276,5753.114454050649
224,ALO,2541.7855145357594,5628.937122511364
225,ALO,2530.487097776311,5485.309193896597
226,ALO,2497.0,5334.0
227,ALO,2427.8123142870118,5138.823608022889
228,ALO,2390.6995683591495,5079.452147414431
229,ALO,2298.0060848789726,4936.386001539486
230,ALO,2177.839605688578,4798.1774589586785
231,ALO,2041.0,4659.0
232,ALO,1883.0,4432.0
233,ALO,1853.9158915771045,4375.269335660624
234,ALO,1785.1450169933346,4135.6672875322165
235,ALO,1757.0,3997.0
236,ALO,1737.0,3837.0
237,ALO,1725.0,3704.0
238,ALO,1697.6992909079672,3403.714509193219
239,ALO,1680.0,3219.0
240,ALO,1659.3361165429378,3015.3536420479495
241,ALO,1645.7269989528722,2863.9517193421357
242,ALO,1627.3154682421261,2659.3125824985764
243,ALO,1592.0337433922955,2274.463184608015
244,ALO,1574.4874782106783,2085.4385032591886
245,ALO,1552.4729771123866,1841.6377545355294
246,ALO,1517.2102493723205,1462.1208053835244
247,ALO,1507.3611982939335,1353.3309427239108
248,ALO,1492.1596493686402,1184.6978745715535
249,ALO,1470.1928469417685,946.3638200844352
250,ALO,1443.5677756845844,660.9282401629364
251,ALO,1425.4011613487974,460.3364670319562
252,ALO,1409.3302363247167,282.8511723917203
253,ALO,1393.427645159145,110.21927925033617
254,ALO,1366.0,-180.0
255,ALO,1346.0,-407.0
256,ALO,1318.0,-705.0
257,ALO,1307.0,-828.0
258,ALO,1281.2996573756714,-1109.1608569259427
259,ALO,1259.8295337401476,-1335.0805072620237
260,ALO,1245.0,-1507.0
261,ALO,1230.0,-1667.0
262,ALO,1207.1640597900505,-1911.0605511865224
263,ALO,1173.7778166310381,-2278.746436275166
264,ALO,1161.0,-2413.0
265,ALO,1145.9765365808566,-2577.069678905177
266,ALO,1122.0,-2838.0
267,ALO,1106.0,-3014.0
268,ALO,1084.0451088509067,-3248.962521505742
269,ALO,1056.139389471738,-3556.193394605899
270,ALO,1027.0,-3857.0
271,ALO,1003.8576818240684,-4088.8657575526186
272,ALO,982.4196276705256,-4296.43069672692
273,ALO,965.0,-4450.0
274,ALO,915.0,-4792.0
275,ALO,887.0,-4932.0
276,ALO,830.7001513885044,-5145.547693651771
277,ALO,787.9275310057419,-5273.87985041078
278,ALO,729.5710746699365,-5389.450327537465
279,ALO,617.0,-5548.0
280,ALO,505.0,-5649.0
281,ALO,349.0,-5738.0
282,ALO,144.1755352090516,-5793.658660488632
283,ALO,35.50709089285458,-5802.26559242301
284,ALO,-38.0,-5799.0
285,ALO,-140.82655875931215,-5785.491125782051
286,ALO,-328.0,-5734.0
287,ALO,-450.0,-5681.0
288,ALO,-706.0,-5517.0
289,ALO,-774.0,-5458.0
290,ALO,-876.0,-5357.0
291,ALO,-987.4151019644373,-5226.25663099538
292,ALO,-1098.90550799038,-5058.296882804683
293,ALO,-1178.394655606974,-4920.3579865429765
294,ALO,-1225.0,-4821.0
295,ALO,-1301.724936092522,-4633.406835996505
296,ALO,-1347.2956817682145,-4489.373954892208
297,ALO,-1411.4954939853521,-4261.716455720696
298,ALO,-1449.1792345723163,-4035.6918918121314
299,ALO,-1484.3593413614817,-3742.5000016518816
300,ALO,-1491.927177012353,-3573.030250593135
301,ALO,-1498.0,-2975.0
302,ALO,-1496.0,-2813.0
303,ALO,-1493.0,-2666.0
304,ALO,-1482.4390053789748,-2347.0173839844356
305,ALO,-1475.9727313663536,-2188.2930099752257
306,ALO,-1463.1671619121907,-1929.8838859742293
307,ALO,-1445.433848233009,-1631.5312575730213
308,ALO,-1435.4920572675373,-1479.3284062387713
309,ALO,-1411.9811705031448,-1162.8151626632405
310,ALO,-1398.5730915919812,-990.916471001927
311,ALO,-1387.142258771166,-835.1170231773792
0,BOT,-1363.0,-553.0
1,BOT,-1343.2277758890518,-331.2290859365533
2,BOT,-1322.2835532626816,-87.49280546448104
3,BOT,-1314.0,-3.0
4,BOT,-1297.0,192.0
5,BOT,-1266.0,553.0
6,BOT,-1243.115061644562,818.0751197497993
7,BOT,-1225.0,1023.0
8,BOT,-1198.7623735679786,1327.6930848432394
9,BOT,-1172.0,1643.0
10,BOT,-1159.0,1789.0
11,BOT,-1136.0,2064.0
12,BOT,-1109.0,2376.0
13,BOT,-1091.860939560783,2573.185169672315
14,BOT,-1072.574113136146,2793.2429564613662
15,BOT,-1048.0,3083.0
16,BOT,-984.0,3822.0
17,BOT,-948.0,4245.0
18,BOT,-926.0,4501.0
19,BOT,-918.0,4593.0
20,BOT,-885.0,4975.0
21,BOT,-858.0476585301371,5285.2696982539655
22,BOT,-848.0496244581377,5400.692998105406
23,BOT,-830.292218985668,5609.352240723191
24,BOT,-817.5297995058492,5761.179723580046
25,BOT,-792.0,6060.0
26,BOT,-769.0,6327.0
27,BOT,-746.9640800151317,6589.688924963781
28,BOT,-709.0,7037.0
29,BOT,-698.5208014032339,7169.952785879622
30,BOT,-685.5536925187254,7325.426171434691
31,BOT,-672.2350257461515,7481.731440283888
32,BOT,-661.8409680446708,7606.053544718477
33,BOT,-651.0258240552303,7734.3506929266505
34,BOT,-638.667251630373,7855.1361997670765
35,BOT,-622.0,7980.0
36,BOT,-593.3615006593786,8092.785963724995
37,BOT,-568.181889750607,8154.647758533312
38,BOT,-536.0,8205.0
39,BOT,-454.0,8280.0
40,BOT,-407.0,8299.0
41,BOT,-358.0,8310.0
42,BOT,-321.0,8317.0
43,BOT,-281.0,8326.0
44,BOT,-231.23753287582224,8346.776426402399
45,BOT,-204.83066829088244,8366.85074567113
46,BOT,-175.0,8405.0
47,BOT,-158.0,8448.0
48,BOT,-145.0,8509.0
49,BOT,-142.0,8547.0
50,BOT,-142.0,8601.0
51,BOT,-146.5104306393733,8651.135683135142
52,BOT,-152.89967148692688,8699.36232075615
53,BOT,-163.0,8747.0
54,BOT,-175.0,8797.0
55,BOT,-189.21320571206095,8851.253280848943
56,BOT,-207.0,8919.0
57,BOT,-224.0,8981.0
58,BOT,-242.0,9048.0
59,BOT,-263.5153820240194,9132.048865482202
60,BOT,-304.0,9297.0
61,BOT,-326.0,9388.0
62,BOT,-349.74209828880817,9497.393437621296
63,BOT,-370.4355706975483,9599.836666058096
64,BOT,-395.0,9760.0
65,BOT,-413.2301420225826,9931.21550751936
66,BOT,-423.0,10126.0
67,BOT,-426.0,10257.0
68,BOT,-426.0,10492.0
69,BOT,-424.25279403709504,10574.729689962462
70,BOT,-412.34530152406234,10806.610326664015
71,BOT,-403.9849114318166,10951.965839857365
72,BOT,-390.52379779852595,11102.31498716934
73,BOT,-373.9892337683088,11247.05698449104
74,BOT,-343.49738752109363,11458.40065366542
75,BOT,-300.0,11681.0
76,BOT,-251.0,11874.0
77,BOT,-190.0,12065.0
78,BOT,-135.0,12212.0
79,BOT,-27.462378930047517,12447.26268189627
80,BOT,128.40132389193488,12726.226534260446
81,BOT,222.59422844157444,12868.147173050658
82,BOT,427.53483314160883,13120.333152971267
83,BOT,579.385254905582,13278.171342807216
84,BOT,709.9239812120053,13395.458772344678
85,BOT,867.5548683400486,13521.559928334078
86,BOT,1160.150698948763,13718.645088557063
87,BOT,1354.0,13828.0
88,BOT,1539.0,13919.0
89,BOT,1669.7964249429895,13976.602255907059
90,BOT,1793.7424441427938,14026.690367571635
91,BOT,2101.90666142037,14121.992970797932
92,BOT,2376.7968079361676,14190.400177974145
93,BOT,2777.1773943337816,14258.884788332574
94,BOT,2900.7350496961294,14277.546769268356
95,BOT,3138.0,14306.0
96,BOT,3366.7357500023495,14328.628472284145
97,BOT,3681.0,14354.0
98,BOT,3898.375255788003,14372.488772620673
99,BOT,4030.0,14384.0
100,BOT,4372.266698735379,14410.830204940505
101,BOT,4556.88503809948,14424.567244206351
102,BOT,4708.0,14434.0
103,BOT,4915.0,14446.0
104,BOT,5056.986481383667,14452.264127480776
105,BOT,5242.0,14461.0
106,BOT,5449.0,14470.0
107,BOT,5653.0,14478.0
108,BOT,5816.0,14484.0
109,BOT,5892.414342672666,14486.596870163565
110,BOT,6093.0,14494.0
111,BOT,6267.0,14500.0
112,BOT,6369.0,14506.0
113,BOT,6474.0,14517.0
114,BOT,6546.889779712157,14529.39710493181
115,BOT,6644.0,14556.0
116,BOT,6724.0,14586.0
117,BOT,6783.090599010135,14616.294246789526
118,BOT,6869.66504601006,14694.138417619894
119,BOT,6899.886334368837,14737.357796259936
120,BOT,6970.0,14878.0
121,BOT,7005.0,14921.0
122,BOT,7067.0,14975.0
123,BOT,7127.747994625156,15016.520710957766
124,BOT,7166.0,15038.0
125,BOT,7228.0,15066.0
126,BOT,7310.0,15094.0
127,BOT,7477.0,15135.0
128,BOT,7544.0,15148.0
129,BOT,7620.981896171918,15161.095285254534
130,BOT,7804.0,15195.0
131,BOT,7979.0,15240.0
132,BOT,8119.855566202097,15282.70718212363
133,BOT,8214.260040900273,15311.20759829924
134,BOT,8505.08120692312,15405.500520983924
135,BOT,8628.829749157392,15449.577273861494
136,BOT,8792.0,15514.0
137,BOT,8928.0,15567.0
138,BOT,9105.0,15632.0
139,BOT,9220.0,15672.0
140,BOT,9353.265003337012,15716.093783775386
141,BOT,9485.200597483768,15760.738113825742
142,BOT,9618.212317125677,15804.050491209751
143,BOT,9775.586597013971,15849.036339698388
144,BOT,9927.01925096034,15880.466376180182
145,BOT,10155.866764238572,15873.927456520421
146,BOT,10254.439497891293,15858.039881287923
147,BOT,10371.309613402773,15818.481700422495
148,BOT,10534.323521996088,15720.079105334022
149,BOT,10610.819193698775,15667.98025813044
150,BOT,10654.994145254894,15614.050370678804
151,BOT,10766.0,15460.0
152,BOT,10823.294582834282,15340.900117932297
153,BOT,10867.719893305451,15201.111115581192
154,BOT,10897.777636778574,15062.541208450075
155,BOT,10917.0,14936.0
156,BOT,10933.530277627355,14798.860208103359
157,BOT,10943.424264815065,14699.232918045327
158,BOT,10952.392714105627,14597.153576281587
159,BOT,10969.0,14366.0
160,BOT,10979.0,14206.0
161,BOT,10987.0,14085.0
162,BOT,11000.0,13908.0
163,BOT,11013.0,13767.0
164,BOT,11030.0,13588.0
165,BOT,11050.0,13382.0
166,BOT,11061.0,13243.0
167,BOT,11067.330389139795,13114.807664203758
168,BOT,11065.0,13002.0
169,BOT,11056.0,12904.0
170,BOT,11037.930376867931,12814.986716264704
171,BOT,10964.628393505121,12640.20300204889
172,BOT,10906.344758283733,12557.22094029535
173,BOT,10780.8140569504,12441.17155423476
174,BOT,10703.0,12385.0
175,BOT,10501.086565724023,12270.7745970234
176,BOT,10432.440074988248,12234.66285525982
177,BOT,10294.0,12166.0
178,BOT,10135.0,12086.0
179,BOT,9994.0,12012.0
180,BOT,9886.495567382932,11954.548740519745
181,BOT,9711.0,11859.0
182,BOT,9580.0,11789.0
183,BOT,9429.208817783398,11708.447896378442
184,BOT,9179.814249981304,11571.389783737011
185,BOT,9021.456084074924,11479.769449177926
186,BOT,8855.0,11383.0
187,BOT,8644.0,11265.0
188,BOT,8523.0,11198.0
189,BOT,8331.415886813496,11089.995771644084
190,BOT,8171.0,10998.0
191,BOT,7992.0,10895.0
192,BOT,7840.0,10805.0
193,BOT,7646.848515410656,10680.883180436616
194,BOT,7545.728160227499,10612.315582671588
195,BOT,7383.270144412078,10492.309408196974
196,BOT,7171.333360088332,10320.879126543228
197,BOT,7070.052457257824,10239.410515318532
198,BOT,6850.813371039197,10056.350496585746
199,BOT,6695.860147921458,9922.314019935578
200,BOT,6575.250413617097,9817.462278351915
201,BOT,6479.712744917408,9734.228144061257
202,BOT,6148.0,9446.0
203,BOT,6018.78463857926,9333.288602472807
204,BOT,5919.381502276861,9246.8816612095
205,BOT,5737.0,9088.0
206,BOT,5545.235059144801,8921.44475378708
207,BOT,5438.108041783462,8828.36086209582
208,BOT,5304.147385962602,8712.335196278731
209,BOT,5169.465538116055,8594.941082816937
210,BOT,4998.0,8446.0
211,BOT,4819.547009231255,8290.476543002536
212,BOT,4675.0,8165.0
213,BOT,4514.0,8025.0
214,BOT,4442.259966123821,7963.512960537244
215,BOT,4201.0,7753.0
216,BOT,4016.0,7592.0
217,BOT,3950.0,7535.0
218,BOT,3696.299047114354,7314.166086670145
219,BOT,3537.801079875746,7176.171422103601
220,BOT,3363.9062844599375,7025.1574613527955
221,BOT,3174.7433727798384,6860.812222927684
222,BOT,3056.690459951349,6758.702640428912
223,BOT,3007.0,6715.0
224,BOT,2843.5165661213327,6565.906492026672
225,BOT,2748.773772872152,6469.892172758306
226,BOT,2630.4431757976054,6331.643613686262
227,BOT,2563.3702086033363,6138.2678282544075
228,BOT,2546.0,6021.0
229,BOT,2545.0,5842.0
230,BOT,2544.1249055725166,5673.966517675584
231,BOT,2535.82143130021,5522.298688436258
232,BOT,2484.527145613967,5307.746297516355
233,BOT,2424.0,5144.0
234,BOT,2345.1469855952832,5002.786303534027
235,BOT,2176.8864229995083,4793.49560717382
236,BOT,2119.7839163082335,4737.644663948838
237,BOT,1941.0,4533.0
238,BOT,1882.0,4431.0
239,BOT,1810.0,4236.0
240,BOT,1778.9260660627515,4103.92777824773
241,BOT,1738.0,3841.0
242,BOT,1722.0,3666.0
243,BOT,1699.0,3414.0
244,BOT,1682.037825472069,3241.794716375325
245,BOT,1671.416116860823,3136.0687116700733
246,BOT,1647.0,2882.0
247,BOT,1629.6472771532033,2679.201963395344
248,BOT,1615.209982944803,2520.1962057725705
249,BOT,1594.4785071153196,2296.210001456103
250,BOT,1537.4913102212581,1674.4842630039602
251,BOT,1518.0,1464.0
252,BOT,1497.0187173661557,1238.4798465468486
253,BOT,1476.0,1010.0
254,BOT,1450.6324414466085,735.1126646055815
255,BOT,1431.0,516.0
256,BOT,1418.5164093752915,390.84600795866965
257,BOT,1406.5483050472449,252.8209362516077
258,BOT,1380.9403293940263,-26.14421809690002
259,BOT,1349.0,-369.0
260,BOT,1325.0,-634.0
261,BOT,1308.8469475478555,-808.4178298524942
262,BOT,1288.0,-1031.0
263,BOT,1255.0,-1388.0
264,BOT,1237.0,-1585.0
265,BOT,1208.0,-1908.0
266,BOT,1183.558275678348,-2169.6754717082254
267,BOT,1165.0,-2373.0
268,BOT,1138.2987633540092,-2659.7008316122096
269,BOT,1118.014449936795,-2879.1572028979767
270,BOT,1108.0,-2998.0
271,BOT,1091.5904217589136,-3176.5337132753234
272,BOT,1059.957044024283,-3514.076630811626
273,BOT,1044.7121054590693,-3679.5885962602424
274,BOT,1024.9356698924137,-3885.7757529383384
275,BOT,1003.4824520459986,-4096.219887739165
276,BOT,981.2846797534955,-4304.336072565341
277,BOT,953.0,-4541.0
278,BOT,929.0,-4709.0
279,BOT,875.0,-4986.0
280,BOT,817.0,-5188.0
281,BOT,780.5310700207855,-5287.049358459431
282,BOT,738.4002067551619,-5374.4242150689915
283,BOT,625.0,-5538.0
284,BOT,505.0,-5649.0
285,BOT,407.47824796041255,-5710.468501455827
286,BOT,305.0,-5755.0
287,BOT,219.0,-5780.0
288,BOT,75.0,-5800.0
289,BOT,-107.0,-5791.0
290,BOT,-251.0,-5759.0
291,BOT,-372.0,-5716.0
292,BOT,-489.0,-5661.0
293,BOT,-638.8202280635859,-5568.281875895386
294,BOT,-737.1636334584333,-5490.590121955368
295,BOT,-822.6490426856718,-5410.504787373337
296,BOT,-969.0,-5248.0
297,BOT,-1142.0,-4986.0
298,BOT,-1243.9047219030833,-4778.347499592873
299,BOT,-1282.9659532049566,-4681.45879449207
300,BOT,-1328.5192804204403,-4557.017906030913
301,BOT,-1428.1754995680956,-4162.799502442037
302,BOT,-1445.2713894345932,-4077.8775397465256
303,BOT,-1454.4215083404097,-4008.4513265854785
304,BOT,-1482.2373068770964,-3752.4235906102194
305,BOT,-1492.0,-3586.0
306,BOT,-1499.0,-3236.0
307,BOT,-1499.4685188118028,-3138.2938478466403
308,BOT,-1497.3422265146937,-2862.4188446863404
309,BOT,-1494.7313708875477,-2727.7934622075213
310,BOT,-1488.0,-2502.0
311,BOT,-1482.780704977423,-2338.412186810206
312,BOT,-1469.0,-2032.0
313,BOT,-1457.0,-1811.0
314,BOT,-1447.0,-1657.0
315,BOT,-1436.0,-1485.0
316,BOT,-1408.0,-1101.0
317,BOT,-1397.0,-960.0
318,BOT,-1382.0,-772.0
0,COL,-1363.0,-554.0
1,COL,-1354.0,-449.0
2,COL,-1333.9126051627854,-215.64046441134352
3,COL,-1315.0,-8.0
4,COL,-1292.6225602094723,244.24275418513923
5,COL,-1279.0,401.0
6,COL,-1262.0,598.0
7,COL,-1239.5487130084834,854.7983618244232
8,COL,-1218.2103311784897,1107.4688752084949
9,COL,-1193.0,1394.0
10,COL,-1181.0,1539.0
11,COL,-1164.0,1740.0
12,COL,-1141.0,1996.0
13,COL,-1118.0,2271.0
14,COL,-1100.7951653728323,2465.8613715411566
15,COL,-1078.0,2733.0
16,COL,-1065.0,2881.0
17,COL,-1033.0,3251.0
18,COL,-1021.0,3399.0
19,COL,-984.0,3826.0
20,COL,-961.3710988861878,4083.7804564899734
21,COL,-930.3326776484412,4452.943986495123
22,COL,-904.0,4756.0
23,COL,-875.0,5092.0
24,COL,-836.8354913558791,5536.457557363796
25,COL,-814.0,5801.0
26,COL,-791.0,6062.0
27,COL,-776.0,6249.0
28,COL,-745.7539538984397,6600.520428783167
29,COL,-728.7745150107224,6800.737193145253
30,COL,-716.5521665496351,6950.944517910553
31,COL,-692.0,7246.0
32,COL,-670.9965860881894,7501.943653810297
33,COL,-664.3652070295661,7587.39421199459
34,COL,-655.1937359573121,7690.4758801937805
35,COL,-638.3455789511204,7860.046985147009
36,COL,-626.0,7959.0
37,COL,-609.4299797715915,8033.61241363503
38,COL,-594.2783030446014,8094.897589586309
39,COL,-562.0,8164.0
40,COL,-525.0,8220.0
41,COL,-347.0,8312.0
42,COL,-303.9351895536819,8320.439884850466
43,COL,-257.0,8334.0
44,COL,-200.876498303122,8371.124689119206
45,COL,-170.0,8417.0
46,COL,-153.60489965847657,8466.575655807226
47,COL,-148.0,8493.0
48,COL,-145.0,8521.0
49,COL,-142.0,8563.0
50,COL,-143.0,8612.0
51,COL,-146.2159082562568,8655.476262307917
52,COL,-162.50785851135058,8745.494795619392
53,COL,-168.0,8768.0
54,COL,-190.9417239334033,8857.747116650575
55,COL,-220.73802707894419,8968.58667583441
56,COL,-252.28911431333944,9090.601999215352
57,COL,-278.9462101241352,9196.418688893189
58,COL,-298.0,9273.0
59,COL,-318.54681911747156,9357.17853010174
60,COL,-352.0,9509.0
61,COL,-380.0,9659.0
62,COL,-388.32911357991316,9702.919040101619
63,COL,-404.0,9832.0
64,COL,-419.0,10033.0
65,COL,-426.0,10279.0
66,COL,-427.0,10330.0
67,COL,-425.0,10526.0
68,COL,-420.0,10687.0
69,COL,-408.4774605323547,10889.72966768468
70,COL,-395.74755844621563,11039.277176193958
71,COL,-371.95628844987425,11262.757064206582
72,COL,-339.33729338235514,11485.868654942675
73,COL,-302.0,11672.0
74,COL,-285.0,11746.0
75,COL,-209.82300194610434,12006.1064258125
76,COL,-103.6449789800608,12289.984522096838
77,COL,-42.0,12419.0
78,COL,24.94761492022554,12550.605082340844
79,COL,151.85477618837822,12763.822401147301
80,COL,235.8965130463262,12883.513518632602
81,COL,468.8374244060985,13172.268922632893
82,COL,572.6497356873369,13271.484810701588
83,COL,779.3166196564201,13451.75670348369
84,COL,963.0,13590.0
85,COL,1075.0,13666.0
86,COL,1175.0,13728.0
87,COL,1451.969488539673,13876.254312799645
88,COL,1718.2131125095693,13997.87424797066
89,COL,2017.2801298992927,14100.73702799854
90,COL,2183.0,14145.0
91,COL,2370.0,14188.0
92,COL,2595.0,14230.0
93,COL,2978.0,14287.0
94,COL,3066.0,14298.0
95,COL,3259.0,14319.0
96,COL,3417.0,14333.0
97,COL,3772.560508275712,14362.078107318004
98,COL,4003.7248820349096,14381.955186268047
99,COL,4172.0,14396.0
100,COL,4497.0,14420.0
101,COL,4585.0,14426.0
102,COL,4832.8815650078295,14441.178834307771
103,COL,5040.0,14452.0
104,COL,5341.496499714394,14465.39881923972
105,COL,5600.880605059011,14475.390861467935
106,COL,5769.981691447556,14482.442608000742
107,COL,6013.83295540038,14491.139007487449
108,COL,6173.99236221944,14496.845543994965
109,COL,6296.705035366373,14501.447923735368
110,COL,6389.82961467385,14507.861168657779
111,COL,6554.700632202474,14530.956922678408
112,COL,6641.406162780697,14555.61010014026
113,COL,6759.0,14602.0
114,COL,6903.0,14745.0
115,COL,6950.913263674909,14846.6643842981
116,COL,6988.0,14901.0
117,COL,7051.488668580172,14963.074380663693
118,COL,7096.0,14996.0
119,COL,7146.742794309183,15026.907877802996
120,COL,7202.808453884575,15054.904224811335
121,COL,7311.0,15095.0
122,COL,7378.94958312254,15112.730535390858
123,COL,7473.0,15134.0
124,COL,7625.0,15162.0
125,COL,7716.0,15178.0
126,COL,7810.0,15197.0
127,COL,7924.0,15224.0
128,COL,8015.0,15251.0
129,COL,8186.0,15303.0
130,COL,8371.703725813446,15360.209690587104
131,COL,8521.00375596447,15410.50351767172
132,COL,8681.0,15470.0
133,COL,8813.0,15522.0
134,COL,8996.0,15592.0
135,COL,9109.0,15633.0
136,COL,9223.0,15672.0
137,COL,9338.0,15712.0
138,COL,9511.55407949945,15769.494874621094
139,COL,9712.0,15832.0
140,COL,9810.0,15858.0
141,COL,10049.0,15883.0
142,COL,10269.737905882852,15852.501944526064
143,COL,10343.75338144407,15828.972109654813
144,COL,10427.292073867542,15790.686343368474
145,COL,10533.771636351126,15725.379984139032
146,COL,10629.0,15643.0
147,COL,10736.0,15511.0
148,COL,10782.0,15430.0
149,COL,10856.19374212554,15248.255937971147
150,COL,10891.565052024767,15091.36254504469
151,COL,10908.41871796916,14997.355016503097
152,COL,10924.18614512566,14882.703230423645
153,COL,10934.306591474722,14786.952279932033
154,COL,10950.308786925034,14614.990638142772
155,COL,10960.40114569195,14483.643518831557
156,COL,10974.221450528963,14280.519816721628
157,COL,10987.303033308606,14070.050162739602
158,COL,11003.0,13877.0
159,COL,11014.0,13753.0
160,COL,11030.0,13590.0
161,COL,11048.0,13400.0
162,COL,11056.544595851627,13306.56179157463
163,COL,11067.0,13080.0
164,COL,11059.0,12926.0
165,COL,11044.31315459533,12838.8226875367
166,COL,11006.310966703066,12723.688353164664
167,COL,10909.19961292607,12560.371696717226
168,COL,10843.695008955538,12493.382288234086
169,COL,10780.860325757247,12440.553768976997
170,COL,10560.224248424103,12300.560722791184
171,COL,10403.166876919106,12220.11814403341
172,COL,10343.0,12190.0
173,COL,10082.016062651497,12058.409502466986
174,COL,9926.0,11976.0
175,COL,9802.0,11909.0
176,COL,9576.81389181893,11787.30362680057
177,COL,9480.335785332501,11736.567139663697
178,COL,9200.0,11582.0
179,COL,9049.0,11495.0
180,COL,8818.0,11363.0
181,COL,8527.0,11200.0
182,COL,8285.836323322803,11063.328366962749
183,COL,8200.729953464452,11015.014477253593
184,COL,8075.70224850366,10943.619805232393
185,COL,7934.978351565313,10861.788617977067
186,COL,7769.723096520742,10760.992822199025
187,COL,7661.480679612018,10691.031985210502
188,COL,7462.804253087019,10551.587889397713
189,COL,7163.0299644918,10315.111767887724
190,COL,7079.0,10245.0
191,COL,6960.0,10150.0
192,COL,6845.0,10052.0
193,COL,6703.0,9928.0
194,COL,6468.0,9724.0
195,COL,6232.0,9518.0
196,COL,6148.818539092139,9445.348759378167
197,COL,5980.0,9299.0
198,COL,5712.0,9067.0
199,COL,5578.0,8950.0
200,COL,5443.0,8832.0
201,COL,5267.0,8679.0
202,COL,5066.826391823048,8506.191772987408
203,COL,4927.963994343731,8385.117015366577
204,COL,4598.0,8098.0
205,COL,4483.60274173322,7998.320139500894
206,COL,4364.0,7895.0
207,COL,4113.270942854701,7676.126810585077
208,COL,3956.154952073206,7540.022033434439
209,COL,3802.0,7406.0
210,COL,3677.0,7298.0
211,COL,3492.1468339766834,7136.79359272642
212,COL,3248.0,6924.0
213,COL,3103.0,6799.0
214,COL,2892.0,6611.0
215,COL,2791.0,6516.0
216,COL,2685.0,6403.0
217,COL,2617.0,6303.0
218,COL,2578.625397704215,6213.691078895855
219,COL,2546.266729019636,6050.337333654959
220,COL,2545.023930060484,5935.656718595361
221,COL,2545.0178816880566,5850.147768649719
222,COL,2543.0,5627.0
223,COL,2528.713967560354,5480.159212196063
224,COL,2510.4090441890403,5379.594521220204
225,COL,2477.8523084945987,5287.837604521297
226,COL,2399.0,5093.0
227,COL,2352.0,5013.0
228,COL,2195.0,4816.0
229,COL,2100.7663790988076,4722.241691312685
230,COL,1979.0,4585.0
231,COL,1852.0,4360.0
232,COL,1820.0,4269.0
233,COL,1759.0,4008.0
234,COL,1739.0,3854.0
235,COL,1727.0,3723.0
236,COL,1711.0,3548.0
237,COL,1696.0,3386.0
238,COL,1669.9486999617375,3124.7201184809883
239,COL,1654.0567152985675,2958.180028762891
240,COL,1638.8354009839427,2782.57441562446
241,COL,1607.0,2435.0
242,COL,1581.3496044675226,2158.5498517214705
243,COL,1570.0,2033.0
244,COL,1560.0,1920.0
245,COL,1534.6747419538124,1650.5268756572675
246,COL,1519.4866577615855,1485.0337656264637
247,COL,1501.7764203856782,1289.1849660661292
248,COL,1479.9104770758286,1052.7484413389388
249,COL,1458.377227402826,816.7371998757092
250,COL,1439.532837649142,609.1327097535536
251,COL,1413.281632684164,328.59780966711725
252,COL,1397.2494431628015,157.5087305336656
253,COL,1381.2854184804567,-17.19724821784819
254,COL,1345.1927579970863,-408.7700158868944
255,COL,1321.3189051520922,-668.0058004771648
256,COL,1307.1056188602738,-826.0049276059331
257,COL,1280.0,-1125.0
258,COL,1267.0,-1268.0
259,COL,1238.4523970175421,-1574.1543322929833
260,COL,1224.0131110064688,-1736.1849123120542
261,COL,1194.0,-2061.0
262,COL,1180.0,-2205.0
263,COL,1158.0867735425036,-2445.7443137240957
264,COL,1141.0,-2638.0
265,COL,1127.0,-2782.0
266,COL,1101.0,-3069.0
267,COL,1086.0,-3231.0
268,COL,1057.3579964085018,-3542.9594319375487
269,COL,1024.0,-3893.0
270,COL,1006.7093156504561,-4061.315591199127
271,COL,984.0,-4283.0
272,COL,959.0,-4493.0
273,COL,937.0,-4659.0
274,COL,890.0,-4919.0
275,COL,846.9614379924571,-5098.087227651864
276,COL,820.9474963129051,-5175.5214267513675
277,COL,789.1454707432769,-5264.877498849424
278,COL,665.0,-5490.0
279,COL,598.0,-5568.0
280,COL,489.0,-5660.0
281,COL,377.0,-5725.0
282,COL,185.0,-5787.0
283,COL,129.93599521057004,-5795.844270159697
284,COL,-1.0,-5800.0
285,COL,-130.0,-5787.0
286,COL,-303.3249411319655,-5742.8596921715325
287,COL,-489.0,-5661.0
288,COL,-612.0,-5587.0
289,COL,-730.0,-5497.0
290,COL,-884.0,-5348.0
291,COL,-962.4634634753016,-5255.659861844897
292,COL,-1060.0,-5122.0
293,COL,-1185.4662124667475,-4904.763325845555
294,COL,-1265.286998193213,-4725.000273228599
295,COL,-1364.662969309471,-4446.680100291473
296,COL,-1413.6115544347906,-4239.473008351944
297,COL,-1451.1275086650019,-4034.156405756331
298,COL,-1483.879042304279,-3726.0073516496163
299,COL,-1494.8177780262054,-3480.217273295015
300,COL,-1498.6166941505926,-3289.0770684563486
301,COL,-1499.2558569795092,-3128.7472760077276
302,COL,-1498.4359334014634,-2967.574252267326
303,COL,-1495.0,-2744.0
304,COL,-1477.0,-2200.0
305,COL,-1465.6895147693856,-1975.44142813027
306,COL,-1449.0,-1690.0
307,COL,-1443.0071767509721,-1591.6499251648092
308,COL,-1421.3326096308401,-1291.950471768367
309,COL,-1399.0,-996.0
310,COL,-1391.6327849285371,-894.8105284615195
0,GAS,-1359.0,-500.0
1,GAS,-1337.646605794142,-257.3431759679447
2,GAS,-1312.069128692036,22.351854180225747
3,GAS,-1298.0,178.0
4,GAS,-1273.0,466.0
5,GAS,-1256.0,665.0
6,GAS,-1236.8190488326495,889.0276496694806
7,GAS,-1212.0,1175.0
8,GAS,-1192.0,1412.0
9,GAS,-1178.0,1577.0
10,GAS,-1152.0,1871.0
11,GAS,-1136.0,2055.0
12,GAS,-1122.0,2221.0
13,GAS,-1087.0,2632.0
14,GAS,-1058.0,2965.0
15,GAS,-1044.0,3132.0
16,GAS,-1024.0,3355.0
17,GAS,-1006.6162666474012,3562.5949420183165
18,GAS,-984.6016202803985,3821.6251625675027
19,GAS,-958.6025402740812,4118.46091303398
20,GAS,-937.0,4368.0
21,GAS,-909.0,4697.0
22,GAS,-892.0,4897.0
23,GAS,-863.0,5223.0
24,GAS,-846.0,5421.0
25,GAS,-828.0,5636.0
26,GAS,-811.0,5832.0
27,GAS,-782.0,6169.0
28,GAS,-760.0,6434.0
29,GAS,-742.0,6646.0
30,GAS,-729.437759616509,6794.73018886546
31,GAS,-704.0,7107.0
32,GAS,-690.0,7273.0
33,GAS,-672.6708350976559,7479.93013805366
34,GAS,-659.0,7642.0
35,GAS,-642.0,7826.0
36,GAS,-633.0,7905.0
37,GAS,-621.0322953579293,7990.2498451381825
38,GAS,-592.7467049602712,8094.501530661863
39,GAS,-570.2163037973011,8148.198503620467
40,GAS,-535.9638300754825,8205.132305282563
41,GAS,-494.6535816623605,8249.038142559444
42,GAS,-454.24249710470406,8281.758936351329
43,GAS,-406.0,8300.0
44,GAS,-335.0,8315.0
45,GAS,-279.0,8327.0
46,GAS,-234.0,8346.0
47,GAS,-200.0,8373.0
48,GAS,-165.0,8429.0
49,GAS,-155.0,8459.0
50,GAS,-146.0,8508.0
51,GAS,-141.0,8577.0
52,GAS,-142.0,8607.0
53,GAS,-150.13253356584988,8680.17329917258
54,GAS,-165.0,8758.0
55,GAS,-177.31223089704915,8808.194236953384
56,GAS,-211.0,8934.0
57,GAS,-251.0,9083.0
58,GAS,-275.0,9179.0
59,GAS,-321.0,9366.0
60,GAS,-349.0640865290096,9490.954294901218
61,GAS,-373.6993195487939,9623.235698272143
62,GAS,-396.43805748272064,9767.943934804964
63,GAS,-417.3534192129686,9992.330564922251
64,GAS,-422.0773011428557,10080.695756732719
65,GAS,-425.60378956764373,10277.77509514201
66,GAS,-425.5721304725896,10469.225596077846
67,GAS,-420.0,10696.0
68,GAS,-412.0,10834.0
69,GAS,-392.0,11087.0
70,GAS,-371.0,11273.0
71,GAS,-338.6049622154871,11488.55737458883
72,GAS,-296.2761900248564,11699.879743826596
73,GAS,-268.0,11813.0
74,GAS,-230.0,11946.0
75,GAS,-135.0,12210.0
76,GAS,-70.7249813110907,12360.916867764035
77,GAS,7.166320189626246,12516.207904558427
78,GAS,79.6758374643807,12647.691503571556
79,GAS,264.0,12923.0
80,GAS,322.4038588596674,13002.299302893607
81,GAS,430.0589891587823,13126.14430127725
82,GAS,569.0,13268.0
83,GAS,705.0,13392.0
84,GAS,853.8553037967483,13510.36355772235
85,GAS,1018.7510210937711,13629.106276318062
86,GAS,1115.0,13691.0
87,GAS,1487.0,13895.0
88,GAS,1746.182427023144,14007.885804345207
89,GAS,1888.0,14059.0
90,GAS,2190.0,14147.0
91,GAS,2550.0,14222.0
92,GAS,2757.0,14256.0
93,GAS,2878.0,14274.0
94,GAS,3122.0,14304.0
95,GAS,3261.0,14319.0
96,GAS,3458.371372967088,14337.001823300343
97,GAS,3697.0,14356.0
98,GAS,3839.5847742893043,14367.843363854909
99,GAS,4276.470688769765,14403.790189638663
100,GAS,4583.0,14426.0
101,GAS,4739.0,14436.0
102,GAS,5087.892637618821,14454.196008163042
103,GAS,5187.0,14459.0
104,GAS,5394.0,14468.0
105,GAS,5635.265048273897,14476.5005516502
106,GAS,5780.0,14483.0
107,GAS,6048.0,14492.0
108,GAS,6211.0,14498.0
109,GAS,6335.188356421513,14503.635907325805
110,GAS,6444.0,14513.0
111,GAS,6595.0,14542.0
112,GAS,6629.0,14551.0
113,GAS,6694.5415591822275,14573.84735290803
114,GAS,6775.687066576402,14611.583780242092
115,GAS,6848.0,14666.0
116,GAS,6916.095835300978,14774.027958307044
117,GAS,6935.755773848518,14816.08046231286
118,GAS,6959.889841849682,14863.49629728211
119,GAS,7025.0,14940.0
120,GAS,7063.0,14973.0
121,GAS,7112.686908216358,15007.553423034016
122,GAS,7223.1535493848305,15064.518276475905
123,GAS,7277.0,15084.0
124,GAS,7447.0,15129.0
125,GAS,7517.0,15143.0
126,GAS,7628.0,15162.0
127,GAS,7722.0,15179.0
128,GAS,7903.0,15219.0
129,GAS,8005.0,15248.0
130,GAS,8179.605071766024,15301.458091844976
131,GAS,8289.359848529974,15334.991710145947
132,GAS,8459.0,15389.0
133,GAS,8570.690156053799,15427.656969181047
134,GAS,8693.0,15475.0
135,GAS,8824.0,15526.0
136,GAS,9031.954176348489,15604.953317346684
137,GAS,9183.545084912908,15659.627705269098
138,GAS,9337.156089188167,15711.752300388458
139,GAS,9480.203642765024,15759.322358427542
140,GAS,9621.0,15805.0
141,GAS,9840.34454672941,15863.773911811732
142,GAS,9938.001737340172,15882.047370802224
143,GAS,10170.336326634895,15870.418423483088
144,GAS,10348.838995003876,15831.850541287218
145,GAS,10431.0,15789.0
146,GAS,10507.0,15744.0
147,GAS,10608.960684455964,15661.778371067747
148,GAS,10744.0,15497.0
149,GAS,10816.0,15356.0
150,GAS,10887.852807017778,15117.567500912659
151,GAS,10899.238204360398,15057.909141857745
152,GAS,10920.694298476832,14901.63948626885
153,GAS,10945.307859251536,14683.971324426622
154,GAS,10957.0,14539.0
155,GAS,10967.245110850774,14381.216309455061
156,GAS,10978.19225485606,14213.123109341712
157,GAS,10993.202697791497,13999.008633571231
158,GAS,11006.0,13849.0
159,GAS,11022.0,13671.0
160,GAS,11042.542183170344,13462.959537763905
161,GAS,11059.0,13278.0
162,GAS,11065.0,13164.0
163,GAS,11067.0,13069.0
164,GAS,11058.0,12918.0
165,GAS,11043.0,12832.0
166,GAS,10979.0,12665.0
167,GAS,10906.160156037933,12554.10866916675
168,GAS,10838.673090751094,12490.334813631127
169,GAS,10767.464165731557,12430.023625072596
170,GAS,10661.737927197864,12359.380494660516
171,GAS,10471.0,12255.0
172,GAS,10401.0,12219.0
173,GAS,10228.395832351789,12133.676992277613
174,GAS,10024.666780871636,12028.269095438156
175,GAS,9837.0,11928.0
176,GAS,9679.825781513611,11842.220268054605
177,GAS,9180.0,11571.0
178,GAS,8987.501592365696,11459.773420613226
179,GAS,8836.806054184573,11372.971082281792
180,GAS,8716.21428927835,11305.733151030787
181,GAS,8554.0,11215.0
182,GAS,8264.521103905774,11053.132076989346
183,GAS,8131.0,10975.0
184,GAS,8020.0,10911.0
185,GAS,7863.521650812725,10818.311994534528
186,GAS,7757.0,10753.0
187,GAS,7634.0,10672.0
188,GAS,7415.279100829344,10517.402659351177
189,GAS,7158.0,10310.0
190,GAS,7053.0,10224.0
191,GAS,6892.485604599546,10092.787545745205
192,GAS,6737.499857439784,9959.218135842357
193,GAS,6532.0,9779.0
194,GAS,6339.239604042407,9611.744127246919
195,GAS,6202.0,9493.0
196,GAS,6017.0,9331.0
197,GAS,5884.0,9216.0
198,GAS,5751.0,9100.0
199,GAS,5644.0,9007.0
200,GAS,5484.0,8868.0
201,GAS,5323.0,8729.0
202,GAS,5136.0,8566.0
203,GAS,4908.862893485724,8368.169345785778
204,GAS,4742.163636144026,8223.472721211207
205,GAS,4554.933805100069,8061.192855140568
206,GAS,4430.120364654096,7951.923815644929
207,GAS,4324.0,7860.0
208,GAS,4100.828577624807,7666.2835780883215
209,GAS,3878.0,7472.0
210,GAS,3717.5708351081053,7333.145435236042
211,GAS,3655.0,7278.0
212,GAS,3432.0,7085.0
213,GAS,3226.0,6905.0
214,GAS,3130.2959370052904,6821.53908834342
215,GAS,3024.8966541689438,6728.918161924215
216,GAS,2884.349775553193,6604.974202285566
217,GAS,2743.7352994685775,6467.841394469404
218,GAS,2673.2829812166447,6391.401698607684
219,GAS,2638.242655586434,6337.142110232466
220,GAS,2569.6235692974237,6186.2846636174
221,GAS,2546.0,6015.0
222,GAS,2543.185684320157,5937.829291723079
223,GAS,2544.589840274004,5874.431673215815
224,GAS,2546.62577014477,5735.025544869948
225,GAS,2538.6937585535898,5582.608964231381
226,GAS,2526.106069203174,5441.824878474026
227,GAS,2493.884492597059,5330.105295189046
228,GAS,2464.033238059712,5238.17688699695
229,GAS,2376.459986786661,5052.529885581493
230,GAS,2313.0,4956.0
231,GAS,2228.0,4852.0
232,GAS,2074.9670298844944,4694.969144500037
233,GAS,1924.3685191628822,4501.129972945545
234,GAS,1842.324431600484,4338.278696666035
235,GAS,1799.9822934928886,4201.004538783661
236,GAS,1752.4008992441848,3952.035997633052
237,GAS,1733.2312814269792,3820.4782815762533
238,GAS,1720.178662792323,3648.235885677082
239,GAS,1707.7443907263,3510.979629223433
240,GAS,1695.454825641473,3379.397293087013
241,GAS,1660.6353340660185,3028.2183487317825
242,GAS,1643.0,2831.0
243,GAS,1629.0,2675.0
244,GAS,1616.0,2534.0
245,GAS,1600.522735797205,2369.5423029924846
246,GAS,1573.7937724429075,2080.192725564095
247,GAS,1566.0,1988.0
248,GAS,1537.9678885246399,1687.5941640222006
249,GAS,1516.5201782575793,1455.5290523455194
250,GAS,1498.6956341064024,1254.9266158312728
251,GAS,1486.293929137415,1119.4977027459586
252,GAS,1458.649040944173,819.641296987991
253,GAS,1428.0,494.0
254,GAS,1403.3256854856427,218.31952065185655
255,GAS,1390.4136660323816,76.43840231170245
256,GAS,1362.9888550310586,-222.14020198720414
257,GAS,1345.0,-412.0
258,GAS,1334.0,-536.0
259,GAS,1314.8280671770665,-739.5679931355515
260,GAS,1287.0,-1042.0
261,GAS,1268.0,-1255.0
262,GAS,1242.0,-1539.0
263,GAS,1219.0,-1787.0
264,GAS,1200.2434133755482,-1987.782794796294
265,GAS,1180.0,-2212.0
266,GAS,1167.0,-2354.0
267,GAS,1142.0,-2618.0
268,GAS,1118.9603873384604,-2869.1382576385668
269,GAS,1096.4699505401961,-3114.5513260452653
270,GAS,1055.3730324288501,-3567.379112370517
271,GAS,1034.8261082370552,-3779.1898937380315
272,GAS,1015.7203165842138,-3973.815150020318
273,GAS,978.6944311797731,-4323.234466318694
274,GAS,947.5940243722973,-4588.3176861652555
275,GAS,933.5533577632572,-4677.270673352743
276,GAS,896.0,-4889.0
277,GAS,860.0,-5045.0
278,GAS,805.0,-5221.0
279,GAS,746.206484291738,-5363.867217716246
280,GAS,646.9214781278846,-5511.906065329393
281,GAS,575.8713612474567,-5590.436120665818
282,GAS,475.2266338233888,-5669.939912913108
283,GAS,338.9993470173973,-5738.405371473245
284,GAS,237.12498544413575,-5779.321021466007
285,GAS,124.4020007006576,-5795.7943899579695
286,GAS,9.98280172619355,-5801.540357524897
287,GAS,-120.0,-5789.0
288,GAS,-195.67416116268595,-5772.595873616933
289,GAS,-415.0,-5697.0
290,GAS,-630.0,-5576.0
291,GAS,-734.4409357644314,-5493.897899994174
292,GAS,-811.3138588226714,-5423.250802704877
293,GAS,-903.105510510027,-5327.432172233956
294,GAS,-988.2145784735484,-5224.009999887745
295,GAS,-1082.0099919895652,-5087.986931892876
296,GAS,-1156.0,-4961.0
297,GAS,-1207.0,-4860.0
298,GAS,-1306.0,-4621.0
299,GAS,-1368.0,-4425.0
300,GAS,-1405.0,-4281.0
301,GAS,-1435.0,-4133.0
302,GAS,-1465.0,-3935.0
303,GAS,-1485.2517567783095,-3693.120584434656
304,GAS,-1493.4772498704433,-3568.0617583501817
305,GAS,-1496.0,-3466.0
306,GAS,-1499.0,-3290.0
307,GAS,-1499.0,-3129.0
308,GAS,-1498.0,-2967.0
309,GAS,-1490.5962269189745,-2572.3272561125023
310,GAS,-1488.0,-2505.0
311,GAS,-1477.148254287409,-2214.038347644693
312,GAS,-1468.9181986460778,-2045.8258827786647
313,GAS,-1453.0,-1743.0
314,GAS,-1441.280221176067,-1569.607077688607
315,GAS,-1424.4134173482475,-1327.0598132464274
316,GAS,-1402.0,-1029.0
0,HAM,-1370.0,-631.0
1,HAM,-1350.8278294705165,-412.04693400055373
2,HAM,-1320.0,-62.0
3,HAM,-1315.0,-8.0
4,HAM,-1294.0,225.0
5,HAM,-1268.9054012427848,514.4155044391541
6,HAM,-1247.6287002149963,759.7784178040976
7,HAM,-1221.0,1078.0
8,HAM,-1211.8457582046894,1179.2393437898454
9,HAM,-1181.0,1536.0
10,HAM,-1161.265412629836,1770.2686659273015
11,HAM,-1139.1790545834908,2017.9453884256664
12,HAM,-1132.0,2106.0
13,HAM,-1115.0,2309.0
14,HAM,-1083.0,2670.0
15,HAM,-1060.0845224071973,2942.107170164695
16,HAM,-1042.0,3154.0
17,HAM,-1014.5520798915295,3464.695311314769
18,HAM,-987.0,3788.0
19,HAM,-974.0,3937.0
20,HAM,-950.0,4218.0
21,HAM,-923.0,4536.0
22,HAM,-905.8733733514864,4728.017270238979
23,HAM,-886.3947574708391,4951.988206743994
24,HAM,-861.0,5247.0
25,HAM,-797.0,5998.0
26,HAM,-757.0,6476.0
27,HAM,-735.0,6737.0
28,HAM,-727.0,6830.0
29,HAM,-696.0,7198.0
30,HAM,-676.0409532285923,7444.40240344817
31,HAM,-669.3615103326074,7523.6578342179955
32,HAM,-657.9682838768199,7651.092541668753
33,HAM,-650.6348051582852,7736.239471691417
34,HAM,-637.0,7878.0
35,HAM,-622.0,7982.0
36,HAM,-600.1705102521926,8075.027642387735
37,HAM,-533.0,8209.0
38,HAM,-505.33985100862316,8244.83529022193
39,HAM,-458.02257994116184,8274.871058166551
40,HAM,-406.80914111793265,8301.886152582654
41,HAM,-353.0661285116548,8312.105348218825
42,HAM,-294.6856798324604,8323.010609670559
43,HAM,-239.57980466933705,8342.593853563814
44,HAM,-187.0,8387.0
45,HAM,-155.6228866610855,8454.270171038164
46,HAM,-147.79616542155316,8494.26379541591
47,HAM,-142.0,8542.0
48,HAM,-145.0,8642.0
49,HAM,-152.0,8695.0
50,HAM,-164.0,8752.0
51,HAM,-175.0,8798.0
52,HAM,-190.0,8854.0
53,HAM,-211.2770804121905,8934.494998525042
54,HAM,-225.47575263228123,8987.31744887589
55,HAM,-247.0,9070.0
56,HAM,-269.0,9156.0
57,HAM,-301.0,9283.0
58,HAM,-320.0,9364.0
59,HAM,-348.0,9490.0
60,HAM,-371.0434831609353,9607.88792460755
61,HAM,-390.72190847232196,9721.409379469049
62,HAM,-404.0,9834.0
63,HAM,-415.0,9952.0
64,HAM,-421.16591466683246,10076.839505924587
65,HAM,-426.0,10237.0
66,HAM,-427.0,10365.0
67,HAM,-426.0,10495.0
68,HAM,-421.8670526916382,10645.568896235754
69,HAM,-406.0,10917.0
70,HAM,-395.0,11057.0
71,HAM,-377.83566864375985,11217.962054671316
72,HAM,-358.6852373186515,11362.902464994804
73,HAM,-322.0,11579.0
74,HAM,-271.5381023318376,11798.303104614919
75,HAM,-200.0,12035.0
76,HAM,-147.0,12182.0
77,HAM,-31.0,12441.0
78,HAM,13.157875343529813,12531.34261159881
79,HAM,155.4199592774976,12763.403694434466
80,HAM,247.70592596144309,12905.631814029672
81,HAM,356.2480447030167,13041.743724307486
82,HAM,466.36241486753454,13165.61448275074
83,HAM,640.1547091292247,13333.167190753837
84,HAM,835.0,13496.0
85,HAM,1013.0,13625.0
86,HAM,1241.0,13767.0
87,HAM,1391.0,13848.0
88,HAM,1645.814976978052,13966.56913378923
89,HAM,1969.3130192622207,14085.772986486103
90,HAM,2144.96928895178,14135.517414503405
91,HAM,2483.391037617429,14209.59675988012
92,HAM,2711.227251839439,14249.116442535931
93,HAM,2892.964951200607,14275.529465524161
94,HAM,3104.6267667339353,14301.93597986001
95,HAM,3455.9633671012166,14336.398739253309
96,HAM,3665.0,14353.0
97,HAM,3878.0,14371.0
98,HAM,4028.8663368144425,14384.739541551007
99,HAM,4165.415903131911,14395.314739889538
100,HAM,4517.359781639307,14420.979161140114
101,HAM,4825.03672031056,14441.592703621829
102,HAM,5243.507972231169,14461.383969925177
103,HAM,5373.501006829623,14466.998844170954
104,HAM,5620.0,14476.0
105,HAM,5852.231732462138,14485.450363912687
106,HAM,6123.0,14495.0
107,HAM,6282.30418939857,14501.400085249295
108,HAM,6360.0,14505.0
109,HAM,6518.697905539417,14525.011486389783
110,HAM,6600.170967986303,14540.28107078758
111,HAM,6664.0,14563.0
112,HAM,6741.0,14593.0
113,HAM,6785.2721664043065,14618.38456796256
114,HAM,6837.0,14656.0
115,HAM,6883.0,14708.0
116,HAM,6916.0,14773.0
117,HAM,6944.0,14834.0
118,HAM,6959.913289048845,14861.98371260794
119,HAM,7020.0,14935.0
120,HAM,7097.0,14997.0
121,HAM,7155.0,15032.0
122,HAM,7235.0,15068.0
123,HAM,7295.694955197115,15089.542126831871
124,HAM,7395.0,15117.0
125,HAM,7498.0,15139.0
126,HAM,7595.824238592022,15156.423002348416
127,HAM,7798.501374196181,15194.407996956968
128,HAM,7914.419608545919,15220.47867739623
129,HAM,8199.0,15307.0
130,HAM,8300.0,15338.0
131,HAM,8450.0,15386.0
132,HAM,8583.28684296202,15432.735201376676
133,HAM,8664.0,15463.0
134,HAM,8785.0,15511.0
135,HAM,8934.0,15569.0
136,HAM,9218.0,15671.0
137,HAM,9323.0,15706.0
138,HAM,9437.172257556727,15744.63914416899
139,HAM,9702.0,15829.0
140,HAM,9894.0,15874.0
141,HAM,10059.061011238624,15881.014365403265
142,HAM,10166.788436364703,15875.782319720389
143,HAM,10438.600116964506,15781.477449324027
144,HAM,10539.673049311938,15721.693844680884
145,HAM,10650.0,15623.0
146,HAM,10725.0,15529.0
147,HAM,10802.0,15390.0
148,HAM,10840.0,15293.0
149,HAM,10874.735432204323,15176.081143433788
150,HAM,10899.787536257249,15056.22013618322
151,HAM,10917.899812036809,14932.7854330747
152,HAM,10935.284943119637,14779.38568075875
153,HAM,10950.78909100788,14617.62896692675
154,HAM,10970.198984108103,14348.203484278112
155,HAM,10977.60388713843,14223.454879350897
156,HAM,10988.689617088367,14060.761367887751
157,HAM,11010.382864267931,13797.091380035701
158,HAM,11021.882842209005,13667.458714732478
159,HAM,11032.055194622675,13566.565653939659
160,HAM,11057.0,13297.0
161,HAM,11067.019991911604,13131.473399411527
162,HAM,11064.359754259462,12977.889961323668
163,HAM,11046.69195851426,12844.846515765257
164,HAM,11014.0,12737.0
165,HAM,10960.948479728362,12632.753889263362
166,HAM,10911.657594997509,12564.91799908194
167,HAM,10855.966137909652,12503.830744294886
168,HAM,10715.0,12393.0
169,HAM,10607.0,12327.0
170,HAM,10524.0,12282.0
171,HAM,10395.0,12216.0
172,HAM,10292.0,12165.0
173,HAM,10156.0,12097.0
174,HAM,9991.0,12011.0
175,HAM,9867.0,11944.0
176,HAM,9737.029967528842,11873.926704765661
177,HAM,9611.0,11806.0
178,HAM,9493.0,11743.0
179,HAM,9375.548966873135,11679.31724649296
180,HAM,9116.742641968105,11534.5873728614
181,HAM,8977.92233270673,11454.533716933152
182,HAM,8742.698858364955,11320.92513532699
183,HAM,8615.0,11249.0
184,HAM,8313.548960405213,11080.293851516042
185,HAM,8215.386023482468,11024.169872820643
186,HAM,8029.0,10917.0
187,HAM,7821.0,10793.0
188,HAM,7643.0,10679.0
189,HAM,7513.791514601277,10588.519545377485
190,HAM,7300.0,10426.0
191,HAM,7156.0,10308.0
192,HAM,6995.7394344442055,10177.098103716457
193,HAM,6732.081458689071,9955.600303848347
194,HAM,6569.629629499561,9811.614492778932
195,HAM,6399.0,9664.0
196,HAM,6188.0,9480.0
197,HAM,6068.0,9376.0
198,HAM,5878.029068482627,9211.237026656334
199,HAM,5720.0,9073.0
200,HAM,5544.0,8921.0
201,HAM,5395.0,8791.0
202,HAM,5202.0502502633435,8622.934780145528
203,HAM,5099.576375595009,8533.73144941708
204,HAM,4931.603424831747,8387.754150028064
205,HAM,4707.837104368012,8193.666051907116
206,HAM,4601.398019130056,8101.331820181781
207,HAM,4369.927916365745,7900.381087494876
208,HAM,4174.290949367359,7729.378879538561
209,HAM,4038.32770353253,7611.347659073875
210,HAM,3936.937413311873,7523.193302888103
211,HAM,3586.0,7219.0
212,HAM,3450.9788221940016,7101.495889733633
213,HAM,3348.252398497791,7011.7475179375315
214,HAM,3159.0,6847.0
215,HAM,2978.404247095688,6689.169165563988
216,HAM,2892.2565433761188,6611.277571131002
217,HAM,2793.2750140749235,6517.881148487847
218,HAM,2708.4254405028787,6430.2051842237615
219,HAM,2641.0,6341.0
220,HAM,2582.8686516543257,6226.628095532799
221,HAM,2556.0,6121.0
222,HAM,2545.0,5995.0
223,HAM,2543.3583022901544,5939.937223609288
224,HAM,2546.0,5755.0
225,HAM,2542.0,5607.0
226,HAM,2538.0,5553.0
227,HAM,2498.7226678539764,5340.747226928403
228,HAM,2451.909884182414,5207.83259149095
229,HAM,2385.3433210669705,5065.074601995414
230,HAM,2280.2226921226893,4915.37432262109
231,HAM,2203.075841350181,4820.997105384757
232,HAM,2156.0,4776.0
233,HAM,1999.541253133073,4613.19816048725
234,HAM,1911.6651117498882,4475.231176525962
235,HAM,1811.0893517885866,4246.815188497217
236,HAM,1750.8687612261137,3935.652855640067
237,HAM,1730.0,3758.0
238,HAM,1706.0,3491.0
239,HAM,1679.2553738095623,3220.159007618281
240,HAM,1656.8415717215448,2988.7964220895083
241,HAM,1629.2244571165752,2681.5532329516773
242,HAM,1608.0,2442.0
243,HAM,1587.2082102264703,2224.455478562673
244,HAM,1554.8827429048752,1872.185634591164
245,HAM,1545.7645969461,1771.4235879179719
246,HAM,1514.0,1424.0
247,HAM,1500.0,1273.0
248,HAM,1477.0,1019.0
249,HAM,1461.62645046284,856.3069207025698
250,HAM,1433.0,538.0
251,HAM,1413.0,330.0
252,HAM,1386.0,34.0
253,HAM,1372.4515439700629,-118.26174386404892
254,HAM,1363.4166141766282,-217.32323458773743
255,HAM,1336.0,-512.0
256,HAM,1314.462326728813,-741.2270681482876
257,HAM,1298.2357078939435,-922.6773763247913
258,HAM,1275.3447076232476,-1178.772229669612
259,HAM,1211.4606187341617,-1864.0185005265748
260,HAM,1191.0,-2094.0
261,HAM,1168.309571583526,-2339.8878147698865
262,HAM,1145.0,-2586.0
263,HAM,1118.344460857028,-2882.707716466518
264,HAM,1097.0,-3117.0
265,HAM,1084.4779014062544,-3250.4943718830723
266,HAM,1070.4876664942358,-3397.5099895749886
267,HAM,1043.3728533255694,-3693.9313590763686
268,HAM,1008.0,-4056.0
269,HAM,978.0,-4333.0
270,HAM,956.995489548415,-4513.990833931487
271,HAM,921.0,-4756.0
272,HAM,862.0,-5039.0
273,HAM,820.0,-5178.0
274,HAM,736.0,-5378.0
275,HAM,647.0942263193548,-5516.002552748542
276,HAM,558.0,-5606.0
277,HAM,414.34786128885827,-5705.880276375204
278,HAM,294.37644386169757,-5761.991505101609
279,HAM,225.0,-5779.0
280,HAM,117.37794556578119,-5797.598416225881
281,HAM,-97.37875703879244,-5791.366291905497
282,HAM,-204.90000176622863,-5773.978564965487
283,HAM,-337.9084653057319,-5730.4754549041845
284,HAM,-491.43428903592104,-5659.073389709161
285,HAM,-627.7956949777292,-5576.86616011131
286,HAM,-764.0,-5467.0
287,HAM,-859.0,-5376.0
288,HAM,-1021.0,-5178.0
289,HAM,-1140.0,-4991.0
290,HAM,-1196.345625842817,-4881.853884293274
291,HAM,-1247.258499961657,-4770.217158949901
292,HAM,-1342.0,-4514.0
293,HAM,-1404.0,-4284.0
294,HAM,-1439.6537856988018,-4110.672047642516
295,HAM,-1464.0,-3939.0
296,HAM,-1478.0,-3801.0
297,HAM,-1492.0,-3581.0
298,HAM,-1498.0,-3311.0
299,HAM,-1499.0,-3102.0
300,HAM,-1498.0,-2923.0
301,HAM,-1495.0,-2759.0
302,HAM,-1489.8316618041945,-2564.4545555300256
303,HAM,-1484.9203634958662,-2404.0741628139526
304,HAM,-1479.4822168621745,-2250.476434226068
305,HAM,-1466.0,-1970.0
306,HAM,-1442.0,-1579.0
307,HAM,-1420.717120043767,-1278.9491911887055
308,HAM,-1411.4921095150708,-1151.1374096885306
309,HAM,-1399.7637229437703,-995.9610331452618
0,HUL,-1373.0,-665.0
1,HUL,-1347.0,-363.0
2,HUL,-1326.0,-131.0
3,HUL,-1305.0,102.0
4,HUL,-1280.8990798501022,378.057537786371
5,HUL,-1264.0,572.0
6,HUL,-1233.0,936.0
7,HUL,-1224.1205073938395,1037.7935499911484
8,HUL,-1182.0,1522.0
9,HUL,-1167.3384819881621,1693.3702762059463
10,HUL,-1145.6239272521866,1945.7585747937817
11,HUL,-1128.4952704535176,2147.3635119100954
12,HUL,-1104.4347585630055,2431.19279901656
13,HUL,-1066.0,2873.0
14,HUL,-1053.0,3022.0
15,HUL,-1035.7462747253562,3224.0516965648276
16,HUL,-1016.8438258604381,3444.4515433625525
17,HUL,-994.872275864087,3700.146306857776
18,HUL,-978.2265415315322,3892.21932220857
19,HUL,-958.3321901049867,4121.3748367248545
20,HUL,-942.5687569428494,4309.685406804001
21,HUL,-915.0,4620.0
22,HUL,-898.0,4823.0
23,HUL,-880.0,5026.0
24,HUL,-866.0,5192.0
25,HUL,-838.0,5520.0
26,HUL,-782.0,6169.0
27,HUL,-767.0576586892535,6354.887493170442
28,HUL,-752.0677081219594,6536.329510926401
29,HUL,-735.0,6734.0
30,HUL,-722.0,6892.0
31,HUL,-703.6843928363638,7100.342666852256
32,HUL,-687.0,7305.0
33,HUL,-668.5932285511025,7524.133580363192
34,HUL,-660.0,7636.0
35,HUL,-645.0,7798.0
36,HUL,-634.8369788807647,7896.241413043128
37,HUL,-624.0,7966.0
38,HUL,-612.7757031410184,8026.958439437112
39,HUL,-594.7199539118131,8087.820586270901
40,HUL,-568.0,8151.0
41,HUL,-528.0,8215.0
42,HUL,-496.0,8250.0
43,HUL,-461.0,8276.0
44,HUL,-422.0,8294.0
45,HUL,-346.58797144377377,8312.395727329364
46,HUL,-271.89505853331,8329.536084037914
47,HUL,-241.46447143602947,8341.91844347276
48,HUL,-201.28338780633098,8370.712922076396
49,HUL,-170.0,8416.0
50,HUL,-152.93791824681674,8466.677755806284
51,HUL,-146.0,8505.0
52,HUL,-142.0,8548.0
53,HUL,-142.65827182976264,8621.516735453442
54,HUL,-160.0,8734.0
55,HUL,-183.0,8829.0
56,HUL,-204.0,8907.0
57,HUL,-222.28971266693608,8974.195832421276
58,HUL,-238.2491876240689,9033.501797747984
59,HUL,-274.7329932995974,9177.805451940936
60,HUL,-301.18097129918874,9284.716727451036
61,HUL,-328.0,9398.0
62,HUL,-358.0,9537.0
63,HUL,-386.0,9697.0
64,HUL,-405.8614982591007,9834.70707627104
65,HUL,-420.39246176592866,10058.217472725413
66,HUL,-424.36387723043356,10155.003626813066
67,HUL,-426.0,10471.0
68,HUL,-421.0,10659.0
69,HUL,-417.0,10754.0
70,HUL,-398.0,11020.0
71,HUL,-385.74729756670274,11152.59549295388
72,HUL,-372.00751564104127,11260.865000063372
73,HUL,-355.36390940486217,11382.998618454625
74,HUL,-325.6561670969171,11558.735446716802
75,HUL,-301.0560322039636,11677.774640239932
76,HUL,-248.2966514026616,11884.687165820975
77,HUL,-208.0,12015.0
78,HUL,-143.0,12190.0
79,HUL,-87.05587957924075,12322.485693272207
80,HUL,-33.15122030776626,12437.823299161497
81,HUL,57.24995367046224,12607.35932163002
82,HUL,176.9521930116824,12801.216671999808
83,HUL,280.0,12945.0
84,HUL,507.0,13207.0
85,HUL,636.9871042307616,13332.684068213794
86,HUL,808.0,13476.0
87,HUL,930.0,13567.0
88,HUL,1244.0,13768.0
89,HUL,1460.42662417634,13883.502773024244
90,HUL,1587.601753193338,13940.182683759012
91,HUL,1891.0,14060.0
92,HUL,2082.550581476212,14117.909865501924
93,HUL,2227.956416795806,14156.90488594701
94,HUL,2415.711066264843,14196.583071679905
95,HUL,2701.4563780881726,14247.462389099466
96,HUL,2975.0,14286.0
97,HUL,3310.0,14324.0
98,HUL,3487.0,14339.0
99,HUL,3858.0,14369.0
100,HUL,4017.0,14383.0
101,HUL,4198.0,14398.0
102,HUL,4413.0,14414.0
103,HUL,4577.0,14425.0
104,HUL,4788.0,14439.0
105,HUL,5088.555055507734,14454.160138612273
106,HUL,5334.48731404786,14465.305560281287
107,HUL,5505.575711142934,14471.577623947253
108,HUL,5645.654214473358,14477.15936918659
109,HUL,5811.330050915643,14484.620273036484
110,HUL,6114.673614882014,14494.522963577043
111,HUL,6277.78627339077,14501.064663466635
112,HUL,6360.576732004293,14505.727802283436
113,HUL,6460.0,14515.0
114,HUL,6595.051020140279,14541.93451011522
115,HUL,6721.0,14585.0
116,HUL,6753.0,14600.0
117,HUL,6809.0,14633.0
118,HUL,6846.0,14664.0
119,HUL,6891.0,14722.0
120,HUL,6941.0,14829.0
121,HUL,6967.218360964825,14877.289686675429
122,HUL,7021.761310723988,14936.955775234797
123,HUL,7071.845436219577,14979.386683968032
124,HUL,7141.0,15024.0
125,HUL,7515.0,15142.0
126,HUL,7561.6911516126665,15151.22335598383
127,HUL,7638.423135201582,15164.648280449399
128,HUL,7737.096179150078,15182.08043626076
129,HUL,7856.247652288547,15207.505902463574
130,HUL,8014.639698603846,15250.47333121004
131,HUL,8200.2215831368,15307.761382563256
132,HUL,8345.754004042015,15352.764810488368
133,HUL,8471.640756770372,15392.229997295675
134,HUL,8552.0,15421.0
135,HUL,8697.902540527488,15476.741213444284
136,HUL,8843.427098314049,15534.27882715662
137,HUL,9124.796115946072,15638.493356655388
138,HUL,9233.863202022098,15677.276246415699
139,HUL,9392.0,15730.0
140,HUL,9639.41880261726,15811.417560133254
141,HUL,9754.0,15844.0
142,HUL,9890.0,15872.0
143,HUL,10015.37701714442,15879.801723119243
144,HUL,10170.0,15872.0
145,HUL,10255.0,15856.0
146,HUL,10432.0,15789.0
147,HUL,10486.0,15758.0
148,HUL,10622.0,15650.0
149,HUL,10716.0,15541.0
150,HUL,10785.942804762222,15422.097474337592
151,HUL,10835.0,15305.0
152,HUL,10884.502666488359,15134.392696924231
153,HUL,10917.80417134145,14925.176402138779
154,HUL,10937.837814924116,14766.57658368135
155,HUL,10949.0,14635.0
156,HUL,10967.494709351933,14383.624109984166
157,HUL,10982.967464682699,14138.853637284848
158,HUL,10995.0,13971.0
159,HUL,11010.0,13793.0
160,HUL,11021.0,13682.0
161,HUL,11039.8596114583,13485.735020612057
162,HUL,11049.0,13392.0
163,HUL,11060.0,13265.0
164,HUL,11067.0,13124.0
165,HUL,11068.661733817109,13034.22333858463
166,HUL,11053.86682487686,12904.161824676354
167,HUL,11017.34009595439,12744.73099597866
168,HUL,10985.224482907592,12675.393437588717
169,HUL,10847.0,12496.0
170,HUL,10751.0,12418.0
171,HUL,10366.0,12202.0
172,HUL,10106.0,12071.0
173,HUL,10022.38192801248,12027.354689146796
174,HUL,9831.135960397909,11923.934445220402
175,HUL,9694.0,11850.0
176,HUL,9553.42271577008,11774.829402093152
177,HUL,9367.0,11675.0
178,HUL,9254.238612083274,11613.017350422955
179,HUL,9107.0,11529.0
180,HUL,8904.0,11411.0
181,HUL,8708.0,11301.0
182,HUL,8516.123274792273,11193.850693621185
183,HUL,8252.728299893266,11045.32355949666
184,HUL,8185.804245958542,11006.842778004564
185,HUL,7983.772594766131,10890.759996121511
186,HUL,7735.595676729239,10739.484030557742
187,HUL,7575.0,10632.0
188,HUL,7432.0,10530.0
189,HUL,7297.376784164711,10423.89934450257
190,HUL,7164.394884681415,10315.953200930344
191,HUL,6882.6346787219945,10084.547688538354
192,HUL,6697.488830645088,9923.291890654096
193,HUL,6580.834988227641,9821.225848412789
194,HUL,6438.27044607915,9697.964801386148
195,HUL,6247.974691435491,9533.030513852262
196,HUL,6105.0,9408.0
197,HUL,5945.0,9269.0
198,HUL,5878.0,9211.0
199,HUL,5716.0,9070.0
200,HUL,5581.0,8953.0
201,HUL,5444.2949744812095,8833.581468107022
202,HUL,5257.0,8671.0
203,HUL,5163.13887524585,8589.615386456682
204,HUL,4968.898098030369,8420.570672848626
205,HUL,4755.6455453930885,8234.826281267928
206,HUL,4619.0,8116.0
207,HUL,4387.0,7915.0
208,HUL,4134.0,7695.0
209,HUL,4026.0,7601.0
210,HUL,3851.0,7449.0
211,HUL,3624.0,7251.0
212,HUL,3357.0,7019.0
213,HUL,3225.0,6904.0
214,HUL,3099.0,6795.0
215,HUL,2864.81676560217,6586.176787690955
216,HUL,2779.154391740911,6503.353812800649
217,HUL,2706.590547269064,6428.55361150394
218,HUL,2631.0,6327.0
219,HUL,2575.3474728730685,6198.697287924106
220,HUL,2548.593999290317,6100.599446855896
221,HUL,2546.7868772083757,6030.244139363755
222,HUL,2545.0,5877.0
223,HUL,2545.6681909214312,5805.656415878743
224,HUL,2544.8396884468125,5695.834690023464
225,HUL,2535.0,5525.0
226,HUL,2507.458280942791,5367.305272014679
227,HUL,2445.167370505546,5192.691425552632
228,HUL,2393.8094621329055,5081.9562350176
229,HUL,2328.0,4977.0
230,HUL,2244.0,4870.0
231,HUL,2131.0,4751.0
232,HUL,2040.0,4658.0
233,HUL,1950.4216135550664,4546.8236660831435
234,HUL,1860.8606052564978,4384.140654347934
235,HUL,1799.9328689058023,4198.476285962706
236,HUL,1754.7583149600916,3975.9916451284307
237,HUL,1736.0,3821.0
238,HUL,1720.4837124382161,3658.107343574471
239,HUL,1703.0,3454.0
240,HUL,1690.0,3321.0
241,HUL,1666.2448216857993,3090.331391544064
242,HUL,1652.7516868055943,2939.2470559878075
243,HUL,1615.9942215738586,2538.4684423480867
244,HUL,1604.4057263191119,2406.1960029982133
245,HUL,1594.39949463186,2294.0574413200484
246,HUL,1574.814752135376,2083.5230196470125
247,HUL,1540.0,1709.0
248,HUL,1527.2419616914497,1572.3166284079477
249,HUL,1505.0,1324.0
250,HUL,1491.0,1172.0
251,HUL,1455.0,780.0
252,HUL,1444.1555463759896,659.3783815090512
253,HUL,1409.9178309235278,291.66046240010536
254,HUL,1395.354685660225,130.6192381568947
255,HUL,1359.1656406004006,-259.8683139046245
256,HUL,1341.5968274213374,-447.7763378337639
257,HUL,1334.0,-532.0
258,HUL,1318.0,-710.0
259,HUL,1288.0,-1032.0
260,HUL,1268.0,-1247.0
261,HUL,1246.291098431586,-1484.7515152130402
262,HUL,1226.7579505188576,-1697.9613325299758
263,HUL,1207.4077996955175,-1913.6077352020898
264,HUL,1179.0,-2218.0
265,HUL,1161.0,-2416.0
266,HUL,1136.0,-2686.0
267,HUL,1104.3214457569618,-3037.7711089084405
268,HUL,1083.0,-3260.0
269,HUL,1055.0,-3563.0
270,HUL,1037.0,-3759.0
271,HUL,1007.0,-4061.0
272,HUL,1004.0,-4096.0
273,HUL,980.6220799364307,-4310.423855769889
274,HUL,954.6923056499916,-4525.418559636005
275,HUL,903.0,-4857.0
276,HUL,845.0,-5098.0
277,HUL,763.6715442912067,-5322.710432335617
278,HUL,719.1554935588409,-5411.122245648621
279,HUL,661.3299327632409,-5493.092125124665
280,HUL,595.0,-5571.0
281,HUL,521.7600654395674,-5635.973670353906
282,HUL,283.33246860655686,-5762.524969218409
283,HUL,159.7017848214992,-5791.9950129227855
284,HUL,-4.791866545933551,-5801.130751909611
285,HUL,-139.0,-5785.0
286,HUL,-225.0,-5766.0
287,HUL,-343.0,-5728.0
288,HUL,-462.50486776728866,-5676.117312752793
289,HUL,-613.7951936327343,-5583.076733399426
290,HUL,-751.1044533902852,-5481.001240508951
291,HUL,-828.0,-5407.0
292,HUL,-1007.0,-5198.0
293,HUL,-1118.0,-5027.0
294,HUL,-1178.0,-4918.0
295,HUL,-1277.503293765122,-4694.936469278671
296,HUL,-1346.5876451285242,-4499.688824378343
297,HUL,-1385.0,-4364.0
298,HUL,-1412.0,-4249.0
299,HUL,-1441.0,-4101.0
300,HUL,-1470.0,-3888.0
301,HUL,-1486.0,-3703.0
302,HUL,-1497.0,-3421.0
303,HUL,-1499.0,-3293.0
304,HUL,-1499.0,-3132.0
305,HUL,-1497.506779454954,-2869.0463876256003
306,HUL,-1488.0,-2547.0
307,HUL,-1485.1520296718656,-2407.9739860138934
308,HUL,-1474.0,-2135.0
309,HUL,-1462.5487502210108,-1921.3417953637759
310,HUL,-1451.0,-1724.0
311,HUL,-1444.8468982312495,-1618.5173992363182
312,HUL,-1432.7555935373175,-1443.6488914421268
313,HUL,-1402.0,-1032.0
314,HUL,-1384.0,-806.0
0,LEC,-1368.0,-615.0
1,LEC,-1349.0,-386.0
2,LEC,-1331.0,-190.0
3,LEC,-1308.176295964302,62.80102776666771
4,LEC,-1289.0963236324076,282.4624896534418
5,LEC,-1279.3890758605253,396.7060385025835
6,LEC,-1260.148678870631,623.3314356880132
7,LEC,-1244.5195929751844,804.6124553518531
8,LEC,-1212.5711489705623,1170.5988591557416
9,LEC,-1199.7005539652434,1318.3275250080078
10,LEC,-1189.0,1448.0
11,LEC,-1165.0,1726.0
12,LEC,-1139.714682230974,2021.9625222121858
13,LEC,-1120.0,2248.0
14,LEC,-1105.0,2417.0
15,LEC,-1085.0,2655.0
16,LEC,-1069.0,2843.0
17,LEC,-1041.0,3164.0
18,LEC,-1021.0476212743814,3393.347846395494
19,LEC,-982.0,3842.0
20,LEC,-952.0,4200.0
21,LEC,-936.5637480966866,4376.966056074793
22,LEC,-924.7587157088666,4516.628286621915
23,LEC,-901.0,4783.0
24,LEC,-885.0,4971.0
25,LEC,-862.900859143626,5233.90168163103
26,LEC,-846.4480367346963,5419.170414271359
27,LEC,-824.0743506861246,5682.65193006899
28,LEC,-808.6417291816543,5854.186487722457
29,LEC,-787.0,6114.0
30,LEC,-768.1735521671384,6345.081258919662
31,LEC,-756.4618525926477,6479.374550389399
32,LEC,-740.0,6678.0
33,LEC,-723.0,6879.0
34,LEC,-708.0,7053.0
35,LEC,-680.0,7395.0
36,LEC,-669.0,7520.0
37,LEC,-661.0,7623.0
38,LEC,-652.9535468810424,7713.509997855456
39,LEC,-633.3802915859137,7898.338945744799
40,LEC,-609.7169357716812,8042.826438606709
41,LEC,-589.1226773325398,8098.585276178346
42,LEC,-561.0228968372061,8168.882695666301
43,LEC,-523.0,8222.0
44,LEC,-458.0,8277.0
45,LEC,-413.01235705291816,8298.245343673752
46,LEC,-315.1933240672712,8318.154282618625
47,LEC,-274.54792295665135,8327.393155267804
48,LEC,-219.83504832430282,8354.952846645034
49,LEC,-190.31914079338748,8382.963104496725
50,LEC,-171.0,8414.0
51,LEC,-155.97164867476286,8455.395845055924
52,LEC,-144.0,8519.0
53,LEC,-141.0,8555.0
54,LEC,-144.0,8631.0
55,LEC,-151.0,8685.0
56,LEC,-158.0,8723.0
57,LEC,-170.0,8778.0
58,LEC,-182.0,8827.0
59,LEC,-201.0,8897.0
60,LEC,-222.0,8973.0
61,LEC,-258.0,9113.0
62,LEC,-281.0,9202.0
63,LEC,-320.0,9361.0
64,LEC,-339.4035269566111,9443.497373004537
65,LEC,-381.8325652188994,9669.090793016925
66,LEC,-397.33735695181963,9765.204414409429
67,LEC,-412.7465859834077,9931.242415915123
68,LEC,-419.0,10028.0
69,LEC,-427.0,10352.0
70,LEC,-426.64951931514565,10444.29867105165
71,LEC,-421.0,10655.0
72,LEC,-419.0,10710.0
73,LEC,-404.0,10945.0
74,LEC,-393.0,11071.0
75,LEC,-376.45533074823277,11228.888652487374
76,LEC,-349.27511726121645,11426.522432952295
77,LEC,-272.0,11796.0
78,LEC,-224.39865428929363,11965.780398410188
79,LEC,-165.0,12134.0
80,LEC,-94.90509535356324,12306.791209867168
81,LEC,-12.534173701334641,12478.137387117074
82,LEC,44.36625395311373,12586.042241045507
83,LEC,165.11539564055647,12782.051575041798
84,LEC,259.0697839355374,12917.433979870655
85,LEC,420.1090103081942,13116.086732307525
86,LEC,530.9937878287026,13231.40995864419
87,LEC,658.5113486147691,13350.627558496843
88,LEC,882.0,13532.0
89,LEC,1020.0,13630.0
90,LEC,1294.1632747054014,13797.316661305307
91,LEC,1512.018781631659,13904.54661237005
92,LEC,1780.4107934494414,14023.103848189729
93,LEC,1976.0005062998505,14086.415933932982
94,LEC,2282.5675944522313,14170.737393469719
95,LEC,2389.560165033689,14190.750768857353
96,LEC,2658.0,14240.0
97,LEC,2797.0,14262.0
98,LEC,2988.2813509031803,14287.791825383629
99,LEC,3321.0,14325.0
100,LEC,3479.430376138237,14338.498751420615
101,LEC,3690.579920496767,14355.317927888787
102,LEC,3866.211124326366,14370.236073961709
103,LEC,4109.69415004792,14390.918806732047
104,LEC,4250.912966588852,14402.073663954836
105,LEC,4439.086053010827,14416.84981452596
106,LEC,4662.0,14431.0
107,LEC,4906.0,14445.0
108,LEC,5097.0,14455.0
109,LEC,5304.0,14464.0
110,LEC,5650.0,14478.0
111,LEC,5822.0,14485.0
112,LEC,6008.0,14491.0
113,LEC,6257.0,14500.0
114,LEC,6391.1545617018855,14507.358050138157
115,LEC,6464.0,14515.0
116,LEC,6539.0,14528.0
117,LEC,6711.29375972033,14579.790128173056
118,LEC,6753.500810453242,14599.69761468525
119,LEC,6906.939350602716,14753.101199040864
120,LEC,6936.598841400208,14820.915174341115
121,LEC,6979.0,14889.0
122,LEC,7065.526300367607,14973.079861474718
123,LEC,7115.758810926965,15010.109667651006
124,LEC,7158.157202059856,15032.715148275573
125,LEC,7260.0,15077.0
126,LEC,7379.6791348726665,15113.040449806329
127,LEC,7451.203577888938,15130.618874869935
128,LEC,7697.0,15174.0
129,LEC,7828.596883802766,15201.132698298325
130,LEC,8017.522371016086,15252.1055391226
131,LEC,8209.0,15310.0
132,LEC,8383.60194030743,15364.167390805356
133,LEC,8520.961520011013,15408.728499457906
134,LEC,8665.0,15464.0
135,LEC,8881.0,15548.0
136,LEC,9066.721382125921,15617.224909264838
137,LEC,9183.60671626978,15659.072446286698
138,LEC,9277.800386642812,15691.331766698335
139,LEC,9471.304506153107,15755.868247142636
140,LEC,9746.403284077955,15842.958118494464
141,LEC,9874.0,15870.0
142,LEC,10137.963457635344,15875.811834357079
143,LEC,10217.417139893769,15865.608539422758
144,LEC,10368.157067092028,15817.839679614646
145,LEC,10447.117455802685,15780.32611800549
146,LEC,10531.25911499215,15729.000888580444
147,LEC,10704.0,15557.0
148,LEC,10758.578288478584,15474.252472551916
149,LEC,10810.596751953235,15371.314312913748
150,LEC,10875.927059167572,15164.50643385566
151,LEC,10901.344180265442,15057.093080120478
152,LEC,10925.0,14877.0
153,LEC,10937.0,14768.0
154,LEC,10958.0,14516.0
155,LEC,10971.0,14333.0
156,LEC,10978.0,14213.0
157,LEC,10989.0,14051.0
158,LEC,11009.348798939578,13803.770054086652
159,LEC,11015.8528389408,13741.177267531964
160,LEC,11037.0,13515.0
161,LEC,11053.0,13352.0
162,LEC,11047.205822941542,12853.07646894286
163,LEC,11018.32649768526,12746.283599701785
164,LEC,10900.405123751914,12554.694784171172
165,LEC,10815.0,12467.0
166,LEC,10662.0,12360.0
167,LEC,10590.0,12318.0
168,LEC,10418.0,12228.0
169,LEC,10209.061587785382,12123.441228961809
170,LEC,10170.630761262659,12103.81177084013
171,LEC,9995.945524132787,12013.561338028685
172,LEC,9862.13670096028,11940.597660426905
173,LEC,9594.0,11797.0
174,LEC,9504.641055948518,11748.981578812447
175,LEC,9240.0,11605.0
176,LEC,9118.764720087907,11535.639772415572
177,LEC,8938.0,11431.0
178,LEC,8780.054495856766,11341.230663132834
179,LEC,8652.799190378895,11269.51468054585
180,LEC,8476.0,11171.0
181,LEC,8286.0,11064.0
182,LEC,8136.0,10978.0
183,LEC,7852.411252286799,10812.168211526447
184,LEC,7682.035048642779,10705.571715797829
185,LEC,7564.196725346788,10624.942713887225
186,LEC,7314.0,10438.0
187,LEC,7223.0,10364.0
188,LEC,7079.0,10246.0
189,LEC,6911.686889357733,10110.255090593042
190,LEC,6689.0,9917.0
191,LEC,6566.329191494662,9809.727855916302
192,LEC,6416.86506617539,9679.53388401952
193,LEC,6231.0,9518.0
194,LEC,6058.0,9367.0
195,LEC,5925.0,9252.0
196,LEC,5711.0,9066.0
197,LEC,5460.44123884539,8847.96267866753
198,LEC,5335.217180382633,8739.224837886795
199,LEC,5253.0,8668.0
200,LEC,5072.707221370073,8511.044699785294
201,LEC,4737.466334421132,8219.547544141698
202,LEC,4604.297522904805,8104.390729050619
203,LEC,4316.940717802817,7854.05226156213
204,LEC,4182.551269519294,7736.433982428355
205,LEC,3938.4446782496357,7524.450439809188
206,LEC,3705.286093680789,7322.88602502801
207,LEC,3562.0,7197.0
208,LEC,3416.0,7071.0
209,LEC,3311.0,6979.0
210,LEC,3137.1893959605763,6828.7602783137045
211,LEC,2978.0,6688.0
212,LEC,2814.0,6538.0
213,LEC,2718.0,6441.0
214,LEC,2677.0817008264116,6389.827352861459
215,LEC,2582.0,6225.0
216,LEC,2559.6262913155915,6151.056787951498
217,LEC,2548.0,6050.0
218,LEC,2544.5427679704617,5877.200789520184
219,LEC,2546.662887067685,5773.693575433541
220,LEC,2543.952853380326,5671.274735670078
221,LEC,2528.0,5472.0
222,LEC,2518.0,5419.0
223,LEC,2464.0,5240.0
224,LEC,2405.0,5105.0
225,LEC,2314.0417771330203,4953.4703395870265
226,LEC,2169.0,4789.0
227,LEC,2050.9692398734123,4669.815905849377
228,LEC,1941.0753678305546,4532.357214176846
229,LEC,1872.0,4408.0
230,LEC,1808.0,4228.0
231,LEC,1773.0,4080.0
232,LEC,1747.0,3928.0
233,LEC,1735.0,3814.0
234,LEC,1708.0,3510.0
235,LEC,1689.0637757643897,3313.597422399949
236,LEC,1661.5759935566005,3040.7340827317557
237,LEC,1642.0,2819.0
238,LEC,1628.0,2663.0
239,LEC,1607.5418452305903,2443.1972412863292
240,LEC,1590.0,2252.0
241,LEC,1573.6144205632986,2073.541089455732
242,LEC,1555.1598736849062,1872.4370555570058
243,LEC,1523.546181483823,1533.640877920539
244,LEC,1512.6099279105576,1410.3272003408247
245,LEC,1475.6567173696042,1006.3458121817748
246,LEC,1450.9689139112186,736.8497992374773
247,LEC,1439.9376962814815,616.5117613753089
248,LEC,1417.0,370.0
249,LEC,1390.0,76.0
250,LEC,1372.0,-115.0
251,LEC,1356.0,-291.0
252,LEC,1311.0327245692154,-779.6586587347311
253,LEC,1296.6890052264546,-940.5829040129922
254,LEC,1284.3198982678182,-1078.9513249281654
255,LEC,1263.0,-1307.0
256,LEC,1231.158590997589,-1652.4655828871923
257,LEC,1217.482054306834,-1800.261950526956
258,LEC,1181.0,-2201.0
259,LEC,1174.0,-2273.0
260,LEC,1158.0,-2451.0
261,LEC,1130.0,-2755.0
262,LEC,1102.2263590543935,-3051.796148900098
263,LEC,1071.0,-3395.0
264,LEC,1058.4465997067714,-3529.3960341843976
265,LEC,1039.7874661372543,-3727.0780682217965
266,LEC,1019.0,-3943.0
267,LEC,990.0,-4224.0
268,LEC,966.8666803350611,-4434.140563953844
269,LEC,949.2612943330458,-4570.729415696116
270,LEC,904.0,-4850.0
271,LEC,876.0,-4983.0
272,LEC,847.0,-5094.0
273,LEC,814.0,-5198.0
274,LEC,730.9204837667078,-5387.666388890462
275,LEC,689.2620254259725,-5459.557947830993
276,LEC,580.0851274548065,-5582.243301655299
277,LEC,411.48394394381575,-5712.161578776838
278,LEC,302.0,-5756.0
279,LEC,181.0,-5788.0
280,LEC,25.617748421647327,-5800.378121805534
281,LEC,-99.50002248626274,-5793.457050419894
282,LEC,-260.8007650566762,-5755.603304730134
283,LEC,-434.0,-5689.0
284,LEC,-583.0,-5607.0
285,LEC,-683.0,-5535.0
286,LEC,-844.0004236331058,-5388.307865258488
287,LEC,-953.6625179879771,-5268.804791275064
288,LEC,-1036.0,-5158.0
289,LEC,-1116.0,-5032.0
290,LEC,-1269.0,-4718.0
291,LEC,-1328.0,-4556.0
292,LEC,-1363.0,-4444.0
293,LEC,-1417.013590030203,-4228.417493619827
294,LEC,-1449.4776771000422,-4050.150911258847
295,LEC,-1477.4187339726288,-3815.367179027018
296,LEC,-1485.9200579373814,-3698.7095322598393
297,LEC,-1497.5592218332486,-3385.2109869346623
298,LEC,-1500.1014882701988,-3174.609600602782
299,LEC,-1498.3409064670655,-2940.1597781432483
300,LEC,-1492.0,-2637.0
301,LEC,-1487.589524719288,-2469.788608116218
302,LEC,-1478.720279863341,-2252.9099436606425
303,LEC,-1470.2999343847705,-2058.9487325664213
304,LEC,-1459.0,-1845.0
305,LEC,-1444.0,-1605.0
306,LEC,-1418.0,-1241.0
307,LEC,-1400.0,-1000.0
308,LEC,-1388.0,-853.0
0,MAG,-1376.0,-700.0
1,MAG,-1362.0,-542.0
2,MAG,-1334.4221368810336,-225.49800156745366
3,MAG,-1292.0800225019689,248.86077705214294
4,MAG,-1275.2229088687973,443.8200481679586
5,MAG,-1242.0,833.0
6,MAG,-1226.927541872663,1008.1416555423126
7,MAG,-1212.0,1178.0
8,MAG,-1184.0,1505.0
9,MAG,-1168.0,1688.0
10,MAG,-1138.9838863620562,2021.0674738869784
11,MAG,-1112.1347450759133,2331.400695936289
12,MAG,-1099.396279212764,2482.3451362365545
13,MAG,-1080.0,2716.0
14,MAG,-1052.0,3030.0
15,MAG,-1018.0,3428.0
16,MAG,-1002.8926036713433,3610.1764853920477
17,MAG,-971.8747958246569,3967.5839830000386
18,MAG,-956.4996910189204,4143.758605032793
19,MAG,-935.2267848650731,4388.979628556573
20,MAG,-921.7575760583053,4546.9753471818385
21,MAG,-906.6447440869649,4725.449727796088
22,MAG,-885.0372142331461,4977.4111773276845
23,MAG,-872.0831648521784,5128.845142301012
24,MAG,-846.740724800868,5414.329272007484
25,MAG,-828.7949860307754,5625.1732319770435
26,MAG,-803.0,5922.0
27,MAG,-779.0,6214.0
28,MAG,-761.0,6429.0
29,MAG,-746.0,6607.0
30,MAG,-729.1661326489195,6806.753276188302
31,MAG,-707.4755824486055,7062.871981258433
32,MAG,-688.0,7292.0
33,MAG,-676.0,7441.0
34,MAG,-662.0475879358745,7608.075401530665
35,MAG,-647.0,7780.0
36,MAG,-635.0,7889.0
37,MAG,-629.0,7936.0
38,MAG,-611.0,8031.0
39,MAG,-594.0,8090.0
40,MAG,-560.0,8167.0
41,MAG,-544.0,8194.0
42,MAG,-492.36824411692237,8251.146025932223
43,MAG,-428.7236184072922,8293.684285920168
44,MAG,-386.0,8305.0
45,MAG,-335.835166176452,8313.73449189455
46,MAG,-296.5141159325559,8322.283985363929
47,MAG,-176.0,8405.0
48,MAG,-156.0,8457.0
49,MAG,-146.0,8507.0
50,MAG,-142.0,8558.0
51,MAG,-142.0,8594.0
52,MAG,-148.0,8663.0
53,MAG,-154.0,8702.0
54,MAG,-167.0,8763.0
55,MAG,-184.91975072941733,8837.973599295172
56,MAG,-200.0,8892.0
57,MAG,-213.0,8942.0
58,MAG,-244.0,9057.0
59,MAG,-293.0,9252.0
60,MAG,-312.0,9328.0
61,MAG,-336.8818378480284,9435.018099738705
62,MAG,-371.0,9605.0
63,MAG,-392.0,9734.0
64,MAG,-411.0,9906.0
65,MAG,-419.0,10024.0
66,MAG,-424.0,10142.0
67,MAG,-426.0,10302.0
68,MAG,-426.0,10472.0
69,MAG,-421.0,10659.0
70,MAG,-409.0,10880.0
71,MAG,-400.0506842825784,10974.588062393454
72,MAG,-389.6452946036146,11103.779814737134
73,MAG,-373.84558881621695,11246.907793084623
74,MAG,-327.0,11550.0
75,MAG,-290.0,11727.0
76,MAG,-215.0,11992.0
77,MAG,-98.26907628639536,12297.930720922677
78,MAG,-48.256547290583406,12406.47982557998
79,MAG,-8.0,12486.0
80,MAG,111.18189372482395,12696.40879953259
81,MAG,288.0271154774279,12958.975306040034
82,MAG,339.0118418387816,13020.630797956626
83,MAG,477.0405878780714,13176.761435363715
84,MAG,739.3434465445002,13421.658844345307
85,MAG,852.0,13510.0
86,MAG,980.1556170243159,13602.719036795705
87,MAG,1146.0,13711.0
88,MAG,1345.7856377089536,13823.532719801726
89,MAG,1621.0,13956.0
90,MAG,1966.8255213305438,14085.07492967128
91,MAG,2047.9754825525997,14110.734474372166
92,MAG,2281.8226677984726,14168.540431282714
93,MAG,2425.525268023063,14199.009481704843
94,MAG,2633.5671451754147,14236.006986839524
95,MAG,2807.6438077416165,14263.069421577431
96,MAG,3022.0,14292.0
97,MAG,3181.0,14311.0
98,MAG,3366.0,14329.0
99,MAG,3579.0,14346.0
100,MAG,3721.0,14358.0
101,MAG,3880.0,14371.0
102,MAG,4188.31647283703,14397.857281905981
103,MAG,4478.499925938085,14419.0013370916
104,MAG,4674.0,14432.0
105,MAG,4826.531934784754,14441.207825813504
106,MAG,5129.687650652683,14456.751439647005
107,MAG,5467.0,14470.0
108,MAG,5666.714053494932,14477.982515841903
109,MAG,5774.0,14483.0
110,MAG,6059.137364465466,14492.161861986653
111,MAG,6164.035794363483,14495.968447048048
112,MAG,6350.749875794103,14504.145105859265
113,MAG,6469.089880761463,14516.977522289977
114,MAG,6603.0,14544.0
115,MAG,6667.108375646705,14564.035378662846
116,MAG,6725.243864809982,14586.144738967425
117,MAG,6815.0,14637.0
118,MAG,6877.260139664788,14697.667820758337
119,MAG,6903.552887420567,14750.336977660427
120,MAG,6938.851944432201,14823.598945069678
121,MAG,6965.0,14870.0
122,MAG,7010.159351689676,14925.21845840452
123,MAG,7059.0,14970.0
124,MAG,7112.355446220612,15006.856596095415
125,MAG,7162.0,15036.0
126,MAG,7237.0,15069.0
127,MAG,7303.588637165824,15092.608174210402
128,MAG,7428.24959199185,15124.502629648212
129,MAG,7586.0,15155.0
130,MAG,7723.113700526708,15178.819752630461
131,MAG,8019.0,15252.0
132,MAG,8097.374666128319,15275.14496409667
133,MAG,8204.829824626651,15309.128812367482
134,MAG,8310.888102795889,15340.981645035119
135,MAG,8557.578252546746,15423.695051067984
136,MAG,8672.439850909235,15466.792224858065
137,MAG,8789.820987940053,15512.978869889961
138,MAG,8962.458575964692,15579.816182965886
139,MAG,9118.0,15636.0
140,MAG,9244.0,15680.0
141,MAG,9384.0,15727.0
142,MAG,9755.419605396606,15844.005286018399
143,MAG,9891.711899502712,15877.236917676004
144,MAG,10026.0,15883.0
145,MAG,10248.0,15858.0
146,MAG,10316.0,15838.0
147,MAG,10445.47602486562,15781.689401164978
148,MAG,10540.0,15720.0
149,MAG,10633.0,15640.0
150,MAG,10725.0,15528.0
151,MAG,10791.0,15413.0
152,MAG,10855.0,15247.0
153,MAG,10877.0,15165.0
154,MAG,10902.0,15038.0
155,MAG,10920.0,14918.0
156,MAG,10935.0,14784.0
157,MAG,10951.0,14607.0
158,MAG,10960.0,14490.0
159,MAG,10976.153786716302,14254.513615456723
160,MAG,10982.0,14155.0
161,MAG,10996.113983461519,13966.061879216482
162,MAG,11012.0,13775.0
163,MAG,11032.0,13565.0
164,MAG,11045.512827057695,13429.20231164653
165,MAG,11067.87774267378,13134.755411710878
166,MAG,11066.0,13023.0
167,MAG,11056.0,12904.0
168,MAG,11025.958220308705,12779.76460163988
169,MAG,10955.609898983063,12619.220628994513
170,MAG,10883.0,12533.0
171,MAG,10809.633866259033,12461.448156837498
172,MAG,10642.629699832254,12347.978238178472
173,MAG,10568.55128822087,12306.217002684163
174,MAG,10499.261510848331,12269.657071106156
175,MAG,10355.28055592789,12196.008332111003
176,MAG,10234.906882891306,12136.100409226825
177,MAG,10001.69470858095,12016.000291286415
178,MAG,9841.385945988439,11929.701990729838
179,MAG,9743.693529228083,11876.659321272862
180,MAG,9555.528301079974,11776.064622547727
181,MAG,9386.0,11685.0
182,MAG,9212.0,11589.0
183,MAG,9087.0,11517.0
184,MAG,8986.0,11459.0
185,MAG,8753.315034198959,11325.515746266428
186,MAG,8508.793463826481,11189.706291676413
187,MAG,8234.657316935258,11034.530251369113
188,MAG,8112.11882380645,10965.198435260481
189,MAG,7998.521198755094,10899.271887347388
190,MAG,7853.48515348462,10812.960399666972
191,MAG,7532.915787360701,10602.349508141686
192,MAG,7370.841418316311,10483.302066482041
193,MAG,7243.948214203615,10380.454701318191
194,MAG,7054.0,10226.0
195,MAG,6895.585371001818,10094.3500115928
196,MAG,6683.599722455903,9911.978142476371
197,MAG,6438.0,9698.0
198,MAG,6274.60241144301,9556.189915379406
199,MAG,6073.78722677867,9381.400334234973
200,MAG,5897.6970565244155,9228.42894099312
201,MAG,5830.811840213626,9170.390819217359
202,MAG,5609.0,8977.0
203,MAG,5420.0,8813.0
204,MAG,5183.0,8607.0
205,MAG,5062.0,8501.0
206,MAG,4804.0,8277.0
207,MAG,4643.510069261452,8137.810417183592
208,MAG,4485.239920804451,8000.038485522613
209,MAG,4282.370197753247,7823.493573793949
210,MAG,4071.88022961135,7640.244954896378
211,MAG,3888.507017446487,7480.493257736068
212,MAG,3733.640987148616,7347.133076074601
213,MAG,3569.3436605378006,7203.699560941974
214,MAG,3452.9854329662044,7102.55054833947
215,MAG,3163.752611392909,6852.1986799459155
216,MAG,3079.7044755744887,6778.551836143144
217,MAG,2938.0,6653.0
218,MAG,2751.4127839345397,6475.725623617361
219,MAG,2670.0,6384.0
220,MAG,2614.1406414470516,6300.8848820596295
221,MAG,2552.2541345233876,6076.78246512382
222,MAG,2542.87309641343,5963.702816110368
223,MAG,2545.0021067833213,5802.62079570381
224,MAG,2542.92251403211,5640.659758397957
225,MAG,2527.0,5464.0
226,MAG,2487.0,5303.0
227,MAG,2443.0,5186.0
228,MAG,2357.0,5021.0
229,MAG,2274.0,4905.0
230,MAG,2112.0,4731.0
231,MAG,1964.1178732107617,4562.387037568883
232,MAG,1896.6867781640349,4461.840840014542
233,MAG,1846.9126783984284,4347.977848036776
234,MAG,1767.6302403443804,4051.2574483905173
235,MAG,1743.5084871231124,3905.1158520169424
236,MAG,1726.0,3715.0
237,MAG,1706.053354239732,3489.6073610690146
238,MAG,1695.4569483645307,3380.049836672926
239,MAG,1675.9782341120117,3185.058008367627
240,MAG,1661.5194065587661,3039.5379775442684
241,MAG,1645.0,2860.0
242,MAG,1629.0,2681.0
243,MAG,1617.0,2540.0
244,MAG,1589.8582423360033,2246.928124121604
245,MAG,1581.0,2149.0
246,MAG,1563.0,1955.0
247,MAG,1549.6142394879553,1811.8730376533335
248,MAG,1532.177239550815,1624.2075798906815
249,MAG,1516.0,1445.0
250,MAG,1491.0,1169.0
251,MAG,1472.0522553412063,978.9037440224168
252,MAG,1442.6325071981232,639.3483377874721
253,MAG,1426.0,464.0
254,MAG,1387.7898661158613,56.279943916172094
255,MAG,1361.755755541817,-232.48431673941363
256,MAG,1343.9207100514254,-425.3721975203531
257,MAG,1330.5047115211296,-566.5059435059147
258,MAG,1299.7681067881103,-907.5726223770536
259,MAG,1285.5272793982565,-1060.2022446419166
260,MAG,1268.0,-1252.0
261,MAG,1245.9679414300658,-1489.5446468382893
262,MAG,1229.0,-1681.0
263,MAG,1212.0,-1860.0
264,MAG,1186.0,-2148.0
265,MAG,1156.112136726409,-2465.1795003935686
266,MAG,1110.0,-2967.0
267,MAG,1102.5917473580575,-3047.071620216283
268,MAG,1085.0351378271002,-3246.445322863427
269,MAG,1062.0,-3493.0
270,MAG,1044.5176128987573,-3681.9970741552584
271,MAG,1016.5159019131167,-3968.8955230426795
272,MAG,988.2618662209421,-4240.9793408608
273,MAG,973.0,-4384.0
274,MAG,943.563414472658,-4609.026749107951
275,MAG,911.9099959423418,-4811.2399810990255
276,MAG,870.2916637865667,-5004.862832506099
277,MAG,834.0,-5137.0
278,MAG,774.0,-5299.0
279,MAG,710.105732874203,-5421.86314298678
280,MAG,630.5924609109682,-5534.3275176652105
281,MAG,507.0,-5647.0
282,MAG,372.0,-5728.0
283,MAG,281.94426450966125,-5764.62152455062
284,MAG,172.62129157148607,-5789.017428578952
285,MAG,29.0,-5801.0
286,MAG,-168.0,-5780.0
287,MAG,-263.32681698211513,-5756.992275586848
288,MAG,-438.2140960709922,-5677.912372794013
289,MAG,-599.1687321780053,-5598.462370036639
290,MAG,-691.7228322085132,-5526.444897668958
291,MAG,-796.6286160490881,-5437.696694771904
292,MAG,-907.803484368537,-5320.559323242783
293,MAG,-1071.5712632955099,-5112.008388285328
294,MAG,-1128.1019147350426,-5006.362220074727
295,MAG,-1206.0,-4861.0
296,MAG,-1264.0,-4730.0
297,MAG,-1335.2742761783506,-4535.283408494222
298,MAG,-1384.0,-4368.0
299,MAG,-1415.0136195484697,-4233.6576741017725
300,MAG,-1453.8515725227908,-4016.8363245122637
301,MAG,-1480.0,-3786.0
302,MAG,-1495.0,-3480.0
303,MAG,-1498.0,-3321.0
304,MAG,-1499.0170014701628,-3124.1592253916388
305,MAG,-1498.0,-2950.0
306,MAG,-1496.0,-2786.0
307,MAG,-1488.0,-2489.0
308,MAG,-1479.0,-2238.0
309,MAG,-1460.388997146254,-1872.6486103332743
310,MAG,-1451.562334321245,-1721.025865123926
311,MAG,-1441.0,-1558.0
312,MAG,-1426.0,-1351.0
313,MAG,-1408.4601688990995,-1116.847135247573
314,MAG,-1378.2298719780126,-717.4962078722142
0,NOR,-1369.0,-622.0
1,NOR,-1348.3512778130573,-376.07425405678805
2,NOR,-1318.6120212353617,-51.55806262064413
3,NOR,-1301.8807219719129,135.39401256487014
4,NOR,-1282.4933115469983,362.8227757368605
5,NOR,-1258.7516868991595,631.9034769433551
6,NOR,-1241.8753906180173,823.1618473416968
7,NOR,-1226.2041158499933,1013.6640364554239
8,NOR,-1210.0094851915815,1204.7390430753596
9,NOR,-1191.0,1417.0
10,NOR,-1181.0467260696505,1538.8633211672727
11,NOR,-1152.0,1877.0
12,NOR,-1131.0,2116.0
13,NOR,-1114.6013949819023,2305.784388594179
14,NOR,-1100.9339558577158,2469.290174945025
15,NOR,-1082.6971601787634,2679.19181860671
16,NOR,-1067.195365866289,2859.337669504841
17,NOR,-1047.9530339673158,3084.286224146862
18,NOR,-1031.0,3281.0
19,NOR,-1018.0,3430.0
20,NOR,-989.0,3766.0
21,NOR,-966.0,4027.0
22,NOR,-950.0,4214.0
23,NOR,-934.0,4401.0
24,NOR,-913.0,4644.0
25,NOR,-888.3967357040084,4936.1131003339515
26,NOR,-875.6371119132662,5086.140228326209
27,NOR,-865.0,5206.0
28,NOR,-847.0,5412.0
29,NOR,-831.0,5599.0
30,NOR,-815.0,5787.0
31,NOR,-776.3144715406368,6235.044545802371
32,NOR,-770.0,6312.0
33,NOR,-742.446179499591,6642.281482268961
34,NOR,-726.4527627377666,6828.749761695955
35,NOR,-700.0,7146.0
36,NOR,-687.2592627159914,7302.749756250344
37,NOR,-671.0656719839739,7493.667930564078
38,NOR,-655.0,7685.0
39,NOR,-604.0,8057.0
40,NOR,-589.0,8104.0
41,NOR,-583.0,8119.0
42,NOR,-531.0,8211.0
43,NOR,-475.0,8267.0
44,NOR,-435.0,8289.0
45,NOR,-381.84046503338044,8305.82538257865
46,NOR,-325.0,8316.0
47,NOR,-277.0,8328.0
48,NOR,-237.0,8344.0
49,NOR,-188.3704256181769,8385.967215367675
50,NOR,-165.6245095922735,8427.895072220901
51,NOR,-151.88467042906936,8471.670890656405
52,NOR,-145.33135305845175,8508.990757669519
53,NOR,-142.0,8603.0
54,NOR,-143.74652650103943,8629.724024474202
55,NOR,-148.72698786359797,8671.886436873372
56,NOR,-161.0,8739.0
57,NOR,-189.77117045668876,8854.279151379977
58,NOR,-215.5948565287781,8950.009279489223
59,NOR,-227.4527332982699,8994.790348634742
60,NOR,-254.8914752029333,9099.41249844264
61,NOR,-274.2982642054259,9174.299545806696
62,NOR,-296.6209008335961,9267.220841862956
63,NOR,-327.57084126585994,9397.470457258578
64,NOR,-361.0,9554.0
65,NOR,-384.3399684589312,9685.846177389289
66,NOR,-412.0,9909.0
67,NOR,-414.0,9944.0
68,NOR,-422.0,10102.0
69,NOR,-426.73667453037035,10344.749361043272
70,NOR,-425.8213162837242,10513.310192823577
71,NOR,-417.0,10750.0
72,NOR,-411.43171456653295,10827.3267786059
73,NOR,-390.0,11101.0
74,NOR,-369.53010853908137,11284.580013076056
75,NOR,-339.97974041764826,11481.788252161248
76,NOR,-327.0,11552.0
77,NOR,-293.0,11714.0
78,NOR,-209.0,12010.0
79,NOR,-129.3738958401722,12225.694724127625
80,NOR,-56.0,12390.0
81,NOR,66.99488462975563,12627.267995888575
82,NOR,220.0,12862.0
83,NOR,297.0,12968.0
84,NOR,457.0,13156.0
85,NOR,661.0,13353.0
86,NOR,793.849658246351,13464.608548342901
87,NOR,954.1723970680534,13584.55637537448
88,NOR,1200.0,13743.0
89,NOR,1834.0,14041.0
90,NOR,2217.0,14154.0
91,NOR,2456.0,14205.0
92,NOR,2543.0,14221.0
93,NOR,2908.0,14278.0
94,NOR,3208.116183018572,14314.253317766555
95,NOR,3320.562891009682,14325.10689242515
96,NOR,3526.2774582976745,14341.68722265643
97,NOR,3676.5239287573863,14354.415074573264
98,NOR,3968.0,14379.0
99,NOR,4261.0,14403.0
100,NOR,4523.0248266159615,14421.985895029942
101,NOR,4989.0,14449.0
102,NOR,5143.819763997352,14457.285446010226
103,NOR,5349.65721830197,14465.535444392804
104,NOR,5565.644542228133,14474.357196604538
105,NOR,5770.3902989995595,14483.116624688135
106,NOR,5976.803416922471,14489.621540874878
107,NOR,6167.984176488522,14496.180433577001
108,NOR,6365.0,14506.0
109,NOR,6501.252820571929,14521.671492757268
110,NOR,6579.412254576304,14537.585233639094
111,NOR,6666.0,14563.0
112,NOR,6807.0,14631.0
113,NOR,6859.0,14677.0
114,NOR,6897.0,14733.0
115,NOR,6920.0,14784.0
116,NOR,6948.0,14843.0
117,NOR,6997.680685462092,14912.497893041993
118,NOR,7034.7104885755325,14948.956643257592
119,NOR,7096.0,14996.0
120,NOR,7160.0,15035.0
121,NOR,7257.0,15077.0
122,NOR,7320.0,15097.0
123,NOR,7420.0,15123.0
124,NOR,7515.569270391493,15142.374330957637
125,NOR,7610.215347285901,15159.897738898828
126,NOR,7704.0,15176.0
127,NOR,7803.0,15195.0
128,NOR,7951.066657947362,15231.713476172215
129,NOR,8069.0,15267.0
130,NOR,8179.0,15301.0
131,NOR,8292.0,15336.0
132,NOR,8423.096811716663,15377.003395859287
133,NOR,8657.0,15461.0
134,NOR,8779.0,15509.0
135,NOR,8918.478223279597,15563.01124686874
136,NOR,9043.747114629168,15610.22334214552
137,NOR,9234.0,15676.0
138,NOR,9430.764067315551,15742.298881021354
139,NOR,9646.0,15813.0
140,NOR,9778.0,15850.0
141,NOR,9991.0,15882.0
142,NOR,10068.018813862958,15884.562246624597
143,NOR,10263.748354780178,15848.596655905494
144,NOR,10382.035358080902,15818.557332808483
145,NOR,10485.734599404592,15758.084922988879
146,NOR,10575.458599481892,15693.100001219238
147,NOR,10686.889296453006,15578.44024301713
148,NOR,10781.0,15434.0
149,NOR,10841.0,15291.0
150,NOR,10883.0,15138.0
151,NOR,10906.0,15015.0
152,NOR,10932.550756392935,14809.32003153278
153,NOR,10956.388040220572,14547.613086295052
154,NOR,10965.86224829577,14406.76899000114
155,NOR,10983.841285622002,14135.73432627218
156,NOR,10996.88177579618,13951.541923278139
157,NOR,11009.300993002975,13802.78986488694
158,NOR,11026.122904037016,13631.520910171374
159,NOR,11053.026416326078,13349.592734312457
160,NOR,11064.0,13197.0
161,NOR,11067.0,13055.0
162,NOR,11062.93747826028,12962.74707704917
163,NOR,11053.942425969815,12880.540766560884
164,NOR,10992.469713089054,12702.339685169518
165,NOR,10913.738753593449,12558.58947683163
166,NOR,10731.018736145144,12404.78047372908
167,NOR,10670.087375680263,12361.19378199349
168,NOR,10537.0,12289.0
169,NOR,10403.774415677311,12220.91235655474
170,NOR,10213.0,12125.0
171,NOR,10076.85701798297,12055.342150124543
172,NOR,9990.0,12010.0
173,NOR,9774.03187638757,11893.6230871443
174,NOR,9648.292098057918,11825.857905948546
175,NOR,9525.0,11760.0
176,NOR,9377.0,11680.0
177,NOR,9273.632302058295,11623.603510566123
178,NOR,9137.0,11546.0
179,NOR,8983.0,11457.0
180,NOR,8826.0,11367.0
181,NOR,8692.0,11292.0
182,NOR,8624.650865839241,11253.462405061835
183,NOR,8421.0,11141.0
184,NOR,8215.0,11024.0
185,NOR,8076.0,10944.0
186,NOR,7895.0,10838.0
187,NOR,7767.604368315437,10759.856820281977
188,NOR,7579.0,10635.0
189,NOR,7391.0,10499.0
190,NOR,7244.092419429425,10380.94436257793
191,NOR,6960.367831396665,10149.417700218117
192,NOR,6829.836176967302,10040.670233672377
193,NOR,6502.0,9754.0
194,NOR,6384.0,9651.0
195,NOR,6212.0,9501.0
196,NOR,6060.864789450564,9369.919785933569
197,NOR,5972.0,9293.0
198,NOR,5838.0,9176.0
199,NOR,5677.0,9036.0
200,NOR,5380.0,8778.0
201,NOR,5271.0,8683.0
202,NOR,5155.032776852882,8581.786544894478
203,NOR,4888.0,8350.0
204,NOR,4696.0,8183.0
205,NOR,4514.38755852215,8025.449479485225
206,NOR,4394.568185967828,7921.430806625498
207,NOR,4030.932787249606,7604.562517973229
208,NOR,3884.0410660735365,7477.095933750315
209,NOR,3696.0,7314.0
210,NOR,3544.0,7182.0
211,NOR,3349.0,7013.0
212,NOR,3228.0,6907.0
213,NOR,3095.9738796570737,6792.374691518202
214,NOR,2983.194230155218,6693.736026946035
215,NOR,2883.5687860894163,6603.509311756869
216,NOR,2776.8299819964814,6501.307228873503
217,NOR,2678.5988635380845,6401.467063810264
218,NOR,2583.514364282271,6227.190251184387
219,NOR,2556.0656281415727,6138.127813525407
220,NOR,2544.8485672557986,6010.97468977937
221,NOR,2544.941663351739,5808.676726289239
222,NOR,2547.3824865327574,5710.05519388217
223,NOR,2542.5047741209064,5633.616916676931
224,NOR,2520.0,5426.0
225,NOR,2483.721520150746,5287.2798213673805
226,NOR,2422.7626098118726,5141.871359570137
227,NOR,2351.6959651456186,5010.911685233058
228,NOR,2271.0,4902.0
229,NOR,2171.9680081483357,4792.091603848626
230,NOR,2095.7647948879344,4715.8669833895865
231,NOR,2022.0147971752021,4637.718830381268
232,NOR,1888.0,4443.0
233,NOR,1825.0,4286.0
234,NOR,1791.0,4160.0
235,NOR,1754.0,3974.0
236,NOR,1736.0,3828.0
237,NOR,1719.0,3634.0
238,NOR,1698.0,3407.0
239,NOR,1681.0,3233.0
240,NOR,1661.932808867036,3038.816333308196
241,NOR,1646.0,2872.0
242,NOR,1632.0,2714.0
243,NOR,1618.743661727494,2561.835822922142
244,NOR,1587.4906172286996,2225.460194510722
245,NOR,1571.5359255334502,2045.945685198604
246,NOR,1544.025406962954,1747.059616023587
247,NOR,1529.0,1585.0
248,NOR,1494.7018678764298,1209.2624496928631
249,NOR,1483.2589783182034,1087.5649625781482
250,NOR,1462.0,855.0
251,NOR,1438.0,596.0
252,NOR,1417.0,370.0
253,NOR,1401.5181647905406,202.93800882299087
254,NOR,1377.0,-67.0
255,NOR,1359.0,-261.0
256,NOR,1338.753945582151,-477.51732614869957
257,NOR,1304.897911198361,-845.7163609953667
258,NOR,1291.3127829403902,-995.6352561670876
259,NOR,1276.0,-1163.0
260,NOR,1250.0,-1451.0
261,NOR,1235.0,-1614.0
262,NOR,1210.5563421041938,-1871.0587572671375
263,NOR,1191.0,-2085.0
264,NOR,1170.0,-2321.0
265,NOR,1151.0,-2522.0
266,NOR,1126.9319376349583,-2781.6624889156874
267,NOR,1114.613935536494,-2919.427413038869
268,NOR,1094.6726256191446,-3145.437858157649
269,NOR,1066.1571652076043,-3444.2798794485143
270,NOR,1052.7037570905939,-3586.065860295899
271,NOR,1023.2316628206811,-3898.420122645206
272,NOR,1001.2552576659767,-4123.27607459767
273,NOR,983.8611924494327,-4284.175622611887
274,NOR,961.0895150069507,-4477.973084474019
275,NOR,883.0,-4952.0
276,NOR,853.66242810275,-5077.8604331235365
277,NOR,823.9292732505473,-5166.14673778384
278,NOR,765.0,-5320.0
279,NOR,686.481410651917,-5460.650747956535
280,NOR,632.0082551538105,-5530.784364588186
281,NOR,554.4086589841149,-5609.135604811772
282,NOR,467.1048345591453,-5675.401809666335
283,NOR,345.0,-5740.0
284,NOR,207.07800779517478,-5783.146446695778
285,NOR,87.0,-5800.0
286,NOR,-51.0,-5798.0
287,NOR,-112.0041822496427,-5789.416561352255
288,NOR,-321.0,-5736.0
289,NOR,-509.0,-5650.0
290,NOR,-578.0,-5610.0
291,NOR,-776.0375833151882,-5456.8524674527125
292,NOR,-890.9887908414905,-5339.948666719452
293,NOR,-1006.1835236485797,-5200.293170748901
294,NOR,-1118.8630120721903,-5024.460589307393
295,NOR,-1187.4649873122669,-4905.150562938593
296,NOR,-1216.0,-4840.0
297,NOR,-1311.451114858913,-4608.162068209505
298,NOR,-1365.1489077130764,-4429.803375981601
299,NOR,-1431.3317722905886,-4162.477736156611
300,NOR,-1475.2863581493898,-3819.077591949018
301,NOR,-1490.0,-3628.0
302,NOR,-1498.0,-3339.0
303,NOR,-1498.7771971016782,-3068.234729783376
304,NOR,-1496.3977730566717,-2827.9139477126464
305,NOR,-1488.25158363329,-2506.5284939802264
306,NOR,-1480.0,-2271.0
307,NOR,-1469.4841144794777,-2040.940204715152
308,NOR,-1448.0921460064624,-1674.4368918423916
309,NOR,-1440.1271545252678,-1560.8303409549721
310,NOR,-1411.0,-1145.0
311,NOR,-1399.0,-988.0
0,OCO,-1373.0,-667.0
1,OCO,-1358.0,-491.0
2,OCO,-1339.0,-279.0
3,OCO,-1315.9300264223139,-23.753057415085376
4,OCO,-1304.271553804344,114.11821541589316
5,OCO,-1283.825860011481,349.83250457184573
6,OCO,-1261.0101643489986,612.3775381741157
7,OCO,-1248.1333222754388,757.4202677846438
8,OCO,-1231.7796782027283,946.6298268339469
9,OCO,-1220.0239354632652,1089.1219005639591
10,OCO,-1195.8670102660005,1360.586032774577
11,OCO,-1171.0,1649.0
12,OCO,-1155.999521007905,1826.0975954258356
13,OCO,-1144.8411949877452,1959.476759092672
14,OCO,-1122.1428334038214,2222.8886767066815
15,OCO,-1106.5107826886206,2402.6824556086176
16,OCO,-1079.0,2717.0
17,OCO,-1063.8933458768893,2891.469974877388
18,OCO,-1049.0,3068.0
19,OCO,-1032.0,3272.0
20,OCO,-1009.0,3530.0
21,OCO,-991.6178395424379,3737.5173656295015
22,OCO,-973.0,3953.0
23,OCO,-951.0,4210.0
24,OCO,-922.4498026233491,4537.351127664217
25,OCO,-849.4326528696556,5381.324106957593
26,OCO,-834.2047535626092,5560.026735975542
27,OCO,-809.6989691660916,5855.1174183564435
28,OCO,-784.9944717135401,6141.675100884258
29,OCO,-757.81364093535,6454.844600694481
30,OCO,-744.0,6631.0
31,OCO,-730.0,6790.0
32,OCO,-711.1423976899049,7018.4296136393505
33,OCO,-695.1691003284275,7205.33556866612
34,OCO,-678.0,7418.0
35,OCO,-663.0,7602.0
36,OCO,-653.0,7711.0
37,OCO,-646.0,7784.0
38,OCO,-643.0,7818.0
39,OCO,-618.8114649871267,7998.055617021483
40,OCO,-610.0,8035.0
41,OCO,-582.0,8122.0
42,OCO,-546.426131406509,8190.254193096405
43,OCO,-496.0,8251.0
44,OCO,-437.0,8288.0
45,OCO,-392.0,8303.0
46,OCO,-334.0,8314.0
47,OCO,-292.0,8323.0
48,OCO,-220.0,8355.0
49,OCO,-191.08282481583169,8380.343512767968
50,OCO,-159.0,8446.0
51,OCO,-147.0,8496.0
52,OCO,-142.96645385904407,8528.296808185507
53,OCO,-141.75190316920902,8566.315091945333
54,OCO,-143.0,8623.0
55,OCO,-154.0,8703.0
56,OCO,-171.5472433851939,8780.14923128819
57,OCO,-177.0,8807.0
58,OCO,-201.79708776581595,8901.527734337102
59,OCO,-221.00220766849372,8971.072056690162
60,OCO,-238.0,9034.0
61,OCO,-259.0,9114.0
62,OCO,-271.6690431274847,9166.944547585175
63,OCO,-308.5666497031011,9314.307288814593
64,OCO,-334.2552086913034,9423.049763800716
65,OCO,-363.0,9564.0
66,OCO,-403.0,9820.0
67,OCO,-415.9489849967028,9963.537443719506
68,OCO,-421.10936461404845,10077.548802588757
69,OCO,-426.50113764075843,10322.323799533113
70,OCO,-427.5608533976101,10510.244176299395
71,OCO,-419.0,10710.0
72,OCO,-410.0,10862.0
73,OCO,-399.0,11002.0
74,OCO,-318.97171560822375,11589.465087389912
75,OCO,-251.89373814377555,11870.671288384594
76,OCO,-186.660059204373,12076.623138966595
77,OCO,-114.28844087991114,12260.585509662238
78,OCO,43.69744649871132,12583.712704984515
79,OCO,139.37752221955452,12744.795921672645
80,OCO,246.0,12899.0
81,OCO,378.0,13067.0
82,OCO,466.0,13165.0
83,OCO,624.3554415585866,13318.06262719925
84,OCO,817.3582112086667,13483.38042577304
85,OCO,1004.0,13619.0
86,OCO,1169.0,13724.0
87,OCO,1514.696146424519,13909.288389746855
88,OCO,1666.0,13975.0
89,OCO,1942.0,14077.0
90,OCO,2210.0,14152.0
91,OCO,2380.0,14190.0
92,OCO,2671.0,14243.0
93,OCO,2954.9607254816997,14283.916564102903
94,OCO,3241.0,14317.0
95,OCO,3449.0,14336.0
96,OCO,3617.9010061567924,14349.411862282039
97,OCO,3839.2982562516454,14367.78441817335
98,OCO,4220.256086471636,14400.576577474061
99,OCO,4340.465281110458,14409.38292070568
100,OCO,4562.351279463908,14424.420037473557
101,OCO,4802.272691148608,14439.537169564263
102,OCO,5088.0,14454.0
103,OCO,5225.0,14461.0
104,OCO,5388.381911569398,14467.774219618519
105,OCO,5538.074916131066,14473.415750899952
106,OCO,5728.645359759936,14480.742124015853
107,OCO,5958.302229997229,14489.161830905492
108,OCO,5999.703537592946,14490.367443627454
109,OCO,6152.614773717384,14496.140984228601
110,OCO,6318.0,14503.0
111,OCO,6423.055958037534,14510.421950021228
112,OCO,6476.258156477261,14517.219262494542
113,OCO,6592.0,14541.0
114,OCO,6659.626113510933,14560.773602155241
115,OCO,6720.011421476132,14584.299672418007
116,OCO,6763.650065956235,14605.192572125696
117,OCO,6841.0,14659.0
118,OCO,6896.277158880135,14732.637702964237
119,OCO,6920.257366257709,14784.889661850766
120,OCO,6954.0,14853.0
121,OCO,6970.0,14877.0
122,OCO,7012.0,14927.0
123,OCO,7063.359555114962,14972.41555909538
124,OCO,7141.0,15023.0
125,OCO,7249.3814820370835,15075.965381702381
126,OCO,7318.451202831232,15095.540099335107
127,OCO,7419.374426636434,15122.602090773478
128,OCO,7496.0,15139.0
129,OCO,7669.0,15169.0
130,OCO,7799.0,15194.0
131,OCO,7904.0,15219.0
132,OCO,8037.0,15257.0
133,OCO,8209.985696882337,15310.500121156178
134,OCO,8324.485758976358,15344.974588950174
135,OCO,8420.358420345903,15375.711449943716
136,OCO,8599.66891457427,15438.803590252586
137,OCO,8838.0,15532.0
138,OCO,9002.483531295742,15594.65901245121
139,OCO,9095.0,15628.0
140,OCO,9336.0,15711.0
141,OCO,9619.0,15804.0
142,OCO,9767.0,15847.0
143,OCO,9860.0,15868.0
144,OCO,10050.0,15882.0
145,OCO,10148.0,15875.0
146,OCO,10295.475621598207,15845.290213767315
147,OCO,10380.0,15814.0
148,OCO,10487.0,15757.0
149,OCO,10568.0,15699.0
150,OCO,10707.0,15553.0
151,OCO,10774.0,15446.0
152,OCO,10856.0,15243.0
153,OCO,10887.0,15120.0
154,OCO,10908.511239581938,14999.885830642877
155,OCO,10928.0,14848.0
156,OCO,10958.704483434984,14538.802757882731
157,OCO,10966.0,14411.0
158,OCO,10971.050884016517,14311.287798104133
159,OCO,10985.0,14110.0
160,OCO,10997.157422654123,13938.470748529462
161,OCO,11014.761312165072,13749.891352149938
162,OCO,11022.0,13672.0
163,OCO,11038.416357500178,13503.285389101386
164,OCO,11053.14750158649,13344.487611738128
165,OCO,11062.253180688755,13223.2298037988
166,OCO,11066.813379050118,13089.223728188106
167,OCO,11067.0,13037.0
168,OCO,11062.700774064167,12930.500581572765
169,OCO,11029.807414248316,12791.257124677652
170,OCO,10978.506910996355,12661.84623236156
171,OCO,10910.100783152166,12563.62817346321
172,OCO,10833.0,12483.0
173,OCO,10738.43771990875,12408.920335767107
174,OCO,10635.05838594072,12343.827745105391
175,OCO,10527.0,12284.0
176,OCO,10459.0,12249.0
177,OCO,10255.0,12147.0
178,OCO,10096.0,12066.0
179,OCO,9879.580448361838,11951.25456701625
180,OCO,9741.73564390837,11875.813920628689
181,OCO,9638.514076167663,11820.6861728587
182,OCO,9489.0,11741.0
183,OCO,9411.465425850127,11699.067836066079
184,OCO,9223.029473365757,11595.68848916802
185,OCO,8972.716150028466,11451.687241397363
186,OCO,8851.81514646324,11381.938351378638
187,OCO,8762.075280603833,11331.296293959793
188,OCO,8562.0,11219.0
189,OCO,8396.61960008227,11127.109440640468
190,OCO,8191.63840526129,11010.44231996239
191,OCO,7976.0,10886.0
192,OCO,7838.0,10804.0
193,OCO,7513.0,10589.0
194,OCO,7411.0,10514.0
195,OCO,7211.911591036918,10354.341033619638
196,OCO,7030.573589185064,10205.831653261339
197,OCO,6822.516902685364,10032.65698274881
198,OCO,6671.0,9900.0
199,OCO,6554.0,9799.0
200,OCO,6437.0,9697.0
201,OCO,6319.0,9595.0
202,OCO,6188.0,9480.0
203,OCO,5977.0,9297.0
204,OCO,5806.0,9148.0
205,OCO,5660.0,9022.0
206,OCO,5515.0,8895.0
207,OCO,5236.0,8653.0
208,OCO,5104.0,8538.0
209,OCO,4848.655389009502,8316.267334342658
210,OCO,4747.514834425054,8228.092695382766
211,OCO,4640.0,8134.0
212,OCO,4468.0,7985.0
213,OCO,4310.0,7848.0
214,OCO,4117.0,7680.0
215,OCO,3999.0,7577.0
216,OCO,3855.0,7452.0
217,OCO,3725.0,7339.0
218,OCO,3565.7506727586506,7200.665036551961
219,OCO,3409.7349500012187,7065.551776011556
220,OCO,3305.790990001952,6974.843210693278
221,OCO,3152.9353336468994,6841.3272557237215
222,OCO,2959.723732278203,6673.075080025112
223,OCO,2864.3863061334196,6584.903382461642
224,OCO,2716.781787174821,6440.806760026422
225,OCO,2640.0,6341.0
226,OCO,2598.7631939653006,6266.463024566028
227,OCO,2567.8699244548666,6176.500296005832
228,OCO,2550.0,6075.0
229,OCO,2545.0,5858.0
230,OCO,2546.2679572262036,5799.046811531047
231,OCO,2546.0,5729.0
232,OCO,2538.0,5556.0
233,OCO,2512.6502758298834,5410.2079748369015
234,OCO,2453.0,5210.0
235,OCO,2406.0,5107.0
236,OCO,2345.213794656303,5002.1743403239425
237,OCO,2227.183722236933,4850.75255313097
238,OCO,2062.0,4681.0
239,OCO,1941.0967128687953,4531.694908225196
240,OCO,1878.3491545622746,4425.841264900357
241,OCO,1819.0,4267.0
242,OCO,1759.0,4006.0
243,OCO,1736.0,3822.0
244,OCO,1724.0,3691.0
245,OCO,1702.1686166388824,3445.150189617247
246,OCO,1689.8955330896836,3318.656554195066
247,OCO,1663.0,3056.0
248,OCO,1651.0,2918.0
249,OCO,1634.8018309419651,2743.817027460079
250,OCO,1618.2636080023738,2555.716385478204
251,OCO,1596.817135329613,2325.6248834694256
252,OCO,1580.0,2146.0
253,OCO,1561.0,1934.0
254,OCO,1537.0,1672.0
255,OCO,1528.0,1572.0
256,OCO,1511.0,1389.0
257,OCO,1486.0,1120.0
258,OCO,1466.0,900.0
259,OCO,1455.0,781.0
260,OCO,1431.0,524.0
261,OCO,1399.6422171000058,178.7405268934791
262,OCO,1379.0,-46.0
263,OCO,1369.0,-151.0
264,OCO,1345.990221444531,-401.02811063177955
265,OCO,1329.0,-589.0
266,OCO,1316.0,-730.0
267,OCO,1293.0,-975.0
268,OCO,1284.0,-1080.0
269,OCO,1262.5853423997733,-1313.0430606027503
270,OCO,1243.0,-1519.0
271,OCO,1220.1715118131015,-1770.529713307637
272,OCO,1206.0,-1924.0
273,OCO,1188.0,-2118.0
274,OCO,1165.3135772310711,-2368.826639058566
275,OCO,1143.2185516239656,-2613.9493222688843
276,OCO,1117.0,-2889.0
277,OCO,1105.0,-3029.0
278,OCO,1087.0,-3220.0
279,OCO,1065.0,-3463.0
280,OCO,1040.0,-3723.0
281,OCO,1022.8218343114322,-3904.5082674100954
282,OCO,998.0,-4154.0
283,OCO,983.0,-4292.0
284,OCO,942.0,-4620.0
285,OCO,924.0,-4737.0
286,OCO,862.0,-5036.0
287,OCO,814.7876620213544,-5191.602571787238
288,OCO,727.750402223026,-5392.756484113378
289,OCO,632.0,-5531.0
290,OCO,497.0,-5654.0
291,OCO,284.6037924865477,-5760.06932606501
292,OCO,144.0,-5794.0
293,OCO,-3.0,-5800.0
294,OCO,-133.0,-5787.0
295,OCO,-331.76659164064654,-5729.852836372675
296,OCO,-480.35184910309664,-5667.617526908237
297,OCO,-583.0481148004036,-5604.895681778931
298,OCO,-756.0,-5474.0
299,OCO,-919.8026500045553,-5306.238781366748
300,OCO,-974.760262307072,-5247.208997638784
301,OCO,-1044.9646423916602,-5142.264231447678
302,OCO,-1165.1464928076862,-4945.811730459593
303,OCO,-1239.0,-4790.0
304,OCO,-1296.0163467631457,-4643.144733740853
305,OCO,-1342.6248589648912,-4518.279108993339
306,OCO,-1394.0,-4326.0
307,OCO,-1435.0,-4136.0
308,OCO,-1496.0,-3447.0
309,OCO,-1498.6306101470054,-3283.3153726456185
310,OCO,-1499.0,-3097.0
311,OCO,-1496.179697014854,-2817.271278637515
312,OCO,-1491.0,-2582.0
313,OCO,-1483.460670261242,-2354.548926921319
314,OCO,-1478.0,-2226.0
315,OCO,-1472.0,-2091.0
316,OCO,-1461.0,-1889.0
317,OCO,-1448.0,-1668.0
318,OCO,-1434.5126336784795,-1473.2092899928225
319,OCO,-1405.185685727819,-1066.825647580173
320,OCO,-1400.0,-999.0
0,PER,-1380.0,-755.0
1,PER,-1355.0,-457.0
2,PER,-1344.0,-333.0
3,PER,-1321.4966759298459,-85.59315789763752
4,PER,-1301.7223963615108,132.90285323123797
5,PER,-1287.0,307.0
6,PER,-1273.0,468.0
7,PER,-1252.31520796659,715.5471650685954
8,PER,-1220.0789259096478,1088.9584437410435
9,PER,-1208.0,1226.0
10,PER,-1193.0128546415085,1394.7233940981923
11,PER,-1170.0,1664.0
12,PER,-1154.0,1846.0
13,PER,-1133.2303444877327,2089.8984479295505
14,PER,-1105.3378065261977,2412.292161480207
15,PER,-1078.0,2734.0
16,PER,-1057.1877403586323,2978.7233897637293
17,PER,-1038.3803437534766,3197.667443194192
18,PER,-1024.0,3361.0
19,PER,-991.0,3747.0
20,PER,-975.0,3930.0
21,PER,-948.61022102024,4240.221017801893
22,PER,-931.1081578291439,4440.471875854567
23,PER,-912.9777617452141,4646.550020360034
24,PER,-886.0,4967.0
25,PER,-864.0,5219.0
26,PER,-838.0,5524.0
27,PER,-807.5104695315163,5876.524821370904
28,PER,-788.2787137435971,6100.917362951953
29,PER,-776.0,6247.0
30,PER,-762.6380965073068,6408.36569254364
31,PER,-738.0,6701.0
32,PER,-721.0,6894.0
33,PER,-692.0,7242.0
34,PER,-684.0,7345.0
35,PER,-672.0,7493.0
36,PER,-658.9812757982495,7647.57582192631
37,PER,-645.0842877502772,7798.282995460919
38,PER,-634.1534886984,7904.427254612796
39,PER,-625.0,7964.0
40,PER,-603.8231232025635,8061.334960907182
41,PER,-579.5517340845149,8122.838881044216
42,PER,-534.9599799145342,8211.856598421158
43,PER,-479.5163666842551,8261.027738879062
44,PER,-404.2940481899503,8302.036623516546
45,PER,-354.32325755287826,8311.686431245775
46,PER,-208.0,8364.0
47,PER,-183.0,8394.0
48,PER,-166.0,8426.0
49,PER,-146.89353648176987,8498.001306291746
50,PER,-142.84248661387159,8533.727800109998
51,PER,-141.99131007102596,8592.44347027213
52,PER,-147.12099655123137,8662.656683894153
53,PER,-153.40121509239506,8700.876565244942
54,PER,-173.3210013120398,8791.441052653114
55,PER,-186.34382069644715,8842.297046681597
56,PER,-203.60374636810715,8906.35688743387
57,PER,-218.0,8961.0
58,PER,-234.36661272917186,9022.371928258364
59,PER,-257.3602120267457,9109.557844842288
60,PER,-292.0,9246.0
61,PER,-328.41795170270245,9401.032957295061
62,PER,-351.16661404943807,9500.727781789976
63,PER,-373.39333932303884,9619.02502508524
64,PER,-387.70467216440915,9707.1592229195
65,PER,-402.0,9815.0
66,PER,-415.1593170143481,9955.196432679491
67,PER,-427.0,10335.0
68,PER,-427.0,10399.0
69,PER,-418.0,10733.0
70,PER,-413.9779178691269,10821.854242873695
71,PER,-406.84147249500757,10913.94812493573
72,PER,-395.02564373023785,11056.39300145932
73,PER,-382.4701990549176,11173.446424973157
74,PER,-352.36957070533055,11404.903337117048
75,PER,-323.07774618887345,11571.730606605384
76,PER,-272.0,11797.0
77,PER,-258.97587188632497,11843.940864323169
78,PER,-196.0,12048.0
79,PER,-106.0,12281.0
80,PER,-25.0,12454.0
81,PER,34.0,12567.0
82,PER,133.0,12733.0
83,PER,214.0,12854.0
84,PER,321.0,12998.0
85,PER,438.0,13136.0
86,PER,520.3470107563094,13221.333719820726
87,PER,717.7708484635882,13402.075727664458
88,PER,822.6853911322194,13487.071979730426
89,PER,981.4686361252042,13603.264085354745
90,PER,1256.7831938205027,13775.07183286086
91,PER,1413.0,13859.0
92,PER,1647.0,13967.0
93,PER,1888.0,14060.0
94,PER,2255.5134117938874,14163.119074595508
95,PER,2429.8996175041316,14199.235859420025
96,PER,2686.3196669999534,14246.029901748896
97,PER,2826.0,14266.0
98,PER,3001.0,14290.0
99,PER,3162.9882277325232,14308.418085043186
100,PER,3490.0,14339.0
101,PER,3777.1578188067897,14362.370174434169
102,PER,4616.187909400818,14428.373779686404
103,PER,4987.654896896148,14449.507421274488
104,PER,5137.7898120229465,14456.834139773022
105,PER,5391.380557778113,14468.135768687922
106,PER,5560.0,14474.0
107,PER,5886.0,14487.0
108,PER,6137.37419755838,14494.880527501482
109,PER,6296.84578206432,14501.859958229426
110,PER,6458.626471336222,14513.982329754126
111,PER,6531.0,14526.0
112,PER,6634.624880971896,14552.208171998902
113,PER,6773.742672845035,14610.407270686845
114,PER,6825.851830578802,14638.122936674397
115,PER,6855.0,14672.0
116,PER,6922.64418160483,14788.979227325279
117,PER,6957.0,14858.0
118,PER,7011.0,14927.0
119,PER,7097.115210294941,14995.367040136014
120,PER,7167.197327454191,15039.736939015605
121,PER,7215.0,15060.0
122,PER,7319.289364339025,15097.330995691344
123,PER,7384.0,15114.0
124,PER,7461.0,15131.0
125,PER,7555.36516092218,15150.323435422542
126,PER,7774.0,15189.0
127,PER,7900.133463738087,15218.641635350425
128,PER,8019.3156959236885,15252.004688233532
129,PER,8091.365680213121,15274.567947524749
130,PER,8234.0,15318.0
131,PER,8369.0,15359.0
132,PER,8519.0,15410.0
133,PER,8682.800726750627,15471.120361538924
134,PER,8862.25658548457,15540.924272346329
135,PER,9057.657253798076,15615.516837633026
136,PER,9186.493609248866,15659.839283137815
137,PER,9421.269929977349,15739.095336684244
138,PER,9660.892175422267,15816.942597626035
139,PER,9845.217715910188,15865.414188331231
140,PER,10004.847942371302,15882.593237543606
141,PER,10097.230752553807,15880.684122629495
142,PER,10217.0,15865.0
143,PER,10300.0,15843.0
144,PER,10380.0,15814.0
145,PER,10558.0,15707.0
146,PER,10691.292143763152,15571.855706431928
147,PER,10755.712652988408,15485.006626109982
148,PER,10847.972624098938,15264.00540405011
149,PER,10877.872012694274,15168.86520579916
150,PER,10916.71629891853,14941.31596974158
151,PER,10932.0,14810.0
152,PER,10985.0,14111.0
153,PER,10996.130779408868,13960.259864666205
154,PER,11007.039471406057,13827.63773393058
155,PER,11034.0,13545.0
156,PER,11047.682372736663,13404.954114291742
157,PER,11056.470309078912,13304.460452261801
158,PER,11064.81530941583,13169.291253568414
159,PER,11063.538177212044,12971.903558452572
160,PER,11056.632713283405,12896.187909698358
161,PER,11031.968221666964,12797.467106277953
162,PER,10968.732395205443,12637.64357695289
163,PER,10918.832984604245,12575.052400054346
164,PER,10787.0,12445.0
165,PER,10694.069856084405,12380.125693488719
166,PER,10560.0,12301.0
167,PER,10439.010672069926,12237.979280527137
168,PER,10246.729095069615,12141.873190337867
169,PER,10134.301829356908,12085.232792122923
170,PER,10003.668100258423,12017.559505025893
171,PER,9905.0,11965.0
172,PER,9720.0,11864.0
173,PER,9569.0,11783.0
174,PER,9343.0,11662.0
175,PER,9214.336130387945,11590.204508965087
176,PER,9095.856591798554,11522.441159879536
177,PER,8917.431347020407,11419.945023401371
178,PER,8810.855871829694,11358.560601172276
179,PER,8623.686146811266,11253.89130154216
180,PER,8435.972805593978,11148.422885262924
181,PER,8275.0,11058.0
182,PER,8124.0,10972.0
183,PER,7958.0,10876.0
184,PER,7779.0,10767.0
185,PER,7602.0,10651.0
186,PER,7352.0,10468.0
187,PER,7160.349835344476,10311.71717692363
188,PER,6973.0,10160.0
189,PER,6792.0,10006.0
190,PER,6679.042563053003,9908.124065121907
191,PER,6597.0,9836.0
192,PER,6505.0,9756.0
193,PER,6308.0,9585.0
194,PER,6030.0,9343.0
195,PER,5897.0,9227.0
196,PER,5669.0,9029.0
197,PER,5508.0,8889.0
198,PER,5341.694250589205,8744.79907043897
199,PER,5145.0,8573.0
200,PER,5010.0,8457.0
201,PER,4806.387167991782,8279.105305242225
202,PER,4674.0,8164.0
203,PER,4534.513240321345,8043.304852750352
204,PER,4281.0,7823.0
205,PER,4078.5258885343196,7646.996400178252
206,PER,3936.0,7522.0
207,PER,3697.0,7315.0
208,PER,3578.0,7212.0
209,PER,3460.0,7109.0
210,PER,3234.097244037248,6913.034790901524
211,PER,3013.1265994018036,6718.962621870675
212,PER,2865.023292216933,6586.507395107898
213,PER,2745.0,6469.0
214,PER,2649.0,6355.0
215,PER,2588.0,6240.0
216,PER,2548.4388367890238,6013.01045831861
217,PER,2544.7436265070955,5884.243979443546
218,PER,2545.4500734670164,5770.768993084605
219,PER,2542.614859771274,5630.140291231154
220,PER,2532.0,5499.0
221,PER,2509.0,5380.0
222,PER,2429.0,5155.0
223,PER,2349.807103319416,5005.006034311375
224,PER,2223.0,4846.0
225,PER,2161.9704465655964,4780.8840585007465
226,PER,2094.109126253198,4712.176727359451
227,PER,1895.6837441151376,4470.373448052538
228,PER,1850.0723974333532,4354.400662774811
229,PER,1805.4305961492082,4223.264676193605
230,PER,1739.0,3855.0
231,PER,1731.0,3768.0
232,PER,1714.912948226154,3584.862919911987
233,PER,1690.5285800365016,3327.7390382228186
234,PER,1676.0960310015666,3184.7145156252527
235,PER,1651.0,2926.0
236,PER,1638.0,2771.0
237,PER,1609.0,2456.0
238,PER,1588.0,2233.0
239,PER,1570.1623717607654,2034.1812994550523
240,PER,1556.0,1876.0
241,PER,1542.6034220844833,1740.9263862995456
242,PER,1518.6030471673469,1476.5582605403276
243,PER,1456.0,789.0
244,PER,1440.0,618.0
245,PER,1423.0,429.0
246,PER,1406.3838139051777,253.74941711267212
247,PER,1373.0509857164259,-109.74269381668273
248,PER,1361.6674123750188,-232.91537015988771
249,PER,1348.7191044216286,-373.13113794536036
250,PER,1329.37728442061,-586.6183139864626
251,PER,1315.29632035565,-740.8392521695882
252,PER,1289.4460700295565,-1019.6933080991423
253,PER,1259.0180405381395,-1346.9096252697248
254,PER,1239.0,-1565.0
255,PER,1223.0,-1743.0
256,PER,1192.0,-2082.0
257,PER,1177.0,-2242.0
258,PER,1162.0187096042835,-2406.396368165219
259,PER,1145.4069979294559,-2584.0478620422577
260,PER,1122.308764768326,-2832.7695493818683
261,PER,1099.0,-3096.0
262,PER,1076.0,-3344.0
263,PER,1058.0,-3538.0
264,PER,1040.0,-3731.0
265,PER,1014.0,-3994.0
266,PER,1000.9060094879773,-4132.797175036892
267,PER,966.8971391893384,-4430.384422807125
268,PER,944.057599368788,-4621.882603052891
269,PER,926.4765530404281,-4725.947322989486
270,PER,900.0,-4872.0
271,PER,873.0,-4995.0
272,PER,813.0415518613265,-5196.029509684461
273,PER,755.0,-5341.0
274,PER,667.0,-5488.0
275,PER,594.0,-5573.0
276,PER,455.0,-5683.0
277,PER,330.0,-5746.0
278,PER,246.93340882282882,-5773.280076510432
279,PER,90.0,-5799.0
280,PER,3.0,-5801.0
281,PER,-137.0,-5786.0
282,PER,-279.0,-5750.0
283,PER,-353.0,-5724.0
284,PER,-493.59609930660037,-5658.029694319275
285,PER,-648.7508414863579,-5561.943999720535
286,PER,-820.6637714725946,-5416.927421536277
287,PER,-984.0,-5229.0
288,PER,-1039.3439239149557,-5156.203960124934
289,PER,-1102.5786228475083,-5052.6324407770335
290,PER,-1203.0,-4868.0
291,PER,-1282.0,-4686.0
292,PER,-1325.0,-4565.0
293,PER,-1384.336845495101,-4365.699364051136
294,PER,-1418.010833156999,-4221.157485537372
295,PER,-1454.0371939909187,-4018.862924449946
296,PER,-1483.0,-3743.0
297,PER,-1492.4597588579468,-3560.317437542859
298,PER,-1496.7090420601742,-3412.22603369944
299,PER,-1499.0,-3067.0
300,PER,-1498.7816949766852,-2939.30376179388
301,PER,-1496.670426464452,-2847.9146162429347
302,PER,-1490.0,-2572.0
303,PER,-1478.7142895132415,-2253.105961344805
304,PER,-1463.0085452500057,-1923.859615804708
305,PER,-1453.994169935072,-1766.539084147843
306,PER,-1439.5639654769548,-1542.0424950429658
307,PER,-1417.743992079187,-1238.6567659249354
308,PER,-1396.79511219675,-953.7382308238047
309,PER,-1381.0,-764.0
0,PIA,-1373.0,-673.0
1,PIA,-1357.075138388339,-490.14765012775456
2,PIA,-1342.3537775011293,-315.85654370006154
3,PIA,-1320.644568674895,-71.15153332376465
4,PIA,-1293.0,236.0
5,PIA,-1273.0,470.0
6,PIA,-1259.0,633.0
7,PIA,-1228.0,997.0
8,PIA,-1201.0,1307.0
9,PIA,-1176.0,1600.0
10,PIA,-1147.0,1932.0
11,PIA,-1126.0,2172.0
12,PIA,-1109.0,2376.0
13,PIA,-1095.5127837208777,2526.5322055151464
14,PIA,-1065.753294487642,2881.179113074364
15,PIA,-1036.4449990410671,3211.74048138768
16,PIA,-1019.0,3414.0
17,PIA,-997.0,3676.0
18,PIA,-977.0,3900.0
19,PIA,-960.0,4106.0
20,PIA,-927.0,4481.0
21,PIA,-910.0,4687.0
22,PIA,-894.0,4874.0
23,PIA,-873.702369330225,5102.553228620546
24,PIA,-862.0,5246.0
25,PIA,-839.4989138525088,5503.130294741069
26,PIA,-816.6733906607243,5769.5547068470205
27,PIA,-790.0,6076.0
28,PIA,-781.0,6188.0
29,PIA,-767.0,6352.0
30,PIA,-752.0,6533.0
31,PIA,-734.0,6747.0
32,PIA,-712.8650549308185,6998.500894464891
33,PIA,-702.1047788159689,7129.76758639269
34,PIA,-685.1153787463213,7329.822030491074
35,PIA,-667.4301290058523,7537.521812994011
36,PIA,-660.3490918993905,7628.223113298932
37,PIA,-650.6136371051155,7741.86525076527
38,PIA,-642.781797160367,7818.040155222616
39,PIA,-626.9789649365019,7943.330120410805
40,PIA,-605.0,8055.0
41,PIA,-587.0541028199285,8111.501194034352
42,PIA,-569.7370016945305,8147.836205441352
43,PIA,-531.0737034410198,8212.109187602728
44,PIA,-499.6991290327497,8248.13816712928
45,PIA,-425.0,8293.0
46,PIA,-384.44917505686055,8305.607937019797
47,PIA,-343.0,8313.0
48,PIA,-296.0,8322.0
49,PIA,-241.0,8342.0
50,PIA,-202.26012327723183,8369.698294385278
51,PIA,-174.0,8408.0
52,PIA,-154.0,8463.0
53,PIA,-143.29631461417347,8535.567247090072
54,PIA,-159.29989637892263,8729.667347928216
55,PIA,-169.73643570000718,8777.1959619787
56,PIA,-192.65856095904527,8864.327350408506
57,PIA,-219.19107160800314,8966.202661186735
58,PIA,-246.7545513578716,9068.644974015311
59,PIA,-266.0,9143.0
60,PIA,-285.0,9216.0
61,PIA,-312.54475059055096,9332.922359722057
62,PIA,-338.37736075203804,9445.35533965348
63,PIA,-371.0,9604.0
64,PIA,-398.0,9780.0
65,PIA,-411.0,9907.0
66,PIA,-418.0,10003.0
67,PIA,-420.0,10051.0
68,PIA,-427.1093911666808,10360.231949070258
69,PIA,-426.0,10439.0
70,PIA,-422.0,10640.0
71,PIA,-412.42881498187404,10820.304666806212
72,PIA,-394.0,11058.0
73,PIA,-369.0,11289.0
74,PIA,-345.0,11450.0
75,PIA,-306.0,11656.0
76,PIA,-270.0,11805.0
77,PIA,-183.0,12086.0
78,PIA,-131.14436719597703,12222.500017676104
79,PIA,-12.0,12478.0
80,PIA,89.0,12662.0
81,PIA,161.11471451541223,12776.693416820617
82,PIA,255.55604035055075,12911.267411223886
83,PIA,405.0,13099.0
84,PIA,629.0,13324.0
85,PIA,844.5792186692846,13503.98591180428
86,PIA,918.0,13558.0
87,PIA,1183.9818311082613,13731.84409910137
88,PIA,1366.282673569589,13837.081845301303
89,PIA,1510.0,13906.0
90,PIA,1684.0,13983.0
91,PIA,1797.2976827414748,14027.045374912263
92,PIA,2088.8562578534466,14118.864468311389
93,PIA,2290.9801537292515,14171.58015330116
94,PIA,2541.0,14221.0
95,PIA,2958.0,14284.0
96,PIA,3183.2303565191933,14310.921886203094
97,PIA,3339.8855817597796,14326.122754548758
98,PIA,3656.757026121124,14352.697260931836
99,PIA,3897.995636733631,14372.72912754376
100,PIA,4189.0,14398.0
101,PIA,4382.0,14412.0
102,PIA,4567.0,14425.0
103,PIA,5276.0853610086415,14462.47387313787
104,PIA,5601.247563895352,14476.143346004483
105,PIA,5828.435248281159,14484.364583788423
106,PIA,6011.323587637191,14490.772496549913
107,PIA,6288.4205553155325,14500.924698938354
108,PIA,6403.2316098718975,14508.367135697441
109,PIA,6494.0,14520.0
110,PIA,6594.0,14541.0
111,PIA,6649.0,14558.0
112,PIA,6729.452057259086,14589.886834741248
113,PIA,6809.596046678265,14632.598686795178
114,PIA,6865.0,14685.0
115,PIA,6899.0,14737.0
116,PIA,6957.77582297552,14859.797951142282
117,PIA,6994.0,14908.0
118,PIA,7072.0,14979.0
119,PIA,7159.0,15034.0
120,PIA,7219.0,15062.0
121,PIA,7332.0,15101.0
122,PIA,7457.708076676307,15131.191121171067
123,PIA,7596.0,15157.0
124,PIA,7708.0,15176.0
125,PIA,7800.851742386457,15194.35830302913
126,PIA,7935.8453136606295,15228.720511389754
127,PIA,8183.909707615761,15302.795200674642
128,PIA,8256.323352415096,15325.00724467185
129,PIA,8394.114743040187,15367.327738688453
130,PIA,8556.81197374479,15422.94153938211
131,PIA,8755.0,15499.0
132,PIA,8851.0,15537.0
133,PIA,8969.520885670807,15582.05065899653
134,PIA,9077.054509486916,15622.37654432861
135,PIA,9229.059122613615,15674.816354912773
136,PIA,9425.37417855994,15740.38150058024
137,PIA,9471.413191155281,15755.870655464805
138,PIA,9635.085997854218,15809.216281719815
139,PIA,9832.0,15862.0
140,PIA,9966.410549421513,15882.788331132493
141,PIA,10044.388140610503,15882.444338921727
142,PIA,10228.0,15863.0
143,PIA,10338.188412892729,15830.507121900118
144,PIA,10439.960827956187,15785.214422094165
145,PIA,10514.826129538622,15739.979365916577
146,PIA,10655.0,15617.0
147,PIA,10768.709074035824,15456.484378918976
148,PIA,10818.876250464207,15350.805258624647
149,PIA,10867.0,15205.0
150,PIA,10882.0,15145.0
151,PIA,10907.0,15010.0
152,PIA,10925.747882106727,14870.906670322269
153,PIA,10945.0,14679.0
154,PIA,10965.148909392332,14427.362499552873
155,PIA,10973.492718481939,14290.72939593444
156,PIA,10986.294196234427,14095.540618973499
157,PIA,10996.0,13962.0
158,PIA,11021.0,13680.0
159,PIA,11041.0,13482.0
160,PIA,11051.0,13371.0
161,PIA,11064.0,13201.0
162,PIA,11066.069877033293,13015.273173536345
163,PIA,11057.445192014216,12902.764202363256
164,PIA,11037.969553474257,12817.010030806006
165,PIA,10983.1979789109,12669.29223694453
166,PIA,10859.0,12508.0
167,PIA,10753.925070627227,12416.824619000588
168,PIA,10686.0,12375.0
169,PIA,10502.0,12271.0
170,PIA,10275.0,12156.0
171,PIA,10145.0,12091.0
172,PIA,10055.0,12045.0
173,PIA,9860.0,11940.0
174,PIA,9753.0,11882.0
175,PIA,9580.581967530143,11790.642469852473
176,PIA,9473.0,11732.0
177,PIA,9322.0,11651.0
178,PIA,9195.0,11580.0
179,PIA,8938.0,11431.0
180,PIA,8780.0,11341.0
181,PIA,8510.0,11190.0
182,PIA,8359.0,11105.0
183,PIA,8216.05434449545,11024.918139697318
184,PIA,8039.0,10923.0
185,PIA,7690.214665355845,10711.77806723652
186,PIA,7555.0,10618.0
187,PIA,7447.787392316048,10540.782493653596
188,PIA,7233.0,10372.0
189,PIA,7061.074348524785,10233.212143104101
190,PIA,6875.290771867457,10077.901623430083
191,PIA,6800.0,10013.0
192,PIA,6640.090004038923,9873.434134760326
193,PIA,6482.282572445333,9736.444281587475
194,PIA,6350.126256884265,9621.815984309958
195,PIA,6190.211958939144,9482.82745233813
196,PIA,6128.0,9428.0
197,PIA,5989.64970607418,9306.995316266948
198,PIA,5787.361729559081,9131.672262242773
199,PIA,5586.224910557342,8957.401780898064
200,PIA,5413.493292738945,8807.56907434978
201,PIA,5254.0,8668.0
202,PIA,5088.663801333508,8524.515699100017
203,PIA,4925.882670208451,8383.17959205736
204,PIA,4769.0,8247.0
205,PIA,4674.0,8165.0
206,PIA,4405.0,7931.0
207,PIA,4203.0,7754.0
208,PIA,3938.295999771141,7525.14522504745
209,PIA,3777.730576586594,7385.459183645307
210,PIA,3662.263023230796,7284.628507374565
211,PIA,3509.0,7151.0
212,PIA,3425.051471230934,7078.431112832077
213,PIA,3221.1180537035766,6901.464611789368
214,PIA,2986.7806642851547,6695.552000277882
215,PIA,2881.779752744174,6602.179500127959
216,PIA,2819.3233331809483,6543.495493724695
217,PIA,2698.0,6418.0
218,PIA,2625.7209558205186,6318.9338312194905
219,PIA,2569.8158585662136,6182.816052121583
220,PIA,2546.0,6021.0
221,PIA,2544.0,5913.0
222,PIA,2544.0,5654.0
223,PIA,2540.0,5576.0
224,PIA,2515.668207183814,5405.042507683551
225,PIA,2468.626407168411,5249.425992705454
226,PIA,2388.5865077879357,5073.608026778274
227,PIA,2309.0,4951.0
228,PIA,2237.0,4861.0
229,PIA,2156.0,4775.0
230,PIA,2070.0,4690.0
231,PIA,1983.0,4591.0
232,PIA,1871.0,4408.0
233,PIA,1810.0,4234.0
234,PIA,1772.0,4078.0
235,PIA,1746.0,3920.0
236,PIA,1716.0,3606.0
237,PIA,1703.0,3456.0
238,PIA,1674.2035214661987,3163.2825788156892
239,PIA,1662.8311641388827,3045.911666965406
240,PIA,1651.0,2918.0
241,PIA,1632.0,2713.0
242,PIA,1615.0,2521.0
243,PIA,1596.0,2311.0
244,PIA,1582.0,2164.0
245,PIA,1565.0,1983.0
246,PIA,1550.0,1818.0
247,PIA,1531.505290763966,1613.2286571046857
248,PIA,1512.464331134116,1411.0262806805822
249,PIA,1500.0821238149636,1275.8774004047018
250,PIA,1481.6010694960569,1071.6742349150156
251,PIA,1454.5933734468717,775.7709977196374
252,PIA,1438.4299241847061,597.0506921261964
253,PIA,1409.2089800800695,283.40193340924395
254,PIA,1388.0,51.0
255,PIA,1372.523523958207,-111.78056453231379
256,PIA,1356.192727021251,-289.73169088200314
257,PIA,1339.0,-478.0
258,PIA,1303.0,-870.0
259,PIA,1293.3336810541641,-977.1966222504009
260,PIA,1282.0,-1103.0
261,PIA,1254.0,-1408.0
262,PIA,1230.7987939407926,-1659.1663052668025
263,PIA,1199.0,-2005.0
264,PIA,1182.0,-2186.0
265,PIA,1164.6709731646251,-2374.212065708892
266,PIA,1138.2856215251877,-2661.4910905852257
267,PIA,1107.0,-2998.0
268,PIA,1082.0978692409872,-3268.9058299219423
269,PIA,1066.4968364166405,-3440.2899539552545
270,PIA,1046.0,-3660.0
271,PIA,1013.0,-3998.0
272,PIA,990.0,-4227.0
273,PIA,973.0,-4382.0
274,PIA,928.9807127636584,-4711.088115843139
275,PIA,907.6052394745716,-4832.832255758542
276,PIA,862.0,-5038.0
277,PIA,831.0,-5145.0
278,PIA,786.2278024697176,-5271.516852521643
279,PIA,727.4911641458255,-5393.992601418349
280,PIA,636.7274850802752,-5524.529011003444
281,PIA,551.0,-5612.0
282,PIA,437.0,-5694.0
283,PIA,276.0,-5765.0
284,PIA,211.0,-5783.0
285,PIA,87.0,-5800.0
286,PIA,-99.0,-5792.0
287,PIA,-254.0,-5759.0
288,PIA,-335.0,-5731.0
289,PIA,-547.0,-5629.0
290,PIA,-756.2258836292234,-5477.130012761122
291,PIA,-879.0,-5354.0
292,PIA,-932.0,-5293.0
293,PIA,-1050.1219084950096,-5137.083610808464
294,PIA,-1129.0,-5009.0
295,PIA,-1183.0,-4909.0
296,PIA,-1266.0,-4726.0
297,PIA,-1297.0,-4645.0
298,PIA,-1359.0049642662905,-4458.5859990022345
299,PIA,-1403.0,-4288.0
300,PIA,-1444.8110986869394,-4076.1548139005536
301,PIA,-1464.0,-3942.0
302,PIA,-1481.0,-3772.0
303,PIA,-1492.7613500377004,-3547.8516035861803
304,PIA,-1497.8777583494282,-3325.0375510337144
305,PIA,-1499.0,-3070.0
306,PIA,-1498.0,-2940.0
307,PIA,-1495.0,-2759.0
308,PIA,-1489.0,-2519.0
309,PIA,-1480.0,-2268.0
310,PIA,-1471.4597644358823,-2091.3990978327975
311,PIA,-1458.0,-1844.0
312,PIA,-1450.0,-1707.0
313,PIA,-1427.0,-1361.0
314,PIA,-1415.0,-1196.0
315,PIA,-1386.0,-824.0
0,RIC,-1366.0,-581.0
1,RIC,-1347.0,-370.0
2,RIC,-1331.0,-193.0
3,RIC,-1304.0,108.0
4,RIC,-1287.0,305.0
5,RIC,-1269.0,520.0
6,RIC,-1250.0,735.0
7,RIC,-1238.0,879.0
8,RIC,-1211.2548036003157,1191.1224137451811
9,RIC,-1182.0,1531.0
10,RIC,-1169.0,1677.0
11,RIC,-1139.0,2023.0
12,RIC,-1125.0,2188.0
13,RIC,-1104.0,2425.0
14,RIC,-1080.0,2715.0
15,RIC,-1056.0,2991.0
16,RIC,-1046.0,3101.0
17,RIC,-1024.0,3359.0
18,RIC,-995.0,3692.0
19,RIC,-975.3447642543825,3921.549228985141
20,RIC,-963.061989913816,4063.883982817937
21,RIC,-949.8461989241487,4217.439855824574
22,RIC,-925.0,4505.0
23,RIC,-902.0,4780.0
24,RIC,-889.0,4927.0
25,RIC,-867.0,5183.0
26,RIC,-848.0,5401.0
27,RIC,-831.0,5600.0
28,RIC,-806.0,5888.0
29,RIC,-799.0,5977.0
30,RIC,-768.0,6346.0
31,RIC,-740.4508174059595,6671.474508026299
32,RIC,-711.0,7016.0
33,RIC,-700.0,7146.0
34,RIC,-682.0,7365.0
35,RIC,-670.8231206493522,7498.441977683732
36,RIC,-664.2290781325453,7589.7461179566
37,RIC,-652.0,7726.0
38,RIC,-631.2686274738711,7931.379745771146
39,RIC,-615.4858349215922,8007.577269332196
40,RIC,-583.4377912627616,8121.699383742607
41,RIC,-548.0,8188.0
42,RIC,-517.2662994145356,8228.985909885845
43,RIC,-484.427023330622,8260.52735789154
44,RIC,-430.8502302918941,8290.315780852012
45,RIC,-359.0,8310.0
46,RIC,-304.0,8320.0
47,RIC,-268.0,8330.0
48,RIC,-200.0,8372.0
49,RIC,-165.0,8429.0
50,RIC,-148.0,8490.0
51,RIC,-141.0,8559.0
52,RIC,-142.0,8610.0
53,RIC,-146.0,8655.0
54,RIC,-150.17537802370512,8682.0652352959
55,RIC,-168.62071822578932,8771.881355502428
56,RIC,-192.22183758821916,8862.236525867916
57,RIC,-210.0,8928.0
58,RIC,-234.0,9018.0
59,RIC,-256.0,9103.0
60,RIC,-277.0,9186.0
61,RIC,-319.0,9358.0
62,RIC,-342.0,9461.0
63,RIC,-363.0,9561.0
64,RIC,-385.11731520898667,9691.157852816143
65,RIC,-397.0,9775.0
66,RIC,-412.4808025355419,9933.97151198445
67,RIC,-424.01086109566035,10114.995473751886
68,RIC,-426.0,10279.0
69,RIC,-427.0,10343.0
70,RIC,-426.0,10460.0
71,RIC,-423.0,10592.0
72,RIC,-417.0,10756.0
73,RIC,-403.7143112725283,10957.48141804178
74,RIC,-393.2808870849822,11067.068265344478
75,RIC,-371.79221483755805,11257.11036472858
76,RIC,-343.03060102913696,11470.755741201609
77,RIC,-319.3017576123623,11589.258614900662
78,RIC,-285.80225347086287,11742.844649654458
79,RIC,-254.81174712481933,11858.914331288439
80,RIC,-183.77964274694693,12080.23887041727
81,RIC,-93.0,12311.0
82,RIC,-26.802426454297418,12450.544932867897
83,RIC,27.678624302654807,12553.275676009174
84,RIC,145.8629734796701,12752.38103328623
85,RIC,234.17878727199778,12882.99875318286
86,RIC,428.0,13124.0
87,RIC,536.1637761191696,13236.596096352321
88,RIC,653.0,13346.0
89,RIC,794.0,13464.0
90,RIC,984.0,13605.0
91,RIC,1175.347615308976,13728.630572733347
92,RIC,1381.0,13843.0
93,RIC,1599.0,13946.0
94,RIC,1884.8663404919746,14057.93386233673
95,RIC,2673.109773673228,14242.951533468604
96,RIC,2846.14605225242,14268.577601813551
97,RIC,3132.3322246451653,14305.169144699534
98,RIC,3428.1141324611685,14333.634548564589
99,RIC,3690.432564579741,14355.49187133682
100,RIC,3861.0,14370.0
101,RIC,4020.0,14384.0
102,RIC,4252.888686530567,14402.21086574087
103,RIC,4484.961932557889,14419.117943981966
104,RIC,4768.0,14437.0
105,RIC,5047.0,14452.0
106,RIC,5238.0,14461.0
107,RIC,5376.0,14467.0
108,RIC,5446.0,14469.0
109,RIC,5846.212107901772,14485.615127125388
110,RIC,5934.0,14488.0
111,RIC,6133.0,14495.0
112,RIC,6281.294087317196,14501.89355083831
113,RIC,6443.0,14513.0
114,RIC,6560.0,14533.0
115,RIC,6636.0,14554.0
116,RIC,6723.0,14585.0
117,RIC,6776.0,14612.0
118,RIC,6859.0,14678.0
119,RIC,6889.123957220864,14717.561111282752
120,RIC,6933.0,14814.0
121,RIC,6973.0,14882.0
122,RIC,7005.382102461479,14920.538772250211
123,RIC,7050.642735659841,14962.5483929971
124,RIC,7126.0,15015.0
125,RIC,7237.0,15069.0
126,RIC,7348.575481841073,15105.92326125786
127,RIC,7388.0,15115.0
128,RIC,7522.678081342132,15143.692833607041
129,RIC,7623.79395882122,15162.593327726285
130,RIC,7709.0,15177.0
131,RIC,7814.0,15198.0
132,RIC,7915.996581214588,15222.14133012988
133,RIC,8100.2836849003525,15276.739809057699
134,RIC,8228.547691953041,15316.070043738137
135,RIC,8392.0,15367.0
136,RIC,8674.0,15467.0
137,RIC,8830.68267721382,15527.781409740606
138,RIC,8941.586867079297,15571.899398161764
139,RIC,9171.153967974125,15654.212181412302
140,RIC,9353.36413211319,15716.77236683701
141,RIC,9551.0,15783.0
142,RIC,9692.0,15827.0
143,RIC,9813.0,15858.0
144,RIC,10263.768153212552,15852.61265112046
145,RIC,10447.851099173691,15781.024198970523
146,RIC,10566.214405324914,15700.743561637584
147,RIC,10657.623824641827,15613.787099776848
148,RIC,10782.367196636269,15426.762945683866
149,RIC,10831.03631983331,15318.98789660645
150,RIC,10867.0,15204.0
151,RIC,10897.0,15065.0
152,RIC,10911.0,14976.0
153,RIC,10930.504877787922,14822.873931184977
154,RIC,10948.447296871282,14642.419091068221
155,RIC,10962.0,14472.0
156,RIC,10971.0,14332.0
157,RIC,10989.175330330663,14054.279524487356
158,RIC,10999.0,13926.0
159,RIC,11018.0,13713.0
160,RIC,11039.0,13495.0
161,RIC,11052.0,13360.0
162,RIC,11066.0,13153.0
163,RIC,11064.534619441298,12976.125284459546
164,RIC,11039.0,12815.0
165,RIC,11000.0,12706.0
166,RIC,10955.425867704073,12626.0788578477
167,RIC,10881.625691469202,12534.284615629607
168,RIC,10727.42840342883,12399.942936685924
169,RIC,10671.461848705187,12365.476130470423
170,RIC,10565.752600612272,12304.222517651962
171,RIC,10433.658114477312,12235.958029224123
172,RIC,10266.0,12152.0
173,RIC,10182.0,12110.0
174,RIC,10078.952794524708,12057.293413302172
175,RIC,9985.12602474993,12007.676132081571
176,RIC,9851.404121652558,11935.324505120952
177,RIC,9677.862077193586,11841.864043557054
178,RIC,9635.550945361836,11819.402608067589
179,RIC,9484.128738772468,11737.919494411864
180,RIC,9293.0,11635.0
181,RIC,9152.092239697293,11555.672540435553
182,RIC,9067.780791870104,11506.81076493558
183,RIC,8866.0,11390.0
184,RIC,8732.377725920664,11314.669740703697
185,RIC,8600.541195092283,11240.701744828799
186,RIC,8494.813747805538,11181.792403911668
187,RIC,8267.0,11054.0
188,RIC,8029.256968839329,10917.360777923896
189,RIC,7893.929629054123,10836.908287752229
190,RIC,7719.0,10729.0
191,RIC,7651.0,10684.0
192,RIC,7503.0,10582.0
193,RIC,7349.947943548801,10467.254756893952
194,RIC,7158.0,10310.0
195,RIC,6908.096065501627,10108.005713617533
196,RIC,6781.243063428949,9996.423813754845
197,RIC,6596.779849115015,9835.323815803915
198,RIC,6471.0,9726.0
199,RIC,6209.0,9498.0
200,RIC,6024.0,9338.0
201,RIC,5918.0,9246.0
202,RIC,5745.0,9095.0
203,RIC,5528.122364931784,8907.104716307738
204,RIC,5387.659256288929,8784.54447460466
205,RIC,5273.155552926992,8684.561321696587
206,RIC,5063.340378144142,8502.630569045488
207,RIC,4789.0,8264.0
208,RIC,4606.117560076561,8104.964522371162
209,RIC,4506.0,8018.0
210,RIC,4246.0,7792.0
211,RIC,3952.0,7536.0
212,RIC,3792.0,7397.0
213,RIC,3686.0,7305.0
214,RIC,3461.0,7110.0
215,RIC,3343.0,7007.0
216,RIC,3162.266148322701,6851.709513330122
217,RIC,3064.0,6764.0
218,RIC,2941.0,6655.0
219,RIC,2850.0,6572.0
220,RIC,2701.0,6421.0
221,RIC,2633.0,6330.0
222,RIC,2565.0,6164.0
223,RIC,2549.0,6062.0
224,RIC,2544.670270450915,5961.393803084342
225,RIC,2545.0,5836.0
226,RIC,2541.7752394513773,5580.49281478553
227,RIC,2528.0,5473.0
228,RIC,2511.394250622692,5392.2258117572055
229,RIC,2461.0,5229.0
230,RIC,2403.362045525908,5096.906559198967
231,RIC,2312.64713025558,4955.00214811642
232,RIC,2270.0,4901.0
233,RIC,2168.3096094327507,4788.072194154551
234,RIC,2059.9748185036506,4679.538463232327
235,RIC,1977.0686863457513,4583.836531532906
236,RIC,1894.1460879767267,4455.053586198385
237,RIC,1867.0,4397.0
238,RIC,1817.2704100485107,4262.888670030173
239,RIC,1770.0841359358772,4057.8759542292464
240,RIC,1737.390632491025,3848.7173132135486
241,RIC,1721.6189478546758,3662.6616537516043
242,RIC,1706.0,3490.0
243,RIC,1688.6819201593978,3309.8480109580373
244,RIC,1669.2017180391617,3118.9828770160334
245,RIC,1652.0,2939.0
246,RIC,1643.0,2831.0
247,RIC,1614.0,2517.0
248,RIC,1592.0,2278.0
249,RIC,1563.128235871395,1961.0819253756858
250,RIC,1545.2574770657316,1762.7155986173593
251,RIC,1531.793301019106,1619.7093803085845
252,RIC,1514.0,1428.0
253,RIC,1504.9652964372053,1322.2696266440016
254,RIC,1480.956524321574,1064.1161860443424
255,RIC,1449.8555639019698,727.0494248014753
256,RIC,1434.8084808162398,565.0146276241876
257,RIC,1424.5687637588524,447.42995405094274
258,RIC,1400.0,187.0
259,RIC,1380.6087708258979,-24.32441317984658
260,RIC,1356.8209329245296,-287.4622524643685
261,RIC,1331.0,-561.0
262,RIC,1315.0,-737.0
263,RIC,1274.0,-1189.0
264,RIC,1262.0,-1313.0
265,RIC,1237.2245455169113,-1584.5184659423496
266,RIC,1214.322825936928,-1833.2072412050989
267,RIC,1188.7972022438084,-2117.8756774284534
268,RIC,1169.0,-2327.0
269,RIC,1154.0,-2487.0
270,RIC,1140.0,-2647.0
271,RIC,1125.0,-2807.0
272,RIC,1109.0,-2984.0
273,RIC,1083.0,-3268.0
274,RIC,1061.0,-3498.0
275,RIC,1043.0,-3692.0
276,RIC,1025.0,-3885.0
277,RIC,987.0,-4252.0
278,RIC,968.0,-4425.0
279,RIC,923.8946076330731,-4740.192678942288
280,RIC,905.3859663839667,-4857.992927779671
281,RIC,881.0,-4962.0
282,RIC,837.0,-5126.0
283,RIC,790.0,-5262.0
284,RIC,729.0,-5392.0
285,RIC,678.0,-5473.0
286,RIC,603.0,-5562.0
287,RIC,526.0,-5632.0
288,RIC,422.0917793636337,-5702.525160785965
289,RIC,310.55893806797485,-5753.1900758868
290,RIC,232.68956180503042,-5777.1819786618
291,RIC,111.39899469586805,-5797.234703633339
292,RIC,-67.31688318019212,-5797.571252489388
293,RIC,-174.98575490847128,-5776.829566283919
294,RIC,-361.1796432642999,-5721.920378300564
295,RIC,-504.0,-5652.0
296,RIC,-605.6474321304394,-5590.388583455314
297,RIC,-704.6612948858788,-5517.899374071317
298,RIC,-802.0,-5432.0
299,RIC,-985.0,-5227.0
300,RIC,-1032.9326830422092,-5166.796137144152
301,RIC,-1082.0,-5087.0
302,RIC,-1193.0,-4888.0
303,RIC,-1269.3014773168925,-4711.399189461703
304,RIC,-1359.0,-4458.0
305,RIC,-1396.0,-4318.0
306,RIC,-1428.0308774814246,-4168.856368243455
307,RIC,-1465.2851256531978,-3933.0930483870097
308,RIC,-1489.0,-3647.0
309,RIC,-1496.3252152809887,-3412.609567487139
310,RIC,-1498.7401693517527,-3263.666250993597
311,RIC,-1499.0,-3068.0
312,RIC,-1495.0,-2763.0
313,RIC,-1490.0,-2551.0
314,RIC,-1485.0,-2403.0
315,RIC,-1472.793808054127,-2117.773466069812
316,RIC,-1465.916454282619,-1984.0719852170992
317,RIC,-1451.0,-1719.0
318,RIC,-1441.0,-1566.0
319,RIC,-1428.1331794391347,-1373.32963186938
320,RIC,-1411.3349373484498,-1156.9789656473852
321,RIC,-1393.4429965372083,-918.383654702534
322,RIC,-1380.0,-756.0
0,RUS,-1373.0,-674.0
1,RUS,-1347.0,-372.0
2,RUS,-1310.0339591566694,45.55818558951067
3,RUS,-1296.0,201.0
4,RUS,-1275.9353447369226,438.10617726762615
5,RUS,-1262.9025753108447,585.6143974449177
6,RUS,-1238.0,872.0
7,RUS,-1225.2026835110446,1021.6740366481797
8,RUS,-1212.0,1182.0
9,RUS,-1182.0,1530.0
10,RUS,-1167.0300992872108,1701.4633344918645
11,RUS,-1140.0,2009.0
12,RUS,-1126.6449049311232,2166.0008126521525
13,RUS,-1107.339460899192,2392.949011050122
14,RUS,-1081.0,2698.0
15,RUS,-1063.0,2903.0
16,RUS,-1051.0,3052.0
17,RUS,-1015.0,3463.0
18,RUS,-1000.5650199181205,3633.1379977131883
19,RUS,-973.0,3950.0
20,RUS,-959.0,4118.0
21,RUS,-944.0,4287.0
22,RUS,-919.3402258191161,4571.671241805561
23,RUS,-903.7914615570091,4758.171624555153
24,RUS,-878.0,5049.0
25,RUS,-862.0,5234.0
26,RUS,-836.4819341598234,5534.46933394286
27,RUS,-814.3201330769554,5790.3246580497025
28,RUS,-796.0143555181008,6007.2633538870405
29,RUS,-772.1144968783327,6290.697082269216
30,RUS,-740.8287233278169,6660.891317926414
31,RUS,-728.7625288085297,6804.629069844083
32,RUS,-705.6213817302548,7087.511960778731
33,RUS,-693.2690067245322,7231.789309534441
34,RUS,-677.137113171083,7419.095769517718
35,RUS,-667.1718515258698,7546.49066960543
36,RUS,-652.0,7719.0
37,RUS,-641.0,7838.0
38,RUS,-625.4295703012266,7959.7856429279655
39,RUS,-616.0,8009.0
40,RUS,-578.0,8132.0
41,RUS,-530.9961611187912,8212.038444219515
42,RUS,-465.0467070972419,8274.171160920128
43,RUS,-407.0,8299.0
44,RUS,-362.45024811838675,8309.56048592562
45,RUS,-316.0,8318.0
46,RUS,-268.744449289522,8330.483621244199
47,RUS,-212.0,8361.0
48,RUS,-190.0,8383.0
49,RUS,-168.86346616660444,8418.671428611255
50,RUS,-156.41958866998235,8455.123348259085
51,RUS,-142.23318782179095,8537.916347466993
52,RUS,-140.8063402332999,8576.830896746615
53,RUS,-143.0,8629.0
54,RUS,-149.0899183218069,8676.905752021545
55,RUS,-162.18265384490766,8743.709818291467
56,RUS,-182.0,8826.0
57,RUS,-204.0,8908.0
58,RUS,-217.82059021609876,8958.835427983691
59,RUS,-254.14454551621427,9098.067907328543
60,RUS,-281.255307814514,9204.865933047908
61,RUS,-310.0,9321.0
62,RUS,-327.0,9395.0
63,RUS,-357.62925071505987,9535.72843216917
64,RUS,-391.0207345394887,9727.754337730934
65,RUS,-401.9374091922897,9817.19874762079
66,RUS,-421.0,10074.0
67,RUS,-426.0,10250.0
68,RUS,-427.0,10353.0
69,RUS,-420.0182741545001,10689.15833514045
70,RUS,-405.0,10934.0
71,RUS,-383.54692153356945,11164.441664644852
72,RUS,-359.0,11364.0
73,RUS,-299.0,11687.0
74,RUS,-245.0,11893.0
75,RUS,-183.0,12085.0
76,RUS,-52.20955820153638,12398.296687685399
77,RUS,0.0,12504.0
78,RUS,138.0,12741.0
79,RUS,249.0,12903.0
80,RUS,359.0,13045.0
81,RUS,492.0,13192.0
82,RUS,751.0,13429.0
83,RUS,882.173056336528,13531.854895024757
84,RUS,1050.0,13650.0
85,RUS,1234.0,13763.0
86,RUS,1471.399548738525,13885.943610827426
87,RUS,1661.4814005377177,13974.07612707709
88,RUS,1810.6273026116837,14031.788859878063
89,RUS,1980.4246572697243,14089.584615190743
90,RUS,2152.6850219102585,14136.681072709485
91,RUS,2438.117735243657,14201.27783811482
92,RUS,2626.0,14235.0
93,RUS,2840.977951592078,14268.36525382802
94,RUS,3009.800984798686,14291.61090971675
95,RUS,3159.8881556154975,14308.70474373444
96,RUS,3565.6101361500173,14345.382325576355
97,RUS,3668.0,14353.0
98,RUS,3864.0,14370.0
99,RUS,4095.0,14390.0
100,RUS,4344.0,14409.0
101,RUS,4622.0,14428.0
102,RUS,4908.785758026665,14444.895650985825
103,RUS,5210.68263791222,14460.105486585462
104,RUS,5400.0,14468.0
105,RUS,5593.0,14475.0
106,RUS,5924.0,14488.0
107,RUS,6011.0,14491.0
108,RUS,6217.090909883291,14498.632852490915
109,RUS,6324.0,14503.0
110,RUS,6391.0,14508.0
111,RUS,6545.0,14530.0
112,RUS,6636.0,14554.0
113,RUS,6712.0,14581.0
114,RUS,6789.268248675971,14619.97803066905
115,RUS,6857.716120984007,14674.468585861989
116,RUS,6902.3823945225795,14745.600916088926
117,RUS,6934.16610821576,14813.691188395684
118,RUS,6951.0,14847.0
119,RUS,6991.0463176475005,14904.400101816442
120,RUS,7026.4190140434275,14941.331383216153
121,RUS,7114.0,15008.0
122,RUS,7174.0,15042.0
123,RUS,7270.983063350392,15082.068253220708
124,RUS,7357.473444325992,15106.813185679464
125,RUS,7439.74803525083,15128.415396774593
126,RUS,7577.129970169002,15153.186296377624
127,RUS,7686.389002336825,15171.949428826525
128,RUS,7797.0,15194.0
129,RUS,8023.0,15253.0
130,RUS,8209.0,15310.0
131,RUS,8294.801227410839,15336.486403265391
132,RUS,8402.548046764092,15370.72569751835
133,RUS,8566.12534448873,15426.141299452898
134,RUS,8854.352698843546,15537.99036247821
135,RUS,8960.221146620495,15579.928079555537
136,RUS,9110.480381835387,15632.929454804365
137,RUS,9340.087972139558,15712.497563123976
138,RUS,9518.159275586071,15771.516721251506
139,RUS,9660.0,15817.0
140,RUS,9760.0,15845.0
141,RUS,9905.0,15875.0
142,RUS,10126.0,15878.0
143,RUS,10270.121345761321,15854.678227936236
144,RUS,10404.049561959562,15802.317742644958
145,RUS,10495.0,15752.0
146,RUS,10590.602779213219,15677.86868777655
147,RUS,10720.0,15536.0
148,RUS,10812.0,15367.0
149,RUS,10856.0,15245.0
150,RUS,10879.979577052609,15155.934860437263
151,RUS,10921.0323125173,14910.020193239854
152,RUS,10940.0,14732.0
153,RUS,10954.0,14577.0
154,RUS,10965.32270421917,14411.323305668522
155,RUS,10975.597481313154,14252.840789883545
156,RUS,10983.071758535276,14141.229763659354
157,RUS,10997.191018159225,13942.704829810653
158,RUS,11023.727225454373,13652.092806866709
159,RUS,11035.415847345084,13538.120695504229
160,RUS,11044.053613952156,13452.179586388054
161,RUS,11057.227123148032,13300.850242502922
162,RUS,11066.125961160727,13026.492509675463
163,RUS,11052.772267699835,12877.41632483486
164,RUS,11031.0,12788.0
165,RUS,10964.025840478364,12638.051129286101
166,RUS,10873.0,12521.0
167,RUS,10738.0,12408.0
168,RUS,10640.0,12346.0
169,RUS,10555.0,12298.0
170,RUS,10456.0,12247.0
171,RUS,10279.0,12158.0
172,RUS,10194.0,12116.0
173,RUS,9996.6049672948,12013.572772708188
174,RUS,9736.634411492114,11873.212037510248
175,RUS,9561.0,11779.0
176,RUS,9376.0,11680.0
177,RUS,9240.0,11605.0
178,RUS,9050.0,11496.0
179,RUS,8934.0,11429.0
180,RUS,8800.511059462313,11352.022008764972
181,RUS,8510.0,11190.0
182,RUS,8415.0,11137.0
183,RUS,8209.0,11020.0
184,RUS,8057.0,10933.0
185,RUS,7918.0,10852.0
186,RUS,7779.0,10767.0
187,RUS,7479.0,10564.0
188,RUS,7260.0,10394.0
189,RUS,7151.274250218025,10307.327905652603
190,RUS,6816.033537340282,10026.00461844729
191,RUS,6741.907939400004,9962.379519290313
192,RUS,6616.1970341978495,9853.086603488744
193,RUS,6516.560293064371,9766.395894313519
194,RUS,6158.0,9454.0
195,RUS,6011.0,9327.0
196,RUS,5904.0,9234.0
197,RUS,5729.0,9082.0
198,RUS,5500.0,8882.0
199,RUS,5365.4913963390945,8764.94032942805
200,RUS,5172.925501453433,8597.504605437172
201,RUS,4975.564376994294,8426.098812918597
202,RUS,4846.0,8314.0
203,RUS,4333.101098778888,7868.114084029944
204,RUS,4111.845793284433,7675.637635509332
205,RUS,3900.7140756254466,7491.718459848469
206,RUS,3706.4917489220634,7322.484296012234
207,RUS,3578.605285480632,7211.656843727323
208,RUS,3282.0,6954.0
209,RUS,3027.0,6732.0
210,RUS,2916.3112511315417,6634.90365076393
211,RUS,2726.0,6449.0
212,RUS,2661.691380041283,6379.97408744099
213,RUS,2612.7957379207746,6293.52891409376
214,RUS,2569.0,6185.0
215,RUS,2546.0,6022.0
216,RUS,2544.0,5894.0
217,RUS,2544.793409533451,5684.8526086877955
218,RUS,2530.7555611455846,5500.527575086036
219,RUS,2482.0,5287.0
220,RUS,2412.0,5119.0
221,RUS,2358.0,5021.0
222,RUS,2300.0,4938.0
223,RUS,2162.0,4781.0
224,RUS,2024.110801477913,4641.115933147332
225,RUS,1940.0,4531.0
226,RUS,1824.9098454305006,4290.448407640387
227,RUS,1773.0,4083.0
228,RUS,1732.985202570127,3797.1727298596697
229,RUS,1719.3532445746182,3645.5759262128076
230,RUS,1709.0,3523.0
231,RUS,1695.0,3373.0
232,RUS,1682.4579267021147,3241.4464493311257
233,RUS,1655.9010775305846,2983.3390328912515
234,RUS,1626.7786619438912,2653.3309587568688
235,RUS,1611.6242618991132,2488.940394885178
236,RUS,1599.7655396853377,2353.207036691787
237,RUS,1575.0324754328747,2085.1700564801004
238,RUS,1559.8221245037873,1922.3169299228864
239,RUS,1541.537319594405,1722.4251874017434
240,RUS,1527.0,1561.0
241,RUS,1511.091368843384,1387.8408058281086
242,RUS,1495.4316503947061,1218.0138802847264
243,RUS,1472.9652668960048,977.7057776837661
244,RUS,1442.3230433841907,643.1907785354992
245,RUS,1417.4567634250463,367.38118014178394
246,RUS,1397.0,151.0
247,RUS,1374.0,-94.0
248,RUS,1363.0,-218.0
249,RUS,1324.0277536820397,-635.8748401379098
250,RUS,1299.0,-912.0
251,RUS,1295.695062327723,-949.4487980914289
252,RUS,1270.1900647219688,-1233.121662638775
253,RUS,1179.621483845073,-2212.143934920114
254,RUS,1149.9665486625593,-2537.5669955991134
255,RUS,1133.0374381274014,-2718.3676715668753
256,RUS,1119.7947538363878,-2863.472998682166
257,RUS,1097.0,-3113.0
258,RUS,1076.3904539092891,-3330.7585644808905
259,RUS,1051.0,-3615.0
260,RUS,1025.4115175326535,-3876.9976018261395
261,RUS,1005.0,-4079.0
262,RUS,969.0,-4415.0
263,RUS,951.6791338649583,-4553.625765004528
264,RUS,930.0,-4704.0
265,RUS,888.0471866703814,-4922.855766594028
266,RUS,850.4011561919385,-5089.937757126347
267,RUS,811.7488715268041,-5201.740798683913
268,RUS,732.0,-5387.0
269,RUS,652.0,-5507.0
270,RUS,533.8607692855804,-5627.025931647568
271,RUS,473.29288400602684,-5672.011260112355
272,RUS,356.4610616831912,-5735.821508726234
273,RUS,210.85357068876797,-5782.459451509743
274,RUS,77.73612378027343,-5800.122420895121
275,RUS,-79.44011121151489,-5795.622338320544
276,RUS,-270.14084575053243,-5749.499770830041
277,RUS,-400.4651695890414,-5707.38117862493
278,RUS,-471.0,-5671.0
279,RUS,-670.0,-5545.0
280,RUS,-732.0,-5496.0
281,RUS,-857.0,-5378.0
282,RUS,-955.0,-5266.0
283,RUS,-1038.8039009220668,-5153.536087725521
284,RUS,-1119.0,-5027.0
285,RUS,-1199.0,-4877.0
286,RUS,-1263.0,-4732.0
287,RUS,-1335.2116693370729,-4533.878619553627
288,RUS,-1391.0,-4339.0
289,RUS,-1446.4857745385098,-4067.098490079539
290,RUS,-1466.3382251080263,-3926.0064277766014
291,RUS,-1488.0,-3655.0
292,RUS,-1498.0,-3370.0
293,RUS,-1498.772088666743,-3253.454822509372
294,RUS,-1499.0,-3031.0
295,RUS,-1497.1836808094226,-2863.325057930211
296,RUS,-1495.0,-2736.0
297,RUS,-1487.0,-2475.0
298,RUS,-1480.0103057627407,-2281.928391276937
299,RUS,-1463.338378351409,-1918.6808376727106
300,RUS,-1452.622468663294,-1745.0463361964862
301,RUS,-1443.5509641332922,-1605.380056013657
302,RUS,-1429.3337031338317,-1395.8503276926594
303,RUS,-1402.360069493238,-1040.9017363763967
304,RUS,-1383.2529874628942,-799.1101893741964
0,SAI,-1370.0,-639.0
1,SAI,-1354.0,-444.0
2,SAI,-1332.0,-195.0
3,SAI,-1313.6033592114973,4.383368107857919
4,SAI,-1295.0,216.0
5,SAI,-1273.0,469.0
6,SAI,-1245.6473252415747,793.0398866031444
7,SAI,-1172.3899122885405,1642.4732419320403
8,SAI,-1156.1942635176583,1825.4992361812915
9,SAI,-1130.7473733277486,2125.090581411255
10,SAI,-1101.5664888618142,2450.6325644060444
11,SAI,-1078.572822195058,2731.158090429551
12,SAI,-1063.0,2910.0
13,SAI,-1048.0,3076.0
14,SAI,-1027.3764028675278,3323.209151802415
15,SAI,-1007.7935575149966,3545.565413246684
16,SAI,-983.0,3835.0
17,SAI,-958.0,4130.0
18,SAI,-940.0,4332.0
19,SAI,-928.0,4479.0
20,SAI,-921.0,4552.0
21,SAI,-883.4298242697213,4991.573789616181
22,SAI,-874.0,5101.0
23,SAI,-851.0,5372.0
24,SAI,-829.8981638270288,5607.918985883329
25,SAI,-804.0,5911.0
26,SAI,-779.0,6214.0
27,SAI,-762.0,6410.0
28,SAI,-741.0,6659.0
29,SAI,-726.0,6835.0
30,SAI,-699.0,7163.0
31,SAI,-686.8965320912586,7312.185194164125
32,SAI,-667.0,7552.0
33,SAI,-654.0,7697.0
34,SAI,-646.6598560910787,7779.307878265939
35,SAI,-637.145823911188,7870.0856009953595
36,SAI,-622.0,7981.0
37,SAI,-592.0,8097.0
38,SAI,-561.0904838503006,8162.420667032218
39,SAI,-547.0,8187.0
40,SAI,-496.2621105199885,8248.438208582062
41,SAI,-457.10500724748476,8279.096211258062
42,SAI,-421.0,8294.0
43,SAI,-378.0,8306.0
44,SAI,-349.7289449449996,8310.96153963778
45,SAI,-280.29166049984553,8328.427408104682
46,SAI,-234.2211829935419,8345.371382421386
47,SAI,-191.0,8382.0
48,SAI,-154.0,8463.0
49,SAI,-144.68721268699665,8509.626876005315
50,SAI,-142.6256928523353,8542.759391636073
51,SAI,-142.663172731128,8611.895403735225
52,SAI,-146.4964376513853,8668.990103805492
53,SAI,-161.0,8741.0
54,SAI,-175.0,8798.0
55,SAI,-190.0,8854.0
56,SAI,-263.9576353908368,9134.71947647244
57,SAI,-303.9729665284463,9295.233564914663
58,SAI,-334.78833719834665,9426.370079598371
59,SAI,-361.5913781660779,9554.343098109013
60,SAI,-401.07397161716216,9804.016063448404
61,SAI,-414.73857109224116,9939.875859792079
62,SAI,-422.0,10080.0
63,SAI,-426.0,10244.0
64,SAI,-427.0,10347.0
65,SAI,-425.2081555603343,10522.948332397005
66,SAI,-418.1917092059119,10728.946405497376
67,SAI,-406.0,10920.0
68,SAI,-393.0,11077.0
69,SAI,-355.5057998343358,11386.598303973538
70,SAI,-331.0,11530.0
71,SAI,-276.0,11783.0
72,SAI,-206.0,12020.0
73,SAI,-152.0,12168.0
74,SAI,-44.0,12415.0
75,SAI,80.50518254282116,12648.785250615707
76,SAI,228.0,12874.0
77,SAI,347.0,13031.0
78,SAI,453.3689624108081,13151.792526508505
79,SAI,603.4970775367846,13299.132068525501
80,SAI,879.1202326241205,13531.815691484677
81,SAI,970.1461684324552,13595.817748440008
82,SAI,1142.2056043072255,13708.21620798729
83,SAI,1350.6839355324164,13826.537563071111
84,SAI,1610.0,13951.0
85,SAI,1738.0,14004.0
86,SAI,1893.8141134144162,14060.963623086343
87,SAI,2037.4275211398146,14107.678005035496
88,SAI,2239.9720348456244,14157.744705566713
89,SAI,2501.066073215371,14215.201238515938
90,SAI,2561.9773137624084,14224.397456863342
91,SAI,2778.539952043833,14258.814180286548
92,SAI,3052.0,14296.0
93,SAI,3251.074328035167,14318.83158220734
94,SAI,3368.4494694223035,14329.031582983398
95,SAI,3647.0,14351.0
96,SAI,3817.740613212025,14366.467333866438
97,SAI,4038.4048547252437,14385.123056302458
98,SAI,4208.984265255867,14398.716188664424
99,SAI,4523.0,14422.0
100,SAI,4824.676739571882,14440.520375541499
101,SAI,4995.019859148634,14449.611729346172
102,SAI,5216.0,14460.0
103,SAI,5302.0,14464.0
104,SAI,5493.0,14471.0
105,SAI,5684.291647051356,14478.801780784372
106,SAI,5920.0,14488.0
107,SAI,6176.457954007981,14496.698703250036
108,SAI,6284.547561332671,14501.65959310772
109,SAI,6427.70279258683,14511.186533519085
110,SAI,6488.0,14519.0
111,SAI,6636.0,14554.0
112,SAI,6724.0,14586.0
113,SAI,6769.0,14608.0
114,SAI,6830.0,14650.0
115,SAI,6887.282760285162,14718.461202413444
116,SAI,6915.584228503217,14773.112719229595
117,SAI,6937.622831415234,14821.172185698397
118,SAI,6988.244651108532,14902.988850254496
119,SAI,7087.0,14990.0
120,SAI,7163.387249087922,15037.589877946484
121,SAI,7210.0,15058.0
122,SAI,7339.0,15103.0
123,SAI,7509.0,15141.0
124,SAI,7614.0,15160.0
125,SAI,7688.0,15173.0
126,SAI,7856.0,15207.0
127,SAI,7962.0,15235.0
128,SAI,8113.722802289853,15281.35701485879
129,SAI,8210.0,15310.0
130,SAI,8347.0,15352.0
131,SAI,8463.0,15390.0
132,SAI,8702.0,15478.0
133,SAI,8849.0,15536.0
134,SAI,9099.0,15630.0
135,SAI,9240.0,15678.0
136,SAI,9372.877254401821,15723.815298824386
137,SAI,9540.0,15779.0
138,SAI,9854.00906544595,15871.652421812285
139,SAI,9963.0,15881.0
140,SAI,10049.530615429952,15880.427176976524
141,SAI,10218.0,15864.0
142,SAI,10350.793560873457,15829.334596527222
143,SAI,10481.64779385896,15760.635397554212
144,SAI,10530.0,15728.0
145,SAI,10624.572715184693,15648.650270571923
146,SAI,10703.68996980905,15557.864530416939
147,SAI,10760.138533137997,15470.709522278
148,SAI,10816.578712380671,15354.39014168156
149,SAI,10836.0,15305.0
150,SAI,10871.622621710769,15192.822579697735
151,SAI,10904.507633254045,15019.248966584195
152,SAI,10929.551287297303,14840.316913500068
153,SAI,10944.897430706495,14680.274668790973
154,SAI,10957.0,14528.0
155,SAI,10968.468304934107,14366.511543642131
156,SAI,10978.576588346074,14202.574832948872
157,SAI,10990.0,14042.0
158,SAI,10997.0,13944.0
159,SAI,11022.0,13667.0
160,SAI,11044.0,13452.0
161,SAI,11064.6303607614,13192.62658710403
162,SAI,11066.511041480357,13057.922894621392
163,SAI,11063.016718654086,12964.171438793597
164,SAI,11047.0,12849.0
165,SAI,11031.244509041539,12789.423746901954
166,SAI,10975.51616448818,12656.01461460176
167,SAI,10858.74308652373,12513.573312846744
168,SAI,10795.988316146007,12449.388097525212
169,SAI,10739.299863791994,12410.087028363274
170,SAI,10610.0,12329.0
171,SAI,10495.612220283709,12267.764379565047
172,SAI,10346.287577077997,12192.09951160992
173,SAI,10183.0,12110.0
174,SAI,10075.0,12055.0
175,SAI,9807.0,11911.0
176,SAI,9726.0,11867.0
177,SAI,9539.561430337424,11767.71168138989
178,SAI,9368.537839473302,11675.25410163192
179,SAI,9169.84971483646,11564.616232674513
180,SAI,9022.0,11479.0
181,SAI,8906.0,11413.0
182,SAI,8789.0,11346.0
183,SAI,8670.0,11280.0
184,SAI,8536.0,11205.0
185,SAI,8319.0,11083.0
186,SAI,8141.0,10981.0
187,SAI,7989.0,10894.0
188,SAI,7837.0,10803.0
189,SAI,7551.0,10616.0
190,SAI,7399.0,10505.0
191,SAI,7147.4472848344785,10301.447513334862
192,SAI,7047.512930586286,10220.952235067143
193,SAI,6940.0,10133.0
194,SAI,6772.0,9989.0
195,SAI,6617.0,9853.0
196,SAI,6447.0,9706.0
197,SAI,6329.0,9603.0
198,SAI,6183.0,9476.0
199,SAI,6050.0,9360.0
200,SAI,5886.7883508623245,9217.809635564052
201,SAI,5724.699205138204,9077.749984116603
202,SAI,5617.18158958532,8984.396202107711
203,SAI,5454.568816817289,8843.004921358728
204,SAI,5220.646688930171,8638.59452902263
205,SAI,5079.51959999026,8516.368843627657
206,SAI,4832.011033492247,8302.454469957955
207,SAI,4651.0,8144.0
208,SAI,4522.490086388441,8032.408574947492
209,SAI,4386.288637321772,7914.772223769269
210,SAI,4241.0,7787.0
211,SAI,3935.0,7522.0
212,SAI,3851.4366314606714,7449.8098777126015
213,SAI,3754.0,7365.0
214,SAI,3518.0,7159.0
215,SAI,3326.9749228805927,6993.643571272904
216,SAI,3076.0,6775.0
217,SAI,2962.0,6675.0
218,SAI,2859.946380879346,6581.849691480715
219,SAI,2729.1247721076415,6452.086107427522
220,SAI,2617.0,6304.0
221,SAI,2566.0558096438263,6166.915308335575
222,SAI,2548.7157590855527,6072.761517328196
223,SAI,2544.0,5945.0
224,SAI,2546.0,5748.0
225,SAI,2542.0,5613.0
226,SAI,2534.0,5516.0
227,SAI,2494.7855201788443,5330.222461491136
228,SAI,2466.150635374772,5244.800849233492
229,SAI,2393.0,5082.0
230,SAI,2339.0,4993.0
231,SAI,2257.4969725879264,4884.8177834800545
232,SAI,2156.000849155573,4775.93814432857
233,SAI,2026.1107230632692,4641.231384994388
234,SAI,1938.0,4529.0
235,SAI,1858.0,4377.0
236,SAI,1792.0,4164.0
237,SAI,1773.0,4081.0
238,SAI,1747.0,3927.0
239,SAI,1724.0,3695.0
240,SAI,1707.0,3504.0
241,SAI,1698.0,3400.0
242,SAI,1671.0,3133.0
243,SAI,1642.3262740490864,2826.042401671117
244,SAI,1624.0,2622.0
245,SAI,1615.0,2527.0
246,SAI,1595.0121237735061,2299.2458459348527
247,SAI,1579.0,2126.0
248,SAI,1567.0,1996.0
249,SAI,1545.0,1766.0
250,SAI,1536.0,1667.0
251,SAI,1516.0646517561127,1445.6617405710995
252,SAI,1498.0,1249.0
253,SAI,1475.6114526322365,1007.8392312522351
254,SAI,1462.0,859.0
255,SAI,1445.0,671.0
256,SAI,1422.2937337596657,425.7180788406212
257,SAI,1400.2012867344038,183.0493629840186
258,SAI,1375.0,-91.0
259,SAI,1362.0,-232.0
260,SAI,1344.0,-426.0
261,SAI,1321.0,-674.0
262,SAI,1297.0,-941.0
263,SAI,1279.8446293137072,-1128.166808368568
264,SAI,1255.0,-1388.0
265,SAI,1242.0,-1532.0
266,SAI,1209.0,-1891.0
267,SAI,1196.0,-2036.0
268,SAI,1157.0,-2456.0
269,SAI,1133.9032746322493,-2709.053406455951
270,SAI,1100.6756506240527,-3072.2322649945195
271,SAI,1073.0,-3372.0
272,SAI,1042.0,-3704.0
273,SAI,998.0980201646323,-4144.214529468882
274,SAI,970.0,-4403.0
275,SAI,939.0,-4643.0
276,SAI,909.0,-4825.0
277,SAI,850.4867113901328,-5071.783782363671
278,SAI,812.8925148936843,-5202.1076751458
279,SAI,776.6945995256247,-5288.714021889931
280,SAI,689.0,-5457.0
281,SAI,563.1329861163919,-5598.236260075806
282,SAI,517.9695874305843,-5645.269750693921
283,SAI,435.7781682656726,-5692.946424419316
284,SAI,282.2430976744233,-5764.036668416367
285,SAI,162.0,-5791.0
286,SAI,48.969631292674514,-5797.576120663654
287,SAI,-47.24814320437726,-5800.405808154068
288,SAI,-192.0,-5774.0
289,SAI,-330.0,-5732.0
290,SAI,-786.0,-5447.0
291,SAI,-879.7756570581851,-5353.3679671313475
292,SAI,-978.0,-5237.0
293,SAI,-1109.0336039800382,-5043.2139451878875
294,SAI,-1206.0,-4863.0
295,SAI,-1285.4118053814846,-4675.449278929744
296,SAI,-1323.0,-4571.0
297,SAI,-1358.0,-4460.0
298,SAI,-1403.0,-4288.0
299,SAI,-1442.0,-4097.0
300,SAI,-1468.5735474211233,-3900.1640246729585
301,SAI,-1493.598187714822,-3575.254821602398
302,SAI,-1495.0,-3502.0
303,SAI,-1498.6453526199775,-3220.6748216421847
304,SAI,-1498.2216345513327,-2902.3007952429048
305,SAI,-1491.411123387584,-2627.15686240856
306,SAI,-1484.9274612178228,-2393.7595946132096
307,SAI,-1478.0,-2232.0
308,SAI,-1470.5573141043044,-2069.472388346447
309,SAI,-1455.0,-1792.0
310,SAI,-1439.0,-1534.0
311,SAI,-1434.2411095312245,-1457.0033181216318
312,SAI,-1416.0,-1215.0
313,SAI,-1395.0,-940.0
0,STR,-1378.0,-727.0
1,STR,-1349.516343890792,-399.0777546766527
2,STR,-1333.4384617705648,-213.35999792130627
3,STR,-1310.4745652074255,37.77096451228806
4,STR,-1295.0,211.0
5,STR,-1264.0,569.0
6,STR,-1243.0,821.0
7,STR,-1230.0,966.0
8,STR,-1210.0,1202.0
9,STR,-1184.4453687903267,1495.3629132818057
10,STR,-1168.3955723635006,1686.2702005800415
11,STR,-1154.9955323464546,1841.5988987667452
12,STR,-1130.4102120955176,2127.5008356940766
13,STR,-1100.0,2482.0
14,STR,-1078.147445650117,2731.868766957902
15,STR,-1066.0,2872.0
16,STR,-1037.0,3213.0
17,STR,-1002.0,3619.0
18,STR,-983.0,3841.0
19,STR,-970.0,3989.0
20,STR,-943.0,4304.0
21,STR,-928.0,4472.0
22,STR,-905.6856239027547,4736.7974919471535
23,STR,-891.0,4899.0
24,STR,-872.0,5123.0
25,STR,-856.0,5309.0
26,STR,-824.0,5681.0
27,STR,-805.0,5904.0
28,STR,-768.0,6338.0
29,STR,-753.0,6524.0
30,STR,-735.9128782483394,6715.366218467596
31,STR,-717.0,6950.0
32,STR,-681.6948205849064,7369.337383690358
33,STR,-672.0,7491.0
34,STR,-662.5693666460811,7592.729551049633
35,STR,-650.0,7744.0
36,STR,-638.5796645272967,7865.413245798723
37,STR,-622.1457707079198,7977.300175602948
38,STR,-615.0,8017.0
39,STR,-593.6972014106007,8092.85885203293
40,STR,-566.9217626854479,8153.357261317766
41,STR,-540.205384589853,8198.434212095253
42,STR,-502.4367867671259,8244.202781854197
43,STR,-486.0,8259.0
44,STR,-445.9585442773831,8285.788735968972
45,STR,-379.6310409519533,8306.170400757408
46,STR,-312.5263265155043,8318.403218829017
47,STR,-258.2841028705728,8334.099592170487
48,STR,-215.0,8359.0
49,STR,-180.81880781232746,8395.978165170063
50,STR,-160.1625181502783,8440.528814510833
51,STR,-149.0,8487.0
52,STR,-145.0,8515.0
53,STR,-141.0,8598.0
54,STR,-148.0,8666.0
55,STR,-166.67666607613057,8765.650545194236
56,STR,-185.21874889011826,8836.367182090693
57,STR,-199.35148479206418,8889.969767294046
58,STR,-220.0,8968.0
59,STR,-232.72199279539768,9013.994062790855
60,STR,-264.43355926836404,9137.282799054392
61,STR,-307.7098852306851,9313.059380470191
62,STR,-328.54001681341146,9398.900165545352
63,STR,-343.9568741938309,9469.400886212314
64,STR,-375.0,9628.0
65,STR,-396.3922122061414,9767.84816400756
66,STR,-414.06133172756773,9939.888189892055
67,STR,-423.0,10134.0
68,STR,-426.0,10272.0
69,STR,-424.0,10583.0
70,STR,-420.0,10679.0
71,STR,-407.78537103010547,10891.667247879914
72,STR,-391.23405107048444,11089.45233225198
73,STR,-364.56021152797297,11320.340643910495
74,STR,-338.0,11494.0
75,STR,-312.0,11627.0
76,STR,-282.0,11760.0
77,STR,-245.0,11893.0
78,STR,-199.0,12041.0
79,STR,-108.0,12275.0
80,STR,-20.0,12462.0
81,STR,63.0,12618.0
82,STR,156.0,12769.0
83,STR,359.0,13045.0
84,STR,469.0,13168.0
85,STR,700.9665270694057,13386.877048329621
86,STR,800.4334321842123,13473.533094477938
87,STR,917.0,13557.0
88,STR,1091.0,13677.0
89,STR,1294.0,13796.0
90,STR,1493.0,13898.0
91,STR,1634.0,13962.0
92,STR,1818.0,14035.0
93,STR,1973.0,14087.0
94,STR,2178.9499184997203,14143.640530629942
95,STR,2385.4308643791082,14190.580181915167
96,STR,2529.69221533311,14219.035241606503
97,STR,2728.275847731179,14251.643371929422
98,STR,3028.1044063691647,14293.81701030315
99,STR,3208.8812476523603,14313.677787917684
100,STR,3527.017952186123,14342.711079537756
101,STR,3761.0,14361.0
102,STR,3926.953189951243,14375.780885098846
103,STR,4100.130747231583,14390.404671273334
104,STR,4281.0,14405.0
105,STR,4713.0,14434.0
106,STR,4825.36223140306,14440.827342401826
107,STR,4948.0,14447.0
108,STR,5255.0,14462.0
109,STR,5505.777189152786,14472.384498649102
110,STR,5835.0,14485.0
111,STR,5983.0,14490.0
112,STR,6120.784567669546,14494.62273301563
113,STR,6303.040158032496,14502.225350257908
114,STR,6475.0,14517.0
115,STR,6591.90994310432,14541.54411194346
116,STR,6658.71345867772,14560.643036062424
117,STR,6730.0,14589.0
118,STR,6826.0,14646.0
119,STR,6872.0,14694.0
120,STR,6897.0,14735.0
121,STR,6940.978464732052,14828.240398641276
122,STR,6965.035762881287,14870.235785881316
123,STR,7029.0,14944.0
124,STR,7074.0,14981.0
125,STR,7139.725833920051,15023.020636905647
126,STR,7216.118545600106,15061.597798461786
127,STR,7320.114453723423,15097.629352863503
128,STR,7409.0,15120.0
129,STR,7522.0,15144.0
130,STR,7673.0,15170.0
131,STR,7732.0,15181.0
132,STR,7843.0,15204.0
133,STR,8029.0,15255.0
134,STR,8173.0,15299.0
135,STR,8253.0,15324.0
136,STR,8428.0,15378.0
137,STR,8673.407225908544,15466.163415136112
138,STR,8824.0,15526.0
139,STR,8898.0,15555.0
140,STR,9077.235603874315,15622.02452065399
141,STR,9214.0,15670.0
142,STR,9318.0,15705.0
143,STR,9501.0,15766.0
144,STR,9580.0,15792.0
145,STR,9755.076331729999,15844.26512546031
146,STR,9901.0,15874.0
147,STR,10066.807944168984,15881.816875657098
148,STR,10164.0,15874.0
149,STR,10280.0,15849.0
150,STR,10420.326406932603,15795.267922137187
151,STR,10541.94679530794,15718.661765489294
152,STR,10662.0,15609.0
153,STR,10714.0,15544.0
154,STR,10776.0,15442.0
155,STR,10839.0,15297.0
156,STR,10886.0,15127.0
157,STR,10908.221681829227,15002.041934507284
158,STR,10931.0,14824.0
159,STR,10941.0,14723.0
160,STR,10962.0,14466.0
161,STR,10969.0,14361.0
162,STR,10989.0,14053.0
163,STR,11004.592772520271,13860.778110885622
164,STR,11028.776138190693,13599.987155189683
165,STR,11051.0,13376.0
166,STR,11066.0,13134.0
167,STR,11050.79821891186,12876.825403204937
168,STR,11016.0,12745.0
169,STR,10955.0,12624.0
170,STR,10883.0,12532.0
171,STR,10736.806678869669,12411.242067945004
172,STR,10641.739980464747,12345.919956314185
173,STR,10558.907133577886,12301.211174036289
174,STR,10391.0,12214.0
175,STR,10196.812770590295,12116.855728752671
176,STR,10129.274468935102,12083.449862745118
177,STR,10023.565893824556,12028.046847099205
178,STR,9831.376734602984,11924.402843450465
179,STR,9686.0,11846.0
180,STR,9548.734642052179,11772.44862976181
181,STR,9432.758475873376,11710.442044046908
182,STR,9264.0,11618.0
183,STR,9101.0,11525.0
184,STR,8503.0,11186.0
185,STR,8369.345304647724,11111.467443040941
186,STR,8203.0,11017.0
187,STR,7962.661480288748,10878.693660257137
188,STR,7760.0,10755.0
189,STR,7571.613213691828,10629.694243748429
190,STR,7464.0,10553.0
191,STR,7352.0,10468.0
192,STR,7195.0,10340.0
193,STR,7017.0,10196.0
194,STR,6869.314089740941,10072.965835910367
195,STR,6598.601991695461,9837.133739226532
196,STR,6543.0,9789.0
197,STR,6310.550524842079,9586.457442164148
198,STR,6051.240371765095,9361.31681987881
199,STR,5814.473510734426,9155.798393914452
200,STR,5616.306763438289,8983.710230505438
201,STR,5492.0,8875.0
202,STR,5361.154737367505,8761.14978224523
203,STR,5141.0,8570.0
204,STR,4938.0,8394.0
205,STR,4879.564844369371,8343.936691224832
206,STR,4723.0,8206.0
207,STR,4493.0,8007.0
208,STR,4254.0,7799.0
209,STR,4200.0,7752.0
210,STR,3993.0,7572.0
211,STR,3833.0,7433.0
212,STR,3638.452284444332,7264.660064405467
213,STR,3496.447898825598,7141.170358965492
214,STR,3296.770950046612,6966.851543584301
215,STR,3098.06384926618,6794.84126810984
216,STR,2957.0,6670.0
217,STR,2907.0,6625.0
218,STR,2755.9445527634944,6480.144070085848
219,STR,2629.8560251684316,6330.500762465463
220,STR,2595.0,6258.0
221,STR,2567.3821038043593,6175.628861138815
222,STR,2545.8434258972334,6026.560575430804
223,STR,2543.968049933284,5936.399558664016
224,STR,2545.7230851892177,5704.263983614771
225,STR,2541.387749289919,5610.821055990749
226,STR,2520.826295496661,5430.138221023194
227,STR,2479.0,5279.0
228,STR,2445.0,5190.0
229,STR,2415.0,5124.0
230,STR,2304.481223458741,4947.4102187315175
231,STR,2168.46257878483,4784.647298461401
232,STR,1996.9418418703194,4609.938965919624
233,STR,1923.0,4506.0
234,STR,1857.0,4374.0
235,STR,1799.0,4192.0
236,STR,1743.0,3893.0
237,STR,1735.0,3820.0
238,STR,1721.0,3657.0
239,STR,1709.0,3525.0
240,STR,1677.5725397247393,3195.3851854372524
241,STR,1654.9897962541756,2974.2511937399668
242,STR,1644.0,2840.0
243,STR,1618.0,2558.0
244,STR,1610.0,2471.0
245,STR,1590.0118764916747,2253.3578422834207
246,STR,1573.0,2061.0
247,STR,1546.0877042192596,1778.8113465755914
248,STR,1523.9561541719904,1531.0276598079322
249,STR,1508.8443911311313,1364.4500233643053
250,STR,1483.6050378707753,1088.9201573638902
251,STR,1464.2057904570497,882.5238624023779
252,STR,1446.882387215961,693.909448561609
253,STR,1431.741227533121,528.1555865886487
254,STR,1399.44148962316,182.42600131178156
255,STR,1379.614544168036,-36.31560056771424
256,STR,1349.0,-373.0
257,STR,1290.0,-1010.0
258,STR,1280.5273545008845,-1116.2907229843943
259,STR,1263.0,-1300.0
260,STR,1240.2056737062999,-1556.565995932117
261,STR,1225.0,-1723.0
262,STR,1208.6672577431061,-1893.1762632197288
263,STR,1194.0904170925292,-2058.3815119108563
264,STR,1166.0,-2363.0
265,STR,1150.2682920985067,-2536.0423346140624
266,STR,1129.0,-2768.0
267,STR,1100.0,-3081.0
268,STR,1084.0,-3259.0
269,STR,1067.0,-3437.0
270,STR,1052.0,-3596.0
271,STR,1037.0,-3756.0
272,STR,1009.0,-4037.0
273,STR,953.0801899335479,-4543.778770271751
274,STR,917.4307506492733,-4786.09076055444
275,STR,879.0,-4968.0
276,STR,842.0,-5108.0
277,STR,782.0,-5281.0
278,STR,739.0,-5373.0
279,STR,688.0,-5458.0
280,STR,629.0,-5534.0
281,STR,527.160703701621,-5632.27441441196
282,STR,391.0,-5719.0
283,STR,316.0,-5751.0
284,STR,98.0,-5799.0
285,STR,-122.19610586058795,-5789.064562852054
286,STR,-207.0742669657776,-5771.50370165342
287,STR,-307.98807356306213,-5740.57304927021
288,STR,-448.57943269871873,-5681.427559287058
289,STR,-586.0,-5604.0
290,STR,-759.0,-5472.0
291,STR,-845.0,-5390.0
292,STR,-1008.3740580131457,-5199.929706904681
293,STR,-1115.8390378872084,-5030.841589948021
294,STR,-1173.5562824567419,-4927.498253381059
295,STR,-1234.2722759704488,-4799.797009369598
296,STR,-1279.3427494956602,-4693.60623638837
297,STR,-1346.6241254911947,-4500.4588314818375
298,STR,-1387.3713371831238,-4350.869870415934
299,STR,-1437.80406486552,-4118.00925409008
300,STR,-1471.3979421552624,-3874.3522781133274
301,STR,-1489.0,-3645.0
302,STR,-1495.0,-3487.0
303,STR,-1499.0,-3295.0
304,STR,-1499.0,-3069.0
305,STR,-1498.6706862188164,-2948.621593488241
306,STR,-1492.0,-2626.0
307,STR,-1485.0,-2400.0
308,STR,-1478.7648236539333,-2243.1526167056168
309,STR,-1468.4327142687616,-2022.1379650042973
310,STR,-1447.906136725695,-1671.8442352778488
311,STR,-1436.4194752326648,-1494.0470804028816
312,STR,-1425.4246698418253,-1336.715592345736
313,STR,-1390.483524202631,-884.3688304592907
0,TSU,-1359.0,-497.0
1,TSU,-1326.0,-126.0
2,TSU,-1312.0,33.0
3,TSU,-1297.0,194.0
4,TSU,-1276.0013569461223,440.8099981999243
5,TSU,-1252.0,720.0
6,TSU,-1222.0459374534134,1062.430088761413
7,TSU,-1201.0,1311.0
8,TSU,-1185.0,1497.0
9,TSU,-1168.4935676094822,1691.787668310797
10,TSU,-1150.6209775691705,1900.2069232030296
11,TSU,-1124.339437977688,2201.10339761528
12,TSU,-1107.215092141115,2393.962290843366
13,TSU,-1094.756293210854,2539.739973426158
14,TSU,-1078.5781767517115,2727.845679076892
15,TSU,-1059.3428239922166,2950.1794460837614
16,TSU,-1044.3278830097051,3126.3283234190867
17,TSU,-1012.0,3502.0
18,TSU,-987.0,3792.0
19,TSU,-971.0,3985.0
20,TSU,-952.6786960989881,4189.18683396333
21,TSU,-931.0,4449.0
22,TSU,-901.0,4798.0
23,TSU,-881.522911887345,5013.595697789096
24,TSU,-845.0048917993089,5445.764432381606
25,TSU,-830.0,5615.0
26,TSU,-807.0,5888.0
27,TSU,-765.0,6379.0
28,TSU,-740.7043115845064,6666.460798556957
29,TSU,-732.0397507284088,6771.967096162647
30,TSU,-712.5761056983895,7006.093648556463
31,TSU,-701.492168902845,7134.566273138143
32,TSU,-689.0,7282.0
33,TSU,-664.0,7588.0
34,TSU,-651.3120364231257,7735.966978355905
35,TSU,-637.0,7880.0
36,TSU,-621.0,7987.0
37,TSU,-609.0,8042.0
38,TSU,-584.1181633461017,8116.3087842725445
39,TSU,-547.0,8190.0
40,TSU,-495.0623498604625,8251.60899857701
41,TSU,-435.0,8289.0
42,TSU,-373.0,8307.0
43,TSU,-338.0,8314.0
44,TSU,-299.0,8321.0
45,TSU,-259.0,8334.0
46,TSU,-202.81405935528755,8372.903961935914
47,TSU,-182.74145465757223,8391.107892884027
48,TSU,-174.0,8409.0
49,TSU,-154.57774525994378,8462.316179358586
50,TSU,-148.8453408390963,8495.111990275345
51,TSU,-141.29830118712314,8561.714206853532
52,TSU,-143.0,8615.0
53,TSU,-151.0,8687.0
54,TSU,-164.36625720586144,8750.461215894957
55,TSU,-180.18078114977115,8814.698317169865
56,TSU,-201.22850146615897,8895.741641073346
57,TSU,-211.76894465632546,8934.885021192911
58,TSU,-240.3221556076528,9043.853410615315
59,TSU,-273.4039387695899,9172.579023192722
60,TSU,-306.0,9303.0
61,TSU,-340.0,9448.0
62,TSU,-356.0,9525.0
63,TSU,-375.0,9626.0
64,TSU,-393.1742830113909,9738.534837213929
65,TSU,-406.2168238502514,9848.282002219923
66,TSU,-416.8497349078277,9985.233975945006
67,TSU,-423.815406148858,10141.1844222177
68,TSU,-425.46262419016085,10222.067298005775
69,TSU,-424.08522258083644,10569.377742890212
70,TSU,-420.25198675202955,10703.575388169851
71,TSU,-410.29582053439486,10863.524043149717
72,TSU,-404.0,10954.0
73,TSU,-389.0,11122.0
74,TSU,-374.0,11249.0
75,TSU,-338.9930639651919,11487.96308363103
76,TSU,-304.34445412514924,11664.257287792138
77,TSU,-260.9443923910798,11846.516351456363
78,TSU,-194.2086914588845,12050.105839650543
79,TSU,-123.29821170324101,12243.68000662144
80,TSU,-44.868204720019804,12412.245862099538
81,TSU,55.0,12606.0
82,TSU,147.0,12756.0
83,TSU,238.0,12890.0
84,TSU,357.0,13044.0
85,TSU,481.46140415457137,13183.196212763942
86,TSU,644.5010441565389,13337.0424374098
87,TSU,914.4787718377748,13558.164412153537
88,TSU,995.8623773599819,13612.961977235605
89,TSU,1143.0,13709.0
90,TSU,1443.0,13874.0
91,TSU,1688.2511892057216,13985.117229890204
92,TSU,2132.247404223194,14132.831115450908
93,TSU,2371.7916067784563,14187.810577452736
94,TSU,2558.5961620894327,14223.936507827868
95,TSU,2801.918301067849,14262.897473003799
96,TSU,2943.612289401983,14282.413934336528
97,TSU,3190.4440586691303,14311.864685238656
98,TSU,3368.2707860222163,14329.159892837333
99,TSU,3511.0876174337095,14341.543012717842
100,TSU,3788.0,14364.0
101,TSU,4076.0,14389.0
102,TSU,4221.0,14400.0
103,TSU,4544.0,14424.0
104,TSU,4716.293511153473,14434.647259398189
105,TSU,4992.842653163168,14450.650620784536
106,TSU,5325.723659779285,14464.927972725514
107,TSU,5598.184547918386,14475.687920293136
108,TSU,5768.121815120541,14483.123848430294
109,TSU,6004.410449743942,14491.62202387177
110,TSU,6067.0,14493.0
111,TSU,6215.0,14499.0
112,TSU,6322.0,14503.0
113,TSU,6419.551424484889,14510.458813511434
114,TSU,6477.0,14518.0
115,TSU,6581.750522828446,14538.968144403127
116,TSU,6657.663730225364,14560.995578764414
117,TSU,6715.6509205619,14582.962853106164
118,TSU,6776.365657357782,14612.7913609918
119,TSU,6822.0,14644.0
120,TSU,6875.0,14699.0
121,TSU,6910.0,14763.0
122,TSU,6948.0,14844.0
123,TSU,6966.0,14872.0
124,TSU,7027.022797641093,14942.52854819329
125,TSU,7083.572333446706,14987.722826076173
126,TSU,7179.095472303469,15045.145788994374
127,TSU,7217.0,15061.0
128,TSU,7300.76996256838,15091.474873332245
129,TSU,7450.917088123418,15128.784040847284
130,TSU,7497.225497511924,15139.576502464144
131,TSU,7528.759565592628,15145.485885001744
132,TSU,7719.5903375405605,15179.624519235234
133,TSU,7809.738090033661,15196.288635118099
134,TSU,7942.452278259407,15229.741842422321
135,TSU,8116.738968040903,15281.956750567926
136,TSU,8225.0,15316.0
137,TSU,8309.0,15341.0
138,TSU,8482.0,15397.0
139,TSU,8682.0,15471.0
140,TSU,8750.0,15498.0
141,TSU,8923.0,15565.0
142,TSU,9026.820256975392,15603.35075079396
143,TSU,9101.0,15631.0
144,TSU,9270.915534212398,15688.669211344475
145,TSU,9502.0,15767.0
146,TSU,9647.0,15813.0
147,TSU,9840.367988169346,15863.119826304386
148,TSU,9888.389892416237,15874.207854345666
149,TSU,10050.321813844661,15882.188624180733
150,TSU,10152.0,15875.0
151,TSU,10237.0,15860.0
152,TSU,10309.0,15840.0
153,TSU,10438.0,15785.0
154,TSU,10540.0,15720.0
155,TSU,10562.0,15703.0
156,TSU,10669.574609226294,15598.851623914388
157,TSU,10748.0,15491.0
158,TSU,10816.0,15357.0
159,TSU,10858.693357273565,15235.941906322747
160,TSU,10899.610000063256,15042.690184806102
161,TSU,10924.468439419934,14891.36195029501
162,TSU,10931.76039936542,14818.35972420248
163,TSU,10953.0,14589.0
164,TSU,10960.0,14504.0
165,TSU,10976.0,14254.0
166,TSU,10989.0,14062.0
167,TSU,11002.0,13891.0
168,TSU,11014.91888713281,13746.217068066802
169,TSU,11027.86115029974,13614.424211558999
170,TSU,11052.496150798363,13357.414819167694
171,TSU,11065.754250811457,13132.77064697973
172,TSU,11068.25047472632,13069.518093780269
173,TSU,11066.794398704438,13032.653469008328
174,TSU,11060.554728171845,12937.815780184392
175,TSU,11034.280243742387,12799.247530088085
176,TSU,10986.0,12677.0
177,TSU,10920.0,12577.0
178,TSU,10832.0,12482.0
179,TSU,10783.09757723079,12441.294638042158
180,TSU,10565.0,12304.0
181,TSU,10499.033358476028,12268.37053783051
182,TSU,10408.384239991221,12223.036916454184
183,TSU,10249.638427035015,12143.408072884105
184,TSU,10120.06312226552,12077.985731654779
185,TSU,9999.95630603428,12015.810860086141
186,TSU,9911.778729841479,11967.650792037131
187,TSU,9778.80633657291,11896.06959729296
188,TSU,9572.020108577555,11784.208808985939
189,TSU,9371.535433318346,11677.176507859176
190,TSU,9177.660748261098,11569.083869363434
191,TSU,9001.455710167307,11467.71001555711
192,TSU,8799.0,11351.0
193,TSU,8708.0,11301.0
194,TSU,8399.049062535421,11127.559499688366
195,TSU,8145.0,10983.0
196,TSU,8024.927721850227,10915.05768375705
197,TSU,7750.6456742383925,10748.584537234012
198,TSU,7554.0,10617.0
199,TSU,7433.0,10530.0
200,TSU,7287.0,10416.0
201,TSU,7052.359637406676,10224.892439871519
202,TSU,6916.2135023057035,10111.332343493012
203,TSU,6758.0,9976.0
204,TSU,6626.0,9861.0
205,TSU,6465.0,9721.0
206,TSU,6290.0,9569.0
207,TSU,6181.0,9474.0
208,TSU,6023.140546800445,9335.983772717036
209,TSU,5857.130930179502,9192.101071924271
210,TSU,5690.599531293341,9046.993071639028
211,TSU,5492.269052392466,8874.26573586814
212,TSU,5363.0,8762.0
213,TSU,5229.68886908908,8647.275766136818
214,TSU,4928.171673235682,8384.951603338963
215,TSU,4790.549840696698,8264.985623791148
216,TSU,4642.478627070956,8136.61502874067
217,TSU,4530.18548437711,8039.265721795158
218,TSU,4329.409638162887,7863.701444980907
219,TSU,4142.872296947323,7701.428050313581
220,TSU,3940.6212465352996,7525.8481116788735
221,TSU,3699.9011113710985,7316.99845650906
222,TSU,3446.424011769046,7096.168614154256
223,TSU,3313.669415506955,6980.581128946889
224,TSU,3063.9461685042147,6764.319594720656
225,TSU,2962.436312329347,6674.7178969074375
226,TSU,2840.823396871243,6562.9821816547465
227,TSU,2744.9106584802416,6468.628684276342
228,TSU,2648.0,6354.0
229,TSU,2612.0,6292.0
230,TSU,2568.0,6171.0
231,TSU,2551.4458279591895,6075.716898855303
232,TSU,2546.8102867852676,6008.978492470489
233,TSU,2545.9795093633393,5941.996465918595
234,TSU,2545.9920021574553,5735.667537133233
235,TSU,2544.470938117052,5655.794048453453
236,TSU,2533.0,5509.0
237,TSU,2523.9992213651685,5434.6543277969
238,TSU,2505.6409554068878,5365.198003836374
239,TSU,2473.198200432016,5265.686345135021
240,TSU,2380.4384055550518,5055.274519116411
241,TSU,2333.1858331130284,4987.198579428395
242,TSU,2166.0,4786.0
243,TSU,2081.685247090254,4701.1527405806455
244,TSU,1920.6011127039542,4498.4604088373235
245,TSU,1882.0,4429.0
246,TSU,1829.0,4296.0
247,TSU,1782.6810275928306,4124.6970148237615
248,TSU,1741.0,3871.0
249,TSU,1728.2196173973102,3755.635096708046
250,TSU,1714.2247524061768,3570.1058958084495
251,TSU,1704.0,3464.0
252,TSU,1693.0,3350.0
253,TSU,1675.583665293059,3171.7340478084616
254,TSU,1655.061358587861,2965.7004181807843
255,TSU,1641.2379832961533,2812.975628539991
256,TSU,1625.2278956010816,2629.2938258370095
257,TSU,1610.0257939980663,2465.1742022227127
258,TSU,1590.716260524784,2255.704301932578
259,TSU,1562.1756007404865,1944.214875371812
260,TSU,1554.0,1854.0
261,TSU,1541.0,1709.0
262,TSU,1515.0,1431.0
263,TSU,1490.0269307771564,1160.06247879544
264,TSU,1469.0,935.0
265,TSU,1455.0,783.0
266,TSU,1438.0,597.0
267,TSU,1403.9170541217045,226.24799370072145
268,TSU,1380.6228808451542,-28.476199472236594
269,TSU,1358.0,-279.0
270,TSU,1343.0,-436.0
271,TSU,1329.0,-593.0
272,TSU,1313.0,-769.0
273,TSU,1292.0,-991.0
274,TSU,1273.0,-1202.0
275,TSU,1250.4759144423435,-1447.2036700889498
276,TSU,1227.801835448836,-1687.8610147174031
277,TSU,1195.0,-2049.0
278,TSU,1180.0,-2209.0
279,TSU,1166.0,-2368.0
280,TSU,1128.0,-2776.0
281,TSU,1110.0,-2972.0
282,TSU,1095.0106457547427,-3135.1160637014937
283,TSU,1078.1820322925023,-3320.672200044512
284,TSU,1065.7433024784523,-3458.6042071468537
285,TSU,1029.831755757184,-3830.779812921034
286,TSU,1018.4178087504945,-3949.735907117113
287,TSU,1010.0,-4036.0
288,TSU,992.0,-4210.0
289,TSU,974.0,-4379.0
290,TSU,950.3891687616693,-4560.726415079973
291,TSU,910.4949989350474,-4820.225828691688
292,TSU,885.1301871017099,-4943.1605083998065
293,TSU,857.4239442648117,-5056.1215708550535
294,TSU,822.4214152691678,-5170.077792499122
295,TSU,749.4009774225557,-5353.651653431583
296,TSU,687.0,-5460.0
297,TSU,609.0,-5556.0
298,TSU,486.75787042223305,-5660.642516113271
299,TSU,362.14197380175773,-5734.074696208418
300,TSU,272.0,-5766.0
301,TSU,177.0,-5789.0
302,TSU,-36.0,-5799.0
303,TSU,-142.0,-5785.0
304,TSU,-314.0,-5739.0
305,TSU,-538.7752542115476,-5632.446538250035
306,TSU,-614.9477404044507,-5585.987941687348
307,TSU,-713.9995645219335,-5510.038274330862
308,TSU,-838.0,-5397.0
309,TSU,-932.0,-5294.0
310,TSU,-1034.0,-5161.0
311,TSU,-1161.5772792247626,-4949.58958689037
312,TSU,-1201.0,-4873.0
313,TSU,-1273.0,-4709.0
314,TSU,-1351.0,-4485.0
315,TSU,-1402.0,-4293.0
316,TSU,-1436.881494972822,-4126.506437542216
317,TSU,-1463.3855227479314,-3948.138395628525
318,TSU,-1478.9724486237578,-3797.4826160559624
319,TSU,-1490.090309813944,-3616.872410191313
320,TSU,-1495.4834410518781,-3463.151813041998
321,TSU,-1498.7138656859838,-3307.8283211822973
322,TSU,-1500.0,-3131.0
323,TSU,-1497.0912009914086,-2834.5769139438494
324,TSU,-1494.9681107880158,-2737.0106967090815
325,TSU,-1492.4181723803629,-2648.114882445787
326,TSU,-1485.0914425838391,-2401.9474417681427
327,TSU,-1476.4892189231532,-2171.14454664043
328,TSU,-1467.0,-1999.0
329,TSU,-1458.0,-1832.0
330,TSU,-1446.0,-1630.0
331,TSU,-1423.0,-1307.0
332,TSU,-1404.5561178622415,-1057.026624180209
333,TSU,-1391.0,-891.0
0,VER,-1363.0,-553.0
1,VER,-1345.6574436091296,-354.75535249362775
2,VER,-1333.6933861865339,-213.4654454157889
3,VER,-1314.6783098904943,-1.4787622928767732
4,VER,-1298.5171296930237,175.55236997527882
5,VER,-1274.3704442304938,454.93785211317413
6,VER,-1238.0,873.0
7,VER,-1225.0652701264391,1020.7343068959019
8,VER,-1205.3710104319473,1250.9598398605751
9,VER,-1177.9125970837556,1569.3549362397969
10,VER,-1165.380388298341,1720.8893264424298
11,VER,-1146.3555530120184,1947.489341466254
12,VER,-1130.1711898145315,2126.8396825247614
13,VER,-1107.0,2400.0
14,VER,-1095.0,2532.0
15,VER,-1074.8734845128017,2775.4950602542403
16,VER,-1056.0,2992.0
17,VER,-1040.401392280576,3173.2072905823
18,VER,-1019.0898611162122,3412.8094056722866
19,VER,-996.6491036712152,3677.141163704067
20,VER,-975.7094985628506,3921.0605402126807
21,VER,-961.5227483064,4082.4408172881103
22,VER,-939.438086423994,4334.11717157818
23,VER,-927.0,4481.0
24,VER,-899.0,4811.0
25,VER,-886.0,4958.0
26,VER,-871.0,5141.0
27,VER,-843.494028879182,5457.903965963673
28,VER,-830.0,5616.0
29,VER,-811.54091705507,5822.347132660757
30,VER,-776.8931970187928,6234.169447727771
31,VER,-769.0465315677391,6327.3645383884905
32,VER,-744.0,6628.0
33,VER,-714.3909876550132,6973.331108318032
34,VER,-694.0187283279688,7225.054538731266
35,VER,-677.0,7423.0
36,VER,-665.0,7568.0
37,VER,-649.8428142007904,7742.777694863804
38,VER,-642.0987282910224,7823.063181640831
39,VER,-629.8055999339846,7923.170395440901
40,VER,-600.7782247847857,8070.691537940525
41,VER,-576.5616240069044,8143.131759265705
42,VER,-540.0,8200.0
43,VER,-482.83398524487535,8263.425688005016
44,VER,-425.0,8294.0
45,VER,-376.0,8307.0
46,VER,-302.0,8321.0
47,VER,-254.0,8336.0
48,VER,-235.0,8345.0
49,VER,-194.0,8378.0
50,VER,-174.0,8407.0
51,VER,-156.0,8453.0
52,VER,-144.0,8517.0
53,VER,-141.0474635757273,8564.193078484153
54,VER,-141.81390579756828,8607.496217419392
55,VER,-145.60677554301802,8652.106618676951
56,VER,-163.0,8747.0
57,VER,-165.0,8758.0
58,VER,-191.74918093653687,8863.039706637552
59,VER,-231.6901506448941,9009.541982464061
60,VER,-242.0,9050.0
61,VER,-264.0077419512505,9137.774670719744
62,VER,-309.3270037647586,9316.31208261437
63,VER,-327.0,9392.0
64,VER,-352.2210894109186,9508.236173358486
65,VER,-384.2714252435336,9685.668778522007
66,VER,-414.0,9947.0
67,VER,-418.4328348180188,9996.585051324724
68,VER,-422.13386101588634,10097.027004927199
69,VER,-426.2297464318848,10341.579781729622
70,VER,-426.0,10413.0
71,VER,-424.0,10588.0
72,VER,-415.0,10781.0
73,VER,-412.0,10837.0
74,VER,-383.67311078644667,11171.979071202359
75,VER,-357.6519218565875,11373.612716589156
76,VER,-339.0,11487.0
77,VER,-301.0,11679.0
78,VER,-268.0,11813.0
79,VER,-220.0,11976.0
80,VER,-169.0,12124.0
81,VER,-128.59153025434568,12228.152090074052
82,VER,-44.0,12415.0
83,VER,148.6487810930617,12767.432135439052
84,VER,227.09896088871056,12872.923794533655
85,VER,324.4626144264138,13004.001709707161
86,VER,501.1732849060722,13199.117633357728
87,VER,652.4002793461755,13346.75341736732
88,VER,798.0457315623364,13467.122980269976
89,VER,949.0,13580.0
90,VER,1075.0,13666.0
91,VER,1313.3145914204888,13807.56061468233
92,VER,1453.9390729485717,13878.450037355007
93,VER,1767.6014781973097,14015.588379500923
94,VER,1931.8854482377174,14074.81992835419
95,VER,2278.6750577600437,14167.628391277995
96,VER,2476.4190629362433,14208.693921810538
97,VER,2755.4650666067296,14255.237356629814
98,VER,3005.1206805305314,14291.146872220614
99,VER,3204.834595649062,14313.642052327798
100,VER,3368.7357761024136,14328.41343364916
101,VER,3569.0,14345.0
102,VER,3866.0,14370.0
103,VER,4008.047636114529,14382.20216843134
104,VER,4233.0,14401.0
105,VER,4374.0,14412.0
106,VER,4860.0,14443.0
107,VER,4939.002212236628,14447.357581964523
108,VER,5296.202708186183,14463.879512570518
109,VER,5431.261282518137,14469.571293056999
110,VER,5541.774769176474,14473.274808581273
111,VER,5814.261725800289,14483.87087115685
112,VER,6139.081451198181,14495.380546406192
113,VER,6247.819236397573,14499.204870502806
114,VER,6323.130302996587,14503.809064481484
115,VER,6435.501359737684,14512.143889341332
116,VER,6549.0,14530.0
117,VER,6581.665153370224,14538.376846262265
118,VER,6698.800835267367,14574.330693866861
119,VER,6772.055129214863,14611.918281495353
120,VER,6837.0,14655.0
121,VER,6886.0,14713.0
122,VER,6944.0,14834.0
123,VER,6963.0,14867.0
124,VER,7026.725809651413,14942.359357196934
125,VER,7092.08655277804,14995.150283909503
126,VER,7233.0,15068.0
127,VER,7353.666109790262,15106.737162466767
128,VER,7405.0,15119.0
129,VER,7478.642062086074,15135.34004105684
130,VER,7672.0,15170.0
131,VER,7796.0,15194.0
132,VER,7887.0,15215.0
133,VER,8068.0,15267.0
134,VER,8210.587333011408,15310.678379397767
135,VER,8318.041062830138,15344.135972649163
136,VER,8385.0,15364.0
137,VER,8569.856033586924,15427.681181747865
138,VER,8720.0,15485.0
139,VER,8830.143522391741,15528.836004130957
140,VER,9025.108559218867,15602.783335542686
141,VER,9248.94691590926,15681.130365471887
142,VER,9394.0,15730.0
143,VER,9541.650448384724,15779.797756549808
144,VER,9687.0,15825.0
145,VER,9826.0,15861.0
146,VER,10024.0,15883.0
147,VER,10128.0,15878.0
148,VER,10312.0,15840.0
149,VER,10422.0,15794.0
150,VER,10540.0,15721.0
151,VER,10621.0,15652.0
152,VER,10720.0,15536.0
153,VER,10788.0,15420.0
154,VER,10877.0,15165.0
155,VER,10905.0,15020.0
156,VER,10927.71751561517,14846.637118832577
157,VER,10939.619735924201,14742.439511993656
158,VER,10954.925384709788,14564.479863647277
159,VER,10967.649690332544,14385.552990464119
160,VER,10980.0,14195.0
161,VER,11002.430044579844,13878.085859208546
162,VER,11009.136815240323,13807.773154896635
163,VER,11036.160808073317,13524.545062871744
164,VER,11048.214239366485,13401.225851361634
165,VER,11060.81754692907,13238.377821435937
166,VER,11067.0,13043.0
167,VER,11043.0,12833.0
168,VER,10997.020336747684,12697.345999672441
169,VER,10957.888556724267,12630.566361470866
170,VER,10888.78768321384,12537.599388985547
171,VER,10757.0,12422.0
172,VER,10690.443791277112,12376.481274733313
173,VER,10632.868453560466,12342.913031902637
174,VER,10368.224515043978,12203.060763477357
175,VER,10201.439239076835,12119.74015597541
176,VER,10084.0,12060.0
177,VER,9961.0,11994.0
178,VER,9865.893012905826,11943.908186940213
179,VER,9681.0,11843.0
180,VER,9439.338950032963,11713.809113774196
181,VER,9262.02293489418,11616.455509172789
182,VER,9120.18664076481,11536.39432624465
183,VER,8905.0,11412.0
184,VER,8760.0,11330.0
185,VER,8489.412693864073,11179.387326215257
186,VER,8343.0,11096.0
187,VER,8188.018184827728,11007.219897147677
188,VER,7975.521365800403,10887.049051554332
189,VER,7826.706176766677,10794.917540631357
190,VER,7583.937937060766,10639.468118238916
191,VER,7479.0,10564.0
192,VER,7300.0,10426.0
193,VER,7141.374683617798,10297.124933578389
194,VER,6920.0,10117.0
195,VER,6791.0,10005.0
196,VER,6648.0,9881.0
197,VER,6464.000048738919,9720.56134978831
198,VER,6226.315301976476,9513.251831567937
199,VER,6095.954163252057,9400.36278954039
200,VER,5895.24419791375,9225.802907042702
201,VER,5751.0,9100.0
202,VER,5561.152011523421,8935.729948915638
203,VER,5403.0,8797.0
204,VER,5255.0,8669.0
205,VER,5053.0,8494.0
206,VER,4919.0,8377.0
207,VER,4770.0,8248.0
208,VER,4570.562406567347,8074.083207720997
209,VER,4388.0,7915.0
210,VER,4168.0,7724.0
211,VER,4019.150799073481,7595.221562624656
212,VER,3748.0,7359.0
213,VER,3545.0,7183.0
214,VER,3424.0,7077.0
215,VER,3302.0,6971.0
216,VER,3079.0,6778.0
217,VER,2986.0,6696.0
218,VER,2891.0,6610.0
219,VER,2717.0,6440.0
220,VER,2657.0,6367.0
221,VER,2626.4106557304785,6316.798572433052
222,VER,2563.5034339365693,6162.564164926601
223,VER,2544.0,5977.0
224,VER,2545.1085412510897,5794.312587172041
225,VER,2543.0,5628.0
226,VER,2528.0,5470.0
227,VER,2509.0,5379.0
228,VER,2465.0,5241.0
229,VER,2398.685845149718,5092.270922814766
230,VER,2299.0,4937.0
231,VER,2215.0,4837.0
232,VER,2074.436598733842,4695.174865181777
233,VER,1941.8963348128657,4523.509148006772
234,VER,1882.9100571702859,4439.978459534465
235,VER,1856.5743493244079,4369.761612782728
236,VER,1794.3265681361647,4176.221821337785
237,VER,1742.0835649219316,3893.2930827001805
238,VER,1732.8518264392646,3792.337156922861
239,VER,1683.0,3251.0
240,VER,1664.4677711823574,3063.6628926520216
241,VER,1641.9825302195334,2817.536249269543
242,VER,1628.0500360483416,2663.3310991227004
243,VER,1585.0,2198.0
244,VER,1571.4418550046785,2051.7721404591393
245,VER,1543.0,1740.0
246,VER,1511.5921344517333,1403.3922000916582
247,VER,1499.4943359000463,1269.3204859989155
248,VER,1476.5980479577147,1011.2440200210978
249,VER,1452.0,749.0
250,VER,1431.0,526.0
251,VER,1409.0,284.0
252,VER,1384.0454434204682,6.181906274679648
253,VER,1367.868707376595,-165.52526156319144
254,VER,1347.315172313268,-393.77277783929594
255,VER,1331.0,-566.0
256,VER,1315.0,-741.0
257,VER,1283.2847174926872,-1083.4448629538663
258,VER,1269.8492254705443,-1232.8944659018687
259,VER,1256.3944825081471,-1376.1155096716075
260,VER,1232.0,-1645.0
261,VER,1211.0,-1875.0
262,VER,1186.0,-2140.0
263,VER,1167.0,-2353.0
264,VER,1154.0,-2494.0
265,VER,1123.0,-2832.0
266,VER,1095.0,-3134.0
267,VER,1073.4973717581254,-3367.842604291649
268,VER,1047.0,-3652.0
269,VER,1028.0,-3848.0
270,VER,1004.3275637827112,-4085.0872588247025
271,VER,989.9352425869672,-4226.149512103024
272,VER,964.0,-4455.0
273,VER,901.7277908960937,-4872.427106028217
274,VER,868.0,-5014.0
275,VER,817.1042408993787,-5183.960558304482
276,VER,755.0426072181392,-5345.118837514554
277,VER,706.0,-5430.0
278,VER,628.0,-5536.0
279,VER,564.183068774384,-5599.686885114326
280,VER,497.950945601889,-5654.56393348757
281,VER,310.2334581752731,-5752.517024758577
282,VER,141.703470510695,-5796.653868953674
283,VER,-35.14384219113293,-5798.8492513887395
284,VER,-136.3924965311951,-5785.991632325486
285,VER,-313.0,-5740.0
286,VER,-472.0,-5670.0
287,VER,-661.0,-5552.0
288,VER,-764.598968904502,-5467.338734171377
289,VER,-868.0,-5366.0
290,VER,-973.0,-5243.0
291,VER,-1092.0,-5072.0
292,VER,-1190.7420466797505,-4894.511770227319
293,VER,-1258.337823419816,-4742.324745518727
294,VER,-1310.0,-4610.0
295,VER,-1367.0,-4429.0
296,VER,-1407.2804453695267,-4269.495889950924
297,VER,-1451.0672716446536,-4036.885142189391
298,VER,-1463.0,-3950.0
299,VER,-1487.8504615711986,-3665.912448691691
300,VER,-1497.0,-3422.0
301,VER,-1499.0,-3266.0
302,VER,-1499.0198861069368,-3105.5897470212185
303,VER,-1498.8152595881272,-2979.729056673822
304,VER,-1496.921254157085,-2853.3348242762604
305,VER,-1493.433109657808,-2693.7219876024237
306,VER,-1485.8215549431018,-2409.6131089367677
307,VER,-1481.0,-2301.0
308,VER,-1468.0,-2008.0
309,VER,-1452.9129984901706,-1742.6822937314118
310,VER,-1438.0,-1513.0
311,VER,-1420.3569353707667,-1272.907446561262
312,VER,-1404.8549104487547,-1065.0589301800248
313,VER,-1392.0,-898.0
314,VER,-1381.7571179207216,-777.2086413880193
0,ZHO,-1351.0,-417.0
1,ZHO,-1335.3689667652186,-238.43494506334153
2,ZHO,-1320.4905950645057,-70.41564724460513
3,ZHO,-1300.0,163.0
4,ZHO,-1291.0,269.0
5,ZHO,-1272.0,483.0
6,ZHO,-1205.9474837218618,1249.569876636314
7,ZHO,-1187.3643522701082,1468.552240663345
8,ZHO,-1171.0,1652.0
9,ZHO,-1146.0,1942.0
10,ZHO,-1133.7240066045078,2082.496355032225
11,ZHO,-1104.6150942884635,2426.5366215874883
12,ZHO,-1085.0136226682498,2654.14491914961
13,ZHO,-1075.6813427816164,2763.338160173901
14,ZHO,-1057.0,2984.0
15,ZHO,-1017.7595282948121,3435.32958662103
16,ZHO,-1005.9968603968655,3574.941200274594
17,ZHO,-985.0,3817.0
18,ZHO,-961.0,4089.0
19,ZHO,-949.0,4233.0
20,ZHO,-927.7568819050919,4482.546667827663
21,ZHO,-899.3492067098149,4807.04649706981
22,ZHO,-876.3115975136293,5072.060754740485
23,ZHO,-857.6896083464422,5290.867571670384
24,ZHO,-837.5341725651805,5528.201688637933
25,ZHO,-808.0,5868.0
26,ZHO,-787.0,6111.0
27,ZHO,-769.5176873512193,6323.34494219539
28,ZHO,-750.8574019763529,6553.994560957006
29,ZHO,-715.9169476028962,6963.204417519037
30,ZHO,-697.8859804265246,7175.306919431783
31,ZHO,-684.0,7339.0
32,ZHO,-677.0,7432.0
33,ZHO,-668.0,7542.0
34,ZHO,-647.0,7782.0
35,ZHO,-639.0,7853.0
36,ZHO,-628.9605409687598,7940.950719189281
37,ZHO,-614.0,8021.0
38,ZHO,-594.2139644598072,8092.22896766666
39,ZHO,-560.0,8168.0
40,ZHO,-532.0,8211.0
41,ZHO,-477.51915882758806,8265.15292404982
42,ZHO,-433.1917491076354,8289.836842151515
43,ZHO,-357.6772541356817,8309.4897097668
44,ZHO,-332.0,8315.0
45,ZHO,-262.0,8332.0
46,ZHO,-229.0,8349.0
47,ZHO,-187.24631442941507,8386.748486185144
48,ZHO,-170.0,8416.0
49,ZHO,-153.27219588785235,8462.47573846189
50,ZHO,-141.63927320906882,8565.33568256369
51,ZHO,-140.83444234952032,8600.24790678883
52,ZHO,-143.57776412886926,8629.447802657549
53,ZHO,-147.58531286548381,8666.113551931237
54,ZHO,-163.0,8746.0
55,ZHO,-182.0,8824.0
56,ZHO,-190.29738777817923,8857.048073267342
57,ZHO,-223.0,8978.0
58,ZHO,-251.34426969348334,9086.27514336054
59,ZHO,-275.0,9180.0
60,ZHO,-295.7406431976879,9263.163592660103
61,ZHO,-321.0,9368.0
62,ZHO,-361.0,9549.0
63,ZHO,-381.0,9662.0
64,ZHO,-398.0,9780.0
65,ZHO,-419.9312861763208,9992.727467034214
66,ZHO,-421.69940735053666,10084.51607397979
67,ZHO,-425.754273582385,10251.334272463486
68,ZHO,-426.0,10445.0
69,ZHO,-424.0,10576.0
70,ZHO,-412.0,10833.0
71,ZHO,-404.0322875837452,10945.805898607381
72,ZHO,-386.84909101652863,11137.213523543338
73,ZHO,-366.31490917116906,11309.892172713277
74,ZHO,-347.0,11442.0
75,ZHO,-323.0,11574.0
76,ZHO,-292.0,11719.0
77,ZHO,-227.8378379411073,11950.478683283169
78,ZHO,-178.64860783564475,12097.299664103897
79,ZHO,-97.66737116469415,12299.90044035454
80,ZHO,-16.945635103523042,12471.092789835078
81,ZHO,84.0,12654.0
82,ZHO,179.0,12804.0
83,ZHO,273.0,12936.0
84,ZHO,461.0,13161.0
85,ZHO,551.2116169818345,13255.113005139498
86,ZHO,714.0,13399.0
87,ZHO,911.0,13553.0
88,ZHO,1149.0,13712.0
89,ZHO,1316.196306607234,13808.060371033234
90,ZHO,1496.7804308664136,13899.791828214786
91,ZHO,1622.1941500096088,13956.687364218342
92,ZHO,1815.0,14034.0
93,ZHO,1995.4525426054743,14094.720289624414
94,ZHO,2249.4303343487386,14161.12604488938
95,ZHO,2565.0,14225.0
96,ZHO,2799.5617148832416,14262.303924739354
97,ZHO,2929.5382446002372,14281.740003143479
98,ZHO,3140.1456532818765,14305.260700227464
99,ZHO,3389.0,14331.0
100,ZHO,3643.284569391155,14351.018235890962
101,ZHO,3918.3098870832678,14374.624178294293
102,ZHO,4162.0,14396.0
103,ZHO,4330.635713118425,14409.283774451469
104,ZHO,4514.0,14421.0
105,ZHO,4703.0,14434.0
106,ZHO,5046.0,14452.0
107,ZHO,5169.002751195066,14458.379615257587
108,ZHO,5332.379031566558,14465.203993385998
109,ZHO,5535.677075773765,14472.550092956417
110,ZHO,5702.0,14480.0
111,ZHO,5860.0,14486.0
112,ZHO,6061.0,14493.0
113,ZHO,6185.823240792817,14496.716091008768
114,ZHO,6337.0,14504.0
115,ZHO,6470.0,14516.0
116,ZHO,6547.0,14530.0
117,ZHO,6645.0,14556.0
118,ZHO,6753.0,14599.0
119,ZHO,6805.0,14630.0
120,ZHO,6853.0,14671.0
121,ZHO,6897.665996784661,14737.71926844404
122,ZHO,6923.772727578057,14789.831404689903
123,ZHO,6948.0,14843.0
124,ZHO,6997.0,14912.0
125,ZHO,7052.0,14963.0
126,ZHO,7114.0,15007.0
127,ZHO,7160.0,15034.0
128,ZHO,7216.0,15060.0
129,ZHO,7263.0,15079.0
130,ZHO,7347.0,15105.0
131,ZHO,7417.0,15122.0
132,ZHO,7515.833868928221,15141.579290482277
133,ZHO,7618.588051533054,15160.92596062451
134,ZHO,7735.125131185522,15181.652544769557
135,ZHO,7827.9312700385035,15200.521843230694
136,ZHO,7993.0,15244.0
137,ZHO,8074.0,15269.0
138,ZHO,8278.0,15331.0
139,ZHO,8378.0,15362.0
140,ZHO,8486.68774869387,15397.990696848912
141,ZHO,8581.0,15432.0
142,ZHO,8778.0,15508.0
143,ZHO,9018.0,15601.0
144,ZHO,9129.0,15640.0
145,ZHO,9266.0,15687.0
146,ZHO,9428.705067920437,15741.804389171637
147,ZHO,9531.588835771361,15776.86117979299
148,ZHO,9708.246642572845,15831.906370588596
149,ZHO,9829.0,15862.0
150,ZHO,9890.0,15872.0
151,ZHO,10062.0,15882.0
152,ZHO,10205.06968617905,15866.183097019035
153,ZHO,10303.306225605364,15842.113629401678
154,ZHO,10415.0,15797.0
155,ZHO,10548.0,15714.0
156,ZHO,10675.964544537685,15588.785905981305
157,ZHO,10744.0,15497.0
158,ZHO,10819.412595653035,15340.869310220414
159,ZHO,10872.05881840735,15201.47326220286
160,ZHO,10897.0,15069.0
161,ZHO,10927.0,14859.0
162,ZHO,10941.52879072783,14718.064782036405
163,ZHO,10961.0,14489.0
164,ZHO,10974.153330193316,14283.418928857904
165,ZHO,10981.0,14179.0
166,ZHO,10988.0,14073.0
167,ZHO,11004.570329813081,13863.294252858603
168,ZHO,11018.0,13715.0
169,ZHO,11031.935990856411,13567.704785297723
170,ZHO,11051.743104633651,13363.488642081129
171,ZHO,11062.798670971733,13213.896862485582
172,ZHO,11067.043987794215,13055.198427297539
173,ZHO,11064.590958036839,12974.457070161734
174,ZHO,11004.0,12716.0
175,ZHO,10946.0,12612.0
176,ZHO,10851.490269685148,12500.667922262175
177,ZHO,10794.806801258284,12447.525527473153
178,ZHO,10692.584357347538,12381.111809223126
179,ZHO,10593.59919143379,12319.43332405423
180,ZHO,10402.387318759822,12220.200896754577
181,ZHO,10309.0,12173.0
182,ZHO,10159.132437111482,12098.08157868151
183,ZHO,10062.0,12048.0
184,ZHO,9987.0,12008.0
185,ZHO,9813.825164105445,11915.535434408126
186,ZHO,9515.196693833605,11755.166714258641
187,ZHO,9425.813860125114,11706.495633488435
188,ZHO,9274.87423959069,11624.037981069323
189,ZHO,9153.86007900448,11555.52727122466
190,ZHO,8984.362987324732,11457.806751669701
191,ZHO,8818.455492778072,11363.379535169213
192,ZHO,8675.564678619041,11282.631815853203
193,ZHO,8488.90493606469,11178.392680400413
194,ZHO,8354.758636152856,11102.409607639378
195,ZHO,8151.0,10987.0
196,ZHO,7953.253383111714,10872.767529691098
197,ZHO,7861.681259032137,10819.161965387859
198,ZHO,7709.170613824975,10721.462541064871
199,ZHO,7597.853633844337,10647.746152899916
200,ZHO,7413.691489745024,10515.974638166132
201,ZHO,7310.201687384122,10434.46414053506
202,ZHO,7156.173967734301,10308.409363115172
203,ZHO,7000.628536036291,10182.266225755686
204,ZHO,6870.294972855253,10073.612221348785
205,ZHO,6748.543972222815,9968.347344501812
206,ZHO,6512.763118570952,9762.716795137607
207,ZHO,6345.284752428567,9617.13060071602
208,ZHO,6107.0,9410.0
209,ZHO,5989.0,9307.0
210,ZHO,5871.0,9204.0
211,ZHO,5753.0,9102.0
212,ZHO,5581.0,8953.0
213,ZHO,5462.0,8849.0
214,ZHO,5093.0,8528.0
215,ZHO,4907.0,8366.0
216,ZHO,4695.0,8182.0
217,ZHO,4407.037424082057,7931.596512864543
218,ZHO,4131.833993358459,7692.191020162494
219,ZHO,3965.0,7547.0
220,ZHO,3690.671501934081,7309.450452137741
221,ZHO,3600.0974360108903,7230.507243570267
222,ZHO,3365.0,7026.0
223,ZHO,3215.0,6896.0
224,ZHO,3041.0,6744.0
225,ZHO,2863.0,6584.0
226,ZHO,2785.9243485096135,6511.570939665505
227,ZHO,2650.928051128957,6357.213470174302
228,ZHO,2612.0,6292.0
229,ZHO,2565.0,6161.0
230,ZHO,2547.0,6025.0
231,ZHO,2544.5704643688377,5843.641491589314
232,ZHO,2545.0,5694.0
233,ZHO,2540.0,5586.0
234,ZHO,2521.0,5432.0
235,ZHO,2498.0,5339.0
236,ZHO,2453.8516566626918,5209.514219965162
237,ZHO,2409.0,5114.0
238,ZHO,2315.0,4959.0
239,ZHO,2200.0,4822.0
240,ZHO,2078.1715665257693,4697.478786517786
241,ZHO,1955.0,4554.0
242,ZHO,1901.0,4467.0
243,ZHO,1852.0,4361.0
244,ZHO,1789.0,4152.0
245,ZHO,1756.0,3987.0
246,ZHO,1733.213343001099,3792.5138209196875
247,ZHO,1718.0,3618.0
248,ZHO,1711.0,3546.0
249,ZHO,1678.0,3203.0
250,ZHO,1661.3364315094466,3040.9379996538387
251,ZHO,1641.2953812628202,2808.1356883083663
252,ZHO,1635.0,2743.0
253,ZHO,1624.0,2619.0
254,ZHO,1597.3726398268416,2335.359904870462
255,ZHO,1573.0,2067.0
256,ZHO,1554.0,1857.0
257,ZHO,1527.0,1564.0
258,ZHO,1515.0,1432.0
259,ZHO,1494.0,1200.0
260,ZHO,1477.0,1016.0
261,ZHO,1448.7090562637597,718.5726639575752
262,ZHO,1419.9273367825936,400.8084184077499
263,ZHO,1397.0,149.0
264,ZHO,1384.0,11.0
265,ZHO,1368.0,-161.0
266,ZHO,1350.012418771088,-366.1989515302902
267,ZHO,1330.146650769349,-572.6048973580291
268,ZHO,1232.578226694973,-1642.2714855038548
269,ZHO,1211.0,-1870.0
270,ZHO,1194.0,-2063.0
271,ZHO,1174.0,-2274.0
272,ZHO,1150.0,-2537.0
273,ZHO,1135.234410428008,-2693.487834274065
274,ZHO,1111.0,-2959.0
275,ZHO,1092.0,-3169.0
276,ZHO,1079.0,-3308.0
277,ZHO,1054.9310085871855,-3566.5014863224346
278,ZHO,1040.0,-3726.0
279,ZHO,1022.0,-3916.0
280,ZHO,992.0,-4207.0
281,ZHO,976.0,-4359.0
282,ZHO,948.0,-4579.0
283,ZHO,918.0,-4778.0
284,ZHO,872.0,-4999.0
285,ZHO,838.240672360615,-5119.810412799402
286,ZHO,785.0,-5272.0
287,ZHO,741.0,-5369.0
288,ZHO,640.8727561930498,-5520.418613847005
289,ZHO,547.0,-5615.0
290,ZHO,460.2631442418833,-5679.200688782193
291,ZHO,344.0,-5740.0
292,ZHO,259.0,-5770.0
293,ZHO,42.0,-5801.0
294,ZHO,-43.0,-5798.0
295,ZHO,-265.0,-5755.0
296,ZHO,-365.0,-5719.0
297,ZHO,-579.0,-5609.0
298,ZHO,-731.0,-5496.0
299,ZHO,-898.0,-5334.0
300,ZHO,-1030.0,-5166.0
301,ZHO,-1112.0,-5039.0
302,ZHO,-1172.0,-4931.0
303,ZHO,-1275.6395835969493,-4701.223016192769
304,ZHO,-1334.5228770419337,-4538.358980519858
305,ZHO,-1384.0328841717874,-4368.712709554422
306,ZHO,-1429.0001721607277,-4165.525868138955
307,ZHO,-1461.0,-3966.0
308,ZHO,-1478.0,-3806.0
309,ZHO,-1489.5999201684135,-3638.143957957929
310,ZHO,-1495.7889952136377,-3484.305742529843
311,ZHO,-1498.3074377633025,-3342.3485055352844
312,ZHO,-1499.0,-3049.0
313,ZHO,-1496.0,-2823.0
314,ZHO,-1490.0,-2572.0
315,ZHO,-1478.23160791983,-2232.3667536503103
316,ZHO,-1471.9413599110374,-2095.680511379896
317,ZHO,-1467.0,-2001.0
318,ZHO,-1447.3820572199872,-1657.4731458215952
319,ZHO,-1434.3413411891606,-1459.7025397998352
320,ZHO,-1424.1731737223527,-1339.4141045077567
