Date,Status,X,Y,Z,Source,Time,SessionTime,RPM,Speed,nGear,Throttle,Brake,DRS,Distance,RelativeDistance
2024-09-01 13:49:00.209,OnTrack,-1368.0,-615.0,1872.0,pos,0 days 00:00:00,0 days 01:41:16.290000,11305.0,317.0,8,100.0,False,14,,
2024-09-01 13:49:00.270,OnTrack,-1365.8082384493464,-585.3277323358228,1872.0901346663302,car,0 days 00:00:00.061000,0 days 01:41:16.351000,11305.0,317.0,8,100.0,False,14,9.33388888888889,0.0016294626212123042
2024-09-01 13:49:00.589,OnTrack,-1349.0,-386.0,1873.0,pos,0 days 00:00:00.380000,0 days 01:41:16.670000,11418.422153955555,319.65833173333334,8,99.11388942222223,False,14,37.677355140940875,0.006577520109692751
2024-09-01 13:49:00.630,OnTrack,-1346.188684166494,-355.00426937324124,1873.1703363816118,car,0 days 00:00:00.421000,0 days 01:41:16.711000,11433.0,320.0,8,99.0,False,12,41.33388888888889,0.007215859084626906
2024-09-01 13:49:00.809,OnTrack,-1331.0,-190.0,1874.0,pos,0 days 00:00:00.600000,0 days 01:41:16.890000,11461.63996928,321.78999808,8,99.0,False,12,57.33886277838255,0.010009925632542856
2024-09-01 13:49:00.830,OnTrack,-1328.678279196948,-164.4960889859653,1874.0955404603305,car,0 days 00:00:00.621000,0 days 01:41:16.911000,11465.0,322.0,8,99.0,False,12,59.22277777777778,0.010338809885355207
2024-09-01 13:49:00.990,OnTrack,-1308.176295964302,62.80102776666771,1874.7836037400893,car,0 days 00:00:00.781000,0 days 01:41:17.071000,11465.0,324.0,8,99.0,False,12,73.62277777777777,0.012852688293891776
2024-09-01 13:49:01.049,OnTrack,-1302.0,132.0,1875.0,pos,0 days 00:00:00.840000,0 days 01:41:17.130000,11488.968672,324.3687488,8,99.0,False,12,78.95033550180224,0.01378274609477076
2024-09-01 13:49:01.310,OnTrack,-1289.0963236324076,282.4624896534418,1875.7255996837343,car,0 days 00:00:01.101000,0 days 01:41:17.391000,11595.0,326.0,8,99.0,False,12,102.60055555555554,0.017911480646872775
2024-09-01 13:49:01.389,OnTrack,-1285.0,331.0,1876.0,pos,0 days 00:00:01.180000,0 days 01:41:17.470000,11630.0561648,326.4937488,8,99.0,False,12,109.77044679243058,0.019163163617146088
2024-09-01 13:49:01.470,OnTrack,-1279.3890758605253,396.7060385025835,1876.3430975775073,car,0 days 00:00:01.261000,0 days 01:41:17.551000,11666.0,327.0,8,99.0,False,12,117.13388888888889,0.02044863570734024
2024-09-01 13:49:01.609,OnTrack,-1268.0,530.0,1877.0,pos,0 days 00:00:01.400000,0 days 01:41:17.690000,11699.0124544,328.15833173333334,8,99.57916586666667,False,12,129.81728236009423,0.02266283772082891
2024-09-01 13:49:01.710,OnTrack,-1260.148678870631,623.3314356880132,1877.4413370686066,car,0 days 00:00:01.501000,0 days 01:41:17.791000,11723.0,329.0,8,100.0,False,12,139.06722222222223,0.024277644949972334
2024-09-01 13:49:01.829,OnTrack,-1251.0,731.0,1878.0,pos,0 days 00:00:01.620000,0 days 01:41:17.910000,11738.46997504,330.18999808,8,99.40500096,False,12,149.9990122187417,0.026186060980451946
2024-09-01 13:49:01.910,OnTrack,-1244.5195929751844,804.6124553518531,1878.4627023367786,car,0 days 00:00:01.701000,0 days 01:41:17.991000,11749.0,331.0,8,99.0,False,12,157.4561111111111,0.027487883195441487
2024-09-01 13:49:02.149,OnTrack,-1225.0,1023.0,1880.0,pos,0 days 00:00:01.940000,0 days 01:41:18.230000,11809.94495104,332.19499904,8,99.0,False,12,179.52005075974918,0.03133969302113351
2024-09-01 13:49:02.310,OnTrack,-1212.5711489705623,1170.5988591557416,1880.8845317767637,car,0 days 00:00:02.101000,0 days 01:41:18.391000,11851.0,333.0,8,99.0,False,12,194.4561111111111,0.03394715410626462
2024-09-01 13:49:02.330,OnTrack,-1211.0,1189.0,1881.0,pos,0 days 00:00:02.121000,0 days 01:41:18.411000,11854.3749568,333.2499968,8,99.0,False,12,196.31649455862396,0.03427193034100777
2024-09-01 13:49:02.470,OnTrack,-1199.7005539652434,1318.3275250080078,1881.8371772375785,car,0 days 00:00:02.261000,0 days 01:41:18.551000,11878.0,335.0,8,99.0,False,12,209.34500000000003,0.03654638023854781
2024-09-01 13:49:02.530,OnTrack,-1195.0,1374.0,1882.0,pos,0 days 00:00:02.321000,0 days 01:41:18.611000,11880.499989333333,334.50000213333334,8,99.0,False,12,214.9038455220772,0.03751681508121031
2024-09-01 13:49:02.610,OnTrack,-1189.0,1448.0,1882.0,pos,0 days 00:00:02.401000,0 days 01:41:18.691000,11883.833322666667,333.83333546666665,8,99.0,False,12,222.28896543827435,0.038806071574389575
2024-09-01 13:49:02.710,OnTrack,-1181.5762112542238,1536.4143861983855,1882.3992666003817,car,0 days 00:00:02.501000,0 days 01:41:18.791000,11888.0,333.0,8,99.0,False,12,231.54500000000002,0.04042194278504169
2024-09-01 13:49:02.910,OnTrack,-1165.0,1726.0,1884.0,pos,0 days 00:00:02.701000,0 days 01:41:18.991000,11941.046631487288,335.1505391143495,8,99.0,False,12,250.2051153829997,0.04367953036574474
2024-09-01 13:49:02.989,OnTrack,-1156.7902274725975,1821.6123993362503,1884.415387890785,car,0 days 00:00:02.780000,0 days 01:41:19.070000,11962.0,336.0,8,99.0,False,12,257.58500000000004,0.04496787290714532
2024-09-01 13:49:03.149,OnTrack,-1139.714682230974,2021.9625222121858,1884.9408782969604,car,0 days 00:00:02.940000,0 days 01:41:19.230000,11982.0,336.0,8,99.0,False,12,272.5183333333333,0.04757485792340546
2024-09-01 13:49:03.169,OnTrack,-1138.0,2042.0,1885.0,pos,0 days 00:00:02.960000,0 days 01:41:19.250000,11983.636363636364,336.1363636363636,8,99.0,False,12,274.3896495757943,0.04790154274961841
2024-09-01 13:49:03.469,OnTrack,-1120.0,2248.0,1886.0,pos,0 days 00:00:03.260000,0 days 01:41:19.550000,12008.181818181818,338.1818181818182,8,99.0,False,12,302.62320040229173,0.05283041176483033
2024-09-01 13:49:03.589,OnTrack,-1110.0252205503734,2359.825364212346,1886.700103066164,car,0 days 00:00:03.380000,0 days 01:41:19.670000,12018.0,339.0,8,99.0,False,12,313.95166666666665,0.05480807751093082
2024-09-01 13:49:03.649,OnTrack,-1105.0,2417.0,1887.0,pos,0 days 00:00:03.440000,0 days 01:41:19.730000,12025.75,339.25,8,99.0,False,12,319.61741665882107,0.05579717518964216
2024-09-01 13:49:03.829,OnTrack,-1092.1301211372584,2569.4632790544943,1887.4364626853414,car,0 days 00:00:03.620000,0 days 01:41:19.910000,12049.0,340.0,8,99.0,False,12,336.61833333333334,0.05876510833918284
2024-09-01 13:49:03.929,OnTrack,-1085.0,2655.0,1888.0,pos,0 days 00:00:03.720000,0 days 01:41:20.010000,12049.714285714286,340.0,8,99.0,False,12,346.0628849685828,0.06041388989711078
2024-09-01 13:49:04.109,OnTrack,-1070.651512769762,2823.985976329627,1889.8910126898004,car,0 days 00:00:03.900000,0 days 01:41:20.190000,12051.0,340.0,8,99.0,False,12,363.06277777777774,0.06338164430547684
2024-09-01 13:49:04.129,OnTrack,-1069.0,2843.0,1890.0,pos,0 days 00:00:03.920000,0 days 01:41:20.210000,12055.9,340.0,8,99.0,False,12,364.95174933298654,0.0637114113059615
2024-09-01 13:49:04.309,OnTrack,-1054.0,3013.0,1890.0,car,0 days 00:00:04.100000,0 days 01:41:20.390000,12100.0,340.0,8,99.0,False,12,381.9516666666666,0.06667916999568684
2024-09-01 13:49:04.469,OnTrack,-1041.0,3164.0,1891.0,car,0 days 00:00:04.260000,0 days 01:41:20.550000,12116.0,340.0,8,99.0,False,12,397.06277777777774,0.06931719054785485
2024-09-01 13:49:04.689,OnTrack,-1023.0,3371.0,1892.0,pos,0 days 00:00:04.480000,0 days 01:41:20.770000,12135.25,340.9166666666667,8,99.91666666666667,False,12,417.90105378217993,0.07295503027831265
2024-09-01 13:49:04.709,OnTrack,-1021.0476212743814,3393.347846395494,1892.1243821794892,car,0 days 00:00:04.500000,0 days 01:41:20.790000,12137.0,341.0,8,100.0,False,12,419.7961111111111,0.07328585970207231
2024-09-01 13:49:05.029,OnTrack,-984.0977454113963,3817.5189918105475,1894.8732057909601,car,0 days 00:00:04.820000,0 days 01:41:21.110000,12069.0,341.0,8,100.0,False,12,450.1072222222222,0.07857741857436226
2024-09-01 13:49:05.049,OnTrack,-982.0,3842.0,1895.0,pos,0 days 00:00:04.840000,0 days 01:41:21.130000,12068.055555555555,341.0,8,99.94444444444444,False,12,452.00237428545677,0.07890826453635245
2024-09-01 13:49:05.389,OnTrack,-954.3709660211346,4171.947242102967,1895.9270533848944,car,0 days 00:00:05.180000,0 days 01:41:21.470000,12052.0,341.0,8,99.0,False,12,484.2072222222222,0.08453042230568844
2024-09-01 13:49:05.429,OnTrack,-952.0,4200.0,1896.0,pos,0 days 00:00:05.220000,0 days 01:41:21.510000,12055.75,340.75,8,99.0,False,12,487.985364578139,0.08518999108991877
2024-09-01 13:49:05.549,OnTrack,-945.9204653307438,4270.523924808167,1896.2497758782747,car,0 days 00:00:05.340000,0 days 01:41:21.630000,12067.0,340.0,8,99.0,False,12,499.3183333333333,0.08716844285785645
2024-09-01 13:49:05.749,OnTrack,-936.5637480966866,4376.966056074793,1896.8366156695354,car,0 days 00:00:05.540000,0 days 01:41:21.830000,12064.0,341.0,8,99.0,False,12,518.2627777777778,0.09047566715303768
2024-09-01 13:49:05.789,OnTrack,-934.0,4407.0,1897.0,pos,0 days 00:00:05.580000,0 days 01:41:21.870000,12068.75,340.5,8,99.0,False,12,522.0364060457791,0.09113444789086904
2024-09-01 13:49:05.909,OnTrack,-924.7587157088666,4516.628286621915,1897.5847640039603,car,0 days 00:00:05.700000,0 days 01:41:21.990000,12083.0,339.0,8,99.0,False,12,533.3294444444446,0.09310592882122873
2024-09-01 13:49:05.989,OnTrack,-918.0,4595.0,1898.0,pos,0 days 00:00:05.780000,0 days 01:41:22.070000,12074.775705853783,339.0,8,99.0,False,12,540.8632389681263,0.09442114016757835
2024-09-01 13:49:06.189,OnTrack,-901.0,4783.0,1899.0,pos,0 days 00:00:05.980000,0 days 01:41:22.270000,12054.214970488241,339.0,8,99.0,False,12,559.7034497207544,0.09771016787753045
2024-09-01 13:49:06.230,OnTrack,-897.6123113867015,4821.385275667395,1899.2053205322848,car,0 days 00:00:06.021000,0 days 01:41:22.311000,12050.0,339.0,8,99.0,False,12,563.5569444444445,0.098382891293037
2024-09-01 13:49:06.389,OnTrack,-885.0,4971.0,1900.0,pos,0 days 00:00:06.180000,0 days 01:41:22.470000,12017.8386752,338.2772736,8,99.0,False,12,578.4657552656041,0.10098559529444459
2024-09-01 13:49:06.669,OnTrack,-863.0,5233.0,1901.0,pos,0 days 00:00:06.460000,0 days 01:41:22.750000,11961.202311563637,337.00454632727275,8,99.0,False,12,604.6522245344504,0.10555709527296954
2024-09-01 13:49:06.670,OnTrack,-862.900859143626,5233.90168163103,1900.9999867946244,car,0 days 00:00:06.461000,0 days 01:41:22.751000,11961.0,337.0,8,99.0,False,12,604.7458333333334,0.10557343701868904
2024-09-01 13:49:06.689,OnTrack,-861.0,5251.0,1901.0,pos,0 days 00:00:06.480000,0 days 01:41:22.770000,11957.2000384,337.0,8,99.0,False,12,606.5241580994932,0.10588388786820398
2024-09-01 13:49:06.870,OnTrack,-846.4480367346963,5419.170414271359,1902.4803458364345,car,0 days 00:00:06.661000,0 days 01:41:22.951000,11921.0,337.0,8,99.0,False,12,623.4680555555557,0.10884186689398545
2024-09-01 13:49:06.929,OnTrack,-842.0,5475.0,1903.0,pos,0 days 00:00:06.720000,0 days 01:41:23.010000,11913.8357376,336.7892864,8,99.0,False,12,628.9855394622615,0.10980508103721572
2024-09-01 13:49:07.150,OnTrack,-824.0743506861246,5682.65193006899,1903.8762162559035,car,0 days 00:00:06.941000,0 days 01:41:23.231000,11887.0,336.0,8,99.0,False,12,649.601388888889,0.1134040906724407
2024-09-01 13:49:07.189,OnTrack,-821.0,5717.0,1904.0,pos,0 days 00:00:06.980000,0 days 01:41:23.270000,11879.00503936,335.61000192,8,99.0,False,12,653.2254407189681,0.11403675912015274
2024-09-01 13:49:07.350,OnTrack,-808.6417291816543,5854.186487722457,1904.6614049173027,car,0 days 00:00:07.141000,0 days 01:41:23.431000,11846.0,334.0,8,99.0,False,12,668.1569444444445,0.11664342473282348
2024-09-01 13:49:07.409,OnTrack,-803.0,5920.0,1905.0,pos,0 days 00:00:07.200000,0 days 01:41:23.490000,11840.345851733333,334.0,8,99.0,False,12,673.6310106473549,0.11759905923521209
2024-09-01 13:49:07.549,OnTrack,-787.0,6114.0,1906.0,pos,0 days 00:00:07.340000,0 days 01:41:23.630000,11826.929185066667,334.0,8,99.0,False,12,686.6233881477912,0.11986720210145536
2024-09-01 13:49:07.590,OnTrack,-782.9168768134069,6164.068943622453,1906.292529262318,car,0 days 00:00:07.381000,0 days 01:41:23.671000,11823.0,334.0,8,99.0,False,12,690.4236111111112,0.1205306256052828
2024-09-01 13:49:07.790,OnTrack,-768.1735521671384,6345.081258919662,1907.6242686076625,car,0 days 00:00:07.581000,0 days 01:41:23.871000,11795.0,333.0,8,99.0,False,12,708.9236111111112,0.12376026106069436
2024-09-01 13:49:07.849,OnTrack,-764.0,6394.0,1908.0,pos,0 days 00:00:07.640000,0 days 01:41:23.930000,11787.625024,332.6312512,8,99.0,False,12,714.3703962895574,0.12471113298125222
2024-09-01 13:49:07.950,OnTrack,-756.4618525926477,6479.374550389399,1908.6309898026345,car,0 days 00:00:07.741000,0 days 01:41:24.031000,11775.0,332.0,8,99.0,False,12,723.6791666666667,0.12633621054104663
2024-09-01 13:49:08.009,OnTrack,-752.0,6531.0,1909.0,pos,0 days 00:00:07.800000,0 days 01:41:24.090000,11768.546896,331.8156256,8,99.0,False,12,729.1040585380772,0.12728326043994834
2024-09-01 13:49:08.169,OnTrack,-740.0,6678.0,1910.0,pos,0 days 00:00:07.960000,0 days 01:41:24.250000,11751.046896,331.3156256,8,99.0,False,12,743.7827758468987,0.12984579589186906
2024-09-01 13:49:08.270,OnTrack,-732.1708403415312,6771.818923447276,1910.571933071104,car,0 days 00:00:08.061000,0 days 01:41:24.351000,11740.0,331.0,8,99.0,False,12,753.1013888888889,0.13147259173379727
2024-09-01 13:49:08.389,OnTrack,-723.0,6879.0,1911.0,pos,0 days 00:00:08.180000,0 days 01:41:24.470000,11540.6753216,329.5125024,8,70.7375456,False,12,764.097690447978,0.13339226986318278
2024-09-01 13:49:08.430,OnTrack,-719.9640531029067,6914.102179699525,1911.0357345491946,car,0 days 00:00:08.221000,0 days 01:41:24.511000,11472.0,329.0,8,61.0,True,0,767.7236111111112,0.1340252645622187
2024-09-01 13:49:08.589,OnTrack,-708.0,7053.0,1911.0,pos,0 days 00:00:08.380000,0 days 01:41:24.670000,11168.454912,305.1500288,8,39.6795712,True,0,780.5469071360234,0.13626389004855893
2024-09-01 13:49:08.870,OnTrack,-682.6370157467534,7363.245510254373,1912.75378532225,car,0 days 00:00:08.661000,0 days 01:41:24.951000,10632.0,263.0,7,2.0,True,0,799.8680555555555,0.1396368773985584
2024-09-01 13:49:08.910,OnTrack,-680.0,7395.0,1913.0,pos,0 days 00:00:08.701000,0 days 01:41:24.991000,10644.125,258.375,7,2.0,True,0,802.4929798418536,0.14009512326573675
2024-09-01 13:49:09.190,OnTrack,-670.9460586323903,7495.997024003866,1913.971086668274,car,0 days 00:00:08.981000,0 days 01:41:25.271000,10729.0,226.0,6,2.0,True,0,819.9569444444445,0.1431438929561465
2024-09-01 13:49:09.250,OnTrack,-669.0,7520.0,1914.0,pos,0 days 00:00:09.041000,0 days 01:41:25.331000,10717.30004992,219.70002688,6,1.70000128,True,0,823.4256019732663,0.14374943346089045
2024-09-01 13:49:09.390,OnTrack,-662.952859276114,7598.9231971290055,1913.9088144069099,car,0 days 00:00:09.181000,0 days 01:41:25.471000,10690.0,205.0,6,1.0,True,0,831.3458333333334,0.1451321069752437
2024-09-01 13:49:09.430,OnTrack,-661.0,7623.0,1914.0,pos,0 days 00:00:09.221000,0 days 01:41:25.511000,10827.2,205.0,6,1.2,True,0,833.6587155886809,0.1455358781393552
2024-09-01 13:49:09.589,OnTrack,-653.0,7713.0,1915.0,pos,0 days 00:00:09.380000,0 days 01:41:25.670000,11372.56934144,205.0,6,1.9949990400000002,True,0,842.6827105573595,0.14711124106369572
2024-09-01 13:49:09.590,OnTrack,-652.9535468810424,7713.509997855456,1915.005931311292,car,0 days 00:00:09.381000,0 days 01:41:25.671000,11376.0,205.0,6,2.0,True,0,842.7347222222222,0.1471203209943409
2024-09-01 13:49:09.849,OnTrack,-641.0,7835.0,1916.0,pos,0 days 00:00:09.640000,0 days 01:41:25.930000,11391.150414698828,165.3203424554478,6,2.721448318991859,True,0,853.9644156895661,0.1490807434903159
2024-09-01 13:49:09.949,OnTrack,-633.3802915859137,7898.338945744799,1916.443987615015,car,0 days 00:00:09.740000,0 days 01:41:26.030000,11397.0,150.0,4,3.0,True,0,857.6930555555556,0.14973167038283808
2024-09-01 13:49:10.069,OnTrack,-624.0,7971.0,1917.0,pos,0 days 00:00:09.860000,0 days 01:41:26.150000,11128.636363636364,142.36363636363637,4,3.2727272727272725,True,0,861.9879371340317,0.15048144885973758
2024-09-01 13:49:10.389,OnTrack,-609.7169357716812,8042.826438606709,1917.9373344443468,car,0 days 00:00:10.180000,0 days 01:41:26.470000,10413.0,122.0,2,4.0,True,0,872.6041666666666,0.15233477595710973
2024-09-01 13:49:10.449,OnTrack,-605.0,8056.0,1918.0,pos,0 days 00:00:10.240000,0 days 01:41:26.530000,10025.4,118.7,2,4.3,True,0,874.4917830901738,0.15266430638562736
2024-09-01 13:49:10.589,OnTrack,-589.1226773325398,8098.585276178346,1917.9920812986986,car,0 days 00:00:10.380000,0 days 01:41:26.670000,9121.0,111.0,2,5.0,True,0,878.7708333333334,0.15341132110891362
2024-09-01 13:49:10.749,OnTrack,-569.0,8150.0,1918.0,pos,0 days 00:00:10.540000,0 days 01:41:26.830000,8725.0,105.66666666666667,2,5.0,True,0,883.4287427736145,0.1542244751346665
2024-09-01 13:49:10.829,OnTrack,-561.0228968372061,8168.882695666301,1918.1376022554025,car,0 days 00:00:10.620000,0 days 01:41:26.910000,8527.0,103.0,2,5.0,True,0,885.6375,0.15461006868335467
2024-09-01 13:49:11.069,OnTrack,-538.2478112968979,8206.480015664467,1918.8775534795814,car,0 days 00:00:10.860000,0 days 01:41:27.150000,7656.0,92.0,2,5.0,True,0,891.7708333333334,0.1556807946721758
2024-09-01 13:49:11.149,OnTrack,-523.0,8222.0,1919.0,pos,0 days 00:00:10.940000,0 days 01:41:27.230000,7580.8,89.6,2,4.6,True,0,893.7131820061131,0.15601987997706127
2024-09-01 13:49:11.269,OnTrack,-490.6889955421773,8250.707055569297,1919.001626499632,car,0 days 00:00:11.060000,0 days 01:41:27.350000,7468.0,86.0,2,4.0,True,0,896.5486111111112,0.15651487469969952
2024-09-01 13:49:11.389,OnTrack,-458.0,8277.0,1919.0,pos,0 days 00:00:11.180000,0 days 01:41:27.470000,7195.0,83.5,2,4.0,True,0,899.2905281812078,0.15699354456917963
2024-09-01 13:49:11.509,OnTrack,-435.8821673040851,8291.952227274318,1919.2103194390365,car,0 days 00:00:11.300000,0 days 01:41:27.590000,6922.0,81.0,2,4.0,True,0,901.9486111111112,0.15745757910290073
2024-09-01 13:49:11.709,OnTrack,-413.01235705291816,8298.245343673752,1919.8427351712703,car,0 days 00:00:11.500000,0 days 01:41:27.790000,6425.0,77.0,2,3.0,False,0,906.2263888888889,0.15820437168568355
2024-09-01 13:49:11.789,OnTrack,-399.0,8301.0,1920.0,pos,0 days 00:00:11.580000,0 days 01:41:27.870000,6531.4,76.6,2,7.8,False,0,907.9027125653877,0.15849701570624392
2024-09-01 13:49:12.109,OnTrack,-315.1933240672712,8318.154282618625,1920.0128106494003,car,0 days 00:00:11.900000,0 days 01:41:28.190000,6957.0,75.0,2,27.0,False,0,914.5597222222223,0.15965916243136447
2024-09-01 13:49:12.169,OnTrack,-302.0,8321.0,1920.0,pos,0 days 00:00:11.960000,0 days 01:41:28.250000,7027.0,75.75,2,29.0,False,0,915.8389043671223,0.15988247551293736
2024-09-01 13:49:12.349,OnTrack,-274.54792295665135,8327.393155267804,1920.02587771267,car,0 days 00:00:12.140000,0 days 01:41:28.430000,7237.0,78.0,2,35.0,False,0,919.7597222222223,0.16056695185666933
2024-09-01 13:49:12.549,OnTrack,-249.0,8338.0,1920.0,pos,0 days 00:00:12.340000,0 days 01:41:28.630000,6864.777777777777,79.66666666666667,2,15.555555555555554,False,0,924.2892712083145,0.16135769737031835
2024-09-01 13:49:12.709,OnTrack,-219.83504832430282,8354.952846645034,1919.8978485315063,car,0 days 00:00:12.500000,0 days 01:41:28.790000,6567.0,81.0,2,0.0,True,0,927.8597222222223,0.16198100846147115
2024-09-01 13:49:12.749,OnTrack,-213.0,8360.0,1920.0,pos,0 days 00:00:12.540000,0 days 01:41:28.830000,6539.139330095764,80.00497607484873,2,0.0,True,0,928.7235785038533,0.16213181607636498
2024-09-01 13:49:12.910,OnTrack,-190.31914079338748,8382.963104496725,1920.937643014207,car,0 days 00:00:12.701000,0 days 01:41:28.991000,6427.0,76.0,2,0.0,True,0,932.1030555555557,0.16272178790917186
2024-09-01 13:49:12.929,OnTrack,-188.0,8386.0,1921.0,pos,0 days 00:00:12.720000,0 days 01:41:29.010000,6399.54527744,75.71500288,2,0.09499904,True,0,932.4951324126387,0.16279023468316547
2024-09-01 13:49:13.089,OnTrack,-171.0,8414.0,1921.0,pos,0 days 00:00:12.880000,0 days 01:41:29.170000,6168.34527744,73.31500288,2,0.89499904,True,0,935.7416766916702,0.16335699979187487
2024-09-01 13:49:13.110,OnTrack,-169.16076610287013,8417.82945321319,1921.0326271962083,car,0 days 00:00:12.901000,0 days 01:41:29.191000,6138.0,73.0,2,1.0,True,0,936.1586111111112,0.1634297860720699
2024-09-01 13:49:13.310,OnTrack,-155.97164867476286,8455.395845055924,1921.900715673342,car,0 days 00:00:13.101000,0 days 01:41:29.391000,6291.0,70.0,2,12.0,False,0,940.0475000000001,0.16410868842005433
2024-09-01 13:49:13.349,OnTrack,-154.0,8463.0,1922.0,pos,0 days 00:00:13.140000,0 days 01:41:29.430000,6349.1340888,70.1218744,2,14.315613599999999,False,0,940.8062663234222,0.16424114996710815
2024-09-01 13:49:13.629,OnTrack,-144.0,8519.0,1922.0,pos,0 days 00:00:13.420000,0 days 01:41:29.710000,6766.5090888,70.9968744,2,30.9406136,False,0,946.3384793385982,0.16520693544282178
2024-09-01 13:49:13.630,OnTrack,-143.9752399418874,8519.19328502773,1922.0034705376297,car,0 days 00:00:13.421000,0 days 01:41:29.711000,6768.0,71.0,2,31.0,False,0,946.3586111111113,0.16521044994478332
2024-09-01 13:49:13.809,OnTrack,-141.0,8555.0,1923.0,pos,0 days 00:00:13.600000,0 days 01:41:29.890000,6802.1218384,72.6781232,2,35.4749952,False,0,950.00793287949,0.16584752988918122
2024-09-01 13:49:13.950,OnTrack,-141.7593208254336,8593.712582837934,1923.190678191081,car,0 days 00:00:13.741000,0 days 01:41:30.031000,6829.0,74.0,2,39.0,False,0,952.936388888889,0.16635876477337408
2024-09-01 13:49:14.089,OnTrack,-144.0,8631.0,1923.0,pos,0 days 00:00:13.880000,0 days 01:41:30.170000,6995.7997696,75.7374976,2,40.7374976,False,0,955.8656425675248,0.1668701389105858
2024-09-01 13:49:14.110,OnTrack,-144.34882054046983,8635.565262748485,1922.968540414707,car,0 days 00:00:13.901000,0 days 01:41:30.191000,7021.0,76.0,2,41.0,False,0,956.3141666666668,0.1669484399556234
2024-09-01 13:49:14.409,OnTrack,-151.0,8685.0,1923.0,pos,0 days 00:00:14.200000,0 days 01:41:30.490000,7607.7871232,79.7374976,2,48.4749952,False,0,962.9368468386551,0.16810459361472097
2024-09-01 13:49:14.430,OnTrack,-151.77924345576187,8689.446987953474,1923.113152751047,car,0 days 00:00:14.221000,0 days 01:41:30.511000,7649.0,80.0,2,49.0,False,0,963.4252777777779,0.16818986139193776
2024-09-01 13:49:14.569,OnTrack,-158.0,8723.0,1924.0,pos,0 days 00:00:14.360000,0 days 01:41:30.650000,8198.0492416,86.0812416,2,55.9499904,False,0,966.7629664038878,0.16877253801496525
2024-09-01 13:49:14.590,OnTrack,-159.0379854557099,8728.191547498636,1924.0595272853834,car,0 days 00:00:14.381000,0 days 01:41:30.671000,8281.0,87.0,2,57.0,False,0,967.2919444444445,0.16886488429793367
2024-09-01 13:49:14.789,OnTrack,-170.0,8778.0,1924.0,pos,0 days 00:00:14.580000,0 days 01:41:30.870000,8730.8817088,94.8178496,2,61.9749952,False,0,972.6571058055221,0.16980150674959532
2024-09-01 13:49:14.870,OnTrack,-175.12838098242818,8799.521481874513,1924.4115472797153,car,0 days 00:00:14.661000,0 days 01:41:30.951000,8914.0,98.0,2,64.0,False,0,974.9141666666667,0.17019553289998313
2024-09-01 13:49:14.969,OnTrack,-182.0,8827.0,1925.0,pos,0 days 00:00:14.760000,0 days 01:41:31.050000,9000.624832,100.4749952,2,64.0,False,0,977.6808723991718,0.1706785302474636
2024-09-01 13:49:15.030,OnTrack,-186.60634149276115,8844.584817357467,1925.1471896955063,car,0 days 00:00:14.821000,0 days 01:41:31.111000,9054.0,102.0,2,64.0,False,0,979.4475,0.17098693906563353
2024-09-01 13:49:15.209,OnTrack,-201.0,8897.0,1925.0,pos,0 days 00:00:15,0 days 01:41:31.290000,9411.999616,109.67142034285715,2,72.9499904,False,0,985.0625726583422,0.17196718975439537
2024-09-01 13:49:15.310,OnTrack,-208.8058402916793,8924.699021097793,1924.9799113761323,car,0 days 00:00:15.101000,0 days 01:41:31.391000,9614.0,114.0,2,78.0,False,0,988.3141666666667,0.17253483641903797
2024-09-01 13:49:15.450,OnTrack,-222.0,8973.0,1925.0,pos,0 days 00:00:15.241000,0 days 01:41:31.531000,9958.554925511111,115.94444088888889,2,81.4999936,False,0,992.7576277409296,0.1733105531449937
2024-09-01 13:49:15.670,OnTrack,-253.56920225723604,9095.777270535918,1924.9544799610621,car,0 days 00:00:15.461000,0 days 01:41:31.751000,10500.0,119.0,3,87.0,False,0,1000.2141666666666,0.17461227760387027
2024-09-01 13:49:15.710,OnTrack,-258.0,9113.0,1925.0,pos,0 days 00:00:15.501000,0 days 01:41:31.791000,10625.285714285714,123.28571428571429,3,88.71428571428571,False,0,1001.7447833793292,0.1748794848473222
2024-09-01 13:49:15.950,OnTrack,-269.6297094573378,9156.546421184543,1925.7590868400275,car,0 days 00:00:15.741000,0 days 01:41:32.031000,11377.0,149.0,3,99.0,False,0,1011.8030555555555,0.17663540660086383
2024-09-01 13:49:16.070,OnTrack,-281.0,9202.0,1926.0,pos,0 days 00:00:15.861000,0 days 01:41:32.151000,10538.2,154.4,3,99.0,False,0,1017.0156929784416,0.17754540220287238
2024-09-01 13:49:16.150,OnTrack,-294.32477283436117,9256.170718243036,1925.999637095437,car,0 days 00:00:15.941000,0 days 01:41:32.231000,9979.0,158.0,4,99.0,False,0,1020.5808333333333,0.17816778618631438
2024-09-01 13:49:16.289,OnTrack,-320.0,9361.0,1926.0,pos,0 days 00:00:16.080000,0 days 01:41:32.370000,10660.0990592,164.9499904,4,99.0,False,0,1027.0119620993114,0.17929049977987763
2024-09-01 13:49:16.350,OnTrack,-327.36257426868985,9390.999083890518,1926.1802593672564,car,0 days 00:00:16.141000,0 days 01:41:32.431000,10959.0,168.0,4,99.0,False,0,1029.9141666666667,0.17979715182147696
2024-09-01 13:49:16.589,OnTrack,-339.4035269566111,9443.497373004537,1927.6739642970867,car,0 days 00:00:16.380000,0 days 01:41:32.670000,11584.0,178.0,4,99.0,False,0,1041.731388888889,0.18186014208490217
2024-09-01 13:49:16.649,OnTrack,-344.0,9467.0,1928.0,pos,0 days 00:00:16.440000,0 days 01:41:32.730000,11359.166666666666,180.5,4,99.0,False,0,1044.8326706964858,0.18240154801371503
2024-09-01 13:49:16.949,OnTrack,-381.8325652188994,9669.090793016925,1928.9281592033833,car,0 days 00:00:16.740000,0 days 01:41:33.030000,10235.0,193.0,5,99.0,False,0,1061.0313888888888,0.1852294374518991
2024-09-01 13:49:16.989,OnTrack,-386.0,9693.0,1929.0,pos,0 days 00:00:16.780000,0 days 01:41:33.070000,10343.6,194.6,5,99.0,False,0,1063.239933457994,0.18561499387596606
2024-09-01 13:49:17.149,OnTrack,-397.33735695181963,9765.204414409429,1929.2086376097825,car,0 days 00:00:16.940000,0 days 01:41:33.230000,10778.0,201.0,5,99.0,False,0,1072.1980555555554,0.18717885705111145
2024-09-01 13:49:17.369,OnTrack,-406.0,9850.0,1930.0,pos,0 days 00:00:17.160000,0 days 01:41:33.450000,11236.333333333334,207.72222222222223,5,99.61111111111111,False,0,1085.0049133634948,0.1894146128375404
2024-09-01 13:49:17.509,OnTrack,-412.7465859834077,9931.242415915123,1931.311349272955,car,0 days 00:00:17.300000,0 days 01:41:33.590000,11528.0,212.0,5,100.0,False,0,1093.3980555555554,0.19087984470812364
2024-09-01 13:49:17.609,OnTrack,-417.0,9992.0,1931.0,pos,0 days 00:00:17.400000,0 days 01:41:33.690000,11243.75,214.75,5,99.75,False,0,1099.4881233464523,0.19194301761965557
2024-09-01 13:49:17.669,OnTrack,-419.0,10028.0,1930.0,pos,0 days 00:00:17.460000,0 days 01:41:33.750000,11073.2,216.4,5,99.6,False,0,1103.1801505110461,0.192587552853878
2024-09-01 13:49:17.909,OnTrack,-425.52154978914336,10267.923432457701,1931.848658260218,car,0 days 00:00:17.700000,0 days 01:41:33.990000,10391.0,223.0,5,99.0,False,0,1118.1758333333332,0.19520542252528147
2024-09-01 13:49:18.009,OnTrack,-427.0,10352.0,1933.0,pos,0 days 00:00:17.800000,0 days 01:41:34.090000,10554.125,226.75,5,99.625,False,0,1124.5118997682698,0.1963115406229093
2024-09-01 13:49:18.069,OnTrack,-427.4302494621027,10386.817836553302,1933.326067968114,car,0 days 00:00:17.860000,0 days 01:41:34.150000,10652.0,229.0,6,100.0,False,0,1128.353611111111,0.19698220695600638
2024-09-01 13:49:18.269,OnTrack,-426.64951931514565,10444.29867105165,1932.9927807431277,car,0 days 00:00:18.060000,0 days 01:41:34.350000,10782.0,235.0,6,100.0,False,0,1141.4091666666664,0.19926137912423975
2024-09-01 13:49:18.329,OnTrack,-426.0,10469.0,1933.0,pos,0 days 00:00:18.120000,0 days 01:41:34.410000,10859.0,236.0,6,100.0,False,0,1145.3773520224051,0.19995412464416076
2024-09-01 13:49:18.609,OnTrack,-421.0,10655.0,1934.0,pos,0 days 00:00:18.400000,0 days 01:41:34.690000,11218.333333333334,240.66666666666666,6,100.0,False,0,1164.1533399042344,0.20323194065354097
2024-09-01 13:49:18.629,OnTrack,-420.5342695929641,10668.8781985814,1934.0113261766455,car,0 days 00:00:18.420000,0 days 01:41:34.710000,11244.0,241.0,6,100.0,False,0,1165.5091666666663,0.20346863396074885
2024-09-01 13:49:18.689,OnTrack,-419.0,10710.0,1934.0,pos,0 days 00:00:18.480000,0 days 01:41:34.770000,11244.0,242.875,6,100.0,False,0,1169.5880118951313,0.20418069791572113
2024-09-01 13:49:18.789,OnTrack,-415.6399004376718,10778.700681692519,1934.099204610684,car,0 days 00:00:18.580000,0 days 01:41:34.870000,11244.0,246.0,6,100.0,False,0,1176.4424999999997,0.2053773194190822
2024-09-01 13:49:19.029,OnTrack,-404.0,10945.0,1935.0,pos,0 days 00:00:18.820000,0 days 01:41:35.110000,11467.714285714286,252.0,6,100.0,False,0,1193.2834566734182,0.20831732756911042
2024-09-01 13:49:19.069,OnTrack,-401.71071979088475,10972.898364223991,1935.2342080087433,car,0 days 00:00:18.860000,0 days 01:41:35.150000,11505.0,253.0,6,100.0,False,0,1196.1202777777776,0.20881256529988335
2024-09-01 13:49:19.209,OnTrack,-393.0,11071.0,1936.0,pos,0 days 00:00:19,0 days 01:41:35.290000,11296.357451688003,254.93905714044607,6,100.0,False,0,1206.0898190694309,0.210552996869057
2024-09-01 13:49:19.389,OnTrack,-380.0,11199.0,1936.0,pos,0 days 00:00:19.180000,0 days 01:41:35.470000,11028.102746715436,257.43213060673384,6,100.0,False,0,1219.0220957684953,0.21281064764454305
2024-09-01 13:49:19.430,OnTrack,-376.45533074823277,11228.888652487374,1935.9815983336316,car,0 days 00:00:19.221000,0 days 01:41:35.511000,10967.0,258.0,6,100.0,False,0,1221.991944444444,0.21332910864892418
2024-09-01 13:49:19.649,OnTrack,-355.0,11387.0,1936.0,pos,0 days 00:00:19.440000,0 days 01:41:35.730000,10861.410806857142,262.69285302857145,6,100.0,False,0,1238.0120483857168,0.21612581652395732
2024-09-01 13:49:19.710,OnTrack,-349.27511726121645,11426.522432952295,1936.0033729333359,car,0 days 00:00:19.501000,0 days 01:41:35.791000,10832.0,264.0,7,100.0,False,0,1242.5252777777773,0.21691371304628188
2024-09-01 13:49:19.869,OnTrack,-328.0,11547.0,1936.0,pos,0 days 00:00:19.660000,0 days 01:41:35.950000,10865.38995968,266.78249664,7,100.0,False,0,1254.398165509303,0.21898642110984168
2024-09-01 13:49:20.069,OnTrack,-272.0,11796.0,1936.0,pos,0 days 00:00:19.860000,0 days 01:41:36.150000,10907.38995968,270.28249664,7,100.0,False,0,1269.5195581366295,0.22162623655656669
2024-09-01 13:49:20.110,OnTrack,-262.9759446416633,11834.207056428164,1936.0001180789307,car,0 days 00:00:19.901000,0 days 01:41:36.191000,10916.0,271.0,7,100.0,False,0,1272.6363888888886,0.22217035694067552
2024-09-01 13:49:20.430,OnTrack,-224.39865428929363,11965.780398410188,1936.0000178255186,car,0 days 00:00:20.221000,0 days 01:41:36.511000,11160.0,276.0,7,100.0,False,0,1297.1697222222217,0.22645326089596
2024-09-01 13:49:20.469,OnTrack,-217.0,11987.0,1936.0,pos,0 days 00:00:20.260000,0 days 01:41:36.550000,11176.0874208,276.6499968,7,100.0,False,0,1300.1893104611731,0.2269804051790552
2024-09-01 13:49:20.669,OnTrack,-165.0,12134.0,1936.0,pos,0 days 00:00:20.460000,0 days 01:41:36.750000,11258.5874208,279.9833301333333,7,100.0,False,0,1315.7583550661764,0.2296983694203094
2024-09-01 13:49:20.670,OnTrack,-164.7246141792027,12134.744906160988,1935.999999846736,car,0 days 00:00:20.461000,0 days 01:41:36.751000,11259.0,280.0,7,100.0,False,0,1315.8363888888885,0.22971199216628518
2024-09-01 13:49:20.910,OnTrack,-94.90509535356324,12306.791209867168,1935.9999747142488,car,0 days 00:00:20.701000,0 days 01:41:36.991000,11350.0,282.0,7,100.0,False,0,1334.6363888888884,0.23299400008854126
2024-09-01 13:49:20.929,OnTrack,-88.0,12322.0,1936.0,pos,0 days 00:00:20.720000,0 days 01:41:37.010000,11366.43483392,282.37999616,7,100.0,False,0,1336.1384208471945,0.23325621715166056
2024-09-01 13:49:21.110,OnTrack,-12.534173701334641,12478.137387117074,1936.0001281634775,car,0 days 00:00:20.901000,0 days 01:41:37.191000,11523.0,286.0,7,100.0,False,0,1350.5252777777775,0.2357678011103062
2024-09-01 13:49:21.129,OnTrack,-5.0,12493.0,1936.0,pos,0 days 00:00:20.920000,0 days 01:41:37.210000,11530.5999232,286.0,7,100.0,False,0,1352.033979870603,0.236031182611422
2024-09-01 13:49:21.270,OnTrack,44.36625395311373,12586.042241045507,1935.9978157724559,car,0 days 00:00:21.061000,0 days 01:41:37.351000,11587.0,286.0,7,100.0,False,0,1363.2363888888888,0.23798684192771813
2024-09-01 13:49:21.449,OnTrack,105.0,12688.0,1936.0,pos,0 days 00:00:21.240000,0 days 01:41:37.530000,11641.2593168,288.796872,7,100.0,False,0,1377.6660036499393,0.2405058903298921
2024-09-01 13:49:21.590,OnTrack,165.11539564055647,12782.051575041798,1936.012529887149,car,0 days 00:00:21.381000,0 days 01:41:37.671000,11684.0,291.0,7,100.0,False,0,1389.103055555555,0.24250251240231155
2024-09-01 13:49:21.689,OnTrack,211.0,12850.0,1936.0,pos,0 days 00:00:21.480000,0 days 01:41:37.770000,11476.1004032,291.49499904,7,100.0,False,0,1397.1217965276894,0.2439023832213043
2024-09-01 13:49:21.790,OnTrack,259.0697839355374,12917.433979870655,1935.951757442055,car,0 days 00:00:21.581000,0 days 01:41:37.871000,11264.0,292.0,7,100.0,False,0,1405.3252777777775,0.2453345050539037
2024-09-01 13:49:21.889,OnTrack,307.0,12981.0,1936.0,pos,0 days 00:00:21.680000,0 days 01:41:37.970000,11044.6535504,293.2374976,7,100.0,False,0,1413.4210311979068,0.24674782031249393
2024-09-01 13:49:22.110,OnTrack,420.1090103081942,13116.086732307525,1936.8153665420518,car,0 days 00:00:21.901000,0 days 01:41:38.191000,10555.0,296.0,8,100.0,False,0,1431.6363888888886,0.2499277643682668
2024-09-01 13:49:22.150,OnTrack,445.0,13143.0,1937.0,pos,0 days 00:00:21.941000,0 days 01:41:38.231000,10555.0,296.5,8,100.0,False,0,1434.9420895484707,0.25050485669557293
2024-09-01 13:49:22.270,OnTrack,530.9937878287026,13231.40995864419,1937.5596197368102,car,0 days 00:00:22.061000,0 days 01:41:38.351000,10555.0,298.0,8,100.0,False,0,1444.8808333333332,0.2522399117934023
2024-09-01 13:49:22.370,OnTrack,610.0,13307.0,1938.0,pos,0 days 00:00:22.161000,0 days 01:41:38.451000,10648.1247616,299.2499968,8,100.0,False,0,1453.2043284263361,0.2536929850293648
2024-09-01 13:49:22.430,OnTrack,658.5113486147691,13350.627558496843,1938.2407735569561,car,0 days 00:00:22.221000,0 days 01:41:38.511000,10704.0,300.0,8,100.0,False,0,1458.2141666666662,0.2545675769864917
2024-09-01 13:49:22.670,OnTrack,847.0527374585533,13504.646972026652,1938.9475667234658,car,0 days 00:00:22.461000,0 days 01:41:38.751000,10767.0,302.0,8,100.0,False,0,1478.3474999999996,0.25808235142805674
2024-09-01 13:49:22.729,OnTrack,882.0,13532.0,1939.0,pos,0 days 00:00:22.520000,0 days 01:41:38.810000,10786.1749376,302.3687488,8,100.0,False,0,1483.313945498485,0.25894936810207175
2024-09-01 13:49:22.990,OnTrack,986.6514908383565,13608.334076693842,1938.8378392551153,car,0 days 00:00:22.781000,0 days 01:41:39.071000,10871.0,304.0,8,100.0,False,0,1505.369722222222,0.2627997528860513
2024-09-01 13:49:23.049,OnTrack,1020.0,13630.0,1939.0,pos,0 days 00:00:22.840000,0 days 01:41:39.130000,10888.004965375823,304.44360779241276,8,100.0,False,0,1510.38091268057,0.26367458090648915
2024-09-01 13:49:23.329,OnTrack,1250.0,13772.0,1941.0,pos,0 days 00:00:23.120000,0 days 01:41:39.410000,10968.706758595734,306.54887196336693,8,100.0,False,0,1534.2701228559986,0.2678450371326699
2024-09-01 13:49:23.389,OnTrack,1294.1632747054014,13797.316661305307,1941.3592683230877,car,0 days 00:00:23.180000,0 days 01:41:39.470000,10986.0,307.0,8,100.0,False,0,1539.3955555555553,0.2687398089797409
2024-09-01 13:49:23.509,OnTrack,1385.0,13845.0,1942.0,pos,0 days 00:00:23.300000,0 days 01:41:39.590000,11010.5,307.5,8,100.0,False,0,1549.6468596295754,0.2705294292555063
2024-09-01 13:49:23.629,OnTrack,1512.018781631659,13904.54661237005,1942.789023023757,car,0 days 00:00:23.420000,0 days 01:41:39.710000,11035.0,308.0,8,100.0,False,0,1559.9288888888887,0.2723244133770986
2024-09-01 13:49:23.829,OnTrack,1730.0,14001.0,1944.0,pos,0 days 00:00:23.620000,0 days 01:41:39.910000,11070.714285714286,310.14285714285717,8,100.0,False,0,1577.1936587610178,0.27533840866945264
2024-09-01 13:49:23.909,OnTrack,1780.4107934494414,14023.103848189729,1944.2164318732093,car,0 days 00:00:23.700000,0 days 01:41:39.990000,11085.0,311.0,8,100.0,False,0,1584.1177777777777,0.2765471859815617
2024-09-01 13:49:24.169,OnTrack,1909.0,14067.0,1945.0,pos,0 days 00:00:23.960000,0 days 01:41:40.250000,11142.6875,311.8125,8,100.0,False,0,1606.639892855316,0.2804789817321172
2024-09-01 13:49:24.229,OnTrack,1976.0005062998505,14086.415933932982,1945.6508437365737,car,0 days 00:00:24.020000,0 days 01:41:40.310000,11156.0,312.0,8,100.0,False,0,1611.851111111111,0.2813887295831877
2024-09-01 13:49:24.409,OnTrack,2210.0,14152.0,1948.0,pos,0 days 00:00:24.200000,0 days 01:41:40.490000,11189.42857142857,313.2857142857143,8,100.0,False,0,1627.528215397864,0.28412555833144076
2024-09-01 13:49:24.509,OnTrack,2282.5675944522313,14170.737393469719,1948.5978879434726,car,0 days 00:00:24.300000,0 days 01:41:40.590000,11208.0,314.0,8,100.0,False,0,1636.273333333333,0.28565223632852976
2024-09-01 13:49:24.709,OnTrack,2364.0,14186.0,1949.0,pos,0 days 00:00:24.500000,0 days 01:41:40.790000,11192.166666666666,315.6666666666667,8,100.0,False,0,1653.832874731502,0.28871769132746455
2024-09-01 13:49:24.749,OnTrack,2389.560165033689,14190.750768857353,1949.1904788453026,car,0 days 00:00:24.540000,0 days 01:41:40.830000,11189.0,316.0,8,100.0,False,0,1657.34,0.28932994733361106
2024-09-01 13:49:24.909,OnTrack,2527.347704205572,14216.710449714135,1950.390539113885,car,0 days 00:00:24.700000,0 days 01:41:40.990000,11226.0,315.0,8,100.0,False,0,1671.34,0.291773995786355
2024-09-01 13:49:25.049,OnTrack,2658.0,14240.0,1952.0,pos,0 days 00:00:24.840000,0 days 01:41:41.130000,11237.5,315.5,8,100.0,False,0,1683.61468532469,0.2939168476203355
2024-09-01 13:49:25.189,OnTrack,2779.745465566021,14259.447888430994,1953.8597186371317,car,0 days 00:00:24.980000,0 days 01:41:41.270000,11249.0,316.0,8,100.0,False,0,1695.9177777777775,0.29606465862561643
2024-09-01 13:49:25.209,OnTrack,2797.0,14262.0,1954.0,pos,0 days 00:00:25,0 days 01:41:41.290000,11251.25,316.0833333333333,8,100.0,False,0,1697.6771733469952,0.29637180491266724
2024-09-01 13:49:25.369,OnTrack,2936.0,14281.0,1954.0,pos,0 days 00:00:25.160000,0 days 01:41:41.450000,11269.25,316.75,8,100.0,False,0,1711.766312825096,0.298831414879949
2024-09-01 13:49:25.429,OnTrack,2988.2813509031803,14287.791825383629,1954.2338233045427,car,0 days 00:00:25.220000,0 days 01:41:41.510000,11276.0,317.0,8,100.0,False,0,1717.051111111111,0.2997540079566632
2024-09-01 13:49:25.629,OnTrack,3163.0,14309.0,1956.0,car,0 days 00:00:25.420000,0 days 01:41:41.710000,11276.0,317.0,8,100.0,False,0,1734.662222222222,0.3028284657325354
2024-09-01 13:49:25.809,OnTrack,3321.0,14325.0,1957.0,pos,0 days 00:00:25.600000,0 days 01:41:41.890000,11270.01662368091,317.0,8,100.0,False,0,1750.5023325494049,0.30559375124228144
2024-09-01 13:49:25.969,OnTrack,3461.0,14337.0,1958.0,pos,0 days 00:00:25.760000,0 days 01:41:42.050000,11264.69806695283,317.0,8,100.0,False,0,1764.5973831477345,0.30805439314272387
2024-09-01 13:49:25.990,OnTrack,3479.430376138237,14338.498751420615,1958.105122206508,car,0 days 00:00:25.781000,0 days 01:41:42.071000,11264.0,317.0,8,100.0,False,0,1766.4502777777775,0.3083778620179849
2024-09-01 13:49:26.169,OnTrack,3637.0,14351.0,1959.0,pos,0 days 00:00:25.960000,0 days 01:41:42.250000,11261.016669866667,317.7458325333333,8,100.0,False,0,1782.2654741758274,0.3111387981813059
2024-09-01 13:49:26.230,OnTrack,3690.579920496767,14355.317927888787,1959.6290301408862,car,0 days 00:00:26.021000,0 days 01:41:42.311000,11260.0,318.0,8,100.0,False,0,1787.6502777777773,0.312078849674997
2024-09-01 13:49:26.349,OnTrack,3795.0,14364.0,1961.0,pos,0 days 00:00:26.140000,0 days 01:41:42.430000,11266.54498944,317.40500096,8,99.40500096,False,0,1798.136356836571,0.31390945576778234
2024-09-01 13:49:26.430,OnTrack,3866.211124326366,14370.236073961709,1961.5139031253655,car,0 days 00:00:26.221000,0 days 01:41:42.511000,11271.0,317.0,8,99.0,False,0,1805.2613888888884,0.3151533074508693
2024-09-01 13:49:26.569,OnTrack,3988.0,14381.0,1962.0,pos,0 days 00:00:26.360000,0 days 01:41:42.650000,11249.157173028572,316.5035721142857,8,99.0,False,0,1817.4666549798567,0.3172840404297949
2024-09-01 13:49:26.710,OnTrack,4109.69415004792,14390.918806732047,1962.8485780417452,car,0 days 00:00:26.501000,0 days 01:41:42.791000,11227.0,316.0,8,99.0,False,0,1829.8391666666662,0.3194439702901308
2024-09-01 13:49:26.869,OnTrack,4250.0,14402.0,1964.0,pos,0 days 00:00:26.660000,0 days 01:41:42.950000,11209.1125216,316.0,8,99.0,False,0,1843.795940202395,0.32188047248765184
2024-09-01 13:49:26.870,OnTrack,4250.912966588852,14402.073663954836,1964.0068730214723,car,0 days 00:00:26.661000,0 days 01:41:42.951000,11209.0,316.0,8,99.0,False,0,1843.8836111111107,0.3218957776268516
2024-09-01 13:49:27.029,OnTrack,4400.0,14414.0,1965.0,pos,0 days 00:00:26.820000,0 days 01:41:43.110000,11189.92002304,315.20500096,8,99.0,False,0,1857.7968613436049,0.32432468174852064
2024-09-01 13:49:27.070,OnTrack,4439.086053010827,14416.84981452596,1965.1959668807626,car,0 days 00:00:26.861000,0 days 01:41:43.151000,11185.0,315.0,8,99.0,False,0,1861.3836111111107,0.3249508381927815
2024-09-01 13:49:27.230,OnTrack,4591.670731271344,14426.719514821116,1965.7301719136321,car,0 days 00:00:27.021000,0 days 01:41:43.311000,11166.0,315.0,8,99.0,False,0,1875.3836111111107,0.3273948866455254
2024-09-01 13:49:27.309,OnTrack,4662.0,14431.0,1966.0,pos,0 days 00:00:27.100000,0 days 01:41:43.390000,11155.73002496,314.60500096,8,99.0,False,0,1882.2824345414679,0.3285992479834338
2024-09-01 13:49:27.430,OnTrack,4760.662452530994,14436.870894646201,1966.495030164275,car,0 days 00:00:27.221000,0 days 01:41:43.511000,11140.0,314.0,8,99.0,False,0,1892.828055555555,0.330440248606484
2024-09-01 13:49:27.589,OnTrack,4906.0,14445.0,1967.0,pos,0 days 00:00:27.380000,0 days 01:41:43.670000,11140.0,313.3375008,8,99.0,False,0,1906.6530802897519,0.3328537507715383
2024-09-01 13:49:27.670,OnTrack,5004.54681502155,14450.236415455058,1967.0322120774294,car,0 days 00:00:27.461000,0 days 01:41:43.751000,11140.0,313.0,8,99.0,False,0,1913.6947222222218,0.334083044633669
2024-09-01 13:49:27.749,OnTrack,5097.0,14455.0,1967.0,pos,0 days 00:00:27.540000,0 days 01:41:43.830000,11116.69505664,313.0,8,99.0,False,0,1920.566935699735,0.33528276054200057
2024-09-01 13:49:27.870,OnTrack,5194.627272165648,14459.647496135465,1966.9866851120264,car,0 days 00:00:27.661000,0 days 01:41:43.951000,11081.0,313.0,8,99.0,False,0,1931.0836111111107,0.33711870798965643
2024-09-01 13:49:28.049,OnTrack,5304.0,14464.0,1967.0,pos,0 days 00:00:27.840000,0 days 01:41:44.130000,11067.5750144,312.3607149714286,8,99.0,False,0,1946.5731062458744,0.33982278489093526
2024-09-01 13:49:28.150,OnTrack,5391.604734672443,14467.50638714023,1966.9916220456187,car,0 days 00:00:27.941000,0 days 01:41:44.231000,11060.0,312.0,8,99.0,False,0,1955.3502777777776,0.34135505864107923
2024-09-01 13:49:28.409,OnTrack,5650.0,14478.0,1967.0,pos,0 days 00:00:28.200000,0 days 01:41:44.490000,11036.258350933333,311.2805560888889,8,99.0,False,0,1978.0108020091639,0.345311017154371
2024-09-01 13:49:28.510,OnTrack,5727.145594010673,14481.235559946745,1967.0711093887178,car,0 days 00:00:28.301000,0 days 01:41:44.591000,11027.0,311.0,8,99.0,True,0,1986.4502777777775,0.3467843377039603
2024-09-01 13:49:28.650,OnTrack,5822.0,14485.0,1967.0,pos,0 days 00:00:28.441000,0 days 01:41:44.731000,10611.084093866666,293.500032,8,43.0001024,True,0,1997.533396271267,0.34871917189007384
2024-09-01 13:49:28.750,OnTrack,5893.839031168021,14487.38619601987,1966.6083313251236,car,0 days 00:00:28.541000,0 days 01:41:44.831000,10314.0,281.0,8,3.0,True,0,2005.1836111111106,0.35005470730025084
2024-09-01 13:49:28.890,OnTrack,6008.0,14491.0,1966.0,pos,0 days 00:00:28.681000,0 days 01:41:44.971000,10146.0003072,268.7500224,8,1.2500032,True,0,2015.6262310391212,0.35187772652008276
2024-09-01 13:49:28.910,OnTrack,6026.526462039277,14491.627280851031,1965.9594748614013,car,0 days 00:00:28.701000,0 days 01:41:44.991000,10122.0,267.0,8,1.0,True,0,2017.0502777777774,0.3521263293221005
2024-09-01 13:49:29.150,OnTrack,6257.0,14500.0,1966.0,pos,0 days 00:00:28.941000,0 days 01:41:45.231000,10007.25,236.25,8,2.5,True,0,2032.5002759374502,0.3548235110433179
2024-09-01 13:49:29.230,OnTrack,6306.291925560656,14501.949080692497,1965.8743198546065,car,0 days 00:00:29.021000,0 days 01:41:45.311000,9969.0,226.0,8,3.0,True,0,2037.1391666666664,0.3556333448796885
2024-09-01 13:49:29.510,OnTrack,6391.1545617018855,14507.358050138157,1965.0229583985747,car,0 days 00:00:29.301000,0 days 01:41:45.591000,9875.0,189.0,7,4.0,True,0,2051.8391666666666,0.35819959575506966
2024-09-01 13:49:29.529,OnTrack,6398.0,14508.0,1965.0,pos,0 days 00:00:29.320000,0 days 01:41:45.610000,9945.4180384,187.4562656,7,3.9406256,True,0,2052.7669276331303,0.3583615595232555
2024-09-01 13:49:29.689,OnTrack,6464.0,14515.0,1965.0,pos,0 days 00:00:29.480000,0 days 01:41:45.770000,10538.4180384,174.4562656,7,3.4406256,True,0,2060.2619807223195,0.35967000758796025
2024-09-01 13:49:29.830,OnTrack,6515.355346889897,14522.8424781195,1965.0367062622065,car,0 days 00:00:29.621000,0 days 01:41:45.911000,11061.0,163.0,5,3.0,True,0,2066.3280555555557,0.36072899193156016
2024-09-01 13:49:29.889,OnTrack,6539.0,14528.0,1965.0,pos,0 days 00:00:29.680000,0 days 01:41:45.970000,10910.476506012505,158.69932874321438,5,2.5968120696763495,True,0,2068.7028859040643,0.36114357767718885
2024-09-01 13:49:30.229,OnTrack,6700.0,14576.0,1964.0,pos,0 days 00:00:30.020000,0 days 01:41:46.310000,10043.050158527632,133.9157188150752,5,0.27334863891329997,True,0,2080.9206031345875,0.3632764843124262
2024-09-01 13:49:30.269,OnTrack,6711.29375972033,14579.790128173056,1963.834624478372,car,0 days 00:00:30.060000,0 days 01:41:46.350000,9941.0,131.0,3,0.0,True,0,2082.302777777778,0.3635177772980056
2024-09-01 13:49:30.489,OnTrack,6749.0,14597.0,1963.0,pos,0 days 00:00:30.280000,0 days 01:41:46.570000,8918.0,123.66666666666667,3,0.0,True,0,2089.8286740077738,0.3648316098006079
2024-09-01 13:49:30.509,OnTrack,6753.500810453242,14599.69761468525,1962.9607591603956,car,0 days 00:00:30.300000,0 days 01:41:46.590000,8825.0,123.0,3,0.0,True,0,2090.5027777777777,0.3649492913917555
2024-09-01 13:49:30.869,OnTrack,6864.0,14683.0,1963.0,car,0 days 00:00:30.660000,0 days 01:41:46.950000,8115.0,117.0,3,0.0,True,0,2102.2027777777776,0.3669918175986915
2024-09-01 13:49:31.109,OnTrack,6906.939350602716,14753.101199040864,1962.5219377390597,car,0 days 00:00:30.900000,0 days 01:41:47.190000,7975.0,107.0,3,5.0,False,0,2109.3361111111108,0.3682371184769943
2024-09-01 13:49:31.269,OnTrack,6924.0,14793.0,1962.0,pos,0 days 00:00:31.060000,0 days 01:41:47.350000,8015.5,105.5,3,21.0,False,0,2113.9308108531613,0.3690392376766644
2024-09-01 13:49:31.429,OnTrack,6936.598841400208,14820.915174341115,1961.4021436389319,car,0 days 00:00:31.220000,0 days 01:41:47.510000,8056.0,104.0,3,37.0,False,0,2118.5805555555553,0.36985096634420295
2024-09-01 13:49:31.589,OnTrack,6952.0,14849.0,1961.0,pos,0 days 00:00:31.380000,0 days 01:41:47.670000,8058.222222222223,107.11111111111111,3,40.111111111111114,False,0,2123.4428979266704,0.3706998092262626
2024-09-01 13:49:31.749,OnTrack,6979.0,14889.0,1961.0,pos,0 days 00:00:31.540000,0 days 01:41:47.830000,8060.444444444444,110.22222222222223,3,43.22222222222222,False,0,2128.4336088982873,0.3715710620425678
2024-09-01 13:49:31.789,OnTrack,6988.855280628377,14900.517702783425,1961.0078220830078,car,0 days 00:00:31.580000,0 days 01:41:47.870000,8061.0,111.0,3,44.0,False,0,2129.680555555555,0.3717887476174499
2024-09-01 13:49:32.029,OnTrack,7065.526300367607,14973.079861474718,1961.0017513574776,car,0 days 00:00:31.820000,0 days 01:41:48.110000,8448.0,112.0,3,29.0,False,0,2137.147222222222,0.37309224012557995
2024-09-01 13:49:32.069,OnTrack,7076.0,14982.0,1961.0,pos,0 days 00:00:31.860000,0 days 01:41:48.150000,8476.285714285714,111.85714285714286,3,30.428571428571427,False,0,2138.3868256358946,0.37330864375452305
2024-09-01 13:49:32.309,OnTrack,7115.758810926965,15010.109667651006,1961.0017382657506,car,0 days 00:00:32.100000,0 days 01:41:48.390000,8646.0,111.0,3,39.0,False,0,2145.7805555555556,0.37459940333810543
2024-09-01 13:49:32.429,OnTrack,7138.0,15022.0,1961.0,pos,0 days 00:00:32.220000,0 days 01:41:48.510000,8566.000076417837,110.40298564490924,3,41.985071775453825,False,0,2149.437966348569,0.37523789542308494
2024-09-01 13:49:32.510,OnTrack,7158.157202059856,15032.715148275573,1960.995252012232,car,0 days 00:00:32.301000,0 days 01:41:48.591000,8512.0,110.0,3,44.0,False,0,2151.922222222222,0.3756715841176722
2024-09-01 13:49:32.669,OnTrack,7205.0,15056.0,1961.0,pos,0 days 00:00:32.460000,0 days 01:41:48.750000,8865.7745728,112.38499712,3,54.33498752,False,0,2156.8886759776224,0.37653860223313723
2024-09-01 13:49:32.849,OnTrack,7260.0,15077.0,1961.0,pos,0 days 00:00:32.640000,0 days 01:41:48.930000,9266.2745728,115.08499712,3,66.03498752,False,0,2162.735792449808,0.3775593619450557
2024-09-01 13:49:32.910,OnTrack,7281.9195281283355,15084.2456886728,1960.8950933607248,car,0 days 00:00:32.701000,0 days 01:41:48.991000,9402.0,116.0,3,70.0,False,0,2164.811111111111,0.377921660470992
2024-09-01 13:49:33.150,OnTrack,7379.6791348726665,15113.040449806329,1960.061609323057,car,0 days 00:00:32.941000,0 days 01:41:49.231000,10591.0,129.0,3,78.0,False,0,2173.411111111111,0.3794230045205347
2024-09-01 13:49:33.169,OnTrack,7387.0,15115.0,1960.0,pos,0 days 00:00:32.960000,0 days 01:41:49.250000,10644.57945856,129.75999232,3,78.37999616,False,0,2174.114217684508,0.37954574927287926
2024-09-01 13:49:33.350,OnTrack,7451.203577888938,15130.618874869935,1959.512824963267,car,0 days 00:00:33.141000,0 days 01:41:49.431000,11155.0,137.0,3,82.0,False,0,2181.0222222222224,0.3807517134015899
2024-09-01 13:49:33.870,OnTrack,7629.909477169875,15161.097829139348,1958.4946088833224,car,0 days 00:00:33.661000,0 days 01:41:49.951000,10949.0,160.0,4,99.0,False,0,2204.1333333333337,0.38478633306961163
2024-09-01 13:49:33.989,OnTrack,7697.0,15174.0,1958.0,pos,0 days 00:00:33.780000,0 days 01:41:50.070000,11026.7217496,165.2062416,4,99.0,False,0,2209.776248172094,0.38577144430394283
2024-09-01 13:49:34.189,OnTrack,7828.0,15201.0,1957.0,pos,0 days 00:00:33.980000,0 days 01:41:50.270000,11157.3467496,173.9562416,4,99.0,False,0,2219.549801614111,0.38747766131592654
2024-09-01 13:49:34.190,OnTrack,7828.596883802766,15201.132698298325,1956.9959593586934,car,0 days 00:00:33.981000,0 days 01:41:50.271000,11158.0,174.0,4,99.0,False,0,2219.6000000000004,0.38748642469359534
2024-09-01 13:49:34.569,OnTrack,8007.0,15249.0,1956.0,pos,0 days 00:00:34.360000,0 days 01:41:50.650000,11538.89480704,189.15999232000001,4,99.0,False,0,2239.5555260565193,0.3909701584494614
2024-09-01 13:49:34.590,OnTrack,8017.522371016086,15252.1055391226,1955.9043029747688,car,0 days 00:00:34.381000,0 days 01:41:50.671000,11560.0,190.0,4,99.0,False,0,2240.711111111111,0.39117189458265356
2024-09-01 13:49:34.749,OnTrack,8101.0,15277.0,1955.0,pos,0 days 00:00:34.540000,0 days 01:41:50.830000,11331.658609066666,196.624992,4,99.0,False,0,2249.622245721277,0.3927275549223799
2024-09-01 13:49:34.949,OnTrack,8209.0,15310.0,1954.0,pos,0 days 00:00:34.740000,0 days 01:41:51.030000,11044.436386844445,204.95832533333333,4,99.0,False,0,2261.1528337273235,0.3947405060491945
2024-09-01 13:49:34.950,OnTrack,8209.716574594047,15310.22101088022,1953.9979071471241,car,0 days 00:00:34.741000,0 days 01:41:51.031000,11043.0,205.0,5,99.0,False,0,2261.211111111111,0.3947506798170285
2024-09-01 13:49:35.150,OnTrack,8383.60194030743,15364.167390805356,1954.0358263241685,car,0 days 00:00:34.941000,0 days 01:41:51.231000,11332.0,212.0,5,99.0,False,0,2272.9888888888886,0.3968067840709241
2024-09-01 13:49:35.170,OnTrack,8399.0,15369.0,1954.0,pos,0 days 00:00:34.961000,0 days 01:41:51.251000,11345.9998208,212.42856594285715,5,99.0,False,0,2274.1809850298014,0.3970148941229755
2024-09-01 13:49:35.430,OnTrack,8520.961520011013,15408.728499457906,1952.1323909623945,car,0 days 00:00:35.221000,0 days 01:41:51.511000,11528.0,218.0,5,99.0,False,0,2289.9444444444443,0.39976679830813616
2024-09-01 13:49:35.650,OnTrack,8606.0,15441.0,1952.0,pos,0 days 00:00:35.441000,0 days 01:41:51.731000,11313.5002496,223.4999936,5,99.0,False,0,2303.746566420513,0.40217630222672135
2024-09-01 13:49:35.750,OnTrack,8665.0,15464.0,1953.0,pos,0 days 00:00:35.541000,0 days 01:41:51.831000,11216.0,226.0,5,99.0,False,0,2310.134485021846,0.40329147241056723
2024-09-01 13:49:35.830,OnTrack,8725.150029230015,15487.501565246694,1952.9594859323802,car,0 days 00:00:35.621000,0 days 01:41:51.911000,11138.0,228.0,5,99.0,False,0,2315.2777777777774,0.404189362175006
2024-09-01 13:49:36.009,OnTrack,8881.0,15548.0,1951.0,pos,0 days 00:00:35.800000,0 days 01:41:52.090000,10603.2380736,232.4749952,5,99.0,False,0,2326.8906496101226,0.4062166779917029
2024-09-01 13:49:36.070,OnTrack,8929.360990933043,15566.405480681904,1950.5486877760043,car,0 days 00:00:35.861000,0 days 01:41:52.151000,10421.0,234.0,6,99.0,False,0,2330.8777777777773,0.40691273045092063
2024-09-01 13:49:36.270,OnTrack,9066.721382125921,15617.224909264838,1950.050535989466,car,0 days 00:00:36.061000,0 days 01:41:52.351000,10805.0,237.0,6,99.0,False,0,2344.0444444444443,0.4092112998290965
2024-09-01 13:49:36.409,OnTrack,9141.0,15644.0,1950.0,pos,0 days 00:00:36.200000,0 days 01:41:52.490000,10901.720699733334,238.15833173333334,6,99.0,False,0,2353.2652979767595,0.4108210293154274
2024-09-01 13:49:36.510,OnTrack,9183.60671626978,15659.072446286698,1949.9809433921944,car,0 days 00:00:36.301000,0 days 01:41:52.591000,10972.0,239.0,6,99.0,False,0,2359.977777777777,0.41199285973483823
2024-09-01 13:49:36.729,OnTrack,9268.0,15688.0,1950.0,pos,0 days 00:00:36.520000,0 days 01:41:52.810000,11106.698734887686,239.91631792440603,6,99.0,False,0,2374.5642123392417,0.41453928493633807
2024-09-01 13:49:36.749,OnTrack,9277.800386642812,15691.331766698335,1950.0068461976555,car,0 days 00:00:36.540000,0 days 01:41:52.830000,11119.0,240.0,6,99.0,False,0,2375.911111111111,0.4147744196405802
2024-09-01 13:49:36.989,OnTrack,9435.0,15744.0,1950.0,pos,0 days 00:00:36.780000,0 days 01:41:53.070000,11246.714285714286,244.28571428571428,6,99.0,False,0,2392.260002547112,0.4176285255561685
2024-09-01 13:49:37.029,OnTrack,9471.304506153107,15755.868247142636,1949.9256919034274,car,0 days 00:00:36.820000,0 days 01:41:53.110000,11268.0,245.0,6,99.0,False,0,2394.9666666666667,0.41810104114570384
2024-09-01 13:49:37.229,OnTrack,9668.0,15819.0,1949.0,pos,0 days 00:00:37.020000,0 days 01:41:53.310000,11189.25,240.625,6,47.125,False,0,2408.3028115517586,0.4204291971651308
2024-09-01 13:49:37.349,OnTrack,9746.403284077955,15842.958118494464,1947.7449385070681,car,0 days 00:00:37.140000,0 days 01:41:53.430000,11142.0,238.0,6,16.0,True,0,2416.1222222222223,0.42179426991873903
2024-09-01 13:49:37.629,OnTrack,9844.331338132719,15864.967770695357,1944.1998432997761,car,0 days 00:00:37.420000,0 days 01:41:53.710000,10315.0,226.0,6,10.0,True,0,2433.7000000000003,0.4248629085316286
2024-09-01 13:49:37.689,OnTrack,9874.0,15870.0,1944.0,pos,0 days 00:00:37.480000,0 days 01:41:53.770000,10391.636363636364,223.27272727272728,6,10.818181818181818,True,0,2437.290078836121,0.42548964614767504
2024-09-01 13:49:37.769,OnTrack,9921.0,15877.0,1944.0,pos,0 days 00:00:37.560000,0 days 01:41:53.850000,10493.818181818182,219.63636363636363,6,11.90909090909091,True,0,2441.969858078911,0.42630661809178383
2024-09-01 13:49:38.069,OnTrack,10137.963457635344,15875.811834357079,1941.1599830066493,car,0 days 00:00:37.860000,0 days 01:41:54.150000,10877.0,206.0,5,16.0,True,0,2458.8777777777777,0.4292583163045791
2024-09-01 13:49:38.089,OnTrack,10149.0,15875.0,1941.0,pos,0 days 00:00:37.880000,0 days 01:41:54.170000,10866.7,205.5,5,16.0,True,0,2459.9990968814295,0.42945407046317285
2024-09-01 13:49:38.269,OnTrack,10217.417139893769,15865.608539422758,1940.2353190072847,car,0 days 00:00:38.060000,0 days 01:41:54.350000,10774.0,201.0,5,16.0,True,0,2470.0444444444443,0.43120773590379147
2024-09-01 13:49:38.349,OnTrack,10247.0,15858.0,1940.0,pos,0 days 00:00:38.140000,0 days 01:41:54.430000,10685.0,199.5,5,19.25,True,0,2474.438714318523,0.4319748650814116
2024-09-01 13:49:38.589,OnTrack,10368.157067092028,15817.839679614646,1939.1144956604735,car,0 days 00:00:38.380000,0 days 01:41:54.670000,10418.0,195.0,5,29.0,True,0,2487.3777777777777,0.4342337006548077
2024-09-01 13:49:38.669,OnTrack,10409.0,15800.0,1939.0,pos,0 days 00:00:38.460000,0 days 01:41:54.750000,10291.5,193.0,5,27.0,True,0,2491.6407012093687,0.4349779000417467
2024-09-01 13:49:38.749,OnTrack,10447.117455802685,15780.32611800549,1939.0408392415575,car,0 days 00:00:38.540000,0 days 01:41:54.830000,10165.0,191.0,5,25.0,True,0,2495.866666666667,0.435715647494408
2024-09-01 13:49:38.809,OnTrack,10474.0,15765.0,1939.0,pos,0 days 00:00:38.600000,0 days 01:41:54.890000,10091.2,189.8,5,24.1,True,0,2499.0026115301453,0.4362631047223705
2024-09-01 13:49:38.949,OnTrack,10531.25911499215,15729.000888580444,1938.2105760860004,car,0 days 00:00:38.740000,0 days 01:41:55.030000,9919.0,187.0,5,22.0,False,0,2506.2555555555555,0.4375292866240235
2024-09-01 13:49:39.129,OnTrack,10607.0,15665.0,1937.0,pos,0 days 00:00:38.920000,0 days 01:41:55.210000,9996.655823167286,187.44887759056235,5,43.99500193755519,False,0,2515.614702276809,0.4391631586285294
2024-09-01 13:49:39.329,OnTrack,10704.0,15557.0,1937.0,pos,0 days 00:00:39.120000,0 days 01:41:55.410000,10082.940071130939,187.94763046896497,5,68.43389297928317,False,0,2526.090463357866,0.4409919634614917
2024-09-01 13:49:39.350,OnTrack,10711.474969103465,15547.740446751233,1936.9618712084318,car,0 days 00:00:39.141000,0 days 01:41:55.431000,10092.0,188.0,5,71.0,False,0,2527.1966666666667,0.44118507878186985
2024-09-01 13:49:39.590,OnTrack,10758.578288478584,15474.252472551916,1936.0111572617882,car,0 days 00:00:39.381000,0 days 01:41:55.671000,10092.0,191.0,5,70.0,False,0,2539.9300000000003,0.4434079990412703
2024-09-01 13:49:39.609,OnTrack,10762.0,15468.0,1936.0,pos,0 days 00:00:39.400000,0 days 01:41:55.690000,10141.3995008,191.2374976,5,71.4249856,False,0,2540.9464139022907,0.4435854393859303
2024-09-01 13:49:39.830,OnTrack,10810.596751953235,15371.314312913748,1936.8107740015298,car,0 days 00:00:39.621000,0 days 01:41:55.911000,10716.0,194.0,5,88.0,False,0,2552.8633333333332,0.445665834278567
2024-09-01 13:49:39.889,OnTrack,10826.0,15330.0,1937.0,pos,0 days 00:00:39.680000,0 days 01:41:55.970000,10783.8497792,194.98333013333334,5,90.70415786666666,False,0,2556.0731463618085,0.44622618703327
2024-09-01 13:49:40.070,OnTrack,10875.927059167572,15164.50643385566,1937.0610776201383,car,0 days 00:00:39.861000,0 days 01:41:56.151000,10992.0,198.0,5,99.0,False,0,2566.0633333333335,0.44797022281972554
2024-09-01 13:49:40.109,OnTrack,10884.0,15135.0,1937.0,pos,0 days 00:00:39.900000,0 days 01:41:56.190000,11033.2747968,199.624992,5,99.1624992,False,0,2568.2678762856135,0.4483550806619775
2024-09-01 13:49:40.310,OnTrack,10901.344180265442,15057.093080120478,1936.358927282126,car,0 days 00:00:40.101000,0 days 01:41:56.391000,11246.0,208.0,5,100.0,False,0,2579.9300000000003,0.45039099462053855
2024-09-01 13:49:40.469,OnTrack,10907.0,15007.0,1936.0,pos,0 days 00:00:40.260000,0 days 01:41:56.550000,11470.7679104,212.3363584,5,100.0,False,0,2589.478158937907,0.4520578634118774
2024-09-01 13:49:40.689,OnTrack,10925.0,14877.0,1936.0,pos,0 days 00:00:40.480000,0 days 01:41:56.770000,11781.7679104,218.3363584,5,100.0,False,0,2603.037446737808,0.45442497458099573
2024-09-01 13:49:40.750,OnTrack,10929.310178616295,14841.872176989156,1935.7639156201585,car,0 days 00:00:40.541000,0 days 01:41:56.831000,11868.0,220.0,5,100.0,False,0,2606.818888888889,0.4550851194266022
2024-09-01 13:49:40.869,OnTrack,10937.0,14768.0,1935.0,pos,0 days 00:00:40.660000,0 days 01:41:56.950000,11477.945073777777,221.98333013333334,5,100.0,False,0,2614.217143944509,0.45637666898529455
2024-09-01 13:49:41.110,OnTrack,10955.579971390252,14546.337460690822,1933.1898402896454,car,0 days 00:00:40.901000,0 days 01:41:57.191000,10688.0,226.0,6,100.0,False,0,2629.418888888889,0.4590305119288887
2024-09-01 13:49:41.149,OnTrack,10958.0,14516.0,1933.0,pos,0 days 00:00:40.940000,0 days 01:41:57.230000,10702.624928,227.4624928,6,99.8375008,False,0,2631.9318730999794,0.4594692158698091
2024-09-01 13:49:41.350,OnTrack,10965.722535707842,14416.393924595537,1932.7654712757644,car,0 days 00:00:41.141000,0 days 01:41:57.431000,10778.0,235.0,6,99.0,False,0,2645.085555555556,0.46176551853076886
2024-09-01 13:49:41.549,OnTrack,10971.0,14333.0,1933.0,pos,0 days 00:00:41.340000,0 days 01:41:57.630000,10970.03481472,238.97999616,6,99.0,False,0,2658.2964939392655,0.46407181663905456
2024-09-01 13:49:41.550,OnTrack,10971.034183535954,14332.423974618216,1933.0004587258359,car,0 days 00:00:41.341000,0 days 01:41:57.631000,10971.0,239.0,6,99.0,False,0,2658.3633333333337,0.4640834851188871
2024-09-01 13:49:41.730,OnTrack,10978.0,14213.0,1933.0,pos,0 days 00:00:41.521000,0 days 01:41:57.811000,11057.39987712,241.69999616,6,99.0,False,0,2670.458025951197,0.4661949147459658
2024-09-01 13:49:41.750,OnTrack,10978.76257805977,14200.311405283013,1932.9985593540077,car,0 days 00:00:41.541000,0 days 01:41:57.831000,11067.0,242.0,6,99.0,False,0,2671.807777777778,0.46643054752191887
2024-09-01 13:49:41.970,OnTrack,10989.0,14051.0,1933.0,pos,0 days 00:00:41.761000,0 days 01:41:58.051000,11163.249888,243.3749984,6,99.0,False,0,2686.7169719338444,0.46903331844397544
2024-09-01 13:49:42.150,OnTrack,11005.0,13854.0,1933.0,pos,0 days 00:00:41.941000,0 days 01:41:58.231000,11242.0,244.5,6,99.0,False,0,2698.9959917215015,0.4711769269663494
2024-09-01 13:49:42.230,OnTrack,11009.348798939578,13803.770054086652,1933.0280731486573,car,0 days 00:00:42.021000,0 days 01:41:58.311000,11277.0,245.0,6,99.0,False,0,2704.474444444445,0.472133327244988
2024-09-01 13:49:42.450,OnTrack,11015.0,13750.0,1933.0,pos,0 days 00:00:42.241000,0 days 01:41:58.531000,11369.5832256,247.7499968,6,99.0,False,0,2719.6210529011923,0.47477754474234735
2024-09-01 13:49:42.470,OnTrack,11015.8528389408,13741.177267531964,1932.963467128984,car,0 days 00:00:42.261000,0 days 01:41:58.551000,11378.0,248.0,6,99.0,False,0,2721.007777777778,0.4750196320844188
2024-09-01 13:49:42.710,OnTrack,11031.327839967056,13574.211402672106,1932.164650041261,car,0 days 00:00:42.501000,0 days 01:41:58.791000,11460.0,251.0,6,99.0,False,0,2737.7411111111114,0.47794085190174607
2024-09-01 13:49:42.789,OnTrack,11037.0,13515.0,1932.0,pos,0 days 00:00:42.580000,0 days 01:41:58.870000,11129.893659428571,249.0250048,6,73.32506240000001,False,0,2743.228121022887,0.47889874605067934
2024-09-01 13:49:42.990,OnTrack,11050.700425275068,13377.205555518449,1931.997232627377,car,0 days 00:00:42.781000,0 days 01:41:59.071000,10290.0,244.0,6,8.0,True,0,2756.718888888889,0.48125389535991
2024-09-01 13:49:43.029,OnTrack,11053.0,13352.0,1932.0,pos,0 days 00:00:42.820000,0 days 01:41:59.110000,10248.031480798794,241.31596679527178,6,8.325337358148877,True,0,2759.153891890608,0.4816789857398227
2024-09-01 13:49:43.829,OnTrack,11057.0,12911.0,1930.0,pos,0 days 00:00:43.620000,0 days 01:41:59.910000,9387.134540973755,186.25860436460067,6,14.99895704671507,True,0,2798.417972622558,0.4885335082942036
2024-09-01 13:49:43.949,OnTrack,11047.205822941542,12853.07646894286,1929.4072910262237,car,0 days 00:00:43.740000,0 days 01:42:00.030000,9258.0,178.0,5,16.0,True,0,2804.136111111111,0.48953175168888385
2024-09-01 13:49:44.029,OnTrack,11039.0,12816.0,1929.0,pos,0 days 00:00:43.820000,0 days 01:42:00.110000,9208.666666666666,177.33333333333334,5,18.333333333333332,True,0,2808.0347877421145,0.4902123627308662
2024-09-01 13:49:44.189,OnTrack,11018.32649768526,12746.283599701785,1928.2189915030751,car,0 days 00:00:43.980000,0 days 01:42:00.270000,9110.0,176.0,5,23.0,True,0,2815.8694444444445,0.49158009705880257
2024-09-01 13:49:44.289,OnTrack,10998.0,12701.0,1928.0,pos,0 days 00:00:44.080000,0 days 01:42:00.370000,9111.0,173.75,5,30.25,True,0,2820.6107993579794,0.4924078185688265
2024-09-01 13:49:44.589,OnTrack,10900.405123751914,12554.694784171172,1928.9193362085246,car,0 days 00:00:44.380000,0 days 01:42:00.670000,9114.0,167.0,5,52.0,False,0,2834.425,0.49481943111918536
2024-09-01 13:49:44.629,OnTrack,10889.0,12540.0,1929.0,pos,0 days 00:00:44.420000,0 days 01:42:00.710000,9157.272727272728,167.45454545454547,5,54.36363636363637,False,0,2836.2903471793365,0.495145073896863
2024-09-01 13:49:44.929,OnTrack,10815.0,12467.0,1929.0,pos,0 days 00:00:44.720000,0 days 01:42:01.010000,9481.818181818182,170.86363636363637,5,72.0909090909091,False,0,2850.559812579094,0.4976361642419887
2024-09-01 13:49:45.029,OnTrack,10771.956200568127,12435.144663036239,1929.3134379055114,car,0 days 00:00:44.820000,0 days 01:42:01.110000,9590.0,172.0,5,78.0,False,0,2855.4472222222225,0.49848938324028974
2024-09-01 13:49:45.249,OnTrack,10662.0,12360.0,1930.0,pos,0 days 00:00:45.040000,0 days 01:42:01.330000,9935.95,178.05,5,89.55,False,0,2866.4479900778288,0.5004098410728961
2024-09-01 13:49:45.429,OnTrack,10602.901793740684,12325.108367771461,1929.224865184913,car,0 days 00:00:45.220000,0 days 01:42:01.510000,10219.0,183.0,5,99.0,False,0,2875.780555555556,0.5020390726597511
2024-09-01 13:49:45.469,OnTrack,10590.0,12318.0,1929.0,pos,0 days 00:00:45.260000,0 days 01:42:01.550000,10280.05259910776,184.55124571235686,5,99.0,False,0,2877.903039017903,0.5024096049756172
2024-09-01 13:49:45.790,OnTrack,10446.85189928039,12242.59105697311,1927.233000146382,car,0 days 00:00:45.581000,0 days 01:42:01.871000,10770.0,197.0,5,99.0,False,0,2895.535277777778,0.5054877511084374
2024-09-01 13:49:45.829,OnTrack,10418.0,12228.0,1927.0,pos,0 days 00:00:45.620000,0 days 01:42:01.910000,10851.8995968,198.1916608,5,99.0,False,0,2897.740565210078,0.5058727389182065
2024-09-01 13:49:46.009,OnTrack,10266.0,12152.0,1926.0,pos,0 days 00:00:45.800000,0 days 01:42:02.090000,11229.8995968,203.6916608,5,99.0,False,0,2908.085175282826,0.5076786480783878
2024-09-01 13:49:46.150,OnTrack,10209.061587785382,12123.441228961809,1925.8870321100176,car,0 days 00:00:45.941000,0 days 01:42:02.231000,11526.0,208.0,5,99.0,False,0,2916.335277777778,0.5091189088096568
2024-09-01 13:49:46.309,OnTrack,10171.0,12104.0,1926.0,pos,0 days 00:00:46.100000,0 days 01:42:02.390000,11721.7685136,213.9624928,5,99.0,False,0,2925.7861453219725,0.5107687929666908
2024-09-01 13:49:46.310,OnTrack,10170.630761262659,12103.81177084013,1925.9992837364061,car,0 days 00:00:46.101000,0 days 01:42:02.391000,11723.0,214.0,5,99.0,False,0,2925.8463888888896,0.5107793099807273
2024-09-01 13:49:46.609,OnTrack,10008.0,12020.0,1925.0,pos,0 days 00:00:46.400000,0 days 01:42:02.690000,11911.7436288,222.4093696,5,99.0,False,0,2944.3388444900797,0.5140076283735505
2024-09-01 13:49:46.630,OnTrack,9995.945524132787,12013.561338028685,1924.8744259722394,car,0 days 00:00:46.421000,0 days 01:42:02.711000,11925.0,223.0,5,99.0,False,0,2945.6686111111117,0.5142397722344536
2024-09-01 13:49:46.849,OnTrack,9874.0,11947.0,1924.0,pos,0 days 00:00:46.640000,0 days 01:42:02.930000,10903.000896,231.2124928,5,99.0,False,0,2959.7611608181905,0.5166999775420823
2024-09-01 13:49:46.870,OnTrack,9862.13670096028,11940.597660426905,1924.1195818111896,car,0 days 00:00:46.661000,0 days 01:42:02.951000,10805.0,232.0,6,99.0,False,0,2961.1352777777784,0.5169398638584373
2024-09-01 13:49:46.969,OnTrack,9805.0,11910.0,1925.0,pos,0 days 00:00:46.760000,0 days 01:42:03.050000,10856.074900945454,234.24999563636365,6,99.0,False,0,2967.668248296261,0.5180803564646886
2024-09-01 13:49:47.309,OnTrack,9594.0,11797.0,1925.0,pos,0 days 00:00:47.100000,0 days 01:42:03.390000,11031.483991854546,241.97726836363637,6,99.0,False,0,2990.6448263702523,0.5220914900426235
2024-09-01 13:49:47.310,OnTrack,9593.41531558816,11796.686234002404,1924.999228932536,car,0 days 00:00:47.101000,0 days 01:42:03.391000,11032.0,242.0,6,99.0,False,0,2990.713055555556,0.5221034011451073
2024-09-01 13:49:47.470,OnTrack,9504.641055948518,11748.981578812447,1925.042391021481,car,0 days 00:00:47.261000,0 days 01:42:03.551000,11337.0,247.0,6,99.0,False,0,3001.6908333333336,0.5240198454874175
2024-09-01 13:49:47.569,OnTrack,9449.0,11719.0,1925.0,pos,0 days 00:00:47.360000,0 days 01:42:03.650000,11429.924819781818,249.02499607272728,6,99.0,False,0,3008.6067687830773,0.5252271941542191
2024-09-01 13:49:47.909,OnTrack,9240.0,11605.0,1924.0,pos,0 days 00:00:47.700000,0 days 01:42:03.990000,11749.061183418182,255.97954152727272,6,99.0,False,0,3032.908001089858,0.5294695790984447
2024-09-01 13:49:47.910,OnTrack,9239.402961201193,11604.665223937542,1923.9985650120993,car,0 days 00:00:47.701000,0 days 01:42:03.991000,11750.0,256.0,6,99.0,False,0,3032.979722222223,0.5294820998072007
2024-09-01 13:49:48.110,OnTrack,9118.764720087907,11535.639772415572,1923.99447259927,car,0 days 00:00:47.901000,0 days 01:42:04.191000,11050.0,259.0,6,99.0,False,0,3047.3686111111115,0.531994038494743
2024-09-01 13:49:48.149,OnTrack,9090.0,11519.0,1924.0,pos,0 days 00:00:47.940000,0 days 01:42:04.230000,11004.3377248,259.9749952,6,99.0,False,0,3050.2094125069643,0.5324899710844636
2024-09-01 13:49:48.330,OnTrack,8938.0,11431.0,1924.0,pos,0 days 00:00:48.121000,0 days 01:42:04.411000,10792.4169664,264.4999936,6,99.0,False,0,3063.5519831859924,0.5348192488861567
2024-09-01 13:49:48.350,OnTrack,8923.659835666123,11422.737816659595,1924.0214567084806,car,0 days 00:00:48.141000,0 days 01:42:04.431000,10769.0,265.0,7,99.0,False,0,3065.0352777777784,0.5350781948755866
2024-09-01 13:49:48.630,OnTrack,8780.054495856766,11341.230663132834,1924.9055151919433,car,0 days 00:00:48.421000,0 days 01:42:04.711000,10826.0,269.0,7,99.0,False,0,3085.957500000001,0.5387306895077428
2024-09-01 13:49:48.650,OnTrack,8769.0,11335.0,1925.0,pos,0 days 00:00:48.441000,0 days 01:42:04.731000,10844.4997632,269.39999488,7,99.0,False,0,3087.4656606822796,0.5389939764921723
2024-09-01 13:49:48.830,OnTrack,8652.799190378895,11269.51468054585,1925.9542445786728,car,0 days 00:00:48.621000,0 days 01:42:04.911000,11011.0,273.0,7,99.0,False,0,3101.1241666666674,0.541378408664882
2024-09-01 13:49:48.930,OnTrack,8584.0,11231.0,1926.0,pos,0 days 00:00:48.721000,0 days 01:42:05.011000,11039.214213485715,274.42856777142856,7,99.0,False,0,3108.7710620716575,0.5427133645850863
2024-09-01 13:49:49.090,OnTrack,8476.0,11171.0,1925.0,pos,0 days 00:00:48.881000,0 days 01:42:05.171000,11084.357070628572,276.71428205714284,7,99.0,False,0,3121.1132628681266,0.544868002925091
2024-09-01 13:49:49.110,OnTrack,8462.49007342168,11163.468096526845,1924.8602788469577,car,0 days 00:00:48.901000,0 days 01:42:05.191000,11090.0,277.0,7,99.0,False,0,3122.668611111112,0.5451395276727157
2024-09-01 13:49:49.369,OnTrack,8286.0,11064.0,1924.0,pos,0 days 00:00:49.160000,0 days 01:42:05.450000,11296.022574545455,281.7090874181818,7,99.0,False,0,3143.064833268929,0.5487001959017609
2024-09-01 13:49:49.550,OnTrack,8161.878407723946,10992.837017148997,1925.7524996043826,car,0 days 00:00:49.341000,0 days 01:42:05.631000,11440.0,285.0,7,99.0,False,0,3157.501944444446,0.5512205529896619
2024-09-01 13:49:49.589,OnTrack,8136.0,10978.0,1926.0,pos,0 days 00:00:49.380000,0 days 01:42:05.670000,11459.499904,285.4874976,7,99.0,False,0,3160.624397800594,0.5517656549392232
2024-09-01 13:49:49.809,OnTrack,7985.0,10891.0,1926.0,pos,0 days 00:00:49.600000,0 days 01:42:05.890000,11569.499904,288.2374976,7,99.0,False,0,3178.316091943579,0.5548541804889789
2024-09-01 13:49:49.950,OnTrack,7852.411252286799,10812.168211526447,1926.802028354114,car,0 days 00:00:49.741000,0 days 01:42:06.031000,11640.0,290.0,7,99.0,False,0,3189.724166666668,0.5568457438729613
2024-09-01 13:49:49.989,OnTrack,7819.0,10792.0,1927.0,pos,0 days 00:00:49.780000,0 days 01:42:06.070000,11639.301078228698,290.4193530627806,7,99.0,False,0,3192.889114834368,0.5573982643495528
2024-09-01 13:49:50.229,OnTrack,7682.035048642779,10705.571715797829,1927.1005596935306,car,0 days 00:00:50.020000,0 days 01:42:06.310000,11635.0,293.0,7,99.0,False,0,3212.4316666666678,0.5608099031758671
2024-09-01 13:49:50.329,OnTrack,7628.0,10669.0,1927.0,pos,0 days 00:00:50.120000,0 days 01:42:06.410000,11104.0,293.5,7,99.0,False,0,3220.582076812554,0.5622327601263157
2024-09-01 13:49:50.429,OnTrack,7564.196725346788,10624.942713887225,1926.970319233485,car,0 days 00:00:50.220000,0 days 01:42:06.510000,10573.0,294.0,7,99.0,False,0,3228.7650000000012,0.5636612930374016
2024-09-01 13:49:50.509,OnTrack,7508.0,10585.0,1927.0,pos,0 days 00:00:50.300000,0 days 01:42:06.590000,10598.333333333334,295.1111111111111,7,99.0,False,0,3235.357210353018,0.5648121274312197
2024-09-01 13:49:50.769,OnTrack,7314.0,10438.0,1927.0,pos,0 days 00:00:50.560000,0 days 01:42:06.850000,10680.666666666666,298.72222222222223,7,99.0,False,0,3256.9955064031847,0.5685896305727499
2024-09-01 13:49:50.789,OnTrack,7300.412512774006,10427.158335253976,1926.9104666523801,car,0 days 00:00:50.580000,0 days 01:42:06.870000,10687.0,299.0,8,99.0,False,0,3258.6650000000013,0.5688810822329047
2024-09-01 13:49:50.909,OnTrack,7223.0,10364.0,1926.0,pos,0 days 00:00:50.700000,0 days 01:42:06.990000,10744.0,300.5,8,99.0,False,0,3268.6925039715356,0.5706316326305126
2024-09-01 13:49:50.949,OnTrack,7196.96802243153,10342.622769413145,1925.551353572875,car,0 days 00:00:50.740000,0 days 01:42:07.030000,10763.0,301.0,8,99.0,False,0,3272.0427777777786,0.5712165063099709
2024-09-01 13:49:51.129,OnTrack,7079.0,10246.0,1923.0,pos,0 days 00:00:50.920000,0 days 01:42:07.210000,10816.25,302.5,8,99.0,False,0,3287.179094795782,0.573858927180549
2024-09-01 13:49:51.189,OnTrack,7041.511579652853,10215.73893417224,1922.2116640043603,car,0 days 00:00:50.980000,0 days 01:42:07.270000,10834.0,303.0,8,99.0,False,0,3292.242777777779,0.5747429190775014
2024-09-01 13:49:51.389,OnTrack,6911.686889357733,10110.255090593042,1919.40043068063,car,0 days 00:00:51.180000,0 days 01:42:07.470000,10879.0,305.0,8,99.0,False,0,3309.1872222222237,0.5777009935937193
2024-09-01 13:49:51.409,OnTrack,6896.0,10097.0,1919.0,pos,0 days 00:00:51.200000,0 days 01:42:07.490000,10888.92857142857,305.2142857142857,8,99.0,False,0,3310.889036879598,0.5779980876994487
2024-09-01 13:49:51.649,OnTrack,6689.0,9917.0,1913.0,pos,0 days 00:00:51.440000,0 days 01:42:07.730000,11008.07142857143,307.7857142857143,8,99.0,False,0,3331.4228152993037,0.5815827697977107
2024-09-01 13:49:51.669,OnTrack,6675.589476466497,9905.256041064164,1912.5691697512543,car,0 days 00:00:51.460000,0 days 01:42:07.750000,11018.0,308.0,8,99.0,False,0,3333.1427777777794,0.5818830320573033
2024-09-01 13:49:51.909,OnTrack,6566.329191494662,9809.727855916302,1908.6544015242732,car,0 days 00:00:51.700000,0 days 01:42:07.990000,11087.0,311.0,8,99.0,False,0,3353.876111111112,0.5855025514325572
2024-09-01 13:49:51.949,OnTrack,6546.0,9792.0,1908.0,pos,0 days 00:00:51.740000,0 days 01:42:08.030000,11100.333333333334,311.3333333333333,8,99.0,False,0,3357.344478087268,0.5861080412141016
2024-09-01 13:49:52.149,OnTrack,6416.86506617539,9679.53388401952,1904.2736476977925,car,0 days 00:00:51.940000,0 days 01:42:08.230000,11167.0,313.0,8,99.0,False,0,3374.742777777779,0.5891453474597422
2024-09-01 13:49:52.209,OnTrack,6376.0,9644.0,1903.0,pos,0 days 00:00:52,0 days 01:42:08.290000,11180.628801615707,313.49861469325754,8,99.0,False,0,3379.9857524187137,0.5900606391782388
2024-09-01 13:49:52.429,OnTrack,6231.0,9518.0,1898.0,pos,0 days 00:00:52.220000,0 days 01:42:08.510000,11230.60107420663,315.3268685685353,8,99.0,False,0,3399.2983368610717,0.5934321314728696
2024-09-01 13:49:52.510,OnTrack,6176.995385194861,9470.865132664603,1896.407692237998,car,0 days 00:00:52.301000,0 days 01:42:08.591000,11249.0,316.0,8,99.0,False,0,3406.4305555555566,0.5946772377632187
2024-09-01 13:49:52.689,OnTrack,6058.0,9367.0,1893.0,pos,0 days 00:00:52.480000,0 days 01:42:08.770000,11281.319409777778,316.99444337777777,8,99.0,False,0,3422.224185368189,0.597434408942274
2024-09-01 13:49:52.870,OnTrack,5939.3600892092145,9264.435440754312,1888.4962547015848,car,0 days 00:00:52.661000,0 days 01:42:08.951000,11314.0,318.0,8,99.0,False,0,3438.230555555557,0.600228719248737
2024-09-01 13:49:52.889,OnTrack,5925.0,9252.0,1888.0,pos,0 days 00:00:52.680000,0 days 01:42:08.970000,11317.98995968,318.09499904,8,99.0,False,0,3439.9123423468745,0.600522316991963
2024-09-01 13:49:53.070,OnTrack,5764.903407569564,9112.896814375787,1883.3184884588768,car,0 days 00:00:52.861000,0 days 01:42:09.151000,11356.0,319.0,8,99.0,False,0,3455.952777777779,0.6033225742345516
2024-09-01 13:49:53.129,OnTrack,5711.0,9066.0,1882.0,pos,0 days 00:00:52.920000,0 days 01:42:09.210000,11360.0562368,319.3687488,8,99.0,False,0,3461.1920779098327,0.6042372244760664
2024-09-01 13:49:53.230,OnTrack,5621.709508226906,8988.304397895754,1880.1064888368007,car,0 days 00:00:53.021000,0 days 01:42:09.311000,11367.0,320.0,8,99.0,False,0,3470.1750000000015,0.6058054171071804
2024-09-01 13:49:53.430,OnTrack,5460.44123884539,8847.96267866753,1877.6850182468697,car,0 days 00:00:53.221000,0 days 01:42:09.511000,11354.0,321.0,8,99.0,False,0,3488.0083333333346,0.6089186693029375
2024-09-01 13:49:53.549,OnTrack,5388.0,8785.0,1877.0,pos,0 days 00:00:53.340000,0 days 01:42:09.630000,11368.874976,321.0,8,99.0,False,0,3498.620687013042,0.6107713197737131
2024-09-01 13:49:53.670,OnTrack,5335.217180382633,8739.224837886795,1876.864408780166,car,0 days 00:00:53.461000,0 days 01:42:09.751000,11384.0,321.0,8,99.0,False,0,3509.4083333333347,0.612654571937846
2024-09-01 13:49:53.830,OnTrack,5280.598639400138,8691.954771753284,1877.102816135768,car,0 days 00:00:53.621000,0 days 01:42:09.911000,11385.0,321.0,8,99.0,False,0,3523.675000000001,0.6151451736944515
2024-09-01 13:49:53.889,OnTrack,5253.0,8668.0,1877.0,pos,0 days 00:00:53.680000,0 days 01:42:09.970000,11396.062464,321.1843744,8,99.0,False,0,3528.944572222395,0.6160651086827919
2024-09-01 13:49:54.129,OnTrack,5091.0,8527.0,1876.0,pos,0 days 00:00:53.920000,0 days 01:42:10.210000,11441.062464,321.9343744,8,99.0,False,0,3550.4188404544957,0.6198139766861114
2024-09-01 13:49:54.150,OnTrack,5072.707221370073,8511.044699785294,1876.010550896081,car,0 days 00:00:53.941000,0 days 01:42:10.231000,11445.0,322.0,8,99.0,False,0,3552.2972222222234,0.6201418949756169
2024-09-01 13:49:54.329,OnTrack,4903.0,8363.0,1877.0,pos,0 days 00:00:54.120000,0 days 01:42:10.410000,11451.7124928,322.0,8,99.0,False,0,3568.297170229568,0.6229350841307122
2024-09-01 13:49:54.550,OnTrack,4737.466334421132,8219.547544141698,1879.7877241394533,car,0 days 00:00:54.341000,0 days 01:42:10.631000,11460.0,322.0,8,99.0,False,0,3588.0750000000016,0.6263877965770736
2024-09-01 13:49:54.749,OnTrack,4605.0,8105.0,1883.0,pos,0 days 00:00:54.540000,0 days 01:42:10.830000,11415.2250432,322.99499904,8,99.0,False,0,3605.9300244477126,0.6295048354967259
2024-09-01 13:49:54.750,OnTrack,4604.297522904805,8104.390729050619,1883.0163187803196,car,0 days 00:00:54.541000,0 days 01:42:10.831000,11415.0,323.0,8,99.0,False,0,3606.0194444444455,0.629520445982773
2024-09-01 13:49:54.910,OnTrack,4487.198163884994,8002.6064375967235,1885.6491747010505,car,0 days 00:00:54.701000,0 days 01:42:10.991000,11422.0,321.0,8,99.0,False,0,3620.2861111111124,0.6320110477393787
2024-09-01 13:49:55.150,OnTrack,4316.940717802817,7854.05226156213,1889.438128897982,car,0 days 00:00:54.941000,0 days 01:42:11.231000,11376.0,322.0,8,99.0,False,0,3641.7527777777786,0.6357585887002526
2024-09-01 13:49:55.190,OnTrack,4294.0,7834.0,1890.0,pos,0 days 00:00:54.981000,0 days 01:42:11.271000,11371.57142857143,321.7142857142857,8,99.0,False,0,3645.3211439549286,0.6363815358312588
2024-09-01 13:49:55.430,OnTrack,4182.551269519294,7736.433982428355,1892.9936552307374,car,0 days 00:00:55.221000,0 days 01:42:11.511000,11345.0,320.0,8,99.0,False,0,3666.641666666668,0.6401035637273529
2024-09-01 13:49:55.510,OnTrack,4135.0,7695.0,1894.0,pos,0 days 00:00:55.301000,0 days 01:42:11.591000,11325.5,319.5,8,99.0,False,0,3673.722397445603,0.6413396815205352
2024-09-01 13:49:55.750,OnTrack,3938.4446782496357,7524.450439809188,1897.2406043304397,car,0 days 00:00:55.541000,0 days 01:42:11.831000,11267.0,318.0,8,99.0,False,0,3694.9083333333347,0.6450382139367025
2024-09-01 13:49:55.809,OnTrack,3894.0,7486.0,1898.0,pos,0 days 00:00:55.600000,0 days 01:42:11.890000,11261.69001728,317.85250048,8,99.0,False,0,3700.1102227719784,0.6459463332105497
2024-09-01 13:49:56.150,OnTrack,3705.286093680789,7322.88602502801,1901.8069017913376,car,0 days 00:00:55.941000,0 days 01:42:12.231000,11231.0,317.0,8,99.0,False,0,3730.130555555557,0.651187129488447
2024-09-01 13:49:56.169,OnTrack,3694.0,7313.0,1902.0,pos,0 days 00:00:55.960000,0 days 01:42:12.250000,11229.303588571429,316.93214354285715,8,99.0,False,0,3731.800588441327,0.6514786752949111
2024-09-01 13:49:56.369,OnTrack,3562.0,7197.0,1904.0,pos,0 days 00:00:56.160000,0 days 01:42:12.450000,11211.446445714286,316.2178578285714,8,99.0,False,0,3749.3611435446287,0.6545443072613074
2024-09-01 13:49:56.430,OnTrack,3521.2916082034726,7161.730461727189,1904.651358241596,car,0 days 00:00:56.221000,0 days 01:42:12.511000,11206.0,316.0,8,99.0,False,0,3754.708333333335,0.6554777923277085
2024-09-01 13:49:56.589,OnTrack,3416.0,7071.0,1906.0,pos,0 days 00:00:56.380000,0 days 01:42:12.670000,11206.0,315.0062512,8,99.0,False,0,3768.620983685821,0.6579065917253915
2024-09-01 13:49:56.590,OnTrack,3415.3313750372195,7070.417951822798,1906.003343233895,car,0 days 00:00:56.381000,0 days 01:42:12.671000,11206.0,315.0,8,99.0,False,0,3768.7083333333353,0.6579218407804525
2024-09-01 13:49:56.749,OnTrack,3311.0,6979.0,1906.0,pos,0 days 00:00:56.540000,0 days 01:42:12.830000,11156.31256,314.0062512,8,99.0,False,0,3782.576595479891,0.6603428911119907
2024-09-01 13:49:56.750,OnTrack,3310.3966270343863,6978.474152572355,1906.0013615360347,car,0 days 00:00:56.541000,0 days 01:42:12.831000,11156.0,314.0,8,99.0,False,0,3782.6638888888906,0.6603581303492194
2024-09-01 13:49:57.029,OnTrack,3137.1893959605763,6828.7602783137045,1907.8248875192323,car,0 days 00:00:56.820000,0 days 01:42:13.110000,10780.0,308.0,8,12.0,True,0,3806.533888888891,0.6645252329611477
2024-09-01 13:49:57.049,OnTrack,3117.0,6811.0,1908.0,pos,0 days 00:00:56.840000,0 days 01:42:13.130000,10738.2,305.25,8,11.6,True,0,3808.1211778695724,0.6648023337595258
2024-09-01 13:49:57.169,OnTrack,2978.0,6688.0,1909.0,pos,0 days 00:00:56.960000,0 days 01:42:13.250000,10487.4,288.75,8,9.2,True,0,3817.186809575239,0.6663849654126244
2024-09-01 13:49:57.429,OnTrack,2853.699547667498,6577.159866573013,1909.3418375350384,car,0 days 00:00:57.220000,0 days 01:42:13.510000,9944.0,253.0,8,4.0,True,0,3834.645000000002,0.669432727076578
2024-09-01 13:49:57.629,OnTrack,2814.0,6538.0,1909.0,pos,0 days 00:00:57.420000,0 days 01:42:13.710000,10303.5,231.5,8,5.5,True,0,3846.703560870086,0.6715378490077814
2024-09-01 13:49:57.829,OnTrack,2732.809475590643,6456.866578587971,1908.98695943063,car,0 days 00:00:57.620000,0 days 01:42:13.910000,10663.0,210.0,7,7.0,True,0,3857.978333333335,0.6735061411644844
2024-09-01 13:49:57.869,OnTrack,2718.0,6441.0,1909.0,pos,0 days 00:00:57.660000,0 days 01:42:13.950000,10588.75,206.5,7,7.0,True,0,3860.1845355634723,0.6738912886749849
2024-09-01 13:49:57.929,OnTrack,2698.0,6418.0,1909.0,pos,0 days 00:00:57.720000,0 days 01:42:14.010000,10477.375,201.25,7,7.0,True,0,3863.4623566643318,0.6744635139314082
2024-09-01 13:49:57.989,OnTrack,2677.0817008264116,6389.827352861459,1908.8481068413817,car,0 days 00:00:57.780000,0 days 01:42:14.070000,10366.0,196.0,5,7.0,True,0,3866.689444444446,0.6750268824239695
2024-09-01 13:49:58.149,OnTrack,2615.771311241757,6288.483102428845,1907.6927300217926,car,0 days 00:00:57.940000,0 days 01:42:14.230000,9714.0,188.0,5,7.0,True,0,3875.0450000000014,0.6764855526116388
2024-09-01 13:49:58.269,OnTrack,2582.0,6225.0,1907.0,pos,0 days 00:00:58.060000,0 days 01:42:14.350000,9630.5,185.0,5,9.5,True,0,3881.136161764027,0.6775489165034088
2024-09-01 13:49:58.389,OnTrack,2564.840351904774,6185.44632153101,1906.7689596077319,car,0 days 00:00:58.180000,0 days 01:42:14.470000,9547.0,182.0,5,12.0,True,0,3887.1783333333346,0.6786037279373501
2024-09-01 13:49:58.549,OnTrack,2559.6262913155915,6151.056787951498,1906.9511173824944,car,0 days 00:00:58.340000,0 days 01:42:14.630000,9389.0,182.0,5,24.0,False,0,3895.267222222223,0.6800158448211576
2024-09-01 13:49:58.609,OnTrack,2557.0,6130.0,1907.0,pos,0 days 00:00:58.400000,0 days 01:42:14.690000,9450.5,181.0,5,32.75,False,0,3898.26682878423,0.6805395008052085
2024-09-01 13:49:58.769,OnTrack,2548.0,6050.0,1907.0,pos,0 days 00:00:58.560000,0 days 01:42:14.850000,9614.5,178.33333333333334,5,56.08333333333333,False,0,3906.156395892249,0.6819168211111495
2024-09-01 13:49:58.789,OnTrack,2547.1675688999217,6038.168751350579,1906.9761263287976,car,0 days 00:00:58.580000,0 days 01:42:14.870000,9635.0,178.0,5,59.0,False,0,3907.13388888889,0.6820874668430073
2024-09-01 13:49:59.030,OnTrack,2544.5427679704617,5877.200789520184,1906.273169368831,car,0 days 00:00:58.821000,0 days 01:42:15.111000,9484.0,175.0,5,59.0,False,0,3918.8491666666678,0.6841326601663104
2024-09-01 13:49:59.109,OnTrack,2545.0,5834.0,1906.0,pos,0 days 00:00:58.900000,0 days 01:42:15.190000,9626.857986133333,176.31666346666665,5,64.26665386666667,False,0,3922.744157720425,0.6848126277990522
2024-09-01 13:49:59.270,OnTrack,2546.662887067685,5773.693575433541,1905.473983554926,car,0 days 00:00:59.061000,0 days 01:42:15.351000,9918.0,179.0,5,75.0,False,0,3930.782500000001,0.6862159205141254
2024-09-01 13:49:59.509,OnTrack,2544.0,5672.0,1905.0,pos,0 days 00:00:59.300000,0 days 01:42:15.590000,9935.9249856,182.98333013333334,5,83.9624928,False,0,3942.930533328259,0.688336662089826
2024-09-01 13:49:59.510,OnTrack,2543.952853380326,5671.274735670078,1904.9995561783335,car,0 days 00:00:59.301000,0 days 01:42:15.591000,9936.0,183.0,5,84.0,False,0,3942.982500000001,0.6883457341658021
2024-09-01 13:49:59.670,OnTrack,2532.9167267809235,5527.401530293455,1905.0661931763505,car,0 days 00:00:59.461000,0 days 01:42:15.751000,10214.0,190.0,5,82.0,False,0,3951.426944444446,0.6898199221214255
2024-09-01 13:49:59.749,OnTrack,2528.0,5472.0,1905.0,pos,0 days 00:00:59.540000,0 days 01:42:15.830000,10367.391293866667,191.64582933333332,5,81.34166826666667,False,0,3955.664235692353,0.6905596467727307
2024-09-01 13:49:59.910,OnTrack,2522.5863972052375,5434.360519818611,1904.4095421606216,car,0 days 00:00:59.701000,0 days 01:42:15.991000,10680.0,195.0,5,80.0,False,0,3964.426944444446,0.6920893956846876
2024-09-01 13:49:59.989,OnTrack,2518.0,5419.0,1904.0,pos,0 days 00:00:59.780000,0 days 01:42:16.070000,10714.891581866666,196.31666346666665,5,79.12222435555556,False,0,3968.7928832206526,0.6928515789640278
2024-09-01 13:50:00.270,OnTrack,2477.261570888215,5276.827534914682,1902.3277527456194,car,0 days 00:01:00.061000,0 days 01:42:16.351000,10839.0,201.0,5,76.0,False,0,3984.5269444444457,0.6955983509632699
2024-09-01 13:50:00.329,OnTrack,2464.0,5240.0,1902.0,pos,0 days 00:01:00.120000,0 days 01:42:16.410000,10919.0184896,201.0,5,76.0,False,0,3987.817728310929,0.6961728391930695
2024-09-01 13:50:00.430,OnTrack,2437.562496718774,5175.730050190092,1901.4857222468593,car,0 days 00:01:00.221000,0 days 01:42:16.511000,11056.0,201.0,5,76.0,False,0,3993.4602777777786,0.6971578866426398
2024-09-01 13:50:00.549,OnTrack,2405.0,5105.0,1901.0,pos,0 days 00:01:00.340000,0 days 01:42:16.630000,11220.21973504,203.37999616,5,79.56999424,False,0,4000.189895722082,0.6983327089515207
2024-09-01 13:50:00.630,OnTrack,2385.2793535438655,5064.9398218750675,1900.7755321708612,car,0 days 00:01:00.421000,0 days 01:42:16.711000,11332.0,205.0,5,82.0,False,0,4004.8491666666678,0.6991461006617371
2024-09-01 13:50:00.910,OnTrack,2314.0417771330203,4953.4703395870265,1900.3273127416178,car,0 days 00:01:00.701000,0 days 01:42:16.991000,11532.0,214.0,5,99.0,False,0,4021.4936111111124,0.7020518027111103
2024-09-01 13:50:00.989,OnTrack,2277.0,4909.0,1900.0,pos,0 days 00:01:00.780000,0 days 01:42:17.070000,11305.721978514286,215.69285302857142,5,99.0,False,0,4026.273523705847,0.7028862554240684
2024-09-01 13:50:01.169,OnTrack,2169.0,4789.0,1899.0,pos,0 days 00:01:00.960000,0 days 01:42:17.250000,10790.150549942857,219.54999588571428,5,99.0,False,0,4037.300130997182,0.7048112241733113
2024-09-01 13:50:01.190,OnTrack,2158.20712599921,4777.508351570925,1898.931673728378,car,0 days 00:01:00.981000,0 days 01:42:17.271000,10730.0,220.0,5,99.0,False,0,4038.6047222222237,0.7050389730422418
2024-09-01 13:50:01.510,OnTrack,2050.9692398734123,4669.815905849377,1899.033328005261,car,0 days 00:01:01.301000,0 days 01:42:17.591000,10623.0,229.0,6,99.0,False,0,4058.9602777777786,0.7085925419036916
2024-09-01 13:50:01.530,OnTrack,2044.0,4662.0,1899.0,pos,0 days 00:01:01.321000,0 days 01:42:17.611000,10647.285403428572,229.57142125714284,6,99.0,False,0,4060.259485969496,0.7088193510301743
2024-09-01 13:50:01.790,OnTrack,1941.0753678305546,4532.357214176846,1898.0304052740944,car,0 days 00:01:01.581000,0 days 01:42:17.871000,10963.0,237.0,6,99.0,False,0,4077.393611111112,0.7118105390331377
2024-09-01 13:50:01.810,OnTrack,1934.0,4522.0,1898.0,pos,0 days 00:01:01.601000,0 days 01:42:17.891000,10973.166536533334,237.33332906666666,6,99.0,False,0,4078.7254847580834,0.7120430507278613
2024-09-01 13:50:02.010,OnTrack,1872.0,4408.0,1898.0,pos,0 days 00:01:01.801000,0 days 01:42:18.091000,11074.8332032,240.6666624,6,99.0,False,0,4092.1185071770747,0.7143811361364827
2024-09-01 13:50:02.030,OnTrack,1865.4841801774471,4392.092804253259,1897.9386880103064,car,0 days 00:01:01.821000,0 days 01:42:18.111000,11085.0,241.0,6,99.0,False,0,4093.4602777777786,0.7146153755908105
2024-09-01 13:50:02.210,OnTrack,1808.0,4228.0,1897.0,pos,0 days 00:01:02.001000,0 days 01:42:18.291000,11313.856817371428,242.28571245714286,6,99.0,False,0,4105.5480116781855,0.7167255904005583
2024-09-01 13:50:02.310,OnTrack,1789.9669958263617,4166.817106391953,1896.889956131704,car,0 days 00:01:02.101000,0 days 01:42:18.391000,11441.0,243.0,6,99.0,False,0,4112.360277777779,0.7179148410020146
2024-09-01 13:50:02.509,OnTrack,1773.0,4080.0,1897.0,pos,0 days 00:01:02.300000,0 days 01:42:18.590000,11543.816567466667,249.63332693333334,6,99.0,False,0,4126.218278240889,0.7203340999012996
2024-09-01 13:50:02.550,OnTrack,1768.4649734849595,4055.3403188289394,1896.8580235025865,car,0 days 00:01:02.341000,0 days 01:42:18.631000,11565.0,251.0,6,99.0,False,0,4129.093611111112,0.7208360608193419
2024-09-01 13:50:02.729,OnTrack,1747.0,3928.0,1896.0,pos,0 days 00:01:02.520000,0 days 01:42:18.810000,11579.703555657143,252.91785508571428,6,99.0,False,0,4141.6726995271165,0.7230320537893465
2024-09-01 13:50:02.830,OnTrack,1739.1586253547987,3858.2624020299518,1896.022996232236,car,0 days 00:01:02.621000,0 days 01:42:18.911000,11588.0,254.0,6,99.0,False,0,4148.849166666668,0.7242848847471027
2024-09-01 13:50:02.889,OnTrack,1735.0,3814.0,1896.0,pos,0 days 00:01:02.680000,0 days 01:42:18.970000,11370.684040533333,255.4749952,6,99.0,False,0,4153.081395884052,0.7250237256949889
2024-09-01 13:50:03.070,OnTrack,1720.1840948102335,3646.5918680546843,1895.0219385640642,car,0 days 00:01:02.861000,0 days 01:42:19.151000,10704.0,260.0,6,99.0,False,0,4166.182500000001,0.727310849498119
2024-09-01 13:50:03.209,OnTrack,1708.0,3510.0,1894.0,pos,0 days 00:01:03,0 days 01:42:19.290000,10635.3688448,260.8687488,6,99.0,False,0,4176.252841896232,0.7290688783216965
2024-09-01 13:50:03.230,OnTrack,1706.177614998653,3490.240727779735,1893.8652709327848,car,0 days 00:01:03.021000,0 days 01:42:19.311000,10625.0,261.0,7,99.0,False,0,4177.782500000001,0.7293359182161068
2024-09-01 13:50:03.430,OnTrack,1689.0637757643897,3313.597422399949,1892.8408448240743,car,0 days 00:01:03.221000,0 days 01:42:19.511000,10676.0,265.0,7,99.0,False,0,4192.504722222223,0.7319060485334763
2024-09-01 13:50:03.649,OnTrack,1673.0,3155.0,1892.0,pos,0 days 00:01:03.440000,0 days 01:42:19.730000,10772.779000759836,268.4920258006126,7,99.0,False,0,4208.9162477272375,0.7347710887847404
2024-09-01 13:50:03.869,OnTrack,1661.5759935566005,3040.7340827317557,1891.2225027210354,car,0 days 00:01:03.660000,0 days 01:42:19.950000,10870.0,272.0,7,99.0,False,0,4225.673611111112,0.7376965036454851
2024-09-01 13:50:04.009,OnTrack,1654.0,2958.0,1891.0,pos,0 days 00:01:03.800000,0 days 01:42:20.090000,10991.863636363636,274.54545454545456,7,99.0,False,0,4236.463310405347,0.7395801142073171
2024-09-01 13:50:04.189,OnTrack,1642.0,2819.0,1891.0,pos,0 days 00:01:03.980000,0 days 01:42:20.270000,11148.545454545454,277.8181818181818,7,99.0,False,0,4250.4759613006645,0.7420263711887128
2024-09-01 13:50:04.309,OnTrack,1633.6631282720025,2725.1909454768415,1890.4964936506103,car,0 days 00:01:04.100000,0 days 01:42:20.390000,11253.0,280.0,7,99.0,False,0,4259.895833333334,0.7436708443077479
2024-09-01 13:50:04.389,OnTrack,1628.0,2663.0,1890.0,pos,0 days 00:01:04.180000,0 days 01:42:20.470000,11303.888888888889,281.3333333333333,7,99.0,False,0,4266.209753734451,0.7447730962639691
2024-09-01 13:50:04.649,OnTrack,1609.0,2459.0,1888.0,pos,0 days 00:01:04.440000,0 days 01:42:20.730000,11469.277777777777,285.6666666666667,7,99.0,False,0,4286.896639824408,0.7483845071168441
2024-09-01 13:50:04.669,OnTrack,1607.5418452305903,2443.1972412863292,1887.8195344611674,car,0 days 00:01:04.460000,0 days 01:42:20.750000,11482.0,286.0,7,99.0,False,0,4288.495833333334,0.7486636861469247
2024-09-01 13:50:04.869,OnTrack,1592.9893292300212,2284.1507505476916,1886.1115816431607,car,0 days 00:01:04.660000,0 days 01:42:20.950000,11568.0,289.0,7,99.0,False,0,4304.55138888889,0.7514665829836032
2024-09-01 13:50:04.909,OnTrack,1590.0,2252.0,1886.0,pos,0 days 00:01:04.700000,0 days 01:42:20.990000,11588.0,289.42857142857144,7,99.0,False,0,4307.77995979033,0.7520302103919061
2024-09-01 13:50:04.989,OnTrack,1584.0,2188.0,1886.0,pos,0 days 00:01:04.780000,0 days 01:42:21.070000,11628.0,290.2857142857143,7,99.0,False,0,4314.255882476645,0.7531607438791614
2024-09-01 13:50:05.149,OnTrack,1573.6144205632986,2073.541089455732,1885.092306271509,car,0 days 00:01:04.940000,0 days 01:42:21.230000,11708.0,292.0,7,99.0,False,0,4327.262500000001,0.7554313726958322
2024-09-01 13:50:05.289,OnTrack,1562.0,1946.0,1884.0,pos,0 days 00:01:05.080000,0 days 01:42:21.370000,11539.3,293.4,7,99.0,False,0,4338.683561339936,0.7574252032170152
2024-09-01 13:50:05.349,OnTrack,1555.1598736849062,1872.4370555570058,1883.6782612709403,car,0 days 00:01:05.140000,0 days 01:42:21.430000,11467.0,294.0,7,99.0,False,0,4343.595833333335,0.7582827625573668
2024-09-01 13:50:05.529,OnTrack,1533.0,1636.0,1883.0,pos,0 days 00:01:05.320000,0 days 01:42:21.610000,11031.860073354723,295.6822419844534,7,99.0,False,0,4358.408590333667,0.7608686979736192
2024-09-01 13:50:05.670,OnTrack,1523.546181483823,1533.640877920539,1882.3133287975288,car,0 days 00:01:05.461000,0 days 01:42:21.751000,10691.0,297.0,8,99.0,False,0,4370.078333333335,0.7629059420680662
2024-09-01 13:50:05.909,OnTrack,1515.0,1437.0,1881.0,pos,0 days 00:01:05.700000,0 days 01:42:21.990000,10742.214244571429,299.56071222857145,8,99.0,False,0,4389.977813310087,0.7663798915857511
2024-09-01 13:50:05.950,OnTrack,1512.6099279105576,1410.3272003408247,1880.8020681188818,car,0 days 00:01:05.741000,0 days 01:42:22.031000,10751.0,300.0,8,99.0,False,0,4393.411666666668,0.7669793561559726
2024-09-01 13:50:06.109,OnTrack,1500.0,1271.0,1880.0,pos,0 days 00:01:05.900000,0 days 01:42:22.190000,10796.933277866667,301.7666645333333,8,99.0,False,0,4406.790849968191,0.7693150256021914
2024-09-01 13:50:06.310,OnTrack,1475.6567173696042,1006.3458121817748,1878.4458920841598,car,0 days 00:01:06.101000,0 days 01:42:22.391000,10855.0,304.0,8,99.0,False,0,4423.811666666667,0.7722864327962163
2024-09-01 13:50:06.369,OnTrack,1469.0,934.0,1878.0,pos,0 days 00:01:06.160000,0 days 01:42:22.450000,10870.5928064,304.4214272,8,99.0,False,0,4428.8215790021695,0.7731610376884996
2024-09-01 13:50:06.590,OnTrack,1450.9689139112186,736.8497992374773,1876.6636242126,car,0 days 00:01:06.381000,0 days 01:42:22.671000,10929.0,306.0,8,99.0,False,0,4447.611666666668,0.776441315165881
2024-09-01 13:50:06.769,OnTrack,1441.0,628.0,1876.0,pos,0 days 00:01:06.560000,0 days 01:42:22.850000,10980.01494528,306.0,8,99.0,False,0,4462.817301250067,0.7790958371427772
2024-09-01 13:50:06.790,OnTrack,1439.9376962814815,616.5117613753089,1875.9483057550356,car,0 days 00:01:06.581000,0 days 01:42:22.871000,10986.0,306.0,8,99.0,False,0,4464.611666666668,0.77940908828707
2024-09-01 13:50:07.110,OnTrack,1422.7409640846768,432.28969797964817,1875.3633163195839,car,0 days 00:01:06.901000,0 days 01:42:23.191000,11084.0,311.0,8,99.0,False,0,4492.256111111112,0.784235114120742
2024-09-01 13:50:07.169,OnTrack,1417.0,370.0,1875.0,pos,0 days 00:01:06.960000,0 days 01:42:23.250000,11101.6999424,311.29499904,8,99.0,False,0,4497.36468712317,0.785126943213456
2024-09-01 13:50:07.310,OnTrack,1398.9781371458712,173.52504199413934,1873.6661662612537,car,0 days 00:01:07.101000,0 days 01:42:23.391000,11144.0,312.0,8,99.0,False,0,4509.589444444446,0.7872610788717583
2024-09-01 13:50:07.389,OnTrack,1390.0,76.0,1873.0,pos,0 days 00:01:07.180000,0 days 01:42:23.470000,11162.621383314287,312.8464265142857,8,99.0,False,0,4516.47486089369,0.7884630996874207
2024-09-01 13:50:07.590,OnTrack,1378.7366636441989,-43.118227348476914,1872.3472762850022,car,0 days 00:01:07.381000,0 days 01:42:23.671000,11210.0,315.0,8,99.0,False,0,4534.089444444446,0.7915381636640602
2024-09-01 13:50:07.729,OnTrack,1372.0,-115.0,1872.0,pos,0 days 00:01:07.520000,0 days 01:42:23.810000,11252.196370285714,315.9928557714286,8,99.0,False,0,4546.309755963886,0.7936715231969985
2024-09-01 13:50:07.870,OnTrack,1360.8406526421043,-237.78312771630024,1871.27951094932,car,0 days 00:01:07.661000,0 days 01:42:23.951000,11295.0,317.0,8,99.0,False,0,4558.745000000002,0.7958424045502814
2024-09-01 13:50:07.929,OnTrack,1356.0,-291.0,1871.0,pos,0 days 00:01:07.720000,0 days 01:42:24.010000,11306.7999616,317.3687488,8,99.0,False,0,4563.962947540625,0.796753327165507
2024-09-01 13:50:08.190,OnTrack,1335.0,-519.0,1870.0,car,0 days 00:01:07.981000,0 days 01:42:24.271000,11359.0,319.0,8,99.0,False,0,4587.100555555557,0.8007925725275848
2024-09-01 13:50:08.390,OnTrack,1311.0327245692154,-779.6586587347311,1868.1462668657414,car,0 days 00:01:08.181000,0 days 01:42:24.471000,11359.0,319.0,8,99.0,False,0,4604.822777777779,0.8038864275133996
2024-09-01 13:50:08.410,OnTrack,1309.0,-802.0,1868.0,pos,0 days 00:01:08.201000,0 days 01:42:24.491000,11363.59994112,319.29999616,8,99.0,False,0,4606.6050012990945,0.8041975589876649
2024-09-01 13:50:08.590,OnTrack,1296.6890052264546,-940.5829040129922,1867.385410345793,car,0 days 00:01:08.381000,0 days 01:42:24.671000,11405.0,322.0,8,99.0,False,0,4622.711666666668,0.8070093783141278
2024-09-01 13:50:08.770,OnTrack,1288.0,-1039.0,1867.0,pos,0 days 00:01:08.561000,0 days 01:42:24.851000,11437.999953066666,321.25000106666664,8,99.0,False,0,4638.758937344942,0.8098108288192706
2024-09-01 13:50:08.830,OnTrack,1284.3198982678182,-1078.9513249281654,1866.6926539379706,car,0 days 00:01:08.621000,0 days 01:42:24.911000,11449.0,321.0,8,99.0,False,0,4644.111666666668,0.8107452809490363
2024-09-01 13:50:08.990,OnTrack,1271.9741754268205,-1210.3930887186373,1865.529058573324,car,0 days 00:01:08.781000,0 days 01:42:25.071000,11449.0,322.0,8,99.0,False,0,4658.422777777779,0.8132436415896189
2024-09-01 13:50:09.069,OnTrack,1263.0,-1307.0,1865.0,pos,0 days 00:01:08.860000,0 days 01:42:25.150000,11458.6281016,322.2468744,8,99.0,False,0,4665.5033902147,0.8144797387232572
2024-09-01 13:50:09.269,OnTrack,1235.0,-1611.0,1864.0,pos,0 days 00:01:09.060000,0 days 01:42:25.350000,11483.0031016,322.8718744,8,99.0,False,0,4683.454802515367,0.8176136045416867
2024-09-01 13:50:09.310,OnTrack,1231.158590997589,-1652.4655828871923,1863.846466728652,car,0 days 00:01:09.101000,0 days 01:42:25.391000,11488.0,323.0,8,99.0,False,0,4687.13388888889,0.8182558806387382
2024-09-01 13:50:09.589,OnTrack,1220.0,-1772.0,1863.0,pos,0 days 00:01:09.380000,0 days 01:42:25.670000,11489.7437488,323.0,8,99.0,False,0,4712.161847847742,0.8226251338079325
2024-09-01 13:50:09.630,OnTrack,1217.482054306834,-1800.261950526956,1862.8364282970224,car,0 days 00:01:09.421000,0 days 01:42:25.711000,11490.0,323.0,8,99.0,False,0,4715.845000000001,0.8232681196878574
2024-09-01 13:50:09.829,OnTrack,1201.0,-1986.0,1862.0,pos,0 days 00:01:09.620000,0 days 01:42:25.910000,11485.854170666667,323.41458293333335,8,99.0,False,0,4733.752427100515,0.8263943067948313
2024-09-01 13:50:10.069,OnTrack,1181.0,-2201.0,1861.0,pos,0 days 00:01:09.860000,0 days 01:42:26.150000,11480.854170666667,323.91458293333335,8,99.0,False,0,4755.361717318827,0.8301667462464712
2024-09-01 13:50:10.110,OnTrack,1177.4071049759632,-2237.787291377641,1860.4848705865643,car,0 days 00:01:09.901000,0 days 01:42:26.191000,11480.0,324.0,8,99.0,False,0,4759.045000000002,0.8308097549134672
2024-09-01 13:50:10.149,OnTrack,1174.0,-2273.0,1860.0,pos,0 days 00:01:09.940000,0 days 01:42:26.230000,11482.1937392,323.7562512,8,99.0,False,0,4762.546214143671,0.83142097898565
2024-09-01 13:50:10.270,OnTrack,1163.9924767390344,-2383.2364724919926,1859.2740780757426,car,0 days 00:01:10.061000,0 days 01:42:26.351000,11489.0,323.0,8,99.0,False,0,4773.400555555557,0.8333158744380267
2024-09-01 13:50:10.349,OnTrack,1158.0,-2451.0,1859.0,pos,0 days 00:01:10.140000,0 days 01:42:26.430000,11482.561140300122,323.0,8,99.0,False,0,4780.489500332072,0.8345534261889287
2024-09-01 13:50:10.589,OnTrack,1141.414185483055,-2632.816560514366,1857.6330638876277,car,0 days 00:01:10.380000,0 days 01:42:26.670000,11463.0,323.0,8,99.0,False,0,4802.021944444446,0.8383124502401175
2024-09-01 13:50:10.689,OnTrack,1130.0,-2755.0,1857.0,pos,0 days 00:01:10.480000,0 days 01:42:26.770000,11453.357142857143,322.64285714285717,8,99.0,False,0,4810.976681387162,0.8398757224522299
2024-09-01 13:50:10.849,OnTrack,1105.0,-3022.0,1856.0,pos,0 days 00:01:10.640000,0 days 01:42:26.930000,11437.92857142857,322.07142857142856,8,99.0,False,0,4825.2805049388035,0.8423728108679235
2024-09-01 13:50:10.869,OnTrack,1102.2263590543935,-3051.796148900098,1855.8624940970853,car,0 days 00:01:10.660000,0 days 01:42:26.950000,11436.0,322.0,8,99.0,False,0,4827.06638888889,0.8426845813611371
2024-09-01 13:50:11.149,OnTrack,1077.9482789697925,-3318.3426429545993,1853.66053799147,car,0 days 00:01:10.940000,0 days 01:42:27.230000,11410.0,321.0,8,99.0,False,0,4852.033055555557,0.8470431344351971
2024-09-01 13:50:11.269,OnTrack,1071.0,-3395.0,1853.0,pos,0 days 00:01:11.060000,0 days 01:42:27.350000,11388.25,321.0,8,99.0,False,0,4862.732088082417,0.8489109168561348
2024-09-01 13:50:11.309,OnTrack,1068.785502654157,-3419.1266947980957,1852.8502088219043,car,0 days 00:01:11.100000,0 days 01:42:27.390000,11381.0,321.0,8,99.0,False,0,4866.299722222224,0.8495337361918027
2024-09-01 13:50:11.509,OnTrack,1058.4465997067714,-3529.3960341843976,1852.6185196840374,car,0 days 00:01:11.300000,0 days 01:42:27.590000,11352.0,321.0,8,99.0,False,0,4884.133055555558,0.8526469883875599
2024-09-01 13:50:11.709,OnTrack,1046.0,-3661.0,1852.0,pos,0 days 00:01:11.500000,0 days 01:42:27.790000,11337.714285714286,319.57142857142856,8,99.0,False,0,4901.869961810553,0.8557434068367731
2024-09-01 13:50:11.789,OnTrack,1039.7874661372543,-3727.0780682217965,1851.4028648004248,car,0 days 00:01:11.580000,0 days 01:42:27.870000,11332.0,319.0,8,99.0,False,0,4908.944166666669,0.8569783853677005
2024-09-01 13:50:11.949,OnTrack,1026.0,-3872.0,1851.0,pos,0 days 00:01:11.740000,0 days 01:42:28.030000,11300.088659631516,318.5567869393266,8,99.0,False,0,4923.068479639628,0.8594441357439598
2024-09-01 13:50:12.029,OnTrack,1019.0,-3943.0,1852.0,pos,0 days 00:01:11.820000,0 days 01:42:28.110000,11284.132989447275,318.3351804089899,8,99.0,False,0,4930.1257451632455,0.8606761570927884
2024-09-01 13:50:12.150,OnTrack,1008.1989809955394,-4049.584403055918,1851.7025699660553,car,0 days 00:01:11.941000,0 days 01:42:28.231000,11260.0,318.0,8,99.0,False,0,4940.832500000002,0.862545287635123
2024-09-01 13:50:12.349,OnTrack,990.0,-4224.0,1849.0,pos,0 days 00:01:12.140000,0 days 01:42:28.430000,11243.718197527272,317.5477277090909,8,98.5477277090909,False,0,4958.529868738349,0.8656348038267369
2024-09-01 13:50:12.509,OnTrack,975.0,-4364.0,1849.0,pos,0 days 00:01:12.300000,0 days 01:42:28.590000,11230.627288436364,317.18409134545453,8,98.18409134545455,False,0,4972.62611809905,0.8680956550009877
2024-09-01 13:50:12.590,OnTrack,966.8666803350611,-4434.140563953844,1848.665595695315,car,0 days 00:01:12.381000,0 days 01:42:28.671000,11224.0,317.0,8,98.0,False,0,4979.576944444447,0.869309094742042
2024-09-01 13:50:12.709,OnTrack,954.0,-4536.0,1848.0,pos,0 days 00:01:12.500000,0 days 01:42:28.790000,10833.53188,302.8687728,8,30.318859200000006,False,0,4989.53235702407,0.8710470597928744
2024-09-01 13:50:12.750,OnTrack,949.2612943330458,-4570.729415696116,1847.925099275537,car,0 days 00:01:12.541000,0 days 01:42:28.831000,10699.0,298.0,8,7.0,True,0,4992.821388888891,0.8716212421671775
2024-09-01 13:50:12.969,OnTrack,922.0,-4749.0,1848.0,pos,0 days 00:01:12.760000,0 days 01:42:29.050000,10822.436255418183,274.6068386909091,8,7.9954536727272725,True,0,5008.823399965668,0.8744147914823908
2024-09-01 13:50:13.109,OnTrack,904.0,-4850.0,1847.0,pos,0 days 00:01:12.900000,0 days 01:42:29.190000,10901.345346327273,259.6522932363636,8,8.63181730909091,True,0,5018.1505057604345,0.8760430699456964
2024-09-01 13:50:13.190,OnTrack,893.0814004212257,-4905.2457047568805,1846.4654643615145,car,0 days 00:01:12.981000,0 days 01:42:29.271000,10947.0,251.0,8,9.0,True,0,5023.499166666669,0.8769768118322774
2024-09-01 13:50:13.309,OnTrack,876.0,-4983.0,1846.0,pos,0 days 00:01:13.100000,0 days 01:42:29.390000,10640.5754944,239.1000192,8,9.7437488,True,0,5031.289311203861,0.8783367754539042
2024-09-01 13:50:13.350,OnTrack,869.7310415887833,-5008.9626305388965,1845.9702078509254,car,0 days 00:01:13.141000,0 days 01:42:29.431000,10535.0,235.0,7,10.0,True,0,5033.9436111111145,0.8788001495668643
2024-09-01 13:50:13.489,OnTrack,847.0,-5094.0,1846.0,pos,0 days 00:01:13.280000,0 days 01:42:29.570000,11108.953373866667,230.36667306666666,7,11.158331733333334,True,0,5042.804463573496,0.8803470319061982
2024-09-01 13:50:13.590,OnTrack,829.0455971415465,-5153.185966385799,1845.4789252598214,car,0 days 00:01:13.381000,0 days 01:42:29.671000,11526.0,227.0,6,12.0,True,0,5049.076944444448,0.8814420495610207
2024-09-01 13:50:13.669,OnTrack,814.0,-5198.0,1845.0,pos,0 days 00:01:13.460000,0 days 01:42:29.750000,11378.054905018182,223.9477346909091,6,12.359090036363636,True,0,5053.870891140065,0.8822789522755894
2024-09-01 13:50:13.949,OnTrack,752.0,-5347.0,1844.0,pos,0 days 00:01:13.740000,0 days 01:42:30.030000,10853.691268654546,213.1295528727273,6,13.63181730909091,True,0,5070.156521617635,0.885122014416351
2024-09-01 13:50:14.030,OnTrack,730.9204837667078,-5387.666388890462,1843.4723684676214,car,0 days 00:01:13.821000,0 days 01:42:30.111000,10702.0,210.0,5,14.0,True,0,5074.743611111115,0.8859228050577179
2024-09-01 13:50:14.109,OnTrack,710.0,-5425.0,1843.0,pos,0 days 00:01:13.900000,0 days 01:42:30.190000,10572.6378144,205.5562608,5,14.4937488,True,0,5079.175052575169,0.8866964234615498
2024-09-01 13:50:14.190,OnTrack,689.2620254259725,-5459.557947830993,1842.7648354423518,car,0 days 00:01:13.981000,0 days 01:42:30.271000,10440.0,201.0,5,15.0,True,0,5083.676944444448,0.8874823407370879
2024-09-01 13:50:14.429,OnTrack,605.0,-5560.0,1843.0,pos,0 days 00:01:14.220000,0 days 01:42:30.510000,10182.221635657143,196.7321462857143,5,15.0,True,0,5096.721313699523,0.8897595600581512
2024-09-01 13:50:14.470,OnTrack,580.0851274548065,-5582.243301655299,1843.0409378986096,car,0 days 00:01:14.261000,0 days 01:42:30.551000,10138.0,196.0,5,15.0,False,0,5098.921388888893,0.8901436379411868
2024-09-01 13:50:14.650,OnTrack,459.0,-5680.0,1843.0,pos,0 days 00:01:14.441000,0 days 01:42:30.731000,10022.000164977777,192.5000049777778,5,16.999997155555555,False,0,5108.446483782203,0.8918064803294893
2024-09-01 13:50:14.830,OnTrack,411.48394394381575,-5712.161578776838,1842.1442809605603,car,0 days 00:01:14.621000,0 days 01:42:30.911000,9906.0,189.0,5,19.0,False,0,5117.821388888892,0.893443103352391
2024-09-01 13:50:14.970,OnTrack,378.0,-5725.0,1842.0,pos,0 days 00:01:14.761000,0 days 01:42:31.051000,9947.222146844444,187.83333546666665,5,37.666632533333335,False,0,5125.055838133754,0.8947060565297738
2024-09-01 13:50:15.130,OnTrack,302.0,-5756.0,1843.0,pos,0 days 00:01:14.921000,0 days 01:42:31.211000,9994.333257955555,186.50000213333334,5,58.99996586666667,False,0,5133.306184714053,0.8961463598722152
2024-09-01 13:50:15.190,OnTrack,272.13139091778015,-5766.217028391459,1843.1756815062859,car,0 days 00:01:14.981000,0 days 01:42:31.271000,10012.0,186.0,5,67.0,False,0,5136.421388888893,0.8966901962967507
2024-09-01 13:50:15.370,OnTrack,181.0,-5788.0,1843.0,pos,0 days 00:01:15.161000,0 days 01:42:31.451000,10168.856919771428,187.92856868571428,5,73.42856228571429,False,0,5145.842281610008,0.8983348476023585
2024-09-01 13:50:15.470,OnTrack,123.74075960840949,-5795.354775742582,1842.9111777896226,car,0 days 00:01:15.261000,0 days 01:42:31.551000,10256.0,189.0,5,77.0,False,0,5151.121388888892,0.8992564471721318
2024-09-01 13:50:15.630,OnTrack,25.617748421647327,-5800.378121805534,1842.897515869729,car,0 days 00:01:15.421000,0 days 01:42:31.711000,10523.0,192.0,5,80.0,False,0,5159.654722222225,0.9007461528957089
2024-09-01 13:50:15.709,OnTrack,-19.0,-5800.0,1843.0,pos,0 days 00:01:15.500000,0 days 01:42:31.790000,10588.1748416,193.9749952,5,82.30416106666667,False,0,5163.953767010566,0.9014966581645103
2024-09-01 13:50:15.870,OnTrack,-99.50002248626274,-5793.457050419894,1843.4518525945557,car,0 days 00:01:15.661000,0 days 01:42:31.951000,10721.0,198.0,5,87.0,False,0,5172.854722222226,0.9030505414368676
2024-09-01 13:50:16.069,OnTrack,-195.0,-5774.0,1844.0,pos,0 days 00:01:15.860000,0 days 01:42:32.150000,10956.0685232,200.4874976,5,87.0,False,0,5183.944419323378,0.9049865240826868
2024-09-01 13:50:16.190,OnTrack,-260.8007650566762,-5755.603304730134,1844.0303464839783,car,0 days 00:01:15.981000,0 days 01:42:32.271000,11099.0,202.0,5,87.0,False,0,5190.810277777781,0.9061851305635613
2024-09-01 13:50:16.289,OnTrack,-315.0,-5738.0,1844.0,pos,0 days 00:01:16.080000,0 days 01:42:32.370000,11231.7216176,204.7843696,5,90.7124928,False,0,5196.528236822231,0.907183342631807
2024-09-01 13:50:16.509,OnTrack,-434.0,-5689.0,1844.0,pos,0 days 00:01:16.300000,0 days 01:42:32.590000,11526.6591176,210.9718696,5,98.9624928,False,0,5209.506233876786,0.9094489750332998
2024-09-01 13:50:16.510,OnTrack,-434.62437600409544,-5688.695884458001,1843.9994647154974,car,0 days 00:01:16.301000,0 days 01:42:32.591000,11528.0,211.0,5,99.0,False,0,5209.565833333338,0.9094593796018405
2024-09-01 13:50:16.729,OnTrack,-583.0,-5607.0,1844.0,pos,0 days 00:01:16.520000,0 days 01:42:32.810000,11034.15543296,215.37999616,5,99.54749952,False,0,5222.738959554902,0.9117590766560987
2024-09-01 13:50:16.910,OnTrack,-673.9475693063664,-5541.995460825758,1844.9590865268128,car,0 days 00:01:16.701000,0 days 01:42:32.991000,10626.0,219.0,5,100.0,False,0,5233.899166666671,0.9137073685792286
2024-09-01 13:50:16.929,OnTrack,-683.0,-5535.0,1845.0,pos,0 days 00:01:16.720000,0 days 01:42:33.010000,10634.398039311673,219.65516618743544,5,100.0,False,0,5235.088895638373,0.9139150653829768
2024-09-01 13:50:17.009,OnTrack,-722.0,-5504.0,1845.0,pos,0 days 00:01:16.800000,0 days 01:42:33.090000,10669.758562161893,222.41378853745266,5,100.0,False,0,5240.136323952484,0.9147962196230797
2024-09-01 13:50:17.229,OnTrack,-844.0004236331058,-5388.307865258488,1845.4840864581881,car,0 days 00:01:17.020000,0 days 01:42:33.310000,10767.0,230.0,6,100.0,False,0,5254.279722222226,0.9172653018129155
2024-09-01 13:50:17.369,OnTrack,-914.0,-5314.0,1846.0,pos,0 days 00:01:17.160000,0 days 01:42:33.450000,10916.916666666666,232.91666666666666,6,100.0,False,0,5263.418609894272,0.9188607221182487
2024-09-01 13:50:17.469,OnTrack,-953.6625179879771,-5268.804791275064,1846.3655271548218,car,0 days 00:01:17.260000,0 days 01:42:33.550000,11024.0,235.0,6,100.0,False,0,5269.946388888893,0.9200003084147956
2024-09-01 13:50:17.709,OnTrack,-1029.1372108703918,-5168.142802776485,1846.9922441111746,car,0 days 00:01:17.500000,0 days 01:42:33.790000,11166.0,235.0,6,100.0,False,0,5285.613055555559,0.9227353150166756
2024-09-01 13:50:17.729,OnTrack,-1036.0,-5158.0,1847.0,pos,0 days 00:01:17.520000,0 days 01:42:33.810000,11183.125,236.25,6,100.0,False,0,5286.953830720042,0.922969380692835
2024-09-01 13:50:17.869,OnTrack,-1087.5533467001662,-5078.2894955582215,1846.8721736891794,car,0 days 00:01:17.660000,0 days 01:42:33.950000,11303.0,245.0,6,100.0,False,0,5296.501944444448,0.924636241591032
2024-09-01 13:50:17.949,OnTrack,-1116.0,-5032.0,1847.0,pos,0 days 00:01:17.740000,0 days 01:42:34.030000,11365.666666666666,246.33333333333334,6,100.0,False,0,5302.0068259629625,0.9255972556737365
2024-09-01 13:50:18.109,OnTrack,-1170.0,-4935.0,1848.0,car,0 days 00:01:17.900000,0 days 01:42:34.190000,11491.0,249.0,6,100.0,False,0,5313.101944444447,0.9275341847564281
2024-09-01 13:50:18.329,OnTrack,-1269.0,-4718.0,1849.0,pos,0 days 00:01:18.120000,0 days 01:42:34.410000,11673.285714285714,252.92857142857142,6,100.0,False,0,5328.587411330737,0.9302375584266749
2024-09-01 13:50:18.389,OnTrack,-1287.0902624426744,-4675.676331280143,1849.1739155467371,car,0 days 00:01:18.180000,0 days 01:42:34.470000,11723.0,254.0,6,100.0,False,0,5332.857500000003,0.9309830086841889
2024-09-01 13:50:18.689,OnTrack,-1328.0,-4556.0,1850.0,pos,0 days 00:01:18.480000,0 days 01:42:34.770000,10933.723569927866,259.23690522322744,6,100.0,False,0,5354.513890725917,0.934763670701738
2024-09-01 13:50:18.790,OnTrack,-1349.8211038993672,-4487.348314684757,1850.6332555815504,car,0 days 00:01:18.581000,0 days 01:42:34.871000,10668.0,261.0,7,100.0,False,0,5361.930000000004,0.9360583371586461
2024-09-01 13:50:18.849,OnTrack,-1363.0,-4444.0,1851.0,pos,0 days 00:01:18.640000,0 days 01:42:34.930000,10693.0749184,262.31110684444445,7,100.0,False,0,5366.292728690457,0.9368199600376206
2024-09-01 13:50:19.069,OnTrack,-1404.0,-4287.0,1852.0,pos,0 days 00:01:18.860000,0 days 01:42:35.150000,10786.5749184,267.1999957333333,7,100.0,False,0,5382.7378609497055,0.939690867184291
2024-09-01 13:50:19.150,OnTrack,-1417.013590030203,-4228.417493619827,1852.354114403768,car,0 days 00:01:18.941000,0 days 01:42:35.231000,10821.0,269.0,7,100.0,False,0,5388.830000000004,0.9407544016857039
2024-09-01 13:50:19.289,OnTrack,-1437.0,-4126.0,1853.0,pos,0 days 00:01:19.080000,0 days 01:42:35.370000,10886.445742933332,270.7374976,7,100.0,False,0,5399.316418677317,0.9425850670673549
2024-09-01 13:50:19.390,OnTrack,-1449.4776771000422,-4050.150911258847,1853.5078388362429,car,0 days 00:01:19.181000,0 days 01:42:35.471000,10934.0,272.0,7,100.0,False,0,5406.963333333337,0.9439200263483055
2024-09-01 13:50:19.489,OnTrack,-1460.0,-3976.0,1854.0,pos,0 days 00:01:19.280000,0 days 01:42:35.570000,11004.5373632,272.9281232,7,100.0,False,0,5414.482241140566,0.9452326388477756
2024-09-01 13:50:19.710,OnTrack,-1477.4187339726288,-3815.367179027018,1854.8948457401204,car,0 days 00:01:19.501000,0 days 01:42:35.791000,11162.0,275.0,7,100.0,False,0,5431.407777777782,0.9481874125356362
2024-09-01 13:50:19.789,OnTrack,-1482.0,-3758.0,1855.0,pos,0 days 00:01:19.580000,0 days 01:42:35.870000,11221.249856,277.468744,7,100.0,False,0,5437.536034497414,0.9492572522751815
2024-09-01 13:50:19.870,OnTrack,-1485.9200579373814,-3698.7095322598393,1854.944294336826,car,0 days 00:01:19.661000,0 days 01:42:35.951000,11282.0,280.0,7,100.0,False,0,5443.852222222226,0.9503599000491864
2024-09-01 13:50:19.969,OnTrack,-1490.0,-3618.0,1855.0,pos,0 days 00:01:19.760000,0 days 01:42:36.050000,11335.2123968,280.9281232,7,100.0,False,0,5451.600798523285,0.9517126069005843
2024-09-01 13:50:20.190,OnTrack,-1497.5592218332486,-3385.2109869346623,1856.8417738648043,car,0 days 00:01:19.981000,0 days 01:42:36.271000,11454.0,283.0,7,100.0,False,0,5469.0077777777815,0.9547514283801483
2024-09-01 13:50:20.209,OnTrack,-1498.0,-3366.0,1857.0,pos,0 days 00:01:20,0 days 01:42:36.290000,11463.499904,283.2374976,7,100.0,False,0,5470.510872601326,0.9550138309928491
2024-09-01 13:50:20.430,OnTrack,-1500.1014882701988,-3174.609600602782,1858.2372396345418,car,0 days 00:01:20.221000,0 days 01:42:36.511000,11574.0,286.0,7,100.0,False,0,5488.074444444449,0.9580799896062663
2024-09-01 13:50:20.669,OnTrack,-1499.0,-3013.0,1859.0,pos,0 days 00:01:20.460000,0 days 01:42:36.750000,11753.913744355556,288.6555534222222,7,100.0,False,0,5507.257942465243,0.961428946653119
2024-09-01 13:50:20.790,OnTrack,-1498.3409064670655,-2940.1597781432483,1859.4461202763139,car,0 days 00:01:20.581000,0 days 01:42:36.871000,11845.0,290.0,7,100.0,False,0,5517.074444444449,0.9631426614012358
2024-09-01 13:50:20.929,OnTrack,-1497.0,-2850.0,1860.0,pos,0 days 00:01:20.720000,0 days 01:42:37.010000,11474.333845333333,292.02708053333333,7,99.71041706666666,False,0,5528.4525703075815,0.9651289964663011
2024-09-01 13:50:21.190,OnTrack,-1492.0,-2637.0,1861.0,pos,0 days 00:01:20.981000,0 days 01:42:37.271000,10778.333333333334,295.8333333333333,7,99.16666666666667,False,0,5550.0432117866485,0.9688981803163483
2024-09-01 13:50:21.270,OnTrack,-1490.695464721027,-2581.6417047560853,1861.16076685493,car,0 days 00:01:21.061000,0 days 01:42:37.351000,10565.0,297.0,8,99.0,False,0,5556.674444444448,0.9700558270247113
2024-09-01 13:50:21.430,OnTrack,-1487.589524719288,-2469.788608116218,1861.5255327034395,car,0 days 00:01:21.221000,0 days 01:42:37.511000,10565.0,299.0,8,99.0,False,0,5569.963333333339,0.972375733333824
2024-09-01 13:50:21.490,OnTrack,-1485.0,-2402.0,1862.0,pos,0 days 00:01:21.281000,0 days 01:42:37.571000,10654.6246176,300.1249952,8,99.3749984,False,0,5574.981305876529,0.9732517453359737
2024-09-01 13:50:21.590,OnTrack,-1478.720279863341,-2252.9099436606425,1863.2620324097122,car,0 days 00:01:21.381000,0 days 01:42:37.671000,10804.0,302.0,8,100.0,False,0,5583.38555555556,0.9747189162948672
2024-09-01 13:50:21.650,OnTrack,-1475.0,-2167.0,1864.0,pos,0 days 00:01:21.441000,0 days 01:42:37.731000,10814.8749536,302.7499968,8,100.0,False,0,5588.444195741462,0.9756020278462487
2024-09-01 13:50:21.750,OnTrack,-1470.2999343847705,-2058.9487325664213,1864.847737545646,car,0 days 00:01:21.541000,0 days 01:42:37.831000,10833.0,304.0,8,100.0,False,0,5596.896666666671,0.9770776170238644
2024-09-01 13:50:22.110,OnTrack,-1460.9242822391952,-1876.9837792363091,1865.7416943291248,car,0 days 00:01:21.901000,0 days 01:42:38.191000,10935.0,306.0,8,100.0,False,0,5627.496666666671,0.9824196086420047
2024-09-01 13:50:22.149,OnTrack,-1459.0,-1845.0,1866.0,pos,0 days 00:01:21.940000,0 days 01:42:38.230000,10944.749952,306.58499712,8,99.80500096,False,0,5630.834720255292,0.9830023489783222
2024-09-01 13:50:22.310,OnTrack,-1448.4407009658296,-1673.4512135219097,1867.516036395662,car,0 days 00:01:22.101000,0 days 01:42:38.391000,10985.0,309.0,8,99.0,False,0,5644.663333333338,0.9854164775781074
2024-09-01 13:50:22.369,OnTrack,-1444.0,-1605.0,1868.0,pos,0 days 00:01:22.160000,0 days 01:42:38.450000,11010.0749184,309.49166506666666,8,99.0,False,0,5649.746567451206,0.9863038826124437
2024-09-01 13:50:22.550,OnTrack,-1429.4323052374186,-1396.8849098972184,1868.746754072321,car,0 days 00:01:22.341000,0 days 01:42:38.631000,11087.0,311.0,8,99.0,False,0,5665.396666666671,0.9890359969533613
2024-09-01 13:50:22.709,OnTrack,-1418.0,-1241.0,1869.0,pos,0 days 00:01:22.500000,0 days 01:42:38.790000,11122.7749568,312.19249856,8,99.0,False,0,5679.226904778838,0.9914504092432985
2024-09-01 13:50:22.950,OnTrack,-1406.818892754752,-1087.9364352676073,1869.4971809650274,car,0 days 00:01:22.741000,0 days 01:42:39.031000,11177.0,314.0,8,99.0,False,0,5700.285555555561,0.9951267208752788
2024-09-01 13:50:23.089,OnTrack,-1400.0,-1000.0,1870.0,pos,0 days 00:01:22.880000,0 days 01:42:39.170000,11227.139216457143,314.4964278857143,8,99.0,False,0,5712.443883608903,0.9972492596514733
2024-09-01 13:50:23.230,OnTrack,-1390.9035486242199,-888.0221805000526,1870.7499242395825,car,0 days 00:01:23.021000,0 days 01:42:39.311000,11278.0,315.0,8,99.0,False,0,5724.785555555561,0.9994038056675806
2024-09-01 13:50:23.269,OnTrack,-1388.0,-853.0,1871.0,pos,0 days 00:01:23.060000,0 days 01:42:39.350000,11278.0,315.0,8,99.0,False,0,5728.200676333752,1.0
