Date,Status,X,Y,Z,Source,Time,SessionTime,RPM,Speed,nGear,Throttle,Brake,DRS,Distance,RelativeDistance
2024-09-01 14:17:16.829,OnTrack,-1370.0,-631.0,1871.0,pos,0 days 00:00:00,0 days 02:09:32.910000,11508.0,321.0,8,100.0,False,0,,
2024-09-01 14:17:17.049,OnTrack,-1353.0,-436.0,1873.0,pos,0 days 00:00:00.220000,0 days 02:09:33.130000,11508.0,321.0,8,100.0,False,0,,
2024-09-01 14:17:17.076,OnTrack,-1350.8278294705165,-412.04693400055373,1873.187023234005,car,0 days 00:00:00.247000,0 days 02:09:33.157000,11508.0,321.0,8,100.0,False,0,32.99166666666667,0.005759403524781536
2024-09-01 14:17:17.309,OnTrack,-1332.0,-205.0,1874.0,pos,0 days 00:00:00.480000,0 days 02:09:33.390000,11519.06749696,322.16499968,8,100.0,False,0,53.88364721322285,0.00940654713881042
2024-09-01 14:17:17.469,OnTrack,-1320.0,-62.0,1874.0,pos,0 days 00:00:00.640000,0 days 02:09:33.550000,11526.66749696,322.96499968,8,100.0,False,0,68.25155454379922,0.011914773745229899
2024-09-01 14:17:17.476,OnTrack,-1319.4312621279132,-55.71131672665672,1874.0935088653875,car,0 days 00:00:00.647000,0 days 02:09:33.557000,11527.0,323.0,8,100.0,False,0,68.88055555555556,0.012024579372232697
2024-09-01 14:17:17.529,OnTrack,-1315.0,-8.0,1875.0,pos,0 days 00:00:00.700000,0 days 02:09:33.610000,11543.16498048,323.26499968,8,100.0,False,0,73.64402873974038,0.012856145856108312
2024-09-01 14:17:17.676,OnTrack,-1302.8571229115898,125.04143380910789,1875.870683164953,car,0 days 00:00:00.847000,0 days 02:09:33.757000,11588.0,324.0,8,100.0,False,0,86.88055555555556,0.015166865710582815
2024-09-01 14:17:17.789,OnTrack,-1294.0,225.0,1876.0,pos,0 days 00:00:00.960000,0 days 02:09:33.870000,11624.7249792,324.84749952,8,100.0,False,0,97.10591744339582,0.016951922097518727
2024-09-01 14:17:17.969,OnTrack,-1280.0,387.0,1877.0,pos,0 days 00:00:01.140000,0 days 02:09:34.050000,11683.2249792,326.19749952,8,100.0,False,0,113.47400862859534,0.01980932372619214
2024-09-01 14:17:18.076,OnTrack,-1268.9054012427848,514.4155044391541,1877.500177388474,car,0 days 00:00:01.247000,0 days 02:09:34.157000,11718.0,327.0,8,100.0,False,0,123.2138888888889,0.021509628875030277
2024-09-01 14:17:18.249,OnTrack,-1250.0,732.0,1878.0,pos,0 days 00:00:01.420000,0 days 02:09:34.330000,11722.3249984,327.86499968,8,100.0,False,0,138.97162711745554,0.024260480294970407
2024-09-01 14:17:18.276,OnTrack,-1247.6287002149963,759.7784178040976,1878.049701661169,car,0 days 00:00:01.447000,0 days 02:09:34.357000,11723.0,328.0,8,100.0,False,0,141.43611111111113,0.024690708871878544
2024-09-01 14:17:18.676,OnTrack,-1224.9223803444934,1034.1672211566006,1879.2629175009993,car,0 days 00:00:01.847000,0 days 02:09:34.757000,11769.0,330.0,8,100.0,False,0,178.1027777777778,0.03109166252407323
2024-09-01 14:17:18.729,OnTrack,-1221.0,1078.0,1880.0,pos,0 days 00:00:01.900000,0 days 02:09:34.810000,11768.6687504,330.0,8,100.0,False,0,182.96028020644695,0.03193964383074598
2024-09-01 14:17:18.789,OnTrack,-1216.0,1133.0,1881.0,pos,0 days 00:00:01.960000,0 days 02:09:34.870000,11768.2937504,330.0,8,100.0,False,0,188.45815399409076,0.03289941570257301
2024-09-01 14:17:18.836,OnTrack,-1211.8457582046894,1179.2393437898454,1881.6490717106603,car,0 days 00:00:02.007000,0 days 02:09:34.917000,11768.0,330.0,8,100.0,False,0,192.76944444444445,0.0336520439849511
2024-09-01 14:17:19.076,OnTrack,-1188.81289184081,1444.3342539247055,1882.804736280872,car,0 days 00:00:02.247000,0 days 02:09:35.157000,11783.0,331.0,8,100.0,False,0,214.83611111111114,0.03750425427381736
2024-09-01 14:17:19.169,OnTrack,-1181.0,1536.0,1883.0,pos,0 days 00:00:02.340000,0 days 02:09:35.250000,11812.449979733334,331.0,8,100.0,False,0,223.37936768338332,0.03899566307448796
2024-09-01 14:17:19.316,OnTrack,-1170.8439904087654,1656.736297364534,1883.3654311033972,car,0 days 00:00:02.487000,0 days 02:09:35.397000,11859.0,331.0,8,100.0,False,0,236.90277777777777,0.04135646456268361
2024-09-01 14:17:19.476,OnTrack,-1161.265412629836,1770.2686659273015,1883.808344617154,car,0 days 00:00:02.647000,0 days 02:09:35.557000,11838.0,333.0,8,100.0,False,0,251.70277777777778,0.04394012221866037
2024-09-01 14:17:19.550,OnTrack,-1156.0,1830.0,1884.0,pos,0 days 00:00:02.721000,0 days 02:09:35.631000,11846.48746793119,332.7347666271503,8,100.0,False,0,258.53506590336985,0.04513284475403369
2024-09-01 14:17:19.755,OnTrack,-1139.1790545834908,2017.9453884256664,1884.8438706443328,car,0 days 00:00:02.926000,0 days 02:09:35.836000,11870.0,332.0,8,100.0,False,0,277.4327777777778,0.04843184596786863
2024-09-01 14:17:19.770,OnTrack,-1138.0,2032.0,1885.0,pos,0 days 00:00:02.941000,0 days 02:09:35.851000,11872.5312176,332.0937488,8,100.0,False,0,278.818253753279,0.04867371053619806
2024-09-01 14:17:19.850,OnTrack,-1132.0,2106.0,1886.0,pos,0 days 00:00:03.021000,0 days 02:09:35.931000,11886.0312176,332.5937488,8,100.0,False,0,286.2154635353629,0.04996505227176207
2024-09-01 14:17:19.915,OnTrack,-1127.3856722512023,2162.6875865714032,1886.5124061272008,car,0 days 00:00:03.086000,0 days 02:09:35.996000,11897.0,333.0,8,100.0,False,0,292.2327777777778,0.051015503623845396
2024-09-01 14:17:20.070,OnTrack,-1115.0,2309.0,1887.0,pos,0 days 00:00:03.241000,0 days 02:09:36.151000,11897.0,333.55357165714287,8,100.0,False,0,306.6013266806597,0.053523842230481025
2024-09-01 14:17:20.195,OnTrack,-1099.6954524408177,2482.211457571826,1887.9210282792055,car,0 days 00:00:03.366000,0 days 02:09:36.276000,11897.0,334.0,8,100.0,False,0,318.2105555555556,0.05555048230227908
2024-09-01 14:17:20.330,OnTrack,-1083.0,2670.0,1889.0,pos,0 days 00:00:03.501000,0 days 02:09:36.411000,11934.1249472,334.8437488,8,100.0,False,0,330.77115868377916,0.05774320516957101
2024-09-01 14:17:20.355,OnTrack,-1080.5589917343036,2697.74614583333,1889.1426473114948,car,0 days 00:00:03.526000,0 days 02:09:36.436000,11941.0,335.0,8,100.0,False,0,333.0994444444445,0.05814965742165511
2024-09-01 14:17:20.755,OnTrack,-1060.0845224071973,2942.107170164695,1889.8822260760494,car,0 days 00:00:03.926000,0 days 02:09:36.836000,11950.0,336.0,8,100.0,False,0,370.43277777777786,0.06466699204934424
2024-09-01 14:17:20.790,OnTrack,-1058.0,2967.0,1890.0,pos,0 days 00:00:03.961000,0 days 02:09:36.871000,11954.0833408,336.0729168,8,100.0,False,0,373.70541004276663,0.06523830025249525
2024-09-01 14:17:20.990,OnTrack,-1042.0,3154.0,1891.0,pos,0 days 00:00:04.161000,0 days 02:09:37.071000,11977.416674133334,336.48958346666666,8,100.0,False,0,392.42280564074906,0.0685058233901083
2024-09-01 14:17:21.190,OnTrack,-1019.0,3414.0,1892.0,pos,0 days 00:00:04.361000,0 days 02:09:37.271000,12000.750007466666,336.90625013333334,8,100.0,False,0,411.15262224172164,0.07177551488038826
2024-09-01 14:17:21.235,OnTrack,-1014.5520798915295,3464.695311314769,1892.2042023107265,car,0 days 00:00:04.406000,0 days 02:09:37.316000,12006.0,337.0,8,100.0,False,0,415.36611111111114,0.0725110697976701
2024-09-01 14:17:21.475,OnTrack,-998.355258495114,3654.9357132074556,1893.1608054932904,car,0 days 00:00:04.646000,0 days 02:09:37.556000,12017.0,337.0,8,100.0,False,0,437.83277777777784,0.07643310867183302
2024-09-01 14:17:21.670,OnTrack,-987.0,3788.0,1894.0,pos,0 days 00:00:04.841000,0 days 02:09:37.751000,12016.187499733333,337.0,8,100.0,False,0,456.0823420824243,0.07961896181601816
2024-09-01 14:17:21.715,OnTrack,-984.0334317238201,3821.9262800730494,1894.2188560879808,car,0 days 00:00:04.886000,0 days 02:09:37.796000,12016.0,337.0,8,100.0,False,0,460.29944444444453,0.08035514754599594
2024-09-01 14:17:21.830,OnTrack,-974.0,3937.0,1895.0,pos,0 days 00:00:05.001000,0 days 02:09:37.911000,12018.8750016,337.4791669333333,8,100.0,False,0,471.0914839684711,0.08223912967706723
2024-09-01 14:17:21.955,OnTrack,-954.9535709084383,4159.792432005434,1896.6028463276787,car,0 days 00:00:05.126000,0 days 02:09:38.036000,12022.0,338.0,8,100.0,False,0,482.8327777777778,0.0842888245177083
2024-09-01 14:17:21.990,OnTrack,-950.0,4218.0,1897.0,pos,0 days 00:00:05.161000,0 days 02:09:38.071000,12027.2500096,338.0,8,100.0,False,0,486.11962680341986,0.08486261456156911
2024-09-01 14:17:22.235,OnTrack,-932.5805741542679,4425.280543280382,1897.8729750113753,car,0 days 00:00:05.406000,0 days 02:09:38.316000,12064.0,338.0,8,100.0,False,0,509.12166666666667,0.0888781143180394
2024-09-01 14:17:22.470,OnTrack,-923.0,4536.0,1898.0,pos,0 days 00:00:05.641000,0 days 02:09:38.551000,12068.806819490908,338.0,8,100.0,False,0,531.1861334884806,0.0927299405767708
2024-09-01 14:17:22.650,OnTrack,-908.0,4704.0,1899.0,pos,0 days 00:00:05.821000,0 days 02:09:38.731000,12072.488632436363,338.0,8,100.0,False,0,548.0858109066944,0.09568014199198066
2024-09-01 14:17:22.675,OnTrack,-905.8733733514864,4728.017270238979,1899.1285233887816,car,0 days 00:00:05.846000,0 days 02:09:38.756000,12073.0,338.0,8,100.0,False,0,550.4327777777778,0.09608985543284541
2024-09-01 14:17:22.870,OnTrack,-890.0,4910.0,1900.0,pos,0 days 00:00:06.041000,0 days 02:09:38.951000,12058.3749952,338.0,8,100.0,False,0,568.7391928873529,0.09928563310523342
2024-09-01 14:17:22.915,OnTrack,-886.3947574708391,4951.988206743994,1900.2453210074073,car,0 days 00:00:06.086000,0 days 02:09:38.996000,12055.0,338.0,8,100.0,False,0,572.9661111111111,0.10002353240455777
2024-09-01 14:17:23.070,OnTrack,-874.0,5097.0,1901.0,pos,0 days 00:00:06.241000,0 days 02:09:39.151000,12059.750286074936,338.1759365212939,8,100.0,False,0,587.5359654223955,0.1025670131908967
2024-09-01 14:17:23.230,OnTrack,-861.0,5247.0,1901.0,pos,0 days 00:00:06.401000,0 days 02:09:39.311000,12064.653805159867,338.3575483392544,8,100.0,False,0,602.5927864669412,0.10519550447241106
2024-09-01 14:17:23.796,OnTrack,-809.2245248707615,5853.101930235158,1905.050421543367,car,0 days 00:00:06.967000,0 days 02:09:39.877000,12082.0,339.0,8,100.0,False,0,655.9269444444444,0.11450612647130635
2024-09-01 14:17:23.929,OnTrack,-797.0,5998.0,1906.0,pos,0 days 00:00:07.100000,0 days 02:09:40.010000,12090.497218133334,339.0,8,100.0,False,0,668.459672983125,0.11669398323071449
2024-09-01 14:17:24.156,OnTrack,-776.7097078853144,6239.982973301638,1907.1003489426962,car,0 days 00:00:07.327000,0 days 02:09:40.237000,12105.0,339.0,8,100.0,False,0,689.8269444444445,0.12042409907519909
2024-09-01 14:17:24.409,OnTrack,-757.0,6476.0,1908.0,pos,0 days 00:00:07.580000,0 days 02:09:40.490000,12021.1937712,338.2093752,8,100.0,False,0,713.5731441233673,0.1245695078995776
2024-09-01 14:17:24.476,OnTrack,-752.6930306671838,6527.533713348197,1908.267596661648,car,0 days 00:00:07.647000,0 days 02:09:40.557000,11999.0,338.0,8,100.0,False,0,719.8713888888889,0.1256690017041489
2024-09-01 14:17:24.769,OnTrack,-735.0,6737.0,1910.0,pos,0 days 00:00:07.940000,0 days 02:09:40.850000,11960.5437584,337.0843752,8,100.0,False,0,747.347265443823,0.13046550567819132
2024-09-01 14:17:24.796,OnTrack,-732.9649923819125,6760.665501296169,1910.2674510033912,car,0 days 00:00:07.967000,0 days 02:09:40.877000,11957.0,337.0,8,100.0,False,0,749.8269444444445,0.13089838686969948
2024-09-01 14:17:24.869,OnTrack,-727.0,6830.0,1911.0,pos,0 days 00:00:08.040000,0 days 02:09:40.950000,11811.8112384,332.5388928,8,82.3583488,False,0,756.4678300678011,0.13205769599018943
2024-09-01 14:17:25.156,OnTrack,-698.8536018133682,7163.606855579195,1911.9433212973408,car,0 days 00:00:08.327000,0 days 02:09:41.237000,11241.0,315.0,8,13.0,True,0,781.3269444444445,0.1363973879618122
2024-09-01 14:17:25.189,OnTrack,-696.0,7198.0,1912.0,pos,0 days 00:00:08.360000,0 days 02:09:41.270000,11033.1004032,309.2250112,8,10.85500416,True,0,783.9931144788947,0.13686282516597725
2024-09-01 14:17:25.356,OnTrack,-684.1176324280607,7343.526461350322,1912.3635650379952,car,0 days 00:00:08.527000,0 days 02:09:41.437000,9981.0,280.0,8,0.0,True,0,796.8825000000002,0.13911294405668267
2024-09-01 14:17:25.516,OnTrack,-676.0409532285923,7444.40240344817,1912.78289977937,car,0 days 00:00:08.687000,0 days 02:09:41.597000,8815.0,264.0,8,0.0,True,0,808.6158333333335,0.14116124922538498
2024-09-01 14:17:25.609,OnTrack,-672.0,7493.0,1913.0,pos,0 days 00:00:08.780000,0 days 02:09:41.690000,8508.6814608,264.0,8,0.0,True,0,815.5992403934372,0.14238035281427952
2024-09-01 14:17:25.676,OnTrack,-669.3615103326074,7523.6578342179955,1913.1425096005378,car,0 days 00:00:08.847000,0 days 02:09:41.757000,8288.0,264.0,8,0.0,True,0,820.3491666666669,0.14320955439408728
2024-09-01 14:17:25.970,OnTrack,-659.0,7639.0,1914.0,pos,0 days 00:00:09.141000,0 days 02:09:42.051000,8376.1999616,199.687528,8,0.0,True,0,836.3204079201913,0.1459976773495008
2024-09-01 14:17:25.996,OnTrack,-657.9682838768199,7651.092541668753,1914.1465375435148,car,0 days 00:00:09.167000,0 days 02:09:42.077000,8384.0,194.0,8,0.0,True,0,837.5936111111113,0.14621994229354368
2024-09-01 14:17:26.130,OnTrack,-652.0,7721.0,1915.0,pos,0 days 00:00:09.301000,0 days 02:09:42.211000,8947.6369616,177.25001600000002,8,0.0,True,0,844.0891917093852,0.14735388530318858
2024-09-01 14:17:26.156,OnTrack,-650.6348051582852,7736.239471691417,1915.1415504415447,car,0 days 00:00:09.327000,0 days 02:09:42.237000,9057.0,174.0,8,0.0,True,0,845.3269444444446,0.1475699616092793
2024-09-01 14:17:26.315,OnTrack,-641.0357402682869,7837.936861651879,1915.7795524544467,car,0 days 00:00:09.486000,0 days 02:09:42.396000,9106.0,165.0,8,0.0,True,0,852.6144444444446,0.14884215114765298
2024-09-01 14:17:26.390,OnTrack,-637.0,7878.0,1916.0,pos,0 days 00:00:09.561000,0 days 02:09:42.471000,9252.04179128889,158.54166115555554,8,0.0,True,0,855.7373405045396,0.14938731968241542
2024-09-01 14:17:26.675,OnTrack,-626.6990432420083,7957.69057951025,1916.625836427239,car,0 days 00:00:09.846000,0 days 02:09:42.756000,9807.0,134.0,6,0.0,True,0,866.0144444444446,0.1511814087550914
2024-09-01 14:17:26.770,OnTrack,-622.0,7982.0,1917.0,pos,0 days 00:00:09.941000,0 days 02:09:42.851000,9702.97521024,129.48750912,6,0.0,True,0,869.19595689159,0.15173681003831116
2024-09-01 14:17:26.970,OnTrack,-608.0,8046.0,1918.0,pos,0 days 00:00:10.141000,0 days 02:09:43.051000,9483.97521024,119.98750912,6,0.0,True,0,875.5895811200144,0.15285295437528462
2024-09-01 14:17:27.075,OnTrack,-600.1705102521926,8075.027642387735,1918.0333153013303,car,0 days 00:00:10.246000,0 days 02:09:43.156000,9369.0,115.0,3,0.0,True,0,878.7922222222224,0.15341204411873502
2024-09-01 14:17:27.190,OnTrack,-587.0,8109.0,1918.0,pos,0 days 00:00:10.361000,0 days 02:09:43.271000,9164.01238592,111.26249792,3,0.0,True,0,882.180588988434,0.15400355626311202
2024-09-01 14:17:27.450,OnTrack,-533.0,8209.0,1919.0,pos,0 days 00:00:10.621000,0 days 02:09:43.531000,8700.56284224,102.81250624,3,0.0,True,0,889.4467744444092,0.155272024890347
2024-09-01 14:17:27.475,OnTrack,-529.2210745011388,8215.532440506668,1919.051496228551,car,0 days 00:00:10.646000,0 days 02:09:43.556000,8656.0,102.0,2,0.0,True,0,890.1255555555558,0.15539052070214066
2024-09-01 14:17:27.755,OnTrack,-505.33985100862316,8244.83529022193,1918.9201669705253,car,0 days 00:00:10.926000,0 days 02:09:43.836000,7744.0,95.0,2,0.0,True,0,897.5144444444447,0.15668040984720413
2024-09-01 14:17:27.810,OnTrack,-496.0,8251.0,1919.0,pos,0 days 00:00:10.981000,0 days 02:09:43.891000,7649.1253312,93.90000384,2,0.0,True,0,898.9236628666808,0.15692641916920103
2024-09-01 14:17:27.955,OnTrack,-458.02257994116184,8274.871058166551,1919.5574978181887,car,0 days 00:00:11.126000,0 days 02:09:44.036000,7399.0,91.0,2,0.0,True,0,902.5700000000003,0.15756296557803703
2024-09-01 14:17:28.070,OnTrack,-426.0,8293.0,1920.0,pos,0 days 00:00:11.241000,0 days 02:09:44.151000,7244.32491392,88.69999872,2,0.0,True,0,905.3819975974495,0.1580538601132558
2024-09-01 14:17:28.155,OnTrack,-406.80914111793265,8301.886152582654,1920.1597843677387,car,0 days 00:00:11.326000,0 days 02:09:44.236000,7130.0,87.0,2,0.0,True,0,907.4033333333336,0.1584067276503718
2024-09-01 14:17:28.470,OnTrack,-354.0,8312.0,1920.0,pos,0 days 00:00:11.641000,0 days 02:09:44.551000,7019.7499776,81.0937488,2,0.0,True,0,914.4927035269394,0.15964432937853146
2024-09-01 14:17:28.475,OnTrack,-353.0661285116548,8312.105348218825,1919.9986760618826,car,0 days 00:00:11.646000,0 days 02:09:44.556000,7018.0,81.0,2,0.0,False,0,914.6033333333337,0.15966364218571186
2024-09-01 14:17:28.670,OnTrack,-309.0,8319.0,1920.0,pos,0 days 00:00:11.841000,0 days 02:09:44.751000,6854.6874464,79.37499946666667,2,7.3125024,False,0,918.8965476327361,0.1604131148879686
2024-09-01 14:17:28.715,OnTrack,-294.6856798324604,8323.010609670559,1919.9917686854633,car,0 days 00:00:11.886000,0 days 02:09:44.796000,6817.0,79.0,2,9.0,False,0,919.8700000000003,0.160583051892118
2024-09-01 14:17:28.870,OnTrack,-241.0,8342.0,1920.0,pos,0 days 00:00:12.041000,0 days 02:09:44.951000,7069.8438544,77.0624992,2,13.843751999999999,False,0,923.1840191895529,0.16116158507124917
2024-09-01 14:17:28.875,OnTrack,-239.57980466933705,8342.593853563814,1920.0049602197553,car,0 days 00:00:12.046000,0 days 02:09:44.956000,7078.0,77.0,2,14.0,False,0,923.2922222222226,0.1611804742329895
2024-09-01 14:17:29.275,OnTrack,-188.19158903211707,8385.128126804768,1920.9855423114464,car,0 days 00:00:12.446000,0 days 02:09:45.356000,6421.0,80.0,2,0.0,True,0,932.1811111111115,0.16273222057291548
2024-09-01 14:17:29.290,OnTrack,-187.0,8387.0,1921.0,pos,0 days 00:00:12.461000,0 days 02:09:45.371000,6400.852530618182,79.76136669090909,2,0.034090472727272725,True,0,932.5037761765716,0.16278854868552983
2024-09-01 14:17:29.670,OnTrack,-158.0,8446.0,1921.0,pos,0 days 00:00:12.841000,0 days 02:09:45.751000,5890.443095854545,73.71590807272727,2,0.8977274181818182,True,0,940.2331389204766,0.164137874849659
2024-09-01 14:17:29.715,OnTrack,-155.6228866610855,8454.270171038164,1921.1535511500838,car,0 days 00:00:12.886000,0 days 02:09:45.796000,5830.0,73.0,2,1.0,False,0,941.1033333333337,0.1642897859616162
2024-09-01 14:17:29.910,OnTrack,-148.0,8493.0,1922.0,pos,0 days 00:00:13.081000,0 days 02:09:45.991000,6102.612116573012,68.14925059478625,2,10.701498810427482,False,0,944.7880599793978,0.16493303408386517
2024-09-01 14:17:29.916,OnTrack,-147.79616542155316,8494.26379541591,1922.0123701429,car,0 days 00:00:13.087000,0 days 02:09:45.997000,6111.0,68.0,2,11.0,False,0,944.9000000000003,0.16495257561705706
2024-09-01 14:17:30.076,OnTrack,-142.9865452651808,8529.568432702254,1922.0054661853499,car,0 days 00:00:13.247000,0 days 02:09:46.157000,6342.0,67.0,2,19.0,False,0,947.8777777777781,0.16547241064093227
2024-09-01 14:17:30.129,OnTrack,-142.0,8542.0,1922.0,pos,0 days 00:00:13.300000,0 days 02:09:46.210000,6412.48991488,67.52999936,2,19.52999936,False,0,948.8773020682477,0.16564689905886515
2024-09-01 14:17:30.276,OnTrack,-141.33656417036218,8578.479879903407,1922.1791760969104,car,0 days 00:00:13.447000,0 days 02:09:46.357000,6608.0,69.0,2,21.0,False,0,951.7111111111114,0.16614160125002536
2024-09-01 14:17:30.549,OnTrack,-145.0,8642.0,1923.0,pos,0 days 00:00:13.720000,0 days 02:09:46.630000,6915.7453824,72.7227264,2,34.0295424,False,0,957.3054241491086,0.1671182086629005
2024-09-01 14:17:30.716,OnTrack,-147.28447019826098,8666.47670542947,1923.5530629577636,car,0 days 00:00:13.887000,0 days 02:09:46.797000,7104.0,75.0,2,42.0,False,0,960.8777777777781,0.16774183966307402
2024-09-01 14:17:30.909,OnTrack,-152.0,8695.0,1924.0,pos,0 days 00:00:14.080000,0 days 02:09:46.990000,7920.38972928,79.8249984,2,49.71999744,False,0,965.1585084977478,0.16848913308860272
2024-09-01 14:17:30.916,OnTrack,-152.26317328791748,8696.369983917712,1924.0071598120317,car,0 days 00:00:14.087000,0 days 02:09:46.997000,7950.0,80.0,2,50.0,False,0,965.3222222222225,0.16851771283303701
2024-09-01 14:17:31.149,OnTrack,-164.0,8752.0,1924.0,pos,0 days 00:00:14.320000,0 days 02:09:47.230000,8498.520682666667,89.70833066666667,2,56.79583146666667,False,0,971.1403484592677,0.16953339164356276
2024-09-01 14:17:31.156,OnTrack,-164.3988611098365,8753.763972796582,1923.9994720721936,car,0 days 00:00:14.327000,0 days 02:09:47.237000,8515.0,90.0,2,57.0,False,0,971.3222222222225,0.16956514161248706
2024-09-01 14:17:31.329,OnTrack,-175.0,8798.0,1924.0,pos,0 days 00:00:14.500000,0 days 02:09:47.410000,9353.431832685714,94.94285531428571,2,63.17856914285714,False,0,975.9169196276167,0.17036724466169945
2024-09-01 14:17:31.436,OnTrack,-182.8049290981324,8827.391850683913,1923.9286435374618,car,0 days 00:00:14.607000,0 days 02:09:47.517000,9872.0,98.0,2,67.0,False,0,978.9444444444448,0.17089576409897358
2024-09-01 14:17:31.529,OnTrack,-190.0,8854.0,1924.0,pos,0 days 00:00:14.700000,0 days 02:09:47.610000,10160.81646791111,102.39166364444445,2,69.84166471111111,False,0,981.7313187240882,0.17138227281984153
2024-09-01 14:17:31.769,OnTrack,-209.0,8926.0,1925.0,pos,0 days 00:00:14.940000,0 days 02:09:47.850000,10906.149801244444,113.72499697777778,2,77.17499804444445,False,0,989.5252901381118,0.1727428778140514
2024-09-01 14:17:31.796,OnTrack,-211.2770804121905,8934.494998525042,1925.0438039341445,car,0 days 00:00:14.967000,0 days 02:09:47.877000,10990.0,115.0,2,78.0,False,0,990.4444444444448,0.17290333592625284
2024-09-01 14:17:31.929,OnTrack,-223.0,8978.0,1925.0,pos,0 days 00:00:15.100000,0 days 02:09:48.010000,11945.1057904,123.312496,2,86.312496,False,0,995.0649683034533,0.17370994753726302
2024-09-01 14:17:31.956,OnTrack,-225.47575263228123,8987.31744887589,1924.9773924120693,car,0 days 00:00:15.127000,0 days 02:09:48.037000,12139.0,125.0,2,88.0,False,0,996.0000000000003,0.17387317738870658
2024-09-01 14:17:32.116,OnTrack,-240.57642498039047,9045.169891903914,1924.8656317229086,car,0 days 00:00:15.287000,0 days 02:09:48.197000,12332.0,125.0,2,95.0,False,0,1001.5555555555559,0.17484301885116033
2024-09-01 14:17:32.189,OnTrack,-247.0,9070.0,1925.0,pos,0 days 00:00:15.360000,0 days 02:09:48.270000,12241.11507968,130.4749952,2,96.8249984,False,0,1004.2869639207225,0.17531984480617802
2024-09-01 14:17:32.316,OnTrack,-257.1172342190022,9109.252826875172,1925.6216332393628,car,0 days 00:00:15.487000,0 days 02:09:48.397000,12083.0,140.0,3,100.0,False,0,1009.3333333333336,0.17620079689859552
2024-09-01 14:17:32.409,OnTrack,-269.0,9156.0,1926.0,pos,0 days 00:00:15.580000,0 days 02:09:48.490000,12120.1999744,146.3937456,3,100.0,False,0,1013.1742830160666,0.17687131710494788
2024-09-01 14:17:32.476,OnTrack,-282.0803856661963,9207.761701505437,1926.0733302940798,car,0 days 00:00:15.647000,0 days 02:09:48.557000,12147.0,151.0,3,100.0,False,0,1016.0444444444447,0.17737236538523965
2024-09-01 14:17:32.570,OnTrack,-301.0,9283.0,1926.0,pos,0 days 00:00:15.741000,0 days 02:09:48.651000,11959.000256,155.6999936,3,100.0,False,0,1020.2479369761531,0.17810617522722544
2024-09-01 14:17:32.756,OnTrack,-314.4528093178361,9338.652856509807,1925.740747793393,car,0 days 00:00:15.927000,0 days 02:09:48.837000,11587.0,165.0,3,100.0,False,0,1028.8777777777782,0.17961269916350783
2024-09-01 14:17:32.890,OnTrack,-320.0,9364.0,1926.0,pos,0 days 00:00:16.061000,0 days 02:09:48.971000,11048.4880144,165.0,3,100.0,False,0,1035.0040370808704,0.18068216921424654
2024-09-01 14:17:32.916,OnTrack,-321.8632203354533,9372.212136928312,1926.1336742568842,car,0 days 00:00:16.087000,0 days 02:09:48.997000,10944.0,165.0,4,100.0,False,0,1036.2111111111114,0.18089288989394675
2024-09-01 14:17:33.150,OnTrack,-348.0,9490.0,1928.0,pos,0 days 00:00:16.321000,0 days 02:09:49.231000,11492.28467192377,174.79079771292447,4,100.0,False,0,1047.575142666413,0.1828767255108803
2024-09-01 14:17:33.155,OnTrack,-348.6624334468226,9493.218017480813,1928.0321139032872,car,0 days 00:00:16.326000,0 days 02:09:49.236000,11504.0,175.0,4,100.0,False,0,1047.829166666667,0.18292107085230314
2024-09-01 14:17:33.315,OnTrack,-371.0434831609353,9607.88792460755,1928.746107425936,car,0 days 00:00:16.486000,0 days 02:09:49.396000,11575.0,188.0,4,100.0,False,0,1056.1847222222227,0.18437971241183357
2024-09-01 14:17:33.390,OnTrack,-380.0,9657.0,1929.0,pos,0 days 00:00:16.561000,0 days 02:09:49.471000,11310.99977472,190.62500224,4,100.0,False,0,1060.1951999323103,0.18507982737398168
2024-09-01 14:17:33.515,OnTrack,-390.72190847232196,9721.409379469049,1929.4208196284867,car,0 days 00:00:16.686000,0 days 02:09:49.596000,10871.0,195.0,5,100.0,False,0,1067.018055555556,0.18627090326361836
2024-09-01 14:17:33.675,OnTrack,-398.2550771402309,9780.64119640832,1929.8944578947558,car,0 days 00:00:16.846000,0 days 02:09:49.756000,11013.0,203.0,5,100.0,False,0,1076.040277777778,0.1878459257986432
2024-09-01 14:17:33.790,OnTrack,-404.0,9834.0,1930.0,pos,0 days 00:00:16.961000,0 days 02:09:49.871000,11319.9064208,205.15625119999999,5,100.0,False,0,1082.5890437456846,0.18898915345608794
2024-09-01 14:17:33.835,OnTrack,-406.5118098905965,9858.431431372368,1929.9800832391952,car,0 days 00:00:17.006000,0 days 02:09:49.916000,11440.0,206.0,5,100.0,False,0,1085.1958333333337,0.18944422452876697
2024-09-01 14:17:33.990,OnTrack,-415.0,9952.0,1930.0,pos,0 days 00:00:17.161000,0 days 02:09:50.071000,11174.777668266666,211.59722453333333,5,100.0,False,0,1094.454405756104,0.19106050706413902
2024-09-01 14:17:34.150,OnTrack,-420.0,10048.0,1931.0,pos,0 days 00:00:17.321000,0 days 02:09:50.231000,10900.999890488889,217.3750023111111,5,100.0,False,0,1104.3146795502644,0.1927818294883491
2024-09-01 14:17:34.195,OnTrack,-421.16591466683246,10076.839505924587,1931.2298903744108,car,0 days 00:00:17.366000,0 days 02:09:50.276000,10824.0,219.0,5,100.0,False,0,1107.0958333333335,0.1932673395737596
2024-09-01 14:17:34.355,OnTrack,-424.8594642450724,10186.477805720113,1931.705200121715,car,0 days 00:00:17.526000,0 days 02:09:50.436000,10685.0,224.0,6,100.0,False,0,1117.051388888889,0.1950052954744767
2024-09-01 14:17:34.430,OnTrack,-426.0,10237.0,1932.0,pos,0 days 00:00:17.601000,0 days 02:09:50.511000,10775.0000768,226.62500224,6,100.0,False,0,1121.8307967158225,0.19583964369225318
2024-09-01 14:17:34.555,OnTrack,-426.88859929246235,10317.538261201023,1932.7118000072353,car,0 days 00:00:17.726000,0 days 02:09:50.636000,10925.0,231.0,6,100.0,False,0,1129.8847222222223,0.19724562925274483
2024-09-01 14:17:34.630,OnTrack,-427.0,10365.0,1933.0,pos,0 days 00:00:17.801000,0 days 02:09:50.711000,11066.0938704,231.0,6,100.0,False,0,1134.6830583663314,0.19808328181454735
2024-09-01 14:17:34.715,OnTrack,-426.8609315631327,10418.852826023023,1933.029679975606,car,0 days 00:00:17.886000,0 days 02:09:50.796000,11226.0,231.0,6,100.0,False,0,1140.151388888889,0.19903789627535934
2024-09-01 14:17:34.830,OnTrack,-426.0,10495.0,1933.0,pos,0 days 00:00:18.001000,0 days 02:09:50.911000,11336.3281864,234.593752,6,100.0,False,0,1147.7232260103222,0.20035972296107554
2024-09-01 14:17:35.030,OnTrack,-422.0,10642.0,1934.0,pos,0 days 00:00:18.201000,0 days 02:09:51.111000,11528.2031864,240.843752,6,100.0,False,0,1161.2335545612586,0.2027182407850883
2024-09-01 14:17:35.035,OnTrack,-421.8670526916382,10645.568896235754,1934.0252565053465,car,0 days 00:00:18.206000,0 days 02:09:51.116000,11533.0,241.0,6,100.0,False,0,1161.5736111111112,0.20277760495458094
2024-09-01 14:17:35.395,OnTrack,-408.6055246275235,10880.245701436681,1934.993215351289,car,0 days 00:00:18.566000,0 days 02:09:51.476000,10376.0,248.0,6,100.0,False,0,1186.3736111111111,0.20710697724297444
2024-09-01 14:17:35.450,OnTrack,-406.0,10917.0,1935.0,pos,0 days 00:00:18.621000,0 days 02:09:51.531000,10431.27480704,249.92499328,6,100.0,False,0,1190.2387370488768,0.20778171793354355
2024-09-01 14:17:35.595,OnTrack,-398.37428303925094,11017.970057202654,1934.9003162502183,car,0 days 00:00:18.766000,0 days 02:09:51.676000,10577.0,255.0,7,100.0,False,0,1200.5402777777776,0.20958007297223144
2024-09-01 14:17:35.650,OnTrack,-395.0,11057.0,1935.0,pos,0 days 00:00:18.821000,0 days 02:09:51.731000,10607.839178057144,256.1785673142857,7,100.0,False,0,1204.4924790002567,0.21027001452266514
2024-09-01 14:17:35.850,OnTrack,-380.0,11200.0,1936.0,pos,0 days 00:00:19.021000,0 days 02:09:51.931000,10719.9820352,260.4642816,7,100.0,False,0,1219.0201322243538,0.2128061282034634
2024-09-01 14:17:35.875,OnTrack,-377.83566864375985,11217.962054671316,1936.032592536681,car,0 days 00:00:19.046000,0 days 02:09:51.956000,10734.0,261.0,7,100.0,False,0,1220.8402777777778,0.21312387367603744
2024-09-01 14:17:35.950,OnTrack,-371.0,11272.0,1936.0,pos,0 days 00:00:19.121000,0 days 02:09:52.031000,10822.1250752,261.75000064,7,100.0,False,0,1226.3014366800007,0.2140772361765938
2024-09-01 14:17:36.075,OnTrack,-358.6852373186515,11362.902464994804,1935.983816934179,car,0 days 00:00:19.246000,0 days 02:09:52.156000,10969.0,263.0,7,100.0,False,0,1235.451388888889,0.21567455672229077
2024-09-01 14:17:36.170,OnTrack,-348.0,11433.0,1936.0,pos,0 days 00:00:19.341000,0 days 02:09:52.251000,11037.281112,265.0781208,7,100.0,False,0,1242.5003949351449,0.2169051120221851
2024-09-01 14:17:36.370,OnTrack,-322.0,11579.0,1936.0,pos,0 days 00:00:19.541000,0 days 02:09:52.451000,11181.031112,269.4531208,7,100.0,False,0,1257.558650862204,0.21953385379323942
2024-09-01 14:17:36.395,OnTrack,-318.93571764258496,11595.35906395956,1935.9805518691576,car,0 days 00:00:19.566000,0 days 02:09:52.476000,11199.0,270.0,7,100.0,False,0,1259.451388888889,0.21986427184009094
2024-09-01 14:17:36.676,OnTrack,-271.5381023318376,11798.303104614919,1935.9403520765347,car,0 days 00:00:19.847000,0 days 02:09:52.757000,11256.0,274.0,7,100.0,False,0,1280.838611111111,0.2235978705180991
2024-09-01 14:17:36.689,OnTrack,-267.0,11814.0,1936.0,pos,0 days 00:00:19.860000,0 days 02:09:52.770000,11267.2666112,274.1083328,7,100.0,False,0,1281.8308419599946,0.2237710857092622
2024-09-01 14:17:36.849,OnTrack,-200.0,12035.0,1937.0,pos,0 days 00:00:20.020000,0 days 02:09:52.930000,11405.933277866667,275.44166613333334,7,100.0,False,0,1294.0669060592759,0.22590715332339265
2024-09-01 14:17:36.916,OnTrack,-181.47858388564754,12094.699208638778,1937.0867820096541,car,0 days 00:00:20.087000,0 days 02:09:52.997000,11464.0,276.0,7,100.0,False,0,1299.2386111111111,0.22680998544174588
2024-09-01 14:17:37.189,OnTrack,-147.0,12182.0,1936.0,pos,0 days 00:00:20.360000,0 days 02:09:53.270000,11586.8499712,281.3083320888889,7,100.0,False,0,1320.6747339663095,0.23055212077480614
2024-09-01 14:17:37.276,OnTrack,-121.13336352801022,12240.164472840632,1936.0821542715705,car,0 days 00:00:20.447000,0 days 02:09:53.357000,11626.0,283.0,7,100.0,False,0,1327.538611111111,0.23175035785148523
2024-09-01 14:17:37.509,OnTrack,-31.0,12441.0,1937.0,pos,0 days 00:00:20.680000,0 days 02:09:53.590000,11778.420791466666,283.97083306666667,7,100.0,False,0,1345.9168515375334,0.23495867417453303
2024-09-01 14:17:37.516,OnTrack,-28.826615499291623,12445.695521608199,1937.0165187960388,car,0 days 00:00:20.687000,0 days 02:09:53.597000,11783.0,284.0,7,100.0,False,0,1346.4719444444443,0.23505557755552756
2024-09-01 14:17:37.676,OnTrack,13.157875343529813,12531.34261159881,1937.138724027328,car,0 days 00:00:20.847000,0 days 02:09:53.757000,11839.0,287.0,7,100.0,False,0,1359.2274999999997,0.23728233355332132
2024-09-01 14:17:37.749,OnTrack,43.0,12583.0,1937.0,pos,0 days 00:00:20.920000,0 days 02:09:53.830000,11411.9503744,287.9124992,7,100.0,False,0,1365.0888768602201,0.23830556268842087
2024-09-01 14:17:37.916,OnTrack,155.4199592774976,12763.403694434466,1936.2265986664197,car,0 days 00:00:21.087000,0 days 02:09:53.997000,10435.0,290.0,8,100.0,False,0,1378.5608333333332,0.24065738184266036
2024-09-01 14:17:38.009,OnTrack,215.0,12856.0,1936.0,pos,0 days 00:00:21.180000,0 days 02:09:54.090000,10457.6687344,290.5812496,8,100.0,False,0,1386.0679200732072,0.24196790495952233
2024-09-01 14:17:38.076,OnTrack,247.70592596144309,12905.631814029672,1936.0706487839193,car,0 days 00:00:21.247000,0 days 02:09:54.157000,10474.0,291.0,8,100.0,False,0,1391.4941666666666,0.2429151727672527
2024-09-01 14:17:38.429,OnTrack,353.0,13038.0,1938.0,pos,0 days 00:00:21.600000,0 days 02:09:54.510000,10596.569422222223,294.9222215111111,8,100.0,False,0,1420.4190928120358,0.2479646394486071
2024-09-01 14:17:38.436,OnTrack,356.2480447030167,13041.743724307486,1938.0127994907393,car,0 days 00:00:21.607000,0 days 02:09:54.517000,10599.0,295.0,8,100.0,False,0,1420.9941666666666,0.24806503093288204
2024-09-01 14:17:38.589,OnTrack,440.0,13137.0,1938.0,pos,0 days 00:00:21.760000,0 days 02:09:54.670000,10650.25497856,295.76499968,8,100.0,False,0,1433.564896564305,0.2502595216451286
2024-09-01 14:17:38.636,OnTrack,466.36241486753454,13165.61448275074,1937.970462852573,car,0 days 00:00:21.807000,0 days 02:09:54.717000,10666.0,296.0,8,100.0,False,0,1437.438611111111,0.2509357616617451
2024-09-01 14:17:38.849,OnTrack,592.0,13290.0,1938.0,pos,0 days 00:00:22.020000,0 days 02:09:54.930000,10723.814268342858,298.2821421714286,8,100.0,False,0,1455.1036180655988,0.25401956777396434
2024-09-01 14:17:38.916,OnTrack,640.1547091292247,13333.167190753837,1938.1653393411893,car,0 days 00:00:22.087000,0 days 02:09:54.997000,10742.0,299.0,8,100.0,False,0,1460.6941666666667,0.25499551802357645
2024-09-01 14:17:39.116,OnTrack,798.5835242532021,13466.520199309685,1938.9147082249685,car,0 days 00:00:22.287000,0 days 02:09:55.197000,10834.0,302.0,8,100.0,False,0,1477.4719444444445,0.25792443924018676
2024-09-01 14:17:39.170,OnTrack,835.0,13496.0,1939.0,pos,0 days 00:00:22.341000,0 days 02:09:55.251000,10839.174987733333,302.44999893333335,8,100.0,False,0,1482.0234238478715,0.25871899765955736
2024-09-01 14:17:39.356,OnTrack,931.6392910774405,13570.107109826567,1938.7719746193154,car,0 days 00:00:22.527000,0 days 02:09:55.437000,10857.0,304.0,8,100.0,False,0,1497.738611111111,0.261462420895218
2024-09-01 14:17:39.490,OnTrack,1013.0,13625.0,1939.0,pos,0 days 00:00:22.661000,0 days 02:09:55.571000,10907.91995136,304.0,8,100.0,False,0,1509.0447235957463,0.26343614549523575
2024-09-01 14:17:39.556,OnTrack,1066.0904572177,13659.148531666475,1939.4463377722668,car,0 days 00:00:22.727000,0 days 02:09:55.637000,10933.0,304.0,8,100.0,False,0,1514.6275,0.2644107389410774
2024-09-01 14:17:39.750,OnTrack,1241.0,13767.0,1941.0,pos,0 days 00:00:22.921000,0 days 02:09:55.831000,10971.3134972161,305.82445224838574,8,100.0,False,0,1531.1394813662528,0.26729325968920337
2024-09-01 14:17:39.875,OnTrack,1326.738853499977,13815.464085283107,1940.7910227524942,car,0 days 00:00:23.046000,0 days 02:09:55.956000,10996.0,307.0,8,100.0,False,0,1541.831111111111,0.2691597131382015
2024-09-01 14:17:39.950,OnTrack,1391.0,13848.0,1941.0,pos,0 days 00:00:23.121000,0 days 02:09:56.031000,11018.5000192,307.5357147428571,8,100.0,False,0,1548.2581320662712,0.2702816875906287
2024-09-01 14:17:40.150,OnTrack,1640.0,13964.0,1944.0,pos,0 days 00:00:23.321000,0 days 02:09:56.231000,11078.5000192,308.96428617142857,8,100.0,False,0,1565.4345414529555,0.27328019851050017
2024-09-01 14:17:40.155,OnTrack,1645.814976978052,13966.56913378923,1944.0665076596222,car,0 days 00:00:23.326000,0 days 02:09:56.236000,11080.0,309.0,8,100.0,False,0,1565.8644444444446,0.2733552473047764
2024-09-01 14:17:40.395,OnTrack,1857.7185147895698,14050.371789247156,1945.5046205121769,car,0 days 00:00:23.566000,0 days 02:09:56.476000,11131.0,310.0,8,100.0,False,0,1586.5311111111112,0.2769630575451043
2024-09-01 14:17:40.555,OnTrack,1969.3130192622207,14085.772986486103,1945.9354472910418,car,0 days 00:00:23.726000,0 days 02:09:56.636000,11144.0,311.0,8,100.0,False,0,1600.3533333333335,0.2793760231036892
2024-09-01 14:17:40.570,OnTrack,1980.0,14089.0,1946.0,pos,0 days 00:00:23.741000,0 days 02:09:56.651000,11147.8124512,311.0624992,8,100.0,False,0,1601.6506133263197,0.27960249117029895
2024-09-01 14:17:40.795,OnTrack,2144.96928895178,14135.517414503405,1947.4628866795117,car,0 days 00:00:23.966000,0 days 02:09:56.876000,11205.0,312.0,8,100.0,False,0,1621.1533333333334,0.283007109539116
2024-09-01 14:17:40.990,OnTrack,2301.0,14173.0,1949.0,pos,0 days 00:00:24.161000,0 days 02:09:57.071000,11226.45000704,313.46250048,8,100.0,False,0,1638.1793464666025,0.28597936556496273
2024-09-01 14:17:41.195,OnTrack,2483.391037617429,14209.59675988012,1950.4609823287,car,0 days 00:00:24.366000,0 days 02:09:57.276000,11249.0,315.0,8,100.0,False,0,1656.1533333333336,0.2891171107525746
2024-09-01 14:17:41.430,OnTrack,2680.0,14244.0,1952.0,pos,0 days 00:00:24.601000,0 days 02:09:57.511000,11257.392859428572,315.83928594285715,8,100.0,False,0,1676.7764854891368,0.2927173246010688
2024-09-01 14:17:41.475,OnTrack,2711.227251839439,14249.116442535931,1952.286364644157,car,0 days 00:00:24.646000,0 days 02:09:57.556000,11259.0,316.0,8,100.0,False,0,1680.7311111111112,0.2934076893824699
2024-09-01 14:17:41.750,OnTrack,2889.0,14275.0,1954.0,pos,0 days 00:00:24.921000,0 days 02:09:57.831000,11308.107154285713,316.9821430857143,8,100.0,False,0,1704.9457363869315,0.2976348719487187
2024-09-01 14:17:41.755,OnTrack,2892.964951200607,14275.529465524161,1954.0312098911163,car,0 days 00:00:24.926000,0 days 02:09:57.836000,11309.0,317.0,8,100.0,False,0,1705.3866666666668,0.2977118457928396
2024-09-01 14:17:41.910,OnTrack,3029.0,14293.0,1955.0,pos,0 days 00:00:25.081000,0 days 02:09:57.991000,11358.7291872,317.6458336,8,100.0,False,0,1719.0675815575748,0.3001001431238302
2024-09-01 14:17:41.995,OnTrack,3104.6267667339353,14301.93597986001,1955.5261940766377,car,0 days 00:00:25.166000,0 days 02:09:58.076000,11386.0,318.0,8,100.0,False,0,1726.586666666667,0.30141276081356316
2024-09-01 14:17:42.250,OnTrack,3328.0,14325.0,1957.0,pos,0 days 00:00:25.421000,0 days 02:09:58.331000,11412.77497984,319.27499904,8,100.0,False,0,1749.2323775311997,0.3053660556953325
2024-09-01 14:17:42.395,OnTrack,3455.9633671012166,14336.398739253309,1957.743291579342,car,0 days 00:00:25.566000,0 days 02:09:58.476000,11428.0,320.0,8,100.0,False,0,1762.1422222222225,0.30761974617326704
2024-09-01 14:17:42.430,OnTrack,3487.0,14339.0,1958.0,pos,0 days 00:00:25.601000,0 days 02:09:58.511000,11431.281256,320.1093752,8,100.0,False,0,1765.2600033878828,0.30816402179342367
2024-09-01 14:17:42.630,OnTrack,3665.0,14353.0,1960.0,pos,0 days 00:00:25.801000,0 days 02:09:58.711000,11450.031256,320.7343752,8,100.0,False,0,1783.0888970207438,0.3112764378428924
2024-09-01 14:17:42.715,OnTrack,3740.2789982362274,14358.742123510929,1960.5824556029852,car,0 days 00:00:25.886000,0 days 02:09:58.796000,11458.0,321.0,8,100.0,False,0,1790.6755555555558,0.31260085192442943
2024-09-01 14:17:42.870,OnTrack,3878.0,14371.0,1961.0,pos,0 days 00:00:26.041000,0 days 02:09:58.951000,11490.9375136,321.4843752,8,100.0,False,0,1804.5263290823168,0.31501880172602514
2024-09-01 14:17:42.890,OnTrack,3896.0,14373.0,1961.0,pos,0 days 00:00:26.061000,0 days 02:09:58.971000,11495.1874592,321.5468744,8,100.0,False,0,1806.3150673100708,0.3153310643758005
2024-09-01 14:17:43.035,OnTrack,4028.8663368144425,14384.739541551007,1961.9703476825841,car,0 days 00:00:26.206000,0 days 02:09:59.116000,11526.0,322.0,8,100.0,False,0,1819.297777777778,0.3175974751389911
2024-09-01 14:17:43.129,OnTrack,4111.0,14391.0,1963.0,pos,0 days 00:00:26.300000,0 days 02:09:59.210000,11537.67700737471,322.58385036873557,8,100.0,False,0,1827.7274919601693,0.31906906267852025
2024-09-01 14:17:43.196,OnTrack,4165.415903131911,14395.314739889538,1963.7315223699106,car,0 days 00:00:26.367000,0 days 02:09:59.277000,11546.0,323.0,8,100.0,False,0,1833.7430555555557,0.3201192084175902
2024-09-01 14:17:43.329,OnTrack,4290.0,14405.0,1965.0,pos,0 days 00:00:26.500000,0 days 02:09:59.410000,11552.174997028571,323.4749997714286,8,100.0,False,0,1845.703331430094,0.32220713127778244
2024-09-01 14:17:43.476,OnTrack,4517.359781639307,14420.979161140114,1965.68808587281,car,0 days 00:00:26.647000,0 days 02:09:59.557000,11559.0,324.0,8,100.0,False,0,1858.9430555555557,0.32451840929128034
2024-09-01 14:17:43.589,OnTrack,4678.0,14432.0,1966.0,pos,0 days 00:00:26.760000,0 days 02:09:59.670000,11585.27248512,324.28249984,8,100.0,False,0,1869.1281820957454,0.3262964417347029
2024-09-01 14:17:43.876,OnTrack,4825.03672031056,14441.592703621829,1966.847071678389,car,0 days 00:00:27.047000,0 days 02:09:59.957000,11652.0,325.0,8,100.0,False,0,1895.054166666667,0.3308223787972297
2024-09-01 14:17:43.969,OnTrack,4895.0,14445.0,1967.0,pos,0 days 00:00:27.140000,0 days 02:10:00.050000,11658.716662044444,325.5166663111111,8,100.0,False,0,1903.4872108933935,0.3322945476674711
2024-09-01 14:17:44.236,OnTrack,5243.507972231169,14461.383969925177,1967.0026830956112,car,0 days 00:00:27.407000,0 days 02:10:00.317000,11678.0,327.0,8,100.0,False,0,1927.754166666667,0.33653086564523244
2024-09-01 14:17:44.249,OnTrack,5257.0,14462.0,1967.0,pos,0 days 00:00:27.420000,0 days 02:10:00.330000,11673.7750208,327.0,8,100.0,False,0,1928.9355710157956,0.3367371051311399
2024-09-01 14:17:44.436,OnTrack,5373.501006829623,14466.998844170954,1966.9968388789225,car,0 days 00:00:27.607000,0 days 02:10:00.517000,11613.0,327.0,8,100.0,False,0,1945.9208333333336,0.3397022472274561
2024-09-01 14:17:44.589,OnTrack,5457.0,14470.0,1967.0,pos,0 days 00:00:27.760000,0 days 02:10:00.670000,11622.774995911112,327.0,8,100.0,False,0,1959.7946137430818,0.34212421337427956
2024-09-01 14:17:44.769,OnTrack,5620.0,14476.0,1967.0,pos,0 days 00:00:27.940000,0 days 02:10:00.850000,11634.274995911112,327.0,8,100.0,False,0,1976.1540555525871,0.3449801050687819
2024-09-01 14:17:44.796,OnTrack,5643.698223636818,14476.929871757093,1967.0139786071456,car,0 days 00:00:27.967000,0 days 02:10:00.877000,11636.0,327.0,8,100.0,False,0,1978.6208333333336,0.34541073407545886
2024-09-01 14:17:45.036,OnTrack,5852.231732462138,14485.450363912687,1967.0383890265462,car,0 days 00:00:28.207000,0 days 02:10:01.117000,10810.0,322.0,8,10.0,True,0,2000.0875,0.3491582014863801
2024-09-01 14:17:45.049,OnTrack,5867.0,14486.0,1967.0,pos,0 days 00:00:28.220000,0 days 02:10:01.130000,10764.464113066666,319.58056746666665,8,9.638890666666667,True,0,2001.1515355851711,0.3493439517354246
2024-09-01 14:17:45.249,OnTrack,6123.0,14495.0,1966.0,pos,0 days 00:00:28.420000,0 days 02:10:01.330000,10063.908557511111,282.3583452444444,8,4.083335111111111,True,0,2015.8487664987526,0.3519096688416093
2024-09-01 14:17:45.396,OnTrack,6236.904255501605,14499.17058147125,1965.6621612830647,car,0 days 00:00:28.567000,0 days 02:10:01.477000,9549.0,255.0,8,0.0,True,0,2025.5875000000003,0.3536097737990428
2024-09-01 14:17:45.596,OnTrack,6282.30418939857,14501.400085249295,1965.8826646180673,car,0 days 00:00:28.767000,0 days 02:10:01.677000,9658.0,225.0,8,0.0,True,0,2038.0875000000003,0.3557919170895637
2024-09-01 14:17:45.750,OnTrack,6339.0,14504.0,1966.0,pos,0 days 00:00:28.921000,0 days 02:10:01.831000,9750.4000768,203.54998217142858,8,0.0,True,0,2046.350803710729,0.35723445410955595
2024-09-01 14:17:45.790,OnTrack,6360.0,14505.0,1966.0,pos,0 days 00:00:28.961000,0 days 02:10:01.871000,9774.4000768,197.9785536,8,0.0,True,0,2048.33988218696,0.3575816904496541
2024-09-01 14:17:45.876,OnTrack,6412.261682364827,14509.741057251675,1965.832070431773,car,0 days 00:00:29.047000,0 days 02:10:01.957000,9826.0,186.0,8,0.0,True,0,2052.5541666666672,0.3583173842577933
2024-09-01 14:17:46.036,OnTrack,6518.697905539417,14525.011486389783,1965.123731852686,car,0 days 00:00:29.207000,0 days 02:10:02.117000,9744.0,173.0,8,0.0,True,0,2060.243055555556,0.3596596448418293
2024-09-01 14:17:46.070,OnTrack,6537.0,14528.0,1965.0,pos,0 days 00:00:29.241000,0 days 02:10:02.151000,9835.8003456,173.0,8,0.0,True,0,2061.8999247379697,0.35994888691940324
2024-09-01 14:17:46.236,OnTrack,6600.170967986303,14540.28107078758,1964.601711729175,car,0 days 00:00:29.407000,0 days 02:10:02.317000,10284.0,173.0,8,0.0,True,0,2069.8541666666674,0.36133747057187426
2024-09-01 14:17:46.436,OnTrack,6635.968912821858,14552.734005754846,1964.3599037414053,car,0 days 00:00:29.607000,0 days 02:10:02.517000,9194.0,143.0,7,0.0,True,0,2077.7986111111118,0.3627243438631831
2024-09-01 14:17:46.550,OnTrack,6664.0,14563.0,1964.0,pos,0 days 00:00:29.721000,0 days 02:10:02.631000,8933.122016477088,136.21002508638995,7,0.0,True,0,2081.882615398117,0.3634372944674509
2024-09-01 14:17:46.755,OnTrack,6730.460896447844,14588.027640168239,1963.0630089350866,car,0 days 00:00:29.926000,0 days 02:10:02.836000,8464.0,124.0,4,0.0,True,0,2088.7863888888896,0.36464249630762413
2024-09-01 14:17:46.790,OnTrack,6741.0,14593.0,1963.0,pos,0 days 00:00:29.961000,0 days 02:10:02.871000,8408.52489856,122.94999808,4,0.0,True,0,2089.944018039727,0.364844585322377
2024-09-01 14:17:46.870,OnTrack,6763.0,14605.0,1963.0,pos,0 days 00:00:30.041000,0 days 02:10:02.951000,8281.72489856,120.54999808,4,0.0,True,0,2092.5701169307567,0.3653030272484014
2024-09-01 14:17:46.955,OnTrack,6785.2721664043065,14618.38456796256,1963.0079153696524,car,0 days 00:00:30.126000,0 days 02:10:03.036000,8147.0,118.0,3,0.0,True,0,2095.3419444444453,0.3657869092333195
2024-09-01 14:17:47.115,OnTrack,6824.640348991501,14645.63604689628,1962.984545603627,car,0 days 00:00:30.286000,0 days 02:10:03.196000,7999.0,116.0,3,0.0,False,0,2100.497500000001,0.3666869221104766
2024-09-01 14:17:47.170,OnTrack,6837.0,14656.0,1963.0,pos,0 days 00:00:30.341000,0 days 02:10:03.251000,8016.8749376,114.6250048,3,0.0,False,0,2102.218695686081,0.3669873937599209
2024-09-01 14:17:47.355,OnTrack,6873.749435026955,14694.981833306907,1963.0924150540204,car,0 days 00:00:30.526000,0 days 02:10:03.436000,8077.0,110.0,3,0.0,False,0,2107.8308333333343,0.3679671128409156
2024-09-01 14:17:47.410,OnTrack,6883.0,14708.0,1963.0,pos,0 days 00:00:30.581000,0 days 02:10:03.491000,8065.17504128,109.17500288,3,4.9499827199999995,False,0,2109.4725901129023,0.3682537167242117
2024-09-01 14:17:47.555,OnTrack,6903.514327206209,14745.706945065573,1962.3502229155824,car,0 days 00:00:30.726000,0 days 02:10:03.636000,8034.0,107.0,3,18.0,False,0,2113.7752777777787,0.36900484320574106
2024-09-01 14:17:47.650,OnTrack,6916.0,14773.0,1962.0,pos,0 days 00:00:30.821000,0 days 02:10:03.731000,8133.7497984,107.39583253333333,3,24.333320533333335,False,0,2116.606411397246,0.3694990783443242
2024-09-01 14:17:47.795,OnTrack,6935.983087800679,14817.915451812907,1961.9804031498516,car,0 days 00:00:30.966000,0 days 02:10:03.876000,8286.0,108.0,3,34.0,False,0,2120.9752777777785,0.37026175774108105
2024-09-01 14:17:47.850,OnTrack,6944.0,14834.0,1962.0,pos,0 days 00:00:31.021000,0 days 02:10:03.931000,8286.0,109.0312464,3,35.718744,False,0,2122.657975567487,0.370555508756424
2024-09-01 14:17:47.890,OnTrack,6950.0,14845.0,1962.0,pos,0 days 00:00:31.061000,0 days 02:10:03.971000,8286.0,109.7812464,3,36.968744,False,0,2123.8906740382963,0.37077070273220897
2024-09-01 14:17:47.955,OnTrack,6959.913289048845,14861.98371260794,1962.0220945284636,car,0 days 00:00:31.126000,0 days 02:10:04.036000,8286.0,111.0,3,39.0,False,0,2125.908611111112,0.37112297695974
2024-09-01 14:17:48.115,OnTrack,6985.888681364353,14899.886570086735,1962.1883289371872,car,0 days 00:00:31.286000,0 days 02:10:04.196000,8896.0,114.0,3,58.0,False,0,2130.9752777777785,0.3720074723734978
2024-09-01 14:17:48.250,OnTrack,7020.0,14935.0,1962.0,pos,0 days 00:00:31.421000,0 days 02:10:04.331000,8187.251008,117.3749952,3,41.125023999999996,False,0,2135.4551713244377,0.37278953394510506
2024-09-01 14:17:48.355,OnTrack,7057.040679129661,14966.283716623768,1961.5247447206177,car,0 days 00:00:31.526000,0 days 02:10:04.436000,7636.0,120.0,3,28.0,False,0,2138.9752777777785,0.3734040440794312
2024-09-01 14:17:48.470,OnTrack,7097.0,14997.0,1961.0,pos,0 days 00:00:31.641000,0 days 02:10:04.551000,7654.3281352,119.6406248,3,30.8750016,False,0,2142.780497742984,0.3740683268967136
2024-09-01 14:17:48.675,OnTrack,7138.6906190571935,15023.775061362576,1960.9189012770037,car,0 days 00:00:31.846000,0 days 02:10:04.756000,7687.0,119.0,4,36.0,False,0,2149.5530555555565,0.3752506222239432
2024-09-01 14:17:48.750,OnTrack,7155.0,15032.0,1961.0,pos,0 days 00:00:31.921000,0 days 02:10:04.831000,7805.392958171428,120.07142948571429,4,39.482145828571426,False,0,2152.0836453449137,0.37569239098633567
2024-09-01 14:17:48.955,OnTrack,7217.001800810907,15060.598123186146,1961.1511336652065,car,0 days 00:00:32.126000,0 days 02:10:05.036000,8129.0,123.0,4,49.0,False,0,2159.119722222223,0.3769206892222885
2024-09-01 14:17:49.010,OnTrack,7235.0,15068.0,1961.0,pos,0 days 00:00:32.181000,0 days 02:10:05.091000,8265.1245248,123.6874976,4,52.666653866666664,False,0,2161.0224688873386,0.3772528544917959
2024-09-01 14:17:49.190,OnTrack,7294.0,15089.0,1960.0,pos,0 days 00:00:32.361000,0 days 02:10:05.271000,8710.6251584,125.9375008,4,64.66667093333334,False,0,2167.340212290131,0.37835575220200685
2024-09-01 14:17:49.195,OnTrack,7295.694955197115,15089.542126831871,1959.9831708337938,car,0 days 00:00:32.366000,0 days 02:10:05.276000,8723.0,126.0,4,65.0,False,0,2167.5197222222228,0.37838708951351846
2024-09-01 14:17:49.435,OnTrack,7381.802623066187,15113.758725086918,1960.0473023472327,car,0 days 00:00:32.606000,0 days 02:10:05.516000,9246.0,134.0,4,85.0,False,0,2176.453055555556,0.3799465945851441
2024-09-01 14:17:49.470,OnTrack,7395.0,15117.0,1960.0,pos,0 days 00:00:32.641000,0 days 02:10:05.551000,9324.859086302828,135.74274223873653,4,86.01659963926298,False,0,2177.8191249003085,0.3801850713095471
2024-09-01 14:17:49.676,OnTrack,7475.903859733197,15134.694889696728,1959.1128858822735,car,0 days 00:00:32.847000,0 days 02:10:05.757000,9789.0,146.0,4,92.0,False,0,2186.226944444445,0.38165283667003896
2024-09-01 14:17:49.729,OnTrack,7498.0,15139.0,1959.0,pos,0 days 00:00:32.900000,0 days 02:10:05.810000,9947.242666057144,148.8392822857143,4,93.51428388571429,False,0,2188.500978559223,0.3820498181329172
2024-09-01 14:17:49.909,OnTrack,7576.0,15153.0,1959.0,pos,0 days 00:00:33.080000,0 days 02:10:05.990000,10484.671237485714,158.48213942857143,4,98.65714102857143,False,0,2196.562925444158,0.38345720399719696
2024-09-01 14:17:49.956,OnTrack,7595.824238592022,15156.423002348416,1958.737735266991,car,0 days 00:00:33.127000,0 days 02:10:06.037000,10625.0,161.0,4,100.0,False,0,2198.7491666666674,0.3838388593264097
2024-09-01 14:17:50.049,OnTrack,7639.0,15164.0,1958.0,pos,0 days 00:00:33.220000,0 days 02:10:06.130000,10887.1435696,165.0687472,4,100.0,False,0,2203.172323940024,0.3846110163637676
2024-09-01 14:17:50.276,OnTrack,7798.501374196181,15194.407996956968,1957.0987441054847,car,0 days 00:00:33.447000,0 days 02:10:06.357000,11527.0,175.0,4,100.0,False,0,2214.304722222223,0.3865544154212802
2024-09-01 14:17:50.329,OnTrack,7831.0,15201.0,1957.0,pos,0 days 00:00:33.500000,0 days 02:10:06.410000,11610.285613714286,175.75714194285715,4,100.0,False,0,2216.903605558965,0.3870081062881697
2024-09-01 14:17:50.556,OnTrack,7914.419608545919,15220.47867739623,1956.8564977436447,car,0 days 00:00:33.727000,0 days 02:10:06.637000,11967.0,179.0,4,100.0,False,0,2228.2269444444455,0.38898483812618934
2024-09-01 14:17:50.749,OnTrack,8015.0,15251.0,1956.0,pos,0 days 00:00:33.920000,0 days 02:10:06.830000,11648.988741818182,189.0886330181818,4,100.0,False,0,2238.6811488710287,0.39080984388996554
2024-09-01 14:17:50.949,OnTrack,8199.0,15307.0,1954.0,pos,0 days 00:00:34.120000,0 days 02:10:07.030000,11319.443287272727,199.54317847272728,4,100.0,False,0,2250.1703650341587,0.392815533167063
2024-09-01 14:17:50.996,OnTrack,8227.711564903266,15315.73478993391,1953.7687084098006,car,0 days 00:00:34.167000,0 days 02:10:07.077000,11242.0,202.0,5,100.0,False,0,2252.9158333333344,0.39329481358533375
2024-09-01 14:17:51.269,OnTrack,8300.0,15338.0,1954.0,pos,0 days 00:00:34.440000,0 days 02:10:07.350000,11507.49243776,211.55499776,5,100.0,False,0,2269.189564006,0.39613574256126194
2024-09-01 14:17:51.396,OnTrack,8366.073247431941,15358.80826190806,1953.6916054044564,car,0 days 00:00:34.567000,0 days 02:10:07.477000,11631.0,216.0,5,100.0,False,0,2276.9158333333344,0.3974845287031339
2024-09-01 14:17:51.529,OnTrack,8450.0,15386.0,1953.0,pos,0 days 00:00:34.700000,0 days 02:10:07.610000,10828.844136,220.9874976,5,100.0,False,0,2285.10338783098,0.39891384207215885
2024-09-01 14:17:51.556,OnTrack,8466.378572978287,15391.495321880415,1952.8258434680033,car,0 days 00:00:34.727000,0 days 02:10:07.637000,10666.0,222.0,5,100.0,False,0,2286.782500000001,0.3992069671404518
2024-09-01 14:17:51.756,OnTrack,8583.28684296202,15432.735201376676,1951.8215726553597,car,0 days 00:00:34.927000,0 days 02:10:07.837000,10652.0,227.0,6,100.0,False,0,2299.393611111112,0.4014085072602217
2024-09-01 14:17:51.789,OnTrack,8603.0,15440.0,1952.0,pos,0 days 00:00:34.960000,0 days 02:10:07.870000,10742.1310752,227.6187488,6,100.0,False,0,2301.4905830139915,0.40177457871368405
2024-09-01 14:17:51.889,OnTrack,8664.0,15463.0,1953.0,pos,0 days 00:00:35.060000,0 days 02:10:07.970000,11015.2560752,229.4937488,6,100.0,False,0,2307.8755662211456,0.4028892145749305
2024-09-01 14:17:51.916,OnTrack,8680.555040529518,15469.406378445601,1953.0998135910418,car,0 days 00:00:35.087000,0 days 02:10:07.997000,11089.0,230.0,6,100.0,False,0,2309.6158333333346,0.4031930155511367
2024-09-01 14:17:52.089,OnTrack,8785.0,15511.0,1952.0,pos,0 days 00:00:35.260000,0 days 02:10:08.170000,11266.3249344,234.3249984,6,100.0,False,0,2320.954678230368,0.4051724542962821
2024-09-01 14:17:52.236,OnTrack,8867.508777714187,15543.781214376426,1951.3202911839085,car,0 days 00:00:35.407000,0 days 02:10:08.317000,11417.0,238.0,6,100.0,False,0,2330.77138888889,0.4068861718401605
2024-09-01 14:17:52.330,OnTrack,8934.0,15569.0,1951.0,pos,0 days 00:00:35.501000,0 days 02:10:08.411000,11494.5498944,240.01428297142857,6,100.0,False,0,2337.105421500206,0.4079919131813384
2024-09-01 14:17:52.516,OnTrack,9121.50419307017,15636.852778574848,1950.301623430162,car,0 days 00:00:35.687000,0 days 02:10:08.597000,11648.0,244.0,6,100.0,False,0,2349.749166666668,0.4101991502759025
2024-09-01 14:17:52.630,OnTrack,9218.0,15671.0,1950.0,pos,0 days 00:00:35.801000,0 days 02:10:08.711000,11675.0750304,246.1375024,6,100.0,False,0,2357.5538487990184,0.41156162505588306
2024-09-01 14:17:52.676,OnTrack,9244.601893515075,15680.259893558266,1949.931116593366,car,0 days 00:00:35.847000,0 days 02:10:08.757000,11686.0,247.0,6,100.0,False,0,2360.7269444444455,0.412115557005711
2024-09-01 14:17:52.930,OnTrack,9323.0,15706.0,1950.0,pos,0 days 00:00:36.101000,0 days 02:10:09.011000,11888.2927552,251.535712,6,100.0,False,0,2378.50292061185,0.415218735175804
2024-09-01 14:17:52.956,OnTrack,9335.069913500782,15710.034394156752,1950.0325083095747,car,0 days 00:00:36.127000,0 days 02:10:09.037000,11909.0,252.0,6,100.0,False,0,2380.3269444444454,0.4155371576852478
2024-09-01 14:17:53.116,OnTrack,9437.172257556727,15744.63914416899,1950.2993677751533,car,0 days 00:00:36.287000,0 days 02:10:09.197000,11999.0,253.0,6,100.0,False,0,2391.5713888888895,0.4175001168052541
2024-09-01 14:17:53.250,OnTrack,9538.0,15778.0,1950.0,pos,0 days 00:00:36.421000,0 days 02:10:09.331000,12046.03058735945,254.86629314918451,6,98.13370685081549,False,0,2401.1832268477883,0.41917806942218094
2024-09-01 14:17:53.470,OnTrack,9702.0,15829.0,1948.0,pos,0 days 00:00:36.641000,0 days 02:10:09.551000,12123.245148123427,257.9303630207709,6,95.06963697922906,False,0,2416.951331496978,0.42193073052333785
2024-09-01 14:17:53.475,OnTrack,9705.450932676476,15830.016545787574,1947.9494773363458,car,0 days 00:00:36.646000,0 days 02:10:09.556000,12125.0,258.0,6,95.0,False,0,2417.299722222223,0.4219915496020237
2024-09-01 14:17:53.770,OnTrack,9894.0,15874.0,1945.0,pos,0 days 00:00:36.941000,0 days 02:10:09.851000,11347.8598808,242.3281352,6,20.3281736,False,0,2437.0946115959896,0.42544717240470914
2024-09-01 14:17:53.795,OnTrack,9911.373111154315,15875.917169592305,1944.7332388388318,car,0 days 00:00:36.966000,0 days 02:10:09.876000,11282.0,241.0,6,14.0,True,0,2438.7219444444454,0.4257312582812453
2024-09-01 14:17:53.995,OnTrack,10059.061011238624,15881.014365403265,1942.5727633405477,car,0 days 00:00:37.166000,0 days 02:10:10.076000,11887.0,230.0,6,14.0,True,0,2451.499722222223,0.4279618936448889
2024-09-01 14:17:54.070,OnTrack,10106.0,15880.0,1942.0,pos,0 days 00:00:37.241000,0 days 02:10:10.151000,11757.6248896,226.62499712,6,14.0,True,0,2456.1658231427364,0.4287764617102162
2024-09-01 14:17:54.195,OnTrack,10166.788436364703,15875.782319720389,1941.4777491738123,car,0 days 00:00:37.366000,0 days 02:10:10.276000,11542.0,221.0,5,14.0,True,0,2463.7775000000006,0.43010524327691163
2024-09-01 14:17:54.310,OnTrack,10225.0,15863.0,1941.0,pos,0 days 00:00:37.481000,0 days 02:10:10.391000,11364.32490112,217.26249792,5,13.71249984,True,0,2470.586230835336,0.4312938533816549
2024-09-01 14:17:54.595,OnTrack,10438.600116964506,15781.477449324027,1938.4219838783904,car,0 days 00:00:37.766000,0 days 02:10:10.676000,10924.0,208.0,5,13.0,False,0,2486.888611111112,0.4341397837607192
2024-09-01 14:17:54.670,OnTrack,10479.0,15763.0,1938.0,pos,0 days 00:00:37.841000,0 days 02:10:10.751000,10866.1093256,206.5937488,5,16.046877600000002,False,0,2491.133889231192,0.43488088817400944
2024-09-01 14:17:54.915,OnTrack,10539.673049311938,15721.693844680884,1937.983136357505,car,0 days 00:00:38.086000,0 days 02:10:10.996000,10677.0,202.0,5,26.0,False,0,2504.8441666666677,0.4372743113673697
2024-09-01 14:17:54.930,OnTrack,10544.0,15718.0,1938.0,pos,0 days 00:00:38.101000,0 days 02:10:11.011000,10687.54674,201.7187536,5,27.9687248,False,0,2505.670649705322,0.437418591720772
2024-09-01 14:17:55.190,OnTrack,10650.0,15623.0,1938.0,pos,0 days 00:00:38.361000,0 days 02:10:11.271000,10870.35942,196.84374880000001,5,62.0937584,False,0,2519.8129146779843,0.4398874276106012
2024-09-01 14:17:55.235,OnTrack,10667.156975415659,15604.43081520294,1937.8579868168874,car,0 days 00:00:38.406000,0 days 02:10:11.316000,10902.0,196.0,5,68.0,False,0,2522.26638888889,0.4403157341936247
2024-09-01 14:17:55.410,OnTrack,10725.0,15529.0,1937.0,pos,0 days 00:00:38.581000,0 days 02:10:11.491000,11054.499832685715,197.87499794285714,5,87.99997805714285,False,0,2531.882026009501,0.44199435003577064
2024-09-01 14:17:55.515,OnTrack,10756.144781167568,15479.248813517754,1936.5225785942912,car,0 days 00:00:38.686000,0 days 02:10:11.596000,11146.0,199.0,5,100.0,False,0,2537.7441666666678,0.4430177125080208
2024-09-01 14:17:55.690,OnTrack,10802.0,15390.0,1936.0,pos,0 days 00:00:38.861000,0 days 02:10:11.771000,11382.7966152,203.3749952,5,100.0,False,0,2547.7110414336203,0.4447576444200342
2024-09-01 14:17:55.835,OnTrack,10833.19916715378,15312.286236170972,1935.9899664702548,car,0 days 00:00:39.006000,0 days 02:10:11.916000,11579.0,207.0,5,100.0,False,0,2556.144166666668,0.4462298274316676
2024-09-01 14:17:55.870,OnTrack,10840.0,15293.0,1936.0,pos,0 days 00:00:39.041000,0 days 02:10:11.951000,11625.9584192,208.0208352,5,100.0,False,0,2558.2021742674774,0.4465890968299034
2024-09-01 14:17:56.070,OnTrack,10874.0,15179.0,1936.0,pos,0 days 00:00:39.241000,0 days 02:10:12.151000,11894.291752533334,213.85416853333334,5,100.0,False,0,2570.1106773224806,0.44866798163323324
2024-09-01 14:17:56.075,OnTrack,10874.735432204323,15176.081143433788,1935.999879590307,car,0 days 00:00:39.246000,0 days 02:10:12.156000,11901.0,214.0,5,100.0,False,0,2570.4108333333347,0.44872038030724887
2024-09-01 14:17:56.250,OnTrack,10897.0,15072.0,1936.0,pos,0 days 00:00:39.421000,0 days 02:10:12.331000,11169.657285940628,217.48258435266368,5,100.0,False,0,2580.9929409750484,0.4505677143224437
2024-09-01 14:17:56.276,OnTrack,10899.787536257249,15056.22013618322,1935.998117908879,car,0 days 00:00:39.447000,0 days 02:10:12.357000,11061.0,218.0,5,100.0,False,0,2582.5825000000013,0.45084520596733874
2024-09-01 14:17:56.429,OnTrack,10914.0,14962.0,1936.0,pos,0 days 00:00:39.600000,0 days 02:10:12.510000,10837.62009344,221.8249984,5,100.0,False,0,2592.0375529265157,0.4524957883917478
2024-09-01 14:17:56.476,OnTrack,10917.899812036809,14932.7854330747,1936.024051329598,car,0 days 00:00:39.647000,0 days 02:10:12.557000,10769.0,223.0,5,100.0,False,0,2594.9713888888905,0.45300795242861064
2024-09-01 14:17:56.609,OnTrack,10928.0,14849.0,1936.0,pos,0 days 00:00:39.780000,0 days 02:10:12.690000,10885.9291104,225.770832,5,100.0,False,0,2603.3406790894273,0.45446899166521254
2024-09-01 14:17:56.716,OnTrack,10935.284943119637,14779.38568075875,1935.5704899060152,car,0 days 00:00:39.887000,0 days 02:10:12.797000,10980.0,228.0,6,100.0,False,0,2610.1713888888903,0.455661438669884
2024-09-01 14:17:56.809,OnTrack,10941.0,14721.0,1935.0,pos,0 days 00:00:39.980000,0 days 02:10:12.890000,11095.91777737143,230.65714102857143,6,100.0,False,0,2616.1943355208596,0.4567128732764534
2024-09-01 14:17:56.996,OnTrack,10950.78909100788,14617.62896692675,1933.6163055784145,car,0 days 00:00:40.167000,0 days 02:10:13.077000,11329.0,236.0,6,100.0,False,0,2628.526944444446,0.4588657948618312
2024-09-01 14:17:57.129,OnTrack,10959.0,14512.0,1933.0,pos,0 days 00:00:40.300000,0 days 02:10:13.210000,11403.574964114287,239.3249984,6,100.0,False,0,2637.452956300507,0.46042402181245634
2024-09-01 14:17:57.276,OnTrack,10970.198984108103,14348.203484278112,1932.9938845356035,car,0 days 00:00:40.447000,0 days 02:10:13.357000,11486.0,243.0,6,100.0,False,0,2647.4269444444462,0.46216519551709884
2024-09-01 14:17:57.289,OnTrack,10971.0,14336.0,1933.0,pos,0 days 00:00:40.460000,0 days 02:10:13.370000,11502.9540832,243.2166656,6,100.0,False,0,2648.312274281469,0.46231974884219945
2024-09-01 14:17:57.516,OnTrack,10977.60388713843,14223.454879350897,1932.9871638997465,car,0 days 00:00:40.687000,0 days 02:10:13.597000,11799.0,247.0,6,100.0,False,0,2663.893611111113,0.46503980561181174
2024-09-01 14:17:57.609,OnTrack,10980.0,14184.0,1933.0,pos,0 days 00:00:40.780000,0 days 02:10:13.690000,11808.2999936,248.99285577142857,6,100.0,False,0,2670.3872044740447,0.46617340170687516
2024-09-01 14:17:57.796,OnTrack,10988.689617088367,14060.761367887751,1933.0548028261971,car,0 days 00:00:40.967000,0 days 02:10:13.877000,11827.0,253.0,6,100.0,False,0,2683.571388888891,0.4684749840718229
2024-09-01 14:17:57.829,OnTrack,10991.0,14031.0,1933.0,pos,0 days 00:00:41,0 days 02:10:13.910000,11658.562826666666,253.13749973333333,6,100.0,False,0,2685.8971422929635,0.4688809942467112
2024-09-01 14:17:58.036,OnTrack,11010.382864267931,13797.091380035701,1932.1321384101425,car,0 days 00:00:41.207000,0 days 02:10:14.117000,10602.0,254.0,7,100.0,False,0,2700.504722222224,0.47143106084938186
2024-09-01 14:17:58.109,OnTrack,11016.0,13732.0,1932.0,pos,0 days 00:00:41.280000,0 days 02:10:14.190000,10616.96498688,255.09499904,7,100.0,False,0,2705.693922204895,0.47233694708341045
2024-09-01 14:17:58.236,OnTrack,11021.882842209005,13667.458714732478,1932.2726846646556,car,0 days 00:00:41.407000,0 days 02:10:14.317000,10643.0,257.0,7,100.0,False,0,2714.7825000000016,0.473923553407888
2024-09-01 14:17:58.449,OnTrack,11030.0,13588.0,1933.0,pos,0 days 00:00:41.620000,0 days 02:10:14.530000,10767.249962666667,260.5499989333333,7,100.0,False,0,2730.2134804433595,0.4766173622431386
2024-09-01 14:17:58.476,OnTrack,11032.055194622675,13566.565653939659,1932.969085013784,car,0 days 00:00:41.647000,0 days 02:10:14.557000,10783.0,261.0,7,100.0,False,0,2732.1825000000017,0.47696109686829313
2024-09-01 14:17:58.716,OnTrack,11055.987203486859,13308.548940164974,1932.0168715712218,car,0 days 00:00:41.887000,0 days 02:10:14.797000,10869.0,264.0,7,96.0,False,0,2749.782500000001,0.48003355462134645
2024-09-01 14:17:58.729,OnTrack,11057.0,13297.0,1932.0,pos,0 days 00:00:41.900000,0 days 02:10:14.810000,10822.28148,263.8375008,7,90.4750272,False,0,2750.7393031254974,0.4802005851429985
2024-09-01 14:17:58.876,OnTrack,11064.81997056,13200.228761241626,1932.251609361521,car,0 days 00:00:42.047000,0 days 02:10:14.957000,10294.0,262.0,7,28.0,True,0,2761.426944444446,0.4820663423266495
2024-09-01 14:17:59.076,OnTrack,11067.019991911604,13131.473399411527,1933.1044233744062,car,0 days 00:00:42.247000,0 days 02:10:15.157000,10210.0,237.0,7,0.0,True,0,2774.5936111111123,0.48436486659266487
2024-09-01 14:17:59.150,OnTrack,11067.0,13098.0,1933.0,pos,0 days 00:00:42.321000,0 days 02:10:15.231000,10397.643181714286,230.12855954285715,7,0.0,True,0,2779.1121663235426,0.4851536773878371
2024-09-01 14:17:59.356,OnTrack,11064.359754259462,12977.889961323668,1931.4833083455123,car,0 days 00:00:42.527000,0 days 02:10:15.437000,10920.0,211.0,7,0.0,True,0,2791.0047222222233,0.4872297782727532
2024-09-01 14:17:59.410,OnTrack,11062.0,12946.0,1931.0,pos,0 days 00:00:42.581000,0 days 02:10:15.491000,10817.175243733333,208.75000533333332,7,0.0,True,0,2794.058232743627,0.48776283407249843
2024-09-01 14:17:59.596,OnTrack,11046.69195851426,12844.846515765257,1929.428371383378,car,0 days 00:00:42.767000,0 days 02:10:15.677000,10463.0,201.0,6,0.0,True,0,2804.4047222222234,0.4895690358801916
2024-09-01 14:17:59.650,OnTrack,11040.0,12817.0,1929.0,pos,0 days 00:00:42.821000,0 days 02:10:15.731000,10408.016083678749,199.89294128212245,6,1.1070587178775446,True,0,2807.351580850137,0.49008347330283286
2024-09-01 14:17:59.810,OnTrack,11014.0,12737.0,1928.0,pos,0 days 00:00:42.981000,0 days 02:10:15.891000,10245.100389889692,196.6127595279804,6,4.387240472019612,True,0,2815.9293450750247,0.49158090615491357
2024-09-01 14:17:59.910,OnTrack,10993.0,12689.0,1928.0,pos,0 days 00:00:43.081000,0 days 02:10:15.991000,10143.277820606423,194.5626406833508,6,6.437359316649212,True,0,2821.2136162583233,0.4925033891075478
2024-09-01 14:18:00.035,OnTrack,10960.948479728362,12632.753889263362,1927.9473710448792,car,0 days 00:00:43.206000,0 days 02:10:16.116000,10016.0,192.0,5,9.0,False,0,2827.818055555557,0.4936563357395567
2024-09-01 14:18:00.090,OnTrack,10945.0,12609.0,1928.0,pos,0 days 00:00:43.261000,0 days 02:10:16.171000,9970.6251584,190.9687536,5,14.156232,False,0,2830.723750055876,0.4941635870802107
2024-09-01 14:18:00.195,OnTrack,10911.657594997509,12564.91799908194,1928.3705881150581,car,0 days 00:00:43.366000,0 days 02:10:16.276000,9884.0,189.0,5,24.0,False,0,2836.2180555555565,0.4951227360307867
2024-09-01 14:18:00.310,OnTrack,10872.0,12520.0,1929.0,pos,0 days 00:00:43.481000,0 days 02:10:16.391000,9896.2187568,183.9687472,5,32.6250048,False,0,2842.0440116374984,0.496139781708793
2024-09-01 14:18:00.355,OnTrack,10855.966137909652,12503.830744294886,1929.25316189958,car,0 days 00:00:43.526000,0 days 02:10:16.436000,9901.0,182.0,5,36.0,False,0,2844.3069444444454,0.4965348252001193
2024-09-01 14:18:00.510,OnTrack,10798.0,12453.0,1930.0,pos,0 days 00:00:43.681000,0 days 02:10:16.591000,10166.82510976,182.38750016,5,54.21250752,False,0,2852.126827068136,0.4978999535521152
2024-09-01 14:18:00.710,OnTrack,10715.0,12393.0,1930.0,pos,0 days 00:00:43.881000,0 days 02:10:16.791000,10509.82510976,182.88750016,5,77.71250752,False,0,2862.318804750537,0.4996791820094583
2024-09-01 14:18:00.755,OnTrack,10695.289463788338,12380.118974814402,1929.8439645395351,car,0 days 00:00:43.926000,0 days 02:10:16.836000,10587.0,183.0,5,83.0,False,0,2864.6402777777785,0.5000844449527
2024-09-01 14:18:00.950,OnTrack,10607.0,12327.0,1929.0,pos,0 days 00:00:44.121000,0 days 02:10:17.031000,10937.187614933333,187.8750016,5,90.3125024,False,0,2874.838503865281,0.5018647642032646
2024-09-01 14:18:00.995,OnTrack,10586.460044893822,12315.495150326631,1928.9770463509283,car,0 days 00:00:44.166000,0 days 02:10:17.076000,11018.0,189.0,5,92.0,False,0,2877.2402777777784,0.5022840453895451
2024-09-01 14:18:01.130,OnTrack,10524.0,12282.0,1929.0,pos,0 days 00:00:44.301000,0 days 02:10:17.211000,11152.1560592,194.9062416,5,98.7499904,False,0,2884.5731914895496,0.5035641628660339
2024-09-01 14:18:01.155,OnTrack,10512.095906337752,12275.756328399162,1928.9078164367118,car,0 days 00:00:44.326000,0 days 02:10:17.236000,11177.0,196.0,5,100.0,False,0,2885.951388888889,0.5038047568026724
2024-09-01 14:18:01.390,OnTrack,10395.0,12216.0,1927.0,pos,0 days 00:00:44.561000,0 days 02:10:17.471000,11314.083370666667,201.8750016,5,100.0,False,0,2899.1365036545803,0.5061065015803285
2024-09-01 14:18:01.395,OnTrack,10392.423466966262,12214.710608917527,1926.9655929031094,car,0 days 00:00:44.566000,0 days 02:10:17.476000,11317.0,202.0,5,100.0,False,0,2899.418055555556,0.5061556525076604
2024-09-01 14:18:01.590,OnTrack,10292.0,12165.0,1926.0,pos,0 days 00:00:44.761000,0 days 02:10:17.671000,11626.291768177778,203.62500053333332,5,100.0,False,0,2910.3790415620024,0.5080691278733772
2024-09-01 14:18:01.755,OnTrack,10215.106094460349,12127.056713048389,1925.2436070606293,car,0 days 00:00:44.926000,0 days 02:10:17.836000,11888.0,205.0,5,100.0,False,0,2919.918055555556,0.5097343675041146
2024-09-01 14:18:01.850,OnTrack,10156.0,12097.0,1925.0,pos,0 days 00:00:45.021000,0 days 02:10:17.931000,11254.4700304,212.7187344,5,100.0,False,0,2925.6256096316024,0.510730743570701
2024-09-01 14:18:01.915,OnTrack,10103.921812731089,12070.06475273321,1924.9744053020881,car,0 days 00:00:45.086000,0 days 02:10:17.996000,10821.0,218.0,5,100.0,False,0,2929.606944444445,0.511425771014634
2024-09-01 14:18:02.050,OnTrack,9991.0,12011.0,1925.0,pos,0 days 00:00:45.221000,0 days 02:10:18.131000,10843.499968,222.12499413333333,5,100.0,False,0,2938.0456113407713,0.5128989214425348
2024-09-01 14:18:02.275,OnTrack,9903.78161600672,11964.04226753695,1924.0473483365838,car,0 days 00:00:45.446000,0 days 02:10:18.356000,10881.0,229.0,6,100.0,False,0,2952.5069444444453,0.5154234575228683
2024-09-01 14:18:02.370,OnTrack,9867.0,11944.0,1924.0,pos,0 days 00:00:45.541000,0 days 02:10:18.451000,11004.7966248,231.3749952,6,100.0,False,0,2958.7014148269773,0.5165048352815542
2024-09-01 14:18:02.570,OnTrack,9752.0,11882.0,1925.0,pos,0 days 00:00:45.741000,0 days 02:10:18.651000,11265.4216248,236.3749952,6,100.0,False,0,2971.9073609000498,0.5188102166110211
2024-09-01 14:18:02.595,OnTrack,9737.029967528842,11873.926704765661,1925.071280051105,car,0 days 00:00:45.766000,0 days 02:10:18.676000,11298.0,237.0,6,100.0,False,0,2973.573611111112,0.5191010963484929
2024-09-01 14:18:02.755,OnTrack,9643.29336391927,11823.337857379911,1925.0396813974755,car,0 days 00:00:45.926000,0 days 02:10:18.836000,11531.0,242.0,6,100.0,False,0,2984.3291666666673,0.5209787094198034
2024-09-01 14:18:02.810,OnTrack,9611.0,11806.0,1925.0,pos,0 days 00:00:45.981000,0 days 02:10:18.891000,11574.780955631748,243.3681548634921,6,100.0,False,0,2988.0743511723117,0.5216325117590638
2024-09-01 14:18:02.956,OnTrack,9524.298523981153,11759.73856523398,1924.9947689708451,car,0 days 00:00:46.127000,0 days 02:10:19.037000,11691.0,247.0,6,100.0,False,0,2998.120000000001,0.5233861953741255
2024-09-01 14:18:03.009,OnTrack,9493.0,11743.0,1925.0,pos,0 days 00:00:46.180000,0 days 02:10:19.090000,11536.416853333334,247.88333226666666,6,100.0,False,0,3001.7893729482785,0.5240267631788856
2024-09-01 14:18:03.169,OnTrack,9395.0,11690.0,1925.0,pos,0 days 00:00:46.340000,0 days 02:10:19.250000,11069.750186666666,250.54999893333334,6,100.0,False,0,3012.951290712722,0.5259753154956077
2024-09-01 14:18:03.196,OnTrack,9375.548966873135,11679.31724649296,1925.0049357140292,car,0 days 00:00:46.367000,0 days 02:10:19.277000,10991.0,251.0,6,100.0,False,0,3014.8533333333344,0.5263073578590362
2024-09-01 14:18:03.509,OnTrack,9121.0,11537.0,1925.0,pos,0 days 00:00:46.680000,0 days 02:10:19.590000,10722.9938048,257.8468736,6,100.0,False,0,3037.2794105357316,0.5302223109710293
2024-09-01 14:18:03.516,OnTrack,9116.742641968105,11534.5873728614,1924.989600490025,car,0 days 00:00:46.687000,0 days 02:10:19.597000,10717.0,258.0,7,100.0,False,0,3037.7866666666678,0.5303108634160452
2024-09-01 14:18:03.676,OnTrack,9046.065274839759,11494.014022857495,1924.58744806627,car,0 days 00:00:46.847000,0 days 02:10:19.757000,10787.0,262.0,7,100.0,False,0,3049.431111111112,0.5323436511213482
2024-09-01 14:18:03.836,OnTrack,8977.92233270673,11454.533716933152,1924.0815713420218,car,0 days 00:00:47.007000,0 days 02:10:19.917000,10950.0,264.0,7,100.0,False,0,3061.1644444444455,0.5343919562900505
2024-09-01 14:18:03.869,OnTrack,8956.0,11442.0,1924.0,pos,0 days 00:00:47.040000,0 days 02:10:19.950000,10978.285659428571,264.70714148571426,7,100.0,False,0,3063.6073458202663,0.5348184171577827
2024-09-01 14:18:04.116,OnTrack,8742.698858364955,11320.92513532699,1923.937068018578,car,0 days 00:00:47.287000,0 days 02:10:20.197000,11190.0,270.0,7,100.0,False,0,3082.164444444445,0.5380579570181255
2024-09-01 14:18:04.129,OnTrack,8734.0,11316.0,1924.0,pos,0 days 00:00:47.300000,0 days 02:10:20.210000,11198.919400533334,270.25277653333336,7,100.0,False,0,3083.152720090366,0.5382304817437201
2024-09-01 14:18:04.389,OnTrack,8615.0,11249.0,1926.0,pos,0 days 00:00:47.560000,0 days 02:10:20.470000,11377.308289422223,275.3083320888889,7,100.0,False,0,3103.1297457735977,0.5417179003484583
2024-09-01 14:18:04.476,OnTrack,8548.59643857378,11211.865384682947,1925.9020564818197,car,0 days 00:00:47.647000,0 days 02:10:20.557000,11437.0,277.0,7,100.0,False,0,3109.864444444446,0.54289358654992
2024-09-01 14:18:04.716,OnTrack,8313.548960405213,11080.293851516042,1924.0884507856156,car,0 days 00:00:47.887000,0 days 02:10:20.797000,11573.0,280.0,7,100.0,False,0,3128.531111111112,0.5461522538637645
2024-09-01 14:18:04.749,OnTrack,8290.0,11067.0,1924.0,pos,0 days 00:00:47.920000,0 days 02:10:20.830000,11583.7249792,280.49499904,7,100.0,False,0,3131.113236165766,0.5466030192128285
2024-09-01 14:18:04.916,OnTrack,8215.386023482468,11024.169872820643,1924.4260564046167,car,0 days 00:00:48.087000,0 days 02:10:20.997000,11638.0,283.0,7,100.0,False,0,3144.2533333333345,0.5488969052025087
2024-09-01 14:18:05.069,OnTrack,8153.0,10988.0,1925.0,pos,0 days 00:00:48.240000,0 days 02:10:21.150000,11665.624988444444,285.1249991111111,7,100.0,False,0,3156.423938409234,0.551021545539145
2024-09-01 14:18:05.249,OnTrack,8029.0,10917.0,1925.0,pos,0 days 00:00:48.420000,0 days 02:10:21.330000,11698.124988444444,287.6249991111111,7,100.0,False,0,3170.877147277059,0.5535446633597387
2024-09-01 14:18:05.276,OnTrack,8009.737298758664,10905.834137070506,1925.088280871337,car,0 days 00:00:48.447000,0 days 02:10:21.357000,11703.0,288.0,7,100.0,False,0,3173.053333333334,0.5539245633438687
2024-09-01 14:18:05.550,OnTrack,7821.0,10793.0,1927.0,pos,0 days 00:00:48.721000,0 days 02:10:21.631000,10655.8057608,291.4250016,7,100.0,False,0,3195.2583140052916,0.5578009193110255
2024-09-01 14:18:05.596,OnTrack,7789.237188811703,10773.24811357195,1927.1309223797275,car,0 days 00:00:48.767000,0 days 02:10:21.677000,10480.0,292.0,7,100.0,False,0,3199.00888888889,0.5584556626564527
2024-09-01 14:18:05.810,OnTrack,7643.0,10679.0,1927.0,pos,0 days 00:00:48.981000,0 days 02:10:21.891000,10566.66994816,294.13999872,7,100.0,False,0,3216.545566671758,0.5615170661574057
2024-09-01 14:18:05.970,OnTrack,7535.0,10604.0,1927.0,pos,0 days 00:00:49.141000,0 days 02:10:22.051000,10631.46994816,295.73999872,7,100.0,False,0,3229.7460061366855,0.5638214861902312
2024-09-01 14:18:05.996,OnTrack,7513.791514601277,10588.519545377485,1927.0119426729598,car,0 days 00:00:49.167000,0 days 02:10:22.077000,10642.0,296.0,8,100.0,False,0,3231.8977777777786,0.5641971241141788
2024-09-01 14:18:06.196,OnTrack,7326.0220900171435,10446.261377705236,1927.0631758643287,car,0 days 00:00:49.367000,0 days 02:10:22.277000,10724.0,299.0,8,100.0,False,0,3248.50888888889,0.5670969500869155
2024-09-01 14:18:06.230,OnTrack,7300.0,10426.0,1927.0,pos,0 days 00:00:49.401000,0 days 02:10:22.311000,10731.5083616,299.2833344,8,100.0,False,0,3251.3416531244093,0.5675914698845288
2024-09-01 14:18:06.436,OnTrack,7199.235770626673,10343.796673757657,1925.977580171225,car,0 days 00:00:49.607000,0 days 02:10:22.517000,10777.0,301.0,8,100.0,False,0,3268.575555555556,0.5706000174492983
2024-09-01 14:18:06.530,OnTrack,7156.0,10308.0,1925.0,pos,0 days 00:00:49.701000,0 days 02:10:22.611000,10818.548524429136,302.178681544089,8,100.0,False,0,3276.5021732363602,0.5719837786963936
2024-09-01 14:18:06.710,OnTrack,7038.0,10212.0,1922.0,pos,0 days 00:00:49.881000,0 days 02:10:22.791000,10898.10975014726,304.4357375928301,8,100.0,False,0,3291.7753612672195,0.574650041479306
2024-09-01 14:18:06.755,OnTrack,6995.7394344442055,10177.098103716457,1920.9614832054604,car,0 days 00:00:49.926000,0 days 02:10:22.836000,10918.0,305.0,8,100.0,False,0,3295.601944444445,0.5753180537037702
2024-09-01 14:18:06.950,OnTrack,6790.0,10005.0,1916.0,pos,0 days 00:00:50.121000,0 days 02:10:23.031000,10995.3035968,306.3928576,8,100.0,False,0,3312.2150956469873,0.5782182358182532
2024-09-01 14:18:07.035,OnTrack,6732.081458689071,9955.600303848347,1914.5330332445933,car,0 days 00:00:50.206000,0 days 02:10:23.116000,11029.0,307.0,8,100.0,False,0,3319.479722222223,0.5794864323093963
2024-09-01 14:18:07.350,OnTrack,6622.0,9857.0,1911.0,pos,0 days 00:00:50.521000,0 days 02:10:23.431000,11102.23751488,309.36250048,8,100.0,False,0,3346.558175207599,0.5842135574693743
2024-09-01 14:18:07.435,OnTrack,6569.629629499561,9811.614492778932,1909.2637129763991,car,0 days 00:00:50.606000,0 days 02:10:23.516000,11122.0,310.0,8,100.0,False,0,3353.924166666667,0.5854994493766096
2024-09-01 14:18:07.530,OnTrack,6504.0,9755.0,1907.0,pos,0 days 00:00:50.701000,0 days 02:10:23.611000,11151.363577018183,311.0795432727273,8,100.0,False,0,3362.191127587701,0.5869426248411561
2024-09-01 14:18:07.690,OnTrack,6399.0,9664.0,1903.0,pos,0 days 00:00:50.861000,0 days 02:10:23.771000,11200.818122472727,312.8977250909091,8,100.0,False,0,3376.194127228433,0.5893871489782113
2024-09-01 14:18:07.875,OnTrack,6277.516933247056,9558.003559975485,1898.6917205751802,car,0 days 00:00:51.046000,0 days 02:10:23.956000,11258.0,315.0,8,100.0,False,0,3392.424166666667,0.5922204507114139
2024-09-01 14:18:08.010,OnTrack,6188.0,9480.0,1896.0,pos,0 days 00:00:51.181000,0 days 02:10:24.091000,11289.2187056,315.8437488,8,100.0,False,0,3404.2723203460596,0.5942888002359377
2024-09-01 14:18:08.035,OnTrack,6171.35204532198,9465.544232380062,1895.5557855797613,car,0 days 00:00:51.206000,0 days 02:10:24.116000,11295.0,316.0,8,100.0,False,0,3406.468611111112,0.594672209928497
2024-09-01 14:18:08.190,OnTrack,6068.0,9376.0,1893.0,pos,0 days 00:00:51.361000,0 days 02:10:24.271000,11354.53411549091,316.70454574545454,8,100.0,False,0,3420.1063085516985,0.5970529627259474
2024-09-01 14:18:08.350,OnTrack,5962.0,9284.0,1890.0,pos,0 days 00:00:51.521000,0 days 02:10:24.431000,11415.988660945455,317.4318184727273,8,100.0,False,0,3434.232631755474,0.5995190156378554
2024-09-01 14:18:08.475,OnTrack,5878.029068482627,9211.237026656334,1887.257021385426,car,0 days 00:00:51.646000,0 days 02:10:24.556000,11464.0,318.0,8,100.0,False,0,3445.335277777778,0.6014572207998233
2024-09-01 14:18:08.530,OnTrack,5841.0,9179.0,1886.0,pos,0 days 00:00:51.701000,0 days 02:10:24.611000,11468.714269257143,318.78571154285714,8,100.0,False,0,3450.240029292014,0.6023134504485003
2024-09-01 14:18:08.710,OnTrack,5720.0,9073.0,1882.0,pos,0 days 00:00:51.881000,0 days 02:10:24.791000,11484.14286262857,321.3571437714286,8,100.0,False,0,3466.3527408521477,0.6051262700823439
2024-09-01 14:18:08.755,OnTrack,5689.5494437568095,9046.54341852513,1881.1501791544963,car,0 days 00:00:51.926000,0 days 02:10:24.836000,11488.0,322.0,8,100.0,False,0,3470.379722222223,0.6058292661125648
2024-09-01 14:18:08.970,OnTrack,5544.0,8921.0,1878.0,pos,0 days 00:00:52.141000,0 days 02:10:25.051000,11530.104129066667,322.0,8,100.0,False,0,3489.6056536884407,0.6091855651008067
2024-09-01 14:18:08.995,OnTrack,5527.363601496904,8906.558832151146,1877.70325173612,car,0 days 00:00:52.166000,0 days 02:10:25.076000,11535.0,322.0,8,100.0,False,0,3491.8463888888896,0.6095767335234861
2024-09-01 14:18:09.190,OnTrack,5395.0,8791.0,1876.0,pos,0 days 00:00:52.361000,0 days 02:10:25.271000,11564.2500096,323.3928576,8,100.0,False,0,3509.3819573644573,0.6126379433710405
2024-09-01 14:18:09.275,OnTrack,5329.882082751727,8734.22023676923,1875.7862760445294,car,0 days 00:00:52.446000,0 days 02:10:25.356000,11577.0,324.0,8,100.0,False,0,3517.04638888889,0.6139759343971763
2024-09-01 14:18:09.436,OnTrack,5202.0502502633435,8622.934780145528,1875.984513201983,car,0 days 00:00:52.607000,0 days 02:10:25.517000,11567.0,325.0,8,100.0,False,0,3531.5811111111116,0.6165132821233208
2024-09-01 14:18:09.470,OnTrack,5178.0,8602.0,1876.0,pos,0 days 00:00:52.641000,0 days 02:10:25.551000,11579.9625488,325.0,8,100.0,False,0,3534.6501573860596,0.6170490500222949
2024-09-01 14:18:09.596,OnTrack,5099.576375595009,8533.73144941708,1875.9170130213952,car,0 days 00:00:52.767000,0 days 02:10:25.677000,11628.0,325.0,8,100.0,False,0,3546.0255555555564,0.6190348699257007
2024-09-01 14:18:09.769,OnTrack,5001.0,8448.0,1876.0,pos,0 days 00:00:52.940000,0 days 02:10:25.850000,11663.217844114286,325.6178569142857,8,100.0,False,0,3561.6815135872685,0.6217679534277468
2024-09-01 14:18:09.876,OnTrack,4931.603424831747,8387.754150028064,1876.5809982430617,car,0 days 00:00:53.047000,0 days 02:10:25.957000,11685.0,326.0,8,100.0,False,0,3571.381111111112,0.6234612263603395
2024-09-01 14:18:10.089,OnTrack,4782.0,8258.0,1879.0,pos,0 days 00:00:53.260000,0 days 02:10:26.170000,11696.3156216,326.6656248,8,100.0,False,0,3590.716564515837,0.6268366447536435
2024-09-01 14:18:10.196,OnTrack,4707.837104368012,8193.666051907116,1880.794561462041,car,0 days 00:00:53.367000,0 days 02:10:26.277000,11702.0,327.0,8,100.0,False,0,3600.447777777779,0.6285354368918975
2024-09-01 14:18:10.209,OnTrack,4699.0,8186.0,1881.0,pos,0 days 00:00:53.380000,0 days 02:10:26.290000,11703.624992,327.0812496,8,100.0,False,0,3601.6310262414963,0.6287419983075871
2024-09-01 14:18:10.356,OnTrack,4601.398019130056,8101.331820181781,1882.9360852555853,car,0 days 00:00:53.527000,0 days 02:10:26.437000,11722.0,328.0,8,100.0,False,0,3615.0255555555564,0.6310803008893761
2024-09-01 14:18:10.429,OnTrack,4548.0,8055.0,1884.0,pos,0 days 00:00:53.600000,0 days 02:10:26.510000,11727.4749952,328.2607140571429,8,100.0,False,0,3621.6875547047152,0.6322432958289596
2024-09-01 14:18:10.636,OnTrack,4369.927916365745,7900.381087494876,1888.0327387279358,car,0 days 00:00:53.807000,0 days 02:10:26.717000,11743.0,329.0,8,100.0,False,0,3640.6144444444453,0.635547390665438
2024-09-01 14:18:10.689,OnTrack,4327.0,7863.0,1889.0,pos,0 days 00:00:53.860000,0 days 02:10:26.770000,11744.514283885714,329.18928548571427,8,100.0,False,0,3645.4684218660054,0.6363947566064618
2024-09-01 14:18:10.916,OnTrack,4174.290949367359,7729.378879538561,1892.282964277093,car,0 days 00:00:54.087000,0 days 02:10:26.997000,11751.0,330.0,8,100.0,False,0,3666.2811111111123,0.6400280582219744
2024-09-01 14:18:11.009,OnTrack,4113.0,7676.0,1894.0,pos,0 days 00:00:54.180000,0 days 02:10:27.090000,11774.249984,330.0,8,100.0,False,0,3674.8067074097353,0.6415163840428327
2024-09-01 14:18:11.116,OnTrack,4038.32770353253,7611.347659073875,1896.4404644336826,car,0 days 00:00:54.287000,0 days 02:10:27.197000,11801.0,330.0,8,100.0,False,0,3684.6144444444453,0.6432285350480716
2024-09-01 14:18:11.149,OnTrack,4016.0,7592.0,1897.0,pos,0 days 00:00:54.320000,0 days 02:10:27.230000,11798.937504,330.0,8,100.0,False,0,3687.639236622059,0.6437565774445196
2024-09-01 14:18:11.276,OnTrack,3936.937413311873,7523.193302888103,1897.6104741553795,car,0 days 00:00:54.447000,0 days 02:10:27.357000,11791.0,330.0,8,100.0,False,0,3699.2811111111123,0.6457889165089495
2024-09-01 14:18:11.449,OnTrack,3808.0,7411.0,1898.0,pos,0 days 00:00:54.620000,0 days 02:10:27.530000,11772.913643054546,330.0,8,100.0,False,0,3715.147520706919,0.6485587388484813
2024-09-01 14:18:11.649,OnTrack,3586.0,7219.0,1903.0,pos,0 days 00:00:54.820000,0 days 02:10:27.730000,11752.004552145454,330.0,8,100.0,False,0,3733.4830982583076,0.6517596074510084
2024-09-01 14:18:11.716,OnTrack,3529.528688828835,7170.05605144708,1904.2214702006663,car,0 days 00:00:54.887000,0 days 02:10:27.797000,11745.0,330.0,8,100.0,False,0,3739.6144444444453,0.6528299655263636
2024-09-01 14:18:11.876,OnTrack,3450.9788221940016,7101.495889733633,1905.3395690623427,car,0 days 00:00:55.047000,0 days 02:10:27.957000,11744.0,329.0,8,100.0,False,0,3754.236666666668,0.655382588255542
2024-09-01 14:18:12.110,OnTrack,3352.0,7015.0,1906.0,pos,0 days 00:00:55.281000,0 days 02:10:28.191000,11733.274994133333,329.0,8,100.0,False,0,3775.6210341549126,0.6591156885784625
2024-09-01 14:18:12.116,OnTrack,3348.252398497791,7011.7475179375315,1906.0429322206642,car,0 days 00:00:55.287000,0 days 02:10:28.197000,11733.0,329.0,8,100.0,False,0,3776.170000000001,0.6592115223493092
2024-09-01 14:18:12.230,OnTrack,3269.0,6943.0,1907.0,pos,0 days 00:00:55.401000,0 days 02:10:28.311000,11479.06471488,327.00499776,8,74.06497088,False,0,3786.609211070222,0.6610339107009264
2024-09-01 14:18:12.390,OnTrack,3159.0,6847.0,1908.0,pos,0 days 00:00:55.561000,0 days 02:10:28.471000,11122.66471488,324.20499776,8,37.664970880000006,False,0,3801.1619854532587,0.6635744098191991
2024-09-01 14:18:12.516,OnTrack,3076.4315009782235,6775.038999645198,1908.5404111918083,car,0 days 00:00:55.687000,0 days 02:10:28.597000,10842.0,322.0,8,9.0,True,0,3811.9477777777793,0.6654573013675115
2024-09-01 14:18:12.676,OnTrack,2978.404247095688,6689.169165563988,1908.9404599313652,car,0 days 00:00:55.847000,0 days 02:10:28.757000,10142.0,287.0,8,0.0,True,0,3824.7033333333347,0.6676840573653052
2024-09-01 14:18:12.730,OnTrack,2948.0,6662.0,1909.0,pos,0 days 00:00:55.901000,0 days 02:10:28.811000,10119.0500544,281.937512,8,0.0,True,0,3828.875910495898,0.6684124702660628
2024-09-01 14:18:12.836,OnTrack,2892.2565433761188,6611.277571131002,1909.0107688864234,car,0 days 00:00:56.007000,0 days 02:10:28.917000,10074.0,272.0,8,0.0,True,0,3836.7922222222237,0.6697944323876046
2024-09-01 14:18:12.890,OnTrack,2865.0,6586.0,1909.0,pos,0 days 00:00:56.061000,0 days 02:10:28.971000,10086.68996992,263.63001984,8,0.0,True,0,3840.588644850118,0.6704571794408398
2024-09-01 14:18:13.036,OnTrack,2793.2750140749235,6517.881148487847,1908.9986052606498,car,0 days 00:00:56.207000,0 days 02:10:29.117000,10121.0,241.0,8,0.0,True,0,3850.1811111111124,0.672131750312118
2024-09-01 14:18:13.170,OnTrack,2734.0,6458.0,1909.0,pos,0 days 00:00:56.341000,0 days 02:10:29.251000,10056.68006144,226.26001408,8,0.0,True,0,3858.459085598515,0.6735768484310611
2024-09-01 14:18:13.236,OnTrack,2708.4254405028787,6430.2051842237615,1908.991140113264,car,0 days 00:00:56.407000,0 days 02:10:29.317000,10025.0,219.0,8,0.0,True,0,3862.3477777777794,0.6742557031148918
2024-09-01 14:18:13.290,OnTrack,2690.0,6409.0,1909.0,pos,0 days 00:00:56.461000,0 days 02:10:29.371000,10073.58294719339,215.10659308206283,8,0.0,True,0,3865.432672097404,0.6747942376302146
2024-09-01 14:18:13.490,OnTrack,2641.0,6341.0,1909.0,pos,0 days 00:00:56.661000,0 days 02:10:29.571000,10253.520215168359,200.68653327919083,8,0.0,True,0,3876.242336516817,0.6766812965650629
2024-09-01 14:18:13.555,OnTrack,2626.214647571004,6316.004484070289,1908.675961699022,car,0 days 00:00:56.726000,0 days 02:10:29.636000,10312.0,196.0,6,0.0,True,0,3879.715555555557,0.6772876214948147
2024-09-01 14:18:13.755,OnTrack,2582.8686516543257,6226.628095532799,1907.1004337307281,car,0 days 00:00:56.926000,0 days 02:10:29.836000,10101.0,192.0,5,0.0,True,0,3890.382222222224,0.6791497171027259
2024-09-01 14:18:13.790,OnTrack,2577.0,6210.0,1907.0,pos,0 days 00:00:56.961000,0 days 02:10:29.871000,10067.3124384,191.0156232,5,0.32812559999999996,True,0,3892.2088668962842,0.6794685971362993
2024-09-01 14:18:13.970,OnTrack,2556.0,6121.0,1907.0,pos,0 days 00:00:57.141000,0 days 02:10:30.051000,9894.0626848,185.9531304,5,2.0156232,True,0,3901.371303755472,0.6810680971456671
2024-09-01 14:18:14.075,OnTrack,2549.5080284398437,6066.416968597721,1905.9277389486656,car,0 days 00:00:57.246000,0 days 02:10:30.156000,9793.0,183.0,5,3.0,False,0,3906.6488888888907,0.6819894129047904
2024-09-01 14:18:14.210,OnTrack,2545.0,5995.0,1906.0,pos,0 days 00:00:57.381000,0 days 02:10:30.291000,9859.9374048,181.8750016,5,27.7499648,False,0,3913.421988785037,0.6831718028643428
2024-09-01 14:18:14.250,OnTrack,2544.0,5974.0,1907.0,pos,0 days 00:00:57.421000,0 days 02:10:30.331000,9879.770738133333,181.54166826666668,5,35.08329813333334,False,0,3915.433001550614,0.6835228683054272
2024-09-01 14:18:14.315,OnTrack,2543.3583022901544,5939.937223609288,1907.659659239218,car,0 days 00:00:57.486000,0 days 02:10:30.396000,9912.0,181.0,5,47.0,False,0,3918.7155555555573,0.68409590856124
2024-09-01 14:18:14.470,OnTrack,2545.0,5859.0,1906.0,pos,0 days 00:00:57.641000,0 days 02:10:30.551000,10133.227364072727,182.76136436363637,5,65.67046225454546,False,0,3926.6163535946416,0.6854751624356998
2024-09-01 14:18:14.670,OnTrack,2546.0,5755.0,1906.0,pos,0 days 00:00:57.841000,0 days 02:10:30.751000,10418.681909527273,185.03409163636363,5,89.76137134545453,False,0,3936.97691775313,0.6872838212808564
2024-09-01 14:18:14.755,OnTrack,2545.5983726667373,5710.468163870942,1905.8030678246553,car,0 days 00:00:57.926000,0 days 02:10:30.836000,10540.0,186.0,5,100.0,False,0,3941.4488888888905,0.6880644998256007
2024-09-01 14:18:14.950,OnTrack,2542.0,5607.0,1905.0,pos,0 days 00:00:58.121000,0 days 02:10:31.031000,10874.285824,191.5714304,5,93.7321408,False,0,3951.875644026438,0.6898847137268249
2024-09-01 14:18:15.035,OnTrack,2538.738311006196,5561.137031310933,1904.9975477268931,car,0 days 00:00:58.206000,0 days 02:10:31.116000,11020.0,194.0,5,91.0,False,0,3956.5377777777794,0.6906985892376251
2024-09-01 14:18:15.050,OnTrack,2538.0,5553.0,1905.0,pos,0 days 00:00:58.221000,0 days 02:10:31.131000,11037.09978112,194.44999424,5,90.77500288,False,0,3957.3695847818312,0.690843799003457
2024-09-01 14:18:15.350,OnTrack,2511.0,5388.0,1904.0,pos,0 days 00:00:58.521000,0 days 02:10:31.431000,11379.10007296,203.45000192,5,86.27499904,False,0,3974.503779209468,0.6938349403961569
2024-09-01 14:18:15.435,OnTrack,2498.7226678539764,5340.747226928403,1902.8581180202275,car,0 days 00:00:58.606000,0 days 02:10:31.516000,11476.0,206.0,5,85.0,False,0,3979.426666666668,0.6946943360629344
2024-09-01 14:18:15.510,OnTrack,2486.0,5299.0,1902.0,pos,0 days 00:00:58.681000,0 days 02:10:31.591000,11579.437588266666,207.25000106666667,5,85.9375008,False,0,3983.775326605045,0.6954534879915173
2024-09-01 14:18:15.675,OnTrack,2451.909884182414,5207.83259149095,1901.9461295911403,car,0 days 00:00:58.846000,0 days 02:10:31.756000,11807.0,210.0,5,88.0,False,0,3993.426666666668,0.6971383365483178
2024-09-01 14:18:15.730,OnTrack,2440.0,5179.0,1902.0,pos,0 days 00:00:58.901000,0 days 02:10:31.811000,11696.80463004803,211.5658311893708,5,90.3487467840562,False,0,3996.702718941809,0.6977102417876454
2024-09-01 14:18:15.956,OnTrack,2385.3433210669705,5065.074601995414,1901.2664415578085,car,0 days 00:00:59.127000,0 days 02:10:32.037000,11244.0,218.0,5,100.0,False,0,4010.442777777779,0.7001088639636673
2024-09-01 14:18:16.010,OnTrack,2363.0,5030.0,1901.0,pos,0 days 00:00:59.181000,0 days 02:10:32.091000,11098.47034496,219.3499968,5,100.0,False,0,4013.7711088129704,0.7006898955826334
2024-09-01 14:18:16.156,OnTrack,2280.2226921226893,4915.37432262109,1900.2544073183853,car,0 days 00:00:59.327000,0 days 02:10:32.237000,10705.0,223.0,6,100.0,False,0,4022.8316666666683,0.7022716104249392
2024-09-01 14:18:16.209,OnTrack,2253.0,4880.0,1900.0,pos,0 days 00:00:59.380000,0 days 02:10:32.290000,10750.84494464,223.52999936,6,100.0,False,0,4026.1321666956346,0.7028477835444251
2024-09-01 14:18:16.356,OnTrack,2203.075841350181,4820.997105384757,1899.3808436368568,car,0 days 00:00:59.527000,0 days 02:10:32.437000,10878.0,225.0,6,100.0,False,0,4035.331666666668,0.70445375371546
2024-09-01 14:18:16.516,OnTrack,2160.674354809196,4780.587646811178,1899.0075607617455,car,0 days 00:00:59.687000,0 days 02:10:32.597000,11077.0,229.0,6,100.0,False,0,4045.5094444444458,0.7062305032746754
2024-09-01 14:18:16.529,OnTrack,2156.0,4776.0,1899.0,pos,0 days 00:00:59.700000,0 days 02:10:32.610000,11090.361045333333,229.4333312,6,100.0,False,0,4046.3524780933485,0.7063776728923263
2024-09-01 14:18:16.809,OnTrack,2027.0,4644.0,1899.0,pos,0 days 00:00:59.980000,0 days 02:10:32.890000,11378.13882311111,238.76666453333334,6,100.0,False,0,4065.086443764744,0.7096480886919011
2024-09-01 14:18:16.876,OnTrack,1999.541253133073,4613.19816048725,1898.6007206225822,car,0 days 00:01:00.047000,0 days 02:10:32.957000,11447.0,241.0,6,100.0,False,0,4069.6094444444457,0.7104376755387997
2024-09-01 14:18:16.969,OnTrack,1962.0,4563.0,1898.0,pos,0 days 00:01:00.140000,0 days 02:10:33.050000,11585.56990464,241.92999936,6,100.0,False,0,4075.8728059308955,0.7115310797183008
2024-09-01 14:18:17.076,OnTrack,1911.6651117498882,4475.231176525962,1897.8267835744991,car,0 days 00:01:00.247000,0 days 02:10:33.157000,11745.0,243.0,6,100.0,False,0,4083.109444444445,0.7127943902925622
2024-09-01 14:18:17.249,OnTrack,1838.0,4325.0,1898.0,pos,0 days 00:01:00.420000,0 days 02:10:33.330000,11858.31495808,246.02749888,6,100.0,False,0,4095.0116324743994,0.7148721726727288
2024-09-01 14:18:17.476,OnTrack,1811.0893517885866,4246.815188497217,1897.2117368757374,car,0 days 00:01:00.647000,0 days 02:10:33.557000,12007.0,250.0,6,100.0,False,0,4110.8872222222235,0.717643597604831
2024-09-01 14:18:17.529,OnTrack,1805.0,4216.0,1897.0,pos,0 days 00:01:00.700000,0 days 02:10:33.610000,11776.781528,250.828124,6,100.0,False,0,4114.611489683619,0.7182937484250701
2024-09-01 14:18:17.796,OnTrack,1750.8687612261137,3935.652855640067,1896.159122636546,car,0 days 00:01:00.967000,0 days 02:10:33.877000,10617.0,255.0,6,100.0,False,0,4133.5538888888905,0.7216005507716423
2024-09-01 14:18:17.849,OnTrack,1743.0,3891.0,1896.0,pos,0 days 00:01:01.020000,0 days 02:10:33.930000,10654.872870933334,256.10416533333336,6,100.0,False,0,4137.3805487128975,0.7222685763764474
2024-09-01 14:18:18.169,OnTrack,1730.0,3758.0,1895.0,pos,0 days 00:01:01.340000,0 days 02:10:34.250000,10883.5395376,262.770832,6,100.0,False,0,4160.938377660557,0.7263811010466373
2024-09-01 14:18:18.276,OnTrack,1724.1550423111973,3686.613873294932,1894.6973138553349,car,0 days 00:01:01.447000,0 days 02:10:34.357000,10960.0,265.0,7,100.0,False,0,4168.8872222222235,0.7277687424728481
2024-09-01 14:18:18.489,OnTrack,1706.0,3491.0,1894.0,pos,0 days 00:01:01.660000,0 days 02:10:34.570000,11222.921796,267.6624992,7,100.0,False,0,4184.758355550208,0.7305393894412179
2024-09-01 14:18:18.596,OnTrack,1695.6229287211736,3384.3019977581953,1893.474270867036,car,0 days 00:01:01.767000,0 days 02:10:34.677000,11355.0,269.0,7,100.0,False,0,4192.798333333335,0.731942940127249
2024-09-01 14:18:18.756,OnTrack,1679.2553738095623,3220.159007618281,1892.5280345757383,car,0 days 00:01:01.927000,0 days 02:10:34.837000,11215.0,273.0,7,100.0,False,0,4204.931666666668,0.734061073881248
2024-09-01 14:18:18.870,OnTrack,1669.0,3116.0,1892.0,pos,0 days 00:01:02.041000,0 days 02:10:34.951000,11267.114344228572,274.2214299428571,7,100.0,False,0,4213.631967108004,0.7355798980599341
2024-09-01 14:18:19.036,OnTrack,1656.8415717215448,2988.7964220895083,1891.5370846445358,car,0 days 00:01:02.207000,0 days 02:10:35.117000,11343.0,276.0,7,100.0,False,0,4226.398333333335,0.7378085412921692
2024-09-01 14:18:19.250,OnTrack,1643.0,2837.0,1891.0,pos,0 days 00:01:02.421000,0 days 02:10:35.331000,11498.68490688,279.20999808,7,100.0,False,0,4243.0812341339015,0.7407208996960398
2024-09-01 14:18:19.436,OnTrack,1629.2244571165752,2681.5532329516773,1890.0492885867768,car,0 days 00:01:02.607000,0 days 02:10:35.517000,11634.0,282.0,7,100.0,False,0,4257.731666666668,0.7432784471404082
2024-09-01 14:18:19.716,OnTrack,1609.6842852404577,2460.3455499116867,1888.1988730543094,car,0 days 00:01:02.887000,0 days 02:10:35.797000,11794.0,286.0,7,100.0,False,0,4279.976111111113,0.7471616923560731
2024-09-01 14:18:19.750,OnTrack,1608.0,2442.0,1888.0,pos,0 days 00:01:02.921000,0 days 02:10:35.831000,11684.17958656,286.4250016,7,100.0,False,0,4282.69748250616,0.7476367661425305
2024-09-01 14:18:20.110,OnTrack,1588.0,2233.0,1886.0,pos,0 days 00:01:03.281000,0 days 02:10:36.191000,10521.37958656,290.9250016,7,100.0,False,0,4311.818863926527,0.7527205283087028
2024-09-01 14:18:20.116,OnTrack,1587.2082102264703,2224.455478562673,1885.9576224622417,car,0 days 00:01:03.287000,0 days 02:10:36.197000,10502.0,291.0,8,100.0,False,0,4312.309444444446,0.7528061696675538
2024-09-01 14:18:20.250,OnTrack,1567.0,2005.0,1885.0,pos,0 days 00:01:03.421000,0 days 02:10:36.331000,10556.12250132635,293.2395517790214,8,100.0,False,0,4323.312323104096,0.7547269582950396
2024-09-01 14:18:20.475,OnTrack,1554.8827429048752,1872.185634591164,1884.4783570894117,car,0 days 00:01:03.646000,0 days 02:10:36.556000,10647.0,297.0,8,100.0,False,0,4341.926944444446,0.7579765399801142
2024-09-01 14:18:20.630,OnTrack,1549.0,1807.0,1884.0,pos,0 days 00:01:03.801000,0 days 02:10:36.711000,10688.85001728,298.55000064,8,100.0,False,0,4354.791776038599,0.7602223724558631
2024-09-01 14:18:20.675,OnTrack,1545.7645969461,1771.4235879179719,1883.7256904320934,car,0 days 00:01:03.846000,0 days 02:10:36.756000,10701.0,299.0,8,100.0,False,0,4358.538055555558,0.7608763659528508
2024-09-01 14:18:20.915,OnTrack,1520.346971285583,1493.044644459981,1881.5399842956074,car,0 days 00:01:04.086000,0 days 02:10:36.996000,10778.0,301.0,8,100.0,False,0,4378.604722222224,0.7643794333152337
2024-09-01 14:18:20.990,OnTrack,1514.0,1424.0,1881.0,pos,0 days 00:01:04.161000,0 days 02:10:37.071000,10800.767876571428,301.2678573714286,8,100.0,False,0,4384.8849374928905,0.7654757796845066
2024-09-01 14:18:21.195,OnTrack,1503.8831887896001,1315.4461337636374,1880.2019992262944,car,0 days 00:01:04.366000,0 days 02:10:37.276000,10863.0,302.0,8,100.0,False,0,4402.093611111113,0.7684799230184882
2024-09-01 14:18:21.270,OnTrack,1500.0,1273.0,1880.0,pos,0 days 00:01:04.441000,0 days 02:10:37.351000,10891.87502464,303.12500096,8,100.0,False,0,4408.4275739592085,0.7695856521809986
2024-09-01 14:18:21.395,OnTrack,1491.346390088226,1176.7238901157357,1879.6605620985065,car,0 days 00:01:04.566000,0 days 02:10:37.476000,10940.0,305.0,8,100.0,False,0,4419.038055555557,0.7714379394789719
2024-09-01 14:18:21.570,OnTrack,1477.0,1019.0,1879.0,pos,0 days 00:01:04.741000,0 days 02:10:37.651000,10992.4999424,306.9444423111111,8,100.0,False,0,4434.021730878305,0.7740536616048023
2024-09-01 14:18:21.730,OnTrack,1464.0,882.0,1878.0,pos,0 days 00:01:04.901000,0 days 02:10:37.811000,11040.4999424,308.7222200888889,8,100.0,False,0,4447.788156476333,0.7764568866650576
2024-09-01 14:18:21.755,OnTrack,1461.62645046284,856.3069207025698,1877.8250246849664,car,0 days 00:01:04.926000,0 days 02:10:37.836000,11048.0,309.0,8,100.0,False,0,4449.938055555558,0.7768321976931398
2024-09-01 14:18:21.995,OnTrack,1435.8625800049533,569.387790129979,1876.1595487783295,car,0 days 00:01:05.166000,0 days 02:10:38.076000,11145.0,310.0,8,100.0,False,0,4470.604722222224,0.7804400079334677
2024-09-01 14:18:22.030,OnTrack,1433.0,538.0,1876.0,pos,0 days 00:01:05.201000,0 days 02:10:38.111000,11147.4062544,310.6562512,8,100.0,False,0,4473.638919883949,0.7809696922590394
2024-09-01 14:18:22.155,OnTrack,1425.8273186249892,462.2845757102998,1875.675252251018,car,0 days 00:01:05.326000,0 days 02:10:38.236000,11156.0,313.0,8,100.0,False,0,4484.515833333335,0.7828684909554517
2024-09-01 14:18:22.370,OnTrack,1413.0,330.0,1875.0,pos,0 days 00:01:05.541000,0 days 02:10:38.451000,11230.354100266666,313.8958325333333,8,100.0,False,0,4503.265888064442,0.7861417154457226
2024-09-01 14:18:22.395,OnTrack,1410.101701620617,298.5979367094403,1874.7930607552746,car,0 days 00:01:05.566000,0 days 02:10:38.476000,11239.0,314.0,8,100.0,False,0,4505.449166666667,0.7865228535859773
2024-09-01 14:18:22.570,OnTrack,1386.0,34.0,1873.0,pos,0 days 00:01:05.741000,0 days 02:10:38.651000,11305.169102700609,314.8706460881659,8,100.0,False,0,4520.755962820748,0.7891949833881372
2024-09-01 14:18:22.596,OnTrack,1383.2824484151756,3.9589639847869442,1872.813325993777,car,0 days 00:01:05.767000,0 days 02:10:38.677000,11315.0,315.0,8,100.0,False,0,4523.036666666668,0.7895931291957403
2024-09-01 14:18:22.836,OnTrack,1372.4515439700629,-118.26174386404892,1872.4029400452023,car,0 days 00:01:06.007000,0 days 02:10:38.917000,11355.0,317.0,8,100.0,False,0,4544.170000000001,0.7932824061189143
2024-09-01 14:18:22.989,OnTrack,1364.0,-211.0,1872.0,pos,0 days 00:01:06.160000,0 days 02:10:39.070000,11417.156224,317.9562496,8,100.0,False,0,4557.683078647479,0.7956414040313045
2024-09-01 14:18:22.996,OnTrack,1363.4166141766282,-217.32323458773743,1871.9634823460415,car,0 days 00:01:06.167000,0 days 02:10:39.077000,11420.0,318.0,8,100.0,False,0,4558.303333333335,0.7957496827993967
2024-09-01 14:18:23.156,OnTrack,1345.8122746164765,-406.9423644223134,1870.7313018479633,car,0 days 00:01:06.327000,0 days 02:10:39.237000,11392.0,320.0,8,100.0,False,0,4572.525555555557,0.7982324769432783
2024-09-01 14:18:23.249,OnTrack,1336.0,-512.0,1870.0,pos,0 days 00:01:06.420000,0 days 02:10:39.330000,11410.5999872,320.0,8,100.0,False,0,4580.794930305967,0.7996760737935511
2024-09-01 14:18:23.316,OnTrack,1330.3602701023688,-572.0515092971941,1869.56545017709,car,0 days 00:01:06.487000,0 days 02:10:39.397000,11424.0,320.0,8,100.0,False,0,4586.7477777777785,0.8007152710871598
2024-09-01 14:18:23.596,OnTrack,1314.462326728813,-741.2270681482876,1868.3508468545438,car,0 days 00:01:06.767000,0 days 02:10:39.677000,11424.0,320.0,8,100.0,False,0,4611.636666666667,0.8050601608389525
2024-09-01 14:18:23.669,OnTrack,1308.0,-813.0,1868.0,pos,0 days 00:01:06.840000,0 days 02:10:39.750000,11462.3249664,321.3687488,8,100.0,False,0,4618.179000570026,0.8062022656414773
2024-09-01 14:18:23.756,OnTrack,1298.2357078939435,-922.6773763247913,1867.5273196377793,car,0 days 00:01:06.927000,0 days 02:10:39.837000,11508.0,323.0,8,100.0,False,0,4625.992222222222,0.8075662311779328
2024-09-01 14:18:23.849,OnTrack,1287.0,-1049.0,1867.0,pos,0 days 00:01:07.020000,0 days 02:10:39.930000,11530.31998464,323.0,8,100.0,False,0,4634.333250899171,0.8090223367590085
2024-09-01 14:18:23.956,OnTrack,1275.3447076232476,-1178.772229669612,1866.4244588498027,car,0 days 00:01:07.127000,0 days 02:10:40.037000,11556.0,323.0,8,100.0,False,0,4643.9366666666665,0.8106988191016584
2024-09-01 14:18:24.829,OnTrack,1212.0,-1858.0,1863.0,pos,0 days 00:01:08,0 days 02:10:40.910000,11698.854534981818,326.96818152727275,8,100.0,False,0,4723.232342290756,0.8245415812240927
2024-09-01 14:18:24.836,OnTrack,1211.4606187341617,-1864.0185005265748,1862.9820111928566,car,0 days 00:01:08.007000,0 days 02:10:40.917000,11700.0,327.0,8,100.0,False,0,4723.869999999999,0.8246528980634427
2024-09-01 14:18:25.036,OnTrack,1195.337879879114,-2045.5988456398159,1862.3801345256709,car,0 days 00:01:08.207000,0 days 02:10:41.117000,11699.0,328.0,8,100.0,False,0,4742.092222222222,0.827833978060291
2024-09-01 14:18:25.089,OnTrack,1191.0,-2094.0,1862.0,pos,0 days 00:01:08.260000,0 days 02:10:41.170000,11709.1031128,328.1656248,8,100.0,False,0,4746.927655945583,0.8286781068007864
2024-09-01 14:18:25.270,OnTrack,1176.0,-2258.0,1860.0,pos,0 days 00:01:08.441000,0 days 02:10:41.351000,11743.6062744,328.7312504,8,100.0,False,0,4763.466879953539,0.831565383336737
2024-09-01 14:18:25.356,OnTrack,1168.309571583526,-2339.8878147698865,1859.2416888054026,car,0 days 00:01:08.527000,0 days 02:10:41.437000,11760.0,329.0,8,100.0,False,0,4771.336666666667,0.8329392235186477
2024-09-01 14:18:25.596,OnTrack,1146.1810674235937,-2573.248529800401,1858.0485670532398,car,0 days 00:01:08.767000,0 days 02:10:41.677000,11785.0,330.0,8,100.0,False,0,4793.336666666666,0.8367797957099643
2024-09-01 14:18:25.610,OnTrack,1145.0,-2586.0,1858.0,pos,0 days 00:01:08.781000,0 days 02:10:41.691000,11786.555541333333,330.0388885333333,8,100.0,False,0,4794.622021823452,0.8370041820404697
2024-09-01 14:18:25.910,OnTrack,1122.0,-2842.0,1857.0,pos,0 days 00:01:09.081000,0 days 02:10:41.991000,11819.88890311111,330.8722225777778,8,100.0,False,0,4822.207368993757,0.8418197964600194
2024-09-01 14:18:25.956,OnTrack,1118.344460857028,-2882.707716466518,1856.6977943865857,car,0 days 00:01:09.127000,0 days 02:10:42.037000,11825.0,331.0,8,100.0,False,0,4826.4366666666665,0.8425581111432637
2024-09-01 14:18:26.196,OnTrack,1098.1923893629876,-3104.121797162448,1855.0176476920697,car,0 days 00:01:09.367000,0 days 02:10:42.277000,11840.0,331.0,8,100.0,False,0,4848.503333333333,0.84641032143213
2024-09-01 14:18:26.210,OnTrack,1097.0,-3117.0,1855.0,pos,0 days 00:01:09.381000,0 days 02:10:42.291000,11839.562504,331.0874992,8,100.0,False,0,4849.793094221432,0.8466354768775972
2024-09-01 14:18:26.350,OnTrack,1085.0,-3245.0,1855.0,pos,0 days 00:01:09.521000,0 days 02:10:42.431000,11835.187496,331.9625008,8,100.0,False,0,4862.705534536361,0.8488896204773951
2024-09-01 14:18:26.356,OnTrack,1084.4779014062544,-3250.4943718830723,1854.961675075019,car,0 days 00:01:09.527000,0 days 02:10:42.437000,11835.0,332.0,8,100.0,False,0,4863.2588888888895,0.8489862203564073
2024-09-01 14:18:26.510,OnTrack,1071.0,-3392.0,1853.0,pos,0 days 00:01:09.681000,0 days 02:10:42.591000,11872.5375312,332.0,8,100.0,False,0,4877.460624019408,0.8514654380387126
2024-09-01 14:18:26.516,OnTrack,1070.4876664942358,-3397.5099895749886,1852.9379664191513,car,0 days 00:01:09.687000,0 days 02:10:42.597000,11874.0,332.0,8,100.0,False,0,4878.014444444445,0.8515621192806844
2024-09-01 14:18:26.750,OnTrack,1051.0,-3613.0,1852.0,pos,0 days 00:01:09.921000,0 days 02:10:42.831000,11867.4187464,332.7312504,8,100.0,False,0,4899.6555972068145,0.8553400469846478
2024-09-01 14:18:26.836,OnTrack,1043.3728533255694,-3693.9313590763686,1851.642371663952,car,0 days 00:01:10.007000,0 days 02:10:42.917000,11865.0,333.0,8,100.0,False,0,4907.614444444444,0.8567294345926378
2024-09-01 14:18:27.010,OnTrack,1028.0,-3853.0,1851.0,pos,0 days 00:01:10.181000,0 days 02:10:43.091000,11892.473659593197,333.0,8,100.0,False,0,4923.710729316059,0.8595393865954304
2024-09-01 14:18:27.230,OnTrack,1008.0,-4056.0,1851.0,pos,0 days 00:01:10.401000,0 days 02:10:43.311000,11927.210536547684,333.0,8,100.0,False,0,4944.059366476212,0.8630916779594522
2024-09-01 14:18:27.235,OnTrack,1007.2948339185554,-4062.6926103320025,1850.9660593076046,car,0 days 00:01:10.406000,0 days 02:10:43.316000,11928.0,333.0,8,100.0,False,0,4944.521944444445,0.86317243087223
2024-09-01 14:18:27.410,OnTrack,978.0,-4333.0,1849.0,pos,0 days 00:01:10.581000,0 days 02:10:43.491000,11907.2187728,333.5468744,8,100.0,False,0,4960.71633467085,0.8659995092703602
2024-09-01 14:18:27.555,OnTrack,964.9775500764944,-4451.315668557185,1848.6031249156365,car,0 days 00:01:10.726000,0 days 02:10:43.636000,11890.0,334.0,8,100.0,False,0,4974.210833333334,0.8683552636475829
2024-09-01 14:18:27.715,OnTrack,956.995489548415,-4513.990833931487,1849.0129673703175,car,0 days 00:01:10.886000,0 days 02:10:43.796000,11610.0,333.0,8,41.0,True,0,4989.010833333334,0.8709389213035594
2024-09-01 14:18:27.750,OnTrack,954.0,-4536.0,1849.0,pos,0 days 00:01:10.921000,0 days 02:10:43.831000,11441.4163584,328.0416576,8,37.0138816,True,0,4992.070167645854,0.8714729937710416
2024-09-01 14:18:27.990,OnTrack,921.0,-4756.0,1848.0,pos,0 days 00:01:11.161000,0 days 02:10:44.071000,10285.4163584,294.0416576,8,9.680548266666666,True,0,5011.015697827541,0.874780342696748
2024-09-01 14:18:28.075,OnTrack,904.4492070996538,-4843.51942012362,1847.4385630300576,car,0 days 00:01:11.246000,0 days 02:10:44.156000,9876.0,282.0,8,0.0,True,0,5017.2108333333335,0.8758618365669746
2024-09-01 14:18:28.290,OnTrack,862.0,-5039.0,1846.0,pos,0 days 00:01:11.461000,0 days 02:10:44.371000,10523.14942208,260.5000192,8,0.0,True,0,5032.036887642101,0.8784500425617566
2024-09-01 14:18:28.475,OnTrack,844.9783657702465,-5111.327940497537,1845.4041564612814,car,0 days 00:01:11.646000,0 days 02:10:44.556000,11080.0,242.0,7,0.0,True,0,5044.099722222223,0.8805558692452509
2024-09-01 14:18:28.610,OnTrack,820.0,-5178.0,1845.0,pos,0 days 00:01:11.781000,0 days 02:10:44.691000,11647.481335771428,233.80358308571428,7,0.0,True,0,5052.636786349431,0.8820461970217255
2024-09-01 14:18:28.755,OnTrack,764.6900652187607,-5312.162180138924,1844.3343486206247,car,0 days 00:01:11.926000,0 days 02:10:44.836000,12257.0,225.0,7,0.0,True,0,5061.599722222223,0.8836108698519801
2024-09-01 14:18:28.830,OnTrack,736.0,-5378.0,1844.0,pos,0 days 00:01:12.001000,0 days 02:10:44.911000,11940.1247296,222.49999786666666,7,0.0,True,0,5066.17048900899,0.8844087952980826
2024-09-01 14:18:28.995,OnTrack,690.4046132123807,-5469.636009894439,1843.4487403328817,car,0 days 00:01:12.166000,0 days 02:10:45.076000,11243.0,217.0,5,0.0,True,0,5076.066388888889,0.8861363370202097
2024-09-01 14:18:29.236,OnTrack,647.0942263193548,-5516.002552748542,1843.0562515569386,car,0 days 00:01:12.407000,0 days 02:10:45.317000,10877.0,210.0,5,1.0,False,0,5090.124722222223,0.8885905208409488
2024-09-01 14:18:29.329,OnTrack,621.0,-5543.0,1843.0,pos,0 days 00:01:12.500000,0 days 02:10:45.410000,10803.596479085714,208.00714422857143,5,5.982139428571428,False,0,5095.442031803085,0.8895187713549889
2024-09-01 14:18:29.489,OnTrack,558.0,-5606.0,1843.0,pos,0 days 00:01:12.660000,0 days 02:10:45.570000,10677.3107648,204.5785728,5,14.553568,False,0,5104.476215860229,0.8910958820850391
2024-09-01 14:18:29.516,OnTrack,543.649958443885,-5617.822870601224,1843.0016495978816,car,0 days 00:01:12.687000,0 days 02:10:45.597000,10656.0,204.0,5,16.0,False,0,5105.99138888889,0.8913603880577167
2024-09-01 14:18:29.716,OnTrack,414.34786128885827,-5705.880276375204,1843.0006324076082,car,0 days 00:01:12.887000,0 days 02:10:45.797000,10478.0,200.0,5,29.0,False,0,5117.102500000001,0.8933000709826242
2024-09-01 14:18:29.749,OnTrack,396.0,-5717.0,1843.0,pos,0 days 00:01:12.920000,0 days 02:10:45.830000,10472.2250112,199.2781264,5,29.2062496,False,0,5118.902208584593,0.893614248743645
2024-09-01 14:18:30.036,OnTrack,294.37644386169757,-5761.991505101609,1842.9978816817827,car,0 days 00:01:13.207000,0 days 02:10:46.117000,10422.0,193.0,5,31.0,False,0,5134.258055555556,0.8962949414186813
2024-09-01 14:18:30.149,OnTrack,246.0,-5774.0,1843.0,pos,0 days 00:01:13.320000,0 days 02:10:46.230000,10658.73486592,193.56499968,5,54.72998656,False,0,5140.3341474008175,0.8973556536628994
2024-09-01 14:18:30.189,OnTrack,225.0,-5779.0,1843.0,pos,0 days 00:01:13.360000,0 days 02:10:46.270000,10742.53486592,193.76499968,5,63.12998656,False,0,5142.493661552119,0.8977326432081832
2024-09-01 14:18:30.236,OnTrack,200.36873325957896,-5784.411546248131,1842.9889715201045,car,0 days 00:01:13.407000,0 days 02:10:46.317000,10841.0,194.0,5,73.0,False,0,5145.035833333334,0.8981764338558417
2024-09-01 14:18:30.396,OnTrack,117.37794556578119,-5797.598416225881,1842.9108848090502,car,0 days 00:01:13.567000,0 days 02:10:46.477000,10959.0,196.0,5,77.0,False,0,5153.746944444445,0.899697145268969
2024-09-01 14:18:30.469,OnTrack,74.0,-5800.0,1843.0,pos,0 days 00:01:13.640000,0 days 02:10:46.550000,11073.5186496,197.3687488,5,80.421872,False,0,5157.781901308289,0.9004015335928073
2024-09-01 14:18:30.716,OnTrack,-97.37875703879244,-5791.366291905497,1843.90912024726,car,0 days 00:01:13.887000,0 days 02:10:46.797000,11461.0,202.0,5,92.0,False,0,5171.702500000001,0.9028316728756196
2024-09-01 14:18:30.749,OnTrack,-118.0,-5789.0,1844.0,pos,0 days 00:01:13.920000,0 days 02:10:46.830000,11470.0749824,202.8249984,5,93.31999744,False,0,5173.582941148719,0.9031599442384912
2024-09-01 14:18:30.916,OnTrack,-204.90000176622863,-5773.978564965487,1844.1673060105663,car,0 days 00:01:14.087000,0 days 02:10:46.997000,11516.0,207.0,5,100.0,False,0,5183.2025,0.9048392447028988
2024-09-01 14:18:31.149,OnTrack,-312.0,-5740.0,1844.0,pos,0 days 00:01:14.320000,0 days 02:10:47.230000,11912.0998912,213.65714102857143,5,100.0,False,0,5197.089283712297,0.9072634808552751
2024-09-01 14:18:31.196,OnTrack,-337.9084653057319,-5730.4754549041845,1843.9860868025344,car,0 days 00:01:14.367000,0 days 02:10:47.277000,11992.0,215.0,5,100.0,False,0,5199.924722222223,0.9077584675048845
2024-09-01 14:18:31.229,OnTrack,-357.0,-5723.0,1844.0,pos,0 days 00:01:14.400000,0 days 02:10:47.310000,11956.250069333333,215.54999893333334,5,100.0,False,0,5201.9189763839595,0.9081066073719747
2024-09-01 14:18:31.436,OnTrack,-491.43428903592104,-5659.073389709161,1844.721267253739,car,0 days 00:01:14.607000,0 days 02:10:47.517000,11732.0,219.0,5,100.0,False,0,5214.524722222223,0.9103072108682131
2024-09-01 14:18:31.529,OnTrack,-549.0,-5627.0,1845.0,pos,0 days 00:01:14.700000,0 days 02:10:47.610000,11408.8252224,221.3249984,5,100.0,False,0,5220.278643732544,0.9113116813656474
2024-09-01 14:18:31.676,OnTrack,-627.7956949777292,-5576.86616011131,1845.068801510467,car,0 days 00:01:14.847000,0 days 02:10:47.757000,10898.0,225.0,5,100.0,False,0,5229.524722222223,0.9129257828168381
2024-09-01 14:18:31.770,OnTrack,-675.0,-5542.0,1845.0,pos,0 days 00:01:14.941000,0 days 02:10:47.851000,10992.23487168,227.3499968,5,100.0,False,0,5235.558692411135,0.9139791418218731
2024-09-01 14:18:31.950,OnTrack,-764.0,-5467.0,1845.0,pos,0 days 00:01:15.121000,0 days 02:10:48.031000,11172.68512832,231.8500032,5,100.0,False,0,5247.348579934953,0.9160373197383607
2024-09-01 14:18:32.076,OnTrack,-820.1851738267464,-5416.413138846731,1845.6657965603767,car,0 days 00:01:15.247000,0 days 02:10:48.157000,11299.0,235.0,6,100.0,False,0,5255.635833333335,0.9174840376903708
2024-09-01 14:18:32.150,OnTrack,-859.0,-5376.0,1846.0,pos,0 days 00:01:15.321000,0 days 02:10:48.231000,11358.6626032,235.9250016,6,100.0,False,0,5260.4990360676475,0.9183330141077407
2024-09-01 14:18:32.236,OnTrack,-914.9548945688853,-5311.396624540439,1846.1082559587862,car,0 days 00:01:15.407000,0 days 02:10:48.317000,11428.0,237.0,6,100.0,False,0,5266.1691666666675,0.919322857103183
2024-09-01 14:18:32.390,OnTrack,-1021.0,-5178.0,1846.0,pos,0 days 00:01:15.561000,0 days 02:10:48.471000,11590.47013504,240.08000256,6,100.0,False,0,5276.445834927652,0.9211168701187523
2024-09-01 14:18:32.436,OnTrack,-1045.608489727712,-5144.601952857147,1846.0572929953653,car,0 days 00:01:15.607000,0 days 02:10:48.517000,11639.0,241.0,6,100.0,False,0,5279.558055555556,0.9216601750276965
2024-09-01 14:18:32.730,OnTrack,-1140.0,-4991.0,1847.0,pos,0 days 00:01:15.901000,0 days 02:10:48.811000,10980.766953244445,248.34999679999999,6,100.0,False,0,5299.927651116417,0.9252161251303971
2024-09-01 14:18:32.796,OnTrack,-1155.5252998439191,-4962.409077461828,1847.109348018144,car,0 days 00:01:15.967000,0 days 02:10:48.877000,10833.0,250.0,6,100.0,False,0,5304.558055555556,0.9260244616087383
2024-09-01 14:18:32.996,OnTrack,-1196.345625842817,-4881.853884293274,1847.1685551230698,car,0 days 00:01:16.167000,0 days 02:10:49.077000,10586.0,254.0,6,100.0,False,0,5318.6691666666675,0.9284878589233708
2024-09-01 14:18:33.150,OnTrack,-1234.0,-4800.0,1848.0,pos,0 days 00:01:16.321000,0 days 02:10:49.231000,10693.8000896,257.08000256,6,100.0,False,0,5329.684731403556,0.9304108621779228
2024-09-01 14:18:33.196,OnTrack,-1247.258499961657,-4770.217158949901,1848.462162180786,car,0 days 00:01:16.367000,0 days 02:10:49.277000,10726.0,258.0,7,100.0,False,0,5333.0025,0.9309900498965012
2024-09-01 14:18:33.250,OnTrack,-1263.0,-4734.0,1849.0,pos,0 days 00:01:16.421000,0 days 02:10:49.331000,10760.4249184,258.80999808,7,100.0,False,0,5336.913263650639,0.9316727576293857
2024-09-01 14:18:33.570,OnTrack,-1342.0,-4514.0,1850.0,pos,0 days 00:01:16.741000,0 days 02:10:49.651000,10964.4249184,263.60999808,7,100.0,False,0,5360.408409443079,0.9357743396094484
2024-09-01 14:18:33.596,OnTrack,-1348.813602044408,-4490.710654410023,1850.1620259133513,car,0 days 00:01:16.767000,0 days 02:10:49.677000,10981.0,264.0,7,100.0,False,0,5362.3358333333335,0.9361108128182571
2024-09-01 14:18:33.810,OnTrack,-1404.0,-4284.0,1852.0,pos,0 days 00:01:16.981000,0 days 02:10:49.891000,11112.485788391567,267.3542292957032,7,100.0,False,0,5378.292472340033,0.9388963866380757
2024-09-01 14:18:33.915,OnTrack,-1421.3666588804945,-4210.970148362656,1852.488148503282,car,0 days 00:01:17.086000,0 days 02:10:49.996000,11177.0,269.0,7,100.0,False,0,5386.172222222222,0.940271966104988
2024-09-01 14:18:34.115,OnTrack,-1439.6537856988018,-4110.672047642516,1852.8051387432956,car,0 days 00:01:17.286000,0 days 02:10:50.196000,11238.0,272.0,7,100.0,False,0,5401.283333333334,0.9429099348828622
2024-09-01 14:18:34.170,OnTrack,-1445.0,-4076.0,1853.0,pos,0 days 00:01:17.341000,0 days 02:10:50.251000,11278.5623584,273.1458293333333,7,100.0,False,0,5405.481868420666,0.9436428792965292
2024-09-01 14:18:34.350,OnTrack,-1464.0,-3939.0,1854.0,pos,0 days 00:01:17.521000,0 days 02:10:50.431000,11411.3125472,276.89583466666664,7,100.0,False,0,5419.361746119397,0.9460659098560122
2024-09-01 14:18:34.355,OnTrack,-1464.4698841124316,-3935.084396445185,1854.0296928079413,car,0 days 00:01:17.526000,0 days 02:10:50.436000,11415.0,277.0,7,100.0,False,0,5419.75,0.9461336879040584
2024-09-01 14:18:34.530,OnTrack,-1478.0,-3801.0,1855.0,pos,0 days 00:01:17.701000,0 days 02:10:50.611000,11501.4061552,279.734372,7,100.0,False,0,5433.427966420112,0.9485214705161878
2024-09-01 14:18:34.675,OnTrack,-1486.2701658765654,-3697.001088746268,1855.540332325061,car,0 days 00:01:17.846000,0 days 02:10:50.756000,11573.0,282.0,7,100.0,False,0,5444.816666666666,0.9505096125826494
2024-09-01 14:18:34.810,OnTrack,-1492.0,-3581.0,1856.0,pos,0 days 00:01:17.981000,0 days 02:10:50.891000,11656.5311312,282.8437488,7,100.0,False,0,5455.422257196682,0.9523610460400165
2024-09-01 14:18:34.835,OnTrack,-1492.8717701224527,-3554.9745333456226,1856.100223524419,car,0 days 00:01:18.006000,0 days 02:10:50.916000,11672.0,283.0,7,100.0,False,0,5457.394444444444,0.9527053336536448
2024-09-01 14:18:35.050,OnTrack,-1498.0,-3311.0,1857.0,pos,0 days 00:01:18.221000,0 days 02:10:51.131000,11503.22515072,285.6874976,7,100.0,False,0,5474.508721791085,0.9556929980923717
2024-09-01 14:18:35.235,OnTrack,-1499.248275019679,-3193.8271943400314,1857.3324299752765,car,0 days 00:01:18.406000,0 days 02:10:51.316000,11358.0,288.0,7,100.0,False,0,5489.394444444443,0.9582916204773783
2024-09-01 14:18:35.410,OnTrack,-1499.0,-3102.0,1858.0,pos,0 days 00:01:18.581000,0 days 02:10:51.491000,10714.146539733334,290.91666346666665,7,100.0,False,0,5503.567779449635,0.960765880308249
2024-09-01 14:18:35.475,OnTrack,-1498.8429510370188,-3054.3811089586115,1858.5234855479525,car,0 days 00:01:18.646000,0 days 02:10:51.556000,10475.0,292.0,8,100.0,False,0,5508.86111111111,0.9616899449618163
2024-09-01 14:18:35.630,OnTrack,-1498.0,-2923.0,1860.0,pos,0 days 00:01:18.801000,0 days 02:10:51.711000,10558.053010353247,293.9314653570523,8,100.0,False,0,5521.554354220626,0.9639058229847267
2024-09-01 14:18:35.796,OnTrack,-1495.587948725895,-2785.6201388882664,1860.9232033053304,car,0 days 00:01:18.967000,0 days 02:10:51.877000,10647.0,296.0,8,100.0,False,0,5535.254444444444,0.9662974677816415
2024-09-01 14:18:35.829,OnTrack,-1495.0,-2759.0,1861.0,pos,0 days 00:01:19,0 days 02:10:51.910000,10656.782123885714,296.47142765714284,8,100.0,False,0,5537.990438219669,0.9667750942184027
2024-09-01 14:18:36.069,OnTrack,-1490.0,-2570.0,1861.0,pos,0 days 00:01:19.240000,0 days 02:10:52.150000,10727.924981028571,299.8999990857143,8,100.0,False,0,5558.001725479202,0.9702684939166487
2024-09-01 14:18:36.076,OnTrack,-1489.8316618041945,-2564.4545555300256,1861.0233549625414,car,0 days 00:01:19.247000,0 days 02:10:52.157000,10730.0,300.0,8,100.0,False,0,5558.587777777777,0.9703708019239471
2024-09-01 14:18:36.229,OnTrack,-1486.0,-2442.0,1862.0,pos,0 days 00:01:19.400000,0 days 02:10:52.310000,10800.37997056,301.52999936,8,100.0,False,0,5571.422632958864,0.9726114013734044
2024-09-01 14:18:36.276,OnTrack,-1484.9203634958662,-2404.0741628139526,1862.3892201032345,car,0 days 00:01:19.447000,0 days 02:10:52.357000,10822.0,302.0,8,100.0,False,0,5575.365555555553,0.9732997231405572
2024-09-01 14:18:36.349,OnTrack,-1483.0,-2341.0,1863.0,pos,0 days 00:01:19.520000,0 days 02:10:52.430000,10865.7999616,302.0,8,100.0,False,0,5581.484574955435,0.9743679293107987
2024-09-01 14:18:36.436,OnTrack,-1479.4822168621745,-2250.476434226068,1863.6244040704514,car,0 days 00:01:19.607000,0 days 02:10:52.517000,10918.0,302.0,8,100.0,False,0,5588.787777777777,0.9756428601138456
2024-09-01 14:18:36.596,OnTrack,-1470.2423508602237,-2053.1992965364475,1864.5514845577882,car,0 days 00:01:19.767000,0 days 02:10:52.677000,10899.0,304.0,8,100.0,False,0,5602.298888888888,0.9780015145505331
2024-09-01 14:18:36.669,OnTrack,-1466.0,-1970.0,1865.0,pos,0 days 00:01:19.840000,0 days 02:10:52.750000,10895.871431314286,304.2607140571429,8,100.0,False,0,5608.4756085768,0.9790797935444857
2024-09-01 14:18:36.876,OnTrack,-1454.7325971436478,-1771.9626711816054,1866.4472164590125,car,0 days 00:01:20.047000,0 days 02:10:52.957000,10887.0,305.0,8,100.0,False,0,5626.02111111111,0.9821427375952106
2024-09-01 14:18:37.129,OnTrack,-1442.0,-1579.0,1868.0,pos,0 days 00:01:20.300000,0 days 02:10:53.210000,10975.5499776,306.14999970909093,8,100.0,False,0,5647.557682114954,0.9859024083085599
2024-09-01 14:18:37.316,OnTrack,-1432.9095313850146,-1448.3811396000883,1868.5170994715895,car,0 days 00:01:20.487000,0 days 02:10:53.397000,11041.0,307.0,8,100.0,False,0,5663.543333333332,0.9886930468326232
2024-09-01 14:18:37.556,OnTrack,-1420.717120043767,-1278.9491911887055,1868.9586058800878,car,0 days 00:01:20.727000,0 days 02:10:53.637000,11142.0,309.0,8,100.0,False,0,5684.143333333332,0.9922892189754016
2024-09-01 14:18:37.569,OnTrack,-1420.0,-1269.0,1869.0,pos,0 days 00:01:20.740000,0 days 02:10:53.650000,11138.8312656,309.0812496,8,100.0,False,0,5685.261745719861,0.9924844618622256
2024-09-01 14:18:37.716,OnTrack,-1411.4921095150708,-1151.1374096885306,1869.5935375095708,car,0 days 00:01:20.887000,0 days 02:10:53.797000,11103.0,310.0,8,100.0,False,0,5697.92111111111,0.9946944258022868
2024-09-01 14:18:37.809,OnTrack,-1406.0,-1077.0,1870.0,pos,0 days 00:01:20.980000,0 days 02:10:53.890000,11111.83499392,310.0,8,100.0,False,0,5705.930401905636,0.9960926194158154
2024-09-01 14:18:37.916,OnTrack,-1399.7637229437703,-995.9610331452618,1870.4358593244992,car,0 days 00:01:21.087000,0 days 02:10:53.997000,11122.0,310.0,8,100.0,False,0,5715.143333333331,0.9977009343358932
2024-09-01 14:18:38.069,OnTrack,-1391.0,-888.0,1871.0,pos,0 days 00:01:21.240000,0 days 02:10:54.150000,11122.0,310.0,8,100.0,False,0,5728.313101297777,1.0
