Date,Status,X,Y,Z,Source,Time,SessionTime,RPM,Speed,nGear,Throttle,Brake,DRS,Distance,RelativeDistance
2024-09-01 14:16:45.396,OnTrack,,,,car,0 days 00:00:00,0 days 02:09:01.477000,11169.0,315.0,8,100.0,False,0,9.8,0.0017087376855294124
2024-09-01 14:16:45.489,OnTrack,-1366.0,-581.0,1872.0,pos,0 days 00:00:00.093000,0 days 02:09:01.570000,11228.2874592,316.7437488,8,100.0,False,0,18.006112967535735,0.003139563652808995
2024-09-01 14:16:45.556,OnTrack,-1360.3766769614865,-518.4042440173929,1872.2554746674878,car,0 days 00:00:00.160000,0 days 02:09:01.637000,11271.0,318.0,8,100.0,False,0,23.933333333333337,0.004173039653775913
2024-09-01 14:16:45.729,OnTrack,-1347.0,-370.0,1873.0,pos,0 days 00:00:00.333000,0 days 02:09:01.810000,11277.796426057143,319.2357138285714,8,100.0,False,0,39.295993596096494,0.00685168828040536
2024-09-01 14:16:45.836,OnTrack,-1339.5387970510155,-287.61100819190693,1873.5216614131914,car,0 days 00:00:00.440000,0 days 02:09:01.917000,11282.0,320.0,8,100.0,False,0,48.82222222222222,0.008512690918612514
2024-09-01 14:16:45.929,OnTrack,-1331.0,-193.0,1874.0,pos,0 days 00:00:00.533000,0 days 02:09:02.010000,11305.834146787009,320.46733621151,8,100.0,False,0,57.10950420636699,0.009957669595848956
2024-09-01 14:16:46.035,OnTrack,-1316.4034248445857,-30.499146276626078,1874.560205595924,car,0 days 00:00:00.639000,0 days 02:09:02.116000,11333.0,321.0,8,100.0,False,0,66.5663888888889,0.011606581355515387
2024-09-01 14:16:46.129,OnTrack,-1304.0,108.0,1875.0,pos,0 days 00:00:00.733000,0 days 02:09:02.210000,11337.6999936,321.46999936,8,100.0,False,0,74.9652641113539,0.0130710175400751
2024-09-01 14:16:46.235,OnTrack,-1295.5479216064452,202.98642815932232,1875.360602494142,car,0 days 00:00:00.839000,0 days 02:09:02.316000,11343.0,322.0,8,100.0,False,0,84.45527777777778,0.014725705702116695
2024-09-01 14:16:46.490,OnTrack,-1287.0,305.0,1876.0,pos,0 days 00:00:01.094000,0 days 02:09:02.571000,11408.1666176,323.4166656,8,100.0,False,0,107.38619227361374,0.018723962616676654
2024-09-01 14:16:46.595,OnTrack,-1279.9973523003382,389.660964050079,1876.4139333804064,car,0 days 00:00:01.199000,0 days 02:09:02.676000,11435.0,324.0,8,100.0,False,0,116.85527777777779,0.020375001723662918
2024-09-01 14:16:46.730,OnTrack,-1269.0,520.0,1877.0,pos,0 days 00:00:01.334000,0 days 02:09:02.811000,11460.312464,324.8437488,8,100.0,False,0,129.04296550459577,0.022500059001038242
2024-09-01 14:16:46.755,OnTrack,-1266.9789007137351,543.2402052013049,1877.1005118233065,car,0 days 00:00:01.359000,0 days 02:09:02.836000,11465.0,325.0,8,100.0,False,0,131.29972222222224,0.022893549332719875
2024-09-01 14:16:46.970,OnTrack,-1250.0,735.0,1878.0,pos,0 days 00:00:01.574000,0 days 02:09:03.051000,11473.958325333333,325.0,8,100.0,False,0,150.69442980224434,0.02627522971453689
2024-09-01 14:16:47.115,OnTrack,-1239.1381441859678,865.4417461442649,1878.9067489327933,car,0 days 00:00:01.719000,0 days 02:09:03.196000,11480.0,325.0,8,100.0,False,0,163.79972222222221,0.028560281453098024
2024-09-01 14:16:47.130,OnTrack,-1238.0,879.0,1879.0,pos,0 days 00:00:01.734000,0 days 02:09:03.211000,11483.458289066666,325.0833322666667,8,100.0,False,0,165.1579062339545,0.028797095759703174
2024-09-01 14:16:47.310,OnTrack,-1224.0,1042.0,1880.0,pos,0 days 00:00:01.914000,0 days 02:09:03.391000,11524.958348088889,326.0833336888889,8,100.0,False,0,181.49248830178084,0.031645209632832544
2024-09-01 14:16:47.475,OnTrack,-1211.2548036003157,1191.1224137451811,1880.7327447628907,car,0 days 00:00:02.079000,0 days 02:09:03.556000,11563.0,327.0,8,100.0,False,0,196.4997222222222,0.03426188577114004
2024-09-01 14:16:47.530,OnTrack,-1207.0,1241.0,1881.0,pos,0 days 00:00:02.134000,0 days 02:09:03.611000,11558.8750144,327.13749952,8,100.0,False,0,201.505173131796,0.035134641138717206
2024-09-01 14:16:47.850,OnTrack,-1182.0,1531.0,1883.0,pos,0 days 00:00:02.454000,0 days 02:09:03.931000,11534.8750144,327.93749952,8,100.0,False,0,230.66293963063714,0.040218618122639334
2024-09-01 14:16:47.875,OnTrack,-1180.0498235221626,1553.0163102718298,1883.1655125891064,car,0 days 00:00:02.479000,0 days 02:09:03.956000,11533.0,328.0,8,100.0,False,0,232.9441666666667,0.04061637512322221
2024-09-01 14:16:48.010,OnTrack,-1169.0,1677.0,1884.0,pos,0 days 00:00:02.614000,0 days 02:09:04.091000,11557.8905896,328.4218744,8,100.0,False,0,245.2714792263813,0.04276577752445532
2024-09-01 14:16:48.195,OnTrack,-1149.4946835358176,1900.8193759531273,1884.6526359156617,car,0 days 00:00:02.799000,0 days 02:09:04.276000,11592.0,329.0,8,100.0,False,0,262.18861111111113,0.045715465359405225
2024-09-01 14:16:48.310,OnTrack,-1139.0,2023.0,1885.0,pos,0 days 00:00:02.914000,0 days 02:09:04.391000,11614.2812624,329.3593752,8,100.0,False,0,272.71870312790384,0.047551502610546664
2024-09-01 14:16:48.515,OnTrack,-1128.0685601901569,2152.7765381057197,1885.8042401775917,car,0 days 00:00:03.119000,0 days 02:09:04.596000,11654.0,330.0,8,100.0,False,0,291.52194444444444,0.0508300543501055
2024-09-01 14:16:48.570,OnTrack,-1125.0,2188.0,1886.0,pos,0 days 00:00:03.174000,0 days 02:09:04.651000,11668.666615466667,330.2291658666667,8,100.0,False,0,296.5754891313385,0.05171119539622824
2024-09-01 14:16:48.755,OnTrack,-1111.21194709687,2341.5757876710422,1886.5635642749874,car,0 days 00:00:03.359000,0 days 02:09:04.836000,11718.0,331.0,8,100.0,False,0,313.5886111111111,0.05467762015901867
2024-09-01 14:16:48.830,OnTrack,-1104.0,2425.0,1887.0,pos,0 days 00:00:03.434000,0 days 02:09:04.911000,11722.375003733334,331.0,8,100.0,False,0,320.4820393654832,0.05587956512235937
2024-09-01 14:16:48.995,OnTrack,-1085.405564156044,2649.3962704257196,1888.5705133318093,car,0 days 00:00:03.599000,0 days 02:09:05.076000,11732.0,331.0,8,100.0,False,0,335.65527777777777,0.05852518596793183
2024-09-01 14:16:49.050,OnTrack,-1080.0,2715.0,1889.0,pos,0 days 00:00:03.654000,0 days 02:09:05.131000,11732.0,331.3437488,8,100.0,False,0,340.72439567159336,0.05940904237380471
2024-09-01 14:16:49.155,OnTrack,-1072.055665545434,2810.4787724065463,1889.4694590855736,car,0 days 00:00:03.759000,0 days 02:09:05.236000,11732.0,332.0,8,100.0,False,0,350.41083333333336,0.061097979217799255
2024-09-01 14:16:49.470,OnTrack,-1056.0,2991.0,1890.0,pos,0 days 00:00:04.074000,0 days 02:09:05.551000,11749.500003555555,332.0,8,100.0,False,0,379.45572630611014,0.06616227546216172
2024-09-01 14:16:49.515,OnTrack,-1052.3724483730484,3030.697009707275,1890.3620155554272,car,0 days 00:00:04.119000,0 days 02:09:05.596000,11752.0,332.0,8,100.0,False,0,383.61083333333335,0.06688676403000093
2024-09-01 14:16:49.590,OnTrack,-1046.0,3101.0,1891.0,pos,0 days 00:00:04.194000,0 days 02:09:05.671000,11743.37499264,332.37500032,8,100.0,False,0,390.54144648865577,0.06809519258942189
2024-09-01 14:16:49.715,OnTrack,-1037.0372832924797,3204.751062964642,1891.5024383643567,car,0 days 00:00:04.319000,0 days 02:09:05.796000,11729.0,333.0,8,100.0,False,0,402.11083333333335,0.0701124423139085
2024-09-01 14:16:49.870,OnTrack,-1024.0,3359.0,1892.0,pos,0 days 00:00:04.474000,0 days 02:09:05.951000,11848.1562992,333.9687504,8,100.0,False,0,416.49127614500543,0.07261983053502122
2024-09-01 14:16:49.875,OnTrack,-1023.4357784693276,3365.548277474949,1892.0330524787666,car,0 days 00:00:04.479000,0 days 02:09:05.956000,11852.0,334.0,8,100.0,False,0,416.9552777777778,0.07270073431829319
2024-09-01 14:16:50.090,OnTrack,-995.0,3692.0,1894.0,pos,0 days 00:00:04.694000,0 days 02:09:06.171000,11801.321473828571,334.0,8,100.0,False,0,436.90278020283404,0.07617880055562819
2024-09-01 14:16:50.155,OnTrack,-988.5339929264883,3766.440171412153,1894.400560766199,car,0 days 00:00:04.759000,0 days 02:09:06.236000,11786.0,334.0,8,100.0,False,0,442.9330555555556,0.0772302453259664
2024-09-01 14:16:50.436,OnTrack,-975.3447642543825,3921.549228985141,1894.7071337197608,car,0 days 00:00:05.040000,0 days 02:09:06.517000,11786.0,334.0,8,100.0,False,0,469.0036111111111,0.081775933158667
2024-09-01 14:16:50.569,OnTrack,-968.0,4007.0,1895.0,pos,0 days 00:00:05.173000,0 days 02:09:06.650000,11830.55497856,334.0,8,100.0,False,0,481.3419512970797,0.08392725834771256
2024-09-01 14:16:50.636,OnTrack,-963.061989913816,4063.883982817937,1895.2813428484483,car,0 days 00:00:05.240000,0 days 02:09:06.717000,11853.0,334.0,8,100.0,False,0,487.55916666666667,0.08501129816414786
2024-09-01 14:16:50.769,OnTrack,-952.0,4192.0,1896.0,pos,0 days 00:00:05.373000,0 days 02:09:06.850000,11761.562544,334.0,8,100.0,False,0,499.90196670628313,0.08716340097768323
2024-09-01 14:16:50.796,OnTrack,-949.8461989241487,4217.439855824574,1896.1458090646734,car,0 days 00:00:05.400000,0 days 02:09:06.877000,11743.0,334.0,8,100.0,False,0,502.40361111111105,0.08759959016853254
2024-09-01 14:16:50.949,OnTrack,-938.0,4358.0,1897.0,pos,0 days 00:00:05.553000,0 days 02:09:07.030000,11709.850013866666,333.15000035555556,8,100.0,False,0,516.5400961427359,0.09006444167000803
2024-09-01 14:16:51.109,OnTrack,-925.0,4505.0,1898.0,pos,0 days 00:00:05.713000,0 days 02:09:07.190000,11675.1833472,332.26111146666665,8,100.0,False,0,531.2758623155231,0.09263378442353773
2024-09-01 14:16:51.156,OnTrack,-921.2921911559197,4548.138523353602,1898.2042105386488,car,0 days 00:00:05.760000,0 days 02:09:07.237000,11665.0,332.0,8,100.0,False,0,535.603611111111,0.09338837498073421
2024-09-01 14:16:51.409,OnTrack,-902.0,4780.0,1899.0,pos,0 days 00:00:06.013000,0 days 02:09:07.490000,11636.888896,331.2972224,8,100.0,False,0,558.8885821086252,0.09744836553684767
2024-09-01 14:16:51.516,OnTrack,-893.3820061335255,4878.335201130702,1899.791201403249,car,0 days 00:00:06.120000,0 days 02:09:07.597000,11625.0,331.0,8,100.0,False,0,568.7036111111111,0.09915972369410397
2024-09-01 14:16:51.569,OnTrack,-889.0,4927.0,1900.0,pos,0 days 00:00:06.173000,0 days 02:09:07.650000,11628.6437456,330.6687504,8,100.0,False,0,573.5543398014778,0.10000550154262523
2024-09-01 14:16:51.629,OnTrack,-884.0,4982.0,1900.0,pos,0 days 00:00:06.233000,0 days 02:09:07.710000,11632.7687456,330.2937504,8,100.0,False,0,579.0370126159553,0.10096146579318904
2024-09-01 14:16:51.849,OnTrack,-867.0,5183.0,1901.0,pos,0 days 00:00:06.453000,0 days 02:09:07.930000,11647.8937456,328.9187504,8,100.0,False,0,599.0707726265557,0.10445457198838956
2024-09-01 14:16:51.996,OnTrack,-855.356612913163,5316.672541448227,1901.628853628599,car,0 days 00:00:06.600000,0 days 02:09:08.077000,11658.0,328.0,8,100.0,False,0,612.4369444444444,0.10678511091660257
2024-09-01 14:16:52.089,OnTrack,-848.0,5401.0,1902.0,pos,0 days 00:00:06.693000,0 days 02:09:08.170000,11619.139312457142,327.66785737142857,8,100.0,False,0,620.8898998586014,0.10825897657683421
2024-09-01 14:16:52.276,OnTrack,-833.5770766725633,5570.139188807586,1902.8404419496756,car,0 days 00:00:06.880000,0 days 02:09:08.357000,11541.0,327.0,8,100.0,False,0,637.8702777777778,0.11121969205285749
2024-09-01 14:16:52.309,OnTrack,-831.0,5600.0,1903.0,pos,0 days 00:00:06.913000,0 days 02:09:08.390000,11534.675012266667,326.86250026666664,8,100.0,False,0,640.8626276164625,0.11174144112812774
2024-09-01 14:16:52.516,OnTrack,-814.431751228518,5787.439748681509,1904.0968461330676,car,0 days 00:00:07.120000,0 days 02:09:08.597000,11495.0,326.0,8,100.0,False,0,659.6036111111111,0.11500913753233089
2024-09-01 14:16:52.629,OnTrack,-806.0,5888.0,1905.0,pos,0 days 00:00:07.233000,0 days 02:09:08.710000,11465.86166345191,325.2893088646807,8,100.0,False,0,669.8122942432078,0.1167891336126821
2024-09-01 14:16:52.675,OnTrack,-802.8159900764344,5928.324723554404,1905.4614434525884,car,0 days 00:00:07.279000,0 days 02:09:08.756000,11454.0,325.0,8,100.0,False,0,673.9577777777778,0.11751194421883122
2024-09-01 14:16:52.729,OnTrack,-799.0,5977.0,1906.0,pos,0 days 00:00:07.333000,0 days 02:09:08.810000,11427.150063644445,324.55000106666665,8,100.0,False,0,678.8141265568605,0.11835870199157546
2024-09-01 14:16:53.035,OnTrack,-769.748839225684,6325.378612092715,1907.8836533244175,car,0 days 00:00:07.639000,0 days 02:09:09.116000,11275.0,322.0,8,100.0,False,0,706.1577777777778,0.12312636804271358
2024-09-01 14:16:53.050,OnTrack,-768.0,6346.0,1908.0,pos,0 days 00:00:07.654000,0 days 02:09:09.131000,11275.1874976,321.8750016,8,100.0,False,0,707.4928446224748,0.12335915161722731
2024-09-01 14:16:53.270,OnTrack,-741.0,6665.0,1910.0,pos,0 days 00:00:07.874000,0 days 02:09:09.351000,11277.9375008,320.0416661333333,8,100.0,False,0,727.0463706102562,0.12676852373358455
2024-09-01 14:16:53.275,OnTrack,-740.4508174059595,6671.474508026299,1910.0347577576472,car,0 days 00:00:07.879000,0 days 02:09:09.356000,11278.0,320.0,8,100.0,False,0,727.4911111111111,0.12684606912685922
2024-09-01 14:16:53.555,OnTrack,-717.1535670731992,6944.310028400135,1910.807328219716,car,0 days 00:00:08.159000,0 days 02:09:09.636000,11203.0,318.0,8,100.0,False,0,752.2244444444445,0.13115859757129064
2024-09-01 14:16:53.670,OnTrack,-711.0,7016.0,1911.0,pos,0 days 00:00:08.274000,0 days 02:09:09.751000,10951.642717257142,309.3749952,8,58.92854857142857,False,0,761.9823055580006,0.132859987878933
2024-09-01 14:16:53.835,OnTrack,-705.1018315677594,7084.785625800581,1911.4850455849848,car,0 days 00:00:08.439000,0 days 02:09:09.916000,10591.0,297.0,8,0.0,True,0,775.3244444444445,0.1351863364014671
2024-09-01 14:16:53.970,OnTrack,-700.0,7146.0,1912.0,pos,0 days 00:00:08.574000,0 days 02:09:10.051000,10282.1879392,282.48752064,8,0.0,True,0,785.4815322725158,0.1369573362736158
2024-09-01 14:16:54.235,OnTrack,-684.1389295733925,7339.667069407929,1912.9720288932274,car,0 days 00:00:08.839000,0 days 02:09:10.316000,9676.0,254.0,8,0.0,True,0,803.5466666666667,0.14010719096070146
2024-09-01 14:16:54.270,OnTrack,-682.0,7365.0,1913.0,pos,0 days 00:00:08.874000,0 days 02:09:10.351000,9767.4376672,248.895824,8,0.0,True,0,805.7657689745278,0.1404941158322818
2024-09-01 14:16:54.450,OnTrack,-672.0,7483.0,1913.0,pos,0 days 00:00:09.054000,0 days 02:09:10.531000,10237.6869984,222.64586133333333,8,0.0,True,0,816.6680913495408,0.142395055536565
2024-09-01 14:16:54.475,OnTrack,-670.8231206493522,7498.441977683732,1913.1241807276156,car,0 days 00:00:09.079000,0 days 02:09:10.556000,10303.0,219.0,8,0.0,True,0,818.1466666666668,0.14265286139016364
2024-09-01 14:16:54.590,OnTrack,-666.0,7566.0,1914.0,pos,0 days 00:00:09.194000,0 days 02:09:10.671000,10357.6250304,211.0937456,8,0.0,True,0,824.8559652483258,0.14382270132179117
2024-09-01 14:16:54.635,OnTrack,-664.2290781325453,7589.7461179566,1914.2565502553055,car,0 days 00:00:09.239000,0 days 02:09:10.716000,10379.0,208.0,8,0.0,True,0,827.3911111111112,0.1442647318599601
2024-09-01 14:16:54.835,OnTrack,-655.7037694608604,7688.578885732137,1914.786370909937,car,0 days 00:00:09.439000,0 days 02:09:10.916000,10962.0,188.0,8,0.0,True,0,837.8355555555556,0.14608583551573975
2024-09-01 14:16:54.890,OnTrack,-652.0,7726.0,1915.0,pos,0 days 00:00:09.494000,0 days 02:09:10.971000,10915.66266176,183.32501632,8,0.0,True,0,840.4660640663361,0.14654449357946184
2024-09-01 14:16:55.070,OnTrack,-637.0,7871.0,1916.0,pos,0 days 00:00:09.674000,0 days 02:09:11.151000,10764.01244608,168.02499456,8,0.0,True,0,848.3515455749543,0.1479194139286783
2024-09-01 14:16:55.235,OnTrack,-631.2686274738711,7931.379745771146,1916.521617596005,car,0 days 00:00:09.839000,0 days 02:09:11.316000,10625.0,154.0,4,0.0,True,0,854.9466666666667,0.14906934576031491
2024-09-01 14:16:55.450,OnTrack,-625.0,7965.0,1917.0,pos,0 days 00:00:10.054000,0 days 02:09:11.531000,10434.8595448,138.5468888,4,0.0,True,0,862.9028928328254,0.15045660121793844
2024-09-01 14:16:55.555,OnTrack,-615.4858349215922,8007.577269332196,1917.450572002045,car,0 days 00:00:10.159000,0 days 02:09:11.636000,10342.0,131.0,3,0.0,True,0,866.5911111111112,0.15109968260207776
2024-09-01 14:16:55.690,OnTrack,-601.0,8068.0,1918.0,pos,0 days 00:00:10.294000,0 days 02:09:11.771000,9805.000763733333,125.75000746666666,3,0.0,True,0,871.1820696247011,0.1519001666658403
2024-09-01 14:16:55.915,OnTrack,-583.4377912627616,8121.699383742607,1918.1081767227972,car,0 days 00:00:10.519000,0 days 02:09:11.996000,8910.0,117.0,2,0.0,True,0,878.2911111111111,0.1531397061654139
2024-09-01 14:16:56.050,OnTrack,-571.0,8147.0,1918.0,pos,0 days 00:00:10.654000,0 days 02:09:12.131000,8523.750549333334,109.1250112,2,0.0,True,0,882.0886533086117,0.15380184937615443
2024-09-01 14:16:56.230,OnTrack,-548.0,8188.0,1918.0,pos,0 days 00:00:10.834000,0 days 02:09:12.311000,8008.749816888889,98.62499626666667,2,0.0,True,0,886.7470963329856,0.15461410010591353
2024-09-01 14:16:56.275,OnTrack,-541.5969468286282,8197.745884543348,1918.0999402240707,car,0 days 00:00:10.879000,0 days 02:09:12.356000,7880.0,96.0,2,0.0,True,0,887.8911111111112,0.15481357165327944
2024-09-01 14:16:56.435,OnTrack,-517.2662994145356,8228.985909885845,1918.772595593144,car,0 days 00:00:11.039000,0 days 02:09:12.516000,7588.0,90.0,2,0.0,True,0,891.8911111111112,0.15551101560655675
2024-09-01 14:16:56.530,OnTrack,-502.0,8245.0,1919.0,pos,0 days 00:00:11.134000,0 days 02:09:12.611000,7443.60029184,88.10000384,2,0.0,True,0,894.1812605040104,0.15591032831810156
2024-09-01 14:16:56.635,OnTrack,-484.427023330622,8260.52735789154,1918.9721690813476,car,0 days 00:00:11.239000,0 days 02:09:12.716000,7284.0,86.0,2,0.0,True,0,896.668888888889,0.1563440736618602
2024-09-01 14:16:56.690,OnTrack,-474.0,8268.0,1919.0,pos,0 days 00:00:11.294000,0 days 02:09:12.771000,7218.4585621333335,85.54166826666666,2,0.0,True,0,897.9707894877157,0.15657107433696515
2024-09-01 14:16:56.875,OnTrack,-430.8502302918941,8290.315780852012,1919.7406289573548,car,0 days 00:00:11.479000,0 days 02:09:12.956000,6998.0,84.0,2,0.0,True,0,902.2688888888889,0.15732049519644842
2024-09-01 14:16:56.950,OnTrack,-414.0,8297.0,1920.0,pos,0 days 00:00:11.554000,0 days 02:09:13.031000,6909.159511008002,82.31670652436213,2,0.0,True,0,903.915624329196,0.15760762161532083
2024-09-01 14:16:57.249,OnTrack,-359.0,8310.0,1920.0,pos,0 days 00:00:11.853000,0 days 02:09:13.330000,6554.982624555831,75.60598657053153,2,0.0,True,0,910.0685094069884,0.15868044473849996
2024-09-01 14:16:57.276,OnTrack,-353.6307909980833,8310.954898208176,1919.9924846116496,car,0 days 00:00:11.880000,0 days 02:09:13.357000,6523.0,75.0,2,0.0,False,0,910.6230555555557,0.15877713595303283
2024-09-01 14:16:57.509,OnTrack,-304.0,8320.0,1920.0,pos,0 days 00:00:12.113000,0 days 02:09:13.590000,6882.485615542857,75.0,2,19.971423085714285,False,0,915.465141047712,0.15962140676497188
2024-09-01 14:16:57.556,OnTrack,-294.6801512163473,8321.976661530925,1919.9823912527036,car,0 days 00:00:12.160000,0 days 02:09:13.637000,6955.0,75.0,2,24.0,False,0,916.456388888889,0.1597942417182289
2024-09-01 14:16:57.689,OnTrack,-268.0,8330.0,1920.0,pos,0 days 00:00:12.293000,0 days 02:09:13.770000,6834.96755776,75.66499968,2,16.02000384,False,0,919.2899983912489,0.16028831267157143
2024-09-01 14:16:57.956,OnTrack,-202.50200097544558,8369.873033318629,1920.9677021643818,car,0 days 00:00:12.560000,0 days 02:09:14.037000,6594.0,77.0,2,0.0,False,0,925.0119444444446,0.16128599684051648
2024-09-01 14:16:57.969,OnTrack,-200.0,8372.0,1921.0,pos,0 days 00:00:12.573000,0 days 02:09:14.050000,6582.1375584,76.8916672,2,0.0,False,0,925.2868344881971,0.16133392694022433
2024-09-01 14:16:58.196,OnTrack,-173.74154219372593,8407.489195789341,1921.0389506384251,car,0 days 00:00:12.800000,0 days 02:09:14.277000,6375.0,75.0,2,0.0,False,0,930.0119444444446,0.16215780178211311
2024-09-01 14:16:58.349,OnTrack,-165.0,8429.0,1921.0,pos,0 days 00:00:12.953000,0 days 02:09:14.430000,6186.6188288,73.0875008,2,0.0,False,0,933.0881196246658,0.1626941667267799
2024-09-01 14:16:58.516,OnTrack,-157.0231027088345,8449.817221220324,1921.2398555269033,car,0 days 00:00:13.120000,0 days 02:09:14.597000,5981.0,71.0,2,0.0,False,0,936.3230555555557,0.16325821335283955
2024-09-01 14:16:58.749,OnTrack,-148.0,8490.0,1922.0,pos,0 days 00:00:13.353000,0 days 02:09:14.830000,6169.988836977778,67.76388977777778,2,7.7666645333333335,False,0,940.6011313289249,0.1640041428727892
2024-09-01 14:16:58.876,OnTrack,-143.72081674980498,8527.390451410834,1922.5797017466941,car,0 days 00:00:13.480000,0 days 02:09:14.957000,6273.0,66.0,2,12.0,False,0,942.9230555555557,0.16440899587574712
2024-09-01 14:16:58.989,OnTrack,-141.0,8559.0,1923.0,pos,0 days 00:00:13.593000,0 days 02:09:15.070000,6394.828056,66.7062496,2,21.534369599999998,False,0,945.0245874990217,0.16477542106239448
2024-09-01 14:16:59.196,OnTrack,-140.2186186424353,8588.969348281902,1923.1171995742136,car,0 days 00:00:13.800000,0 days 02:09:15.277000,6618.0,68.0,2,39.0,False,0,948.9675000000002,0.16546291118292172
2024-09-01 14:16:59.369,OnTrack,-142.0,8610.0,1923.0,pos,0 days 00:00:13.973000,0 days 02:09:15.450000,6768.396880917586,70.60803839741479,2,48.56280745718755,False,0,952.3695835514815,0.16605610183330294
2024-09-01 14:16:59.395,OnTrack,-142.34244675939706,8614.440157732832,1922.9945706906774,car,0 days 00:00:13.999000,0 days 02:09:15.476000,6791.0,71.0,2,50.0,False,0,952.8922222222225,0.16614722962846723
2024-09-01 14:16:59.589,OnTrack,-146.0,8655.0,1923.0,pos,0 days 00:00:14.193000,0 days 02:09:15.670000,7386.9433568,74.031248,2,55.4562464,False,0,956.8986967914236,0.1668458024940294
2024-09-01 14:16:59.710,OnTrack,-150.0,8681.0,1923.0,pos,0 days 00:00:14.314000,0 days 02:09:15.791000,7758.6408216,75.921876,2,58.8593768,False,0,959.535975952045,0.1673056410949493
2024-09-01 14:16:59.715,OnTrack,-150.17537802370512,8682.0652352959,1923.0063463775564,car,0 days 00:00:14.319000,0 days 02:09:15.796000,7774.0,76.0,2,59.0,False,0,959.647777777778,0.16732513497178
2024-09-01 14:16:59.970,OnTrack,-161.0,8740.0,1924.0,pos,0 days 00:00:14.574000,0 days 02:09:16.051000,8399.4578624,83.7916608,2,62.541664,False,0,965.6576149484046,0.1683730161204887
2024-09-01 14:17:00.075,OnTrack,-168.62071822578932,8771.881355502428,1924.4644709732438,car,0 days 00:00:14.679000,0 days 02:09:16.156000,8657.0,87.0,2,64.0,False,0,968.347777777778,0.16884207557015818
2024-09-01 14:17:00.230,OnTrack,-181.0,8820.0,1925.0,pos,0 days 00:00:14.834000,0 days 02:09:16.311000,9200.361335466667,93.458336,2,68.30555733333334,False,0,972.5754984335717,0.1695792251220404
2024-09-01 14:17:00.435,OnTrack,-192.22183758821916,8862.236525867916,1925.1698289681362,car,0 days 00:00:15.039000,0 days 02:09:16.516000,9919.0,102.0,2,74.0,False,0,978.5477777777779,0.1706205576510153
2024-09-01 14:17:00.595,OnTrack,-202.14806829756157,8898.742392156018,1925.0447147198358,car,0 days 00:00:15.199000,0 days 02:09:16.676000,10295.0,110.0,2,78.0,False,0,983.4366666666668,0.17147298914946535
2024-09-01 14:17:00.670,OnTrack,-210.0,8928.0,1925.0,pos,0 days 00:00:15.274000,0 days 02:09:16.751000,10605.3127648,112.50000213333334,2,79.25000106666667,False,0,985.826216288269,0.171889633383126
2024-09-01 14:17:00.835,OnTrack,-232.2682641126272,9011.473239050942,1924.9826383382378,car,0 days 00:00:15.439000,0 days 02:09:16.916000,11288.0,118.0,2,82.0,False,0,991.3033333333335,0.17284462892424407
2024-09-01 14:17:00.850,OnTrack,-234.0,9018.0,1925.0,pos,0 days 00:00:15.454000,0 days 02:09:16.931000,11240.7506048,118.53570742857143,2,82.42856594285715,False,0,991.814600916543,0.1729337740453481
2024-09-01 14:17:01.115,OnTrack,-251.26030925686854,9084.399087377593,1925.8367526904485,car,0 days 00:00:15.719000,0 days 02:09:17.196000,10406.0,128.0,2,90.0,False,0,1001.258888888889,0.1745804894301787
2024-09-01 14:17:01.190,OnTrack,-256.0,9103.0,1926.0,pos,0 days 00:00:15.794000,0 days 02:09:17.271000,10678.946661485714,131.7500032,2,92.67857371428572,False,0,1004.1100686485408,0.17507762395094767
2024-09-01 14:17:01.395,OnTrack,-275.09743649603786,9178.35660623313,1926.0112203571014,car,0 days 00:00:15.999000,0 days 02:09:17.476000,11425.0,142.0,3,100.0,False,0,1012.3033333333335,0.17650620967894995
2024-09-01 14:17:01.410,OnTrack,-277.0,9186.0,1926.0,pos,0 days 00:00:16.014000,0 days 02:09:17.491000,11459.1245632,142.82498944,3,100.0,False,0,1012.9232892055885,0.1766143057975507
2024-09-01 14:17:01.595,OnTrack,-306.1059934955449,9304.570812590235,1925.8316187329908,car,0 days 00:00:16.199000,0 days 02:09:17.676000,11880.0,153.0,3,100.0,False,0,1020.8033333333335,0.17798827807966425
2024-09-01 14:17:01.690,OnTrack,-319.0,9358.0,1926.0,pos,0 days 00:00:16.294000,0 days 02:09:17.771000,11348.0010752,157.7499904,3,100.0,False,0,1025.0323433020872,0.1787256524374284
2024-09-01 14:17:01.795,OnTrack,-328.4128053469864,9398.029295976656,1926.5329553941797,car,0 days 00:00:16.399000,0 days 02:09:17.876000,10760.0,163.0,3,100.0,False,0,1029.858888888889,0.17956721369611145
2024-09-01 14:17:02.030,OnTrack,-342.0,9461.0,1928.0,pos,0 days 00:00:16.634000,0 days 02:09:18.111000,11089.0000896,173.2812528,3,100.0,False,0,1041.2635937249195,0.18155574930281196
2024-09-01 14:17:02.115,OnTrack,-350.3564561750518,9499.78784243884,1928.0512273984123,car,0 days 00:00:16.719000,0 days 02:09:18.196000,11208.0,177.0,4,100.0,False,0,1045.5922222222223,0.1823104932456689
2024-09-01 14:17:02.230,OnTrack,-363.0,9561.0,1928.0,pos,0 days 00:00:16.834000,0 days 02:09:18.311000,11433.97512576,184.47500416,4,100.0,False,0,1051.6187242377455,0.18336128009320393
2024-09-01 14:17:02.315,OnTrack,-371.3874770565059,9606.230811432622,1928.1861451128284,car,0 days 00:00:16.919000,0 days 02:09:18.396000,11601.0,190.0,4,100.0,False,0,1056.1477777777777,0.1841509703445951
2024-09-01 14:17:02.475,OnTrack,-385.11731520898667,9691.157852816143,1928.8636919262826,car,0 days 00:00:17.079000,0 days 02:09:18.556000,11967.0,194.0,4,100.0,False,0,1064.77,0.18565434953277066
2024-09-01 14:17:02.550,OnTrack,-391.0,9731.0,1929.0,pos,0 days 00:00:17.154000,0 days 02:09:18.631000,11599.4996864,196.25000192,4,100.0,False,0,1068.8861992151758,0.18637205409604796
2024-09-01 14:17:02.630,OnTrack,-397.0,9775.0,1929.0,pos,0 days 00:00:17.234000,0 days 02:09:18.711000,11207.4996864,198.65000192,4,100.0,False,0,1073.340146013865,0.1871486486617891
2024-09-01 14:17:02.675,OnTrack,-400.38903980437374,9804.076786384077,1929.0191325890783,car,0 days 00:00:17.279000,0 days 02:09:18.756000,10987.0,200.0,4,100.0,False,0,1075.881111111111,0.18759169384742985
2024-09-01 14:17:02.835,OnTrack,-412.4808025355419,9933.97151198445,1929.3313484514347,car,0 days 00:00:17.439000,0 days 02:09:18.916000,10763.0,208.0,5,100.0,False,0,1085.1255555555556,0.18920356431722632
2024-09-01 14:17:02.950,OnTrack,-419.0,10018.0,1930.0,pos,0 days 00:00:17.554000,0 days 02:09:19.031000,10931.1875936,211.593752,5,100.0,False,0,1091.9676238006882,0.19039655409859593
2024-09-01 14:17:03.155,OnTrack,-424.01086109566035,10114.995473751886,1932.278484643974,car,0 days 00:00:17.759000,0 days 02:09:19.236000,11231.0,218.0,5,100.0,False,0,1104.5033333333333,0.19258229280199193
2024-09-01 14:17:03.310,OnTrack,-425.0,10177.0,1933.0,pos,0 days 00:00:17.914000,0 days 02:09:19.391000,11426.472302933333,221.8750016,5,100.0,False,0,1114.1826311671707,0.19426998473853696
2024-09-01 14:17:03.510,OnTrack,-426.0,10279.0,1932.0,pos,0 days 00:00:18.114000,0 days 02:09:19.591000,11678.694525155555,226.8750016,5,100.0,False,0,1126.8834888462093,0.19648451883595724
2024-09-01 14:17:03.515,OnTrack,-426.04787130037096,10282.019141275912,1932.0286943271717,car,0 days 00:00:18.119000,0 days 02:09:19.596000,11685.0,227.0,5,100.0,False,0,1127.2033333333336,0.19654028723684072
2024-09-01 14:17:03.610,OnTrack,-427.0,10343.0,1933.0,pos,0 days 00:00:18.214000,0 days 02:09:19.691000,11784.130273840607,229.95030576906564,5,100.0,False,0,1133.3023555436891,0.19760371877721986
2024-09-01 14:17:03.676,OnTrack,-427.0202743071749,10386.099048509775,1933.1976020285563,car,0 days 00:00:18.280000,0 days 02:09:19.757000,11853.0,232.0,5,100.0,False,0,1137.578888888889,0.19834937935786945
2024-09-01 14:17:03.789,OnTrack,-426.0,10460.0,1933.0,pos,0 days 00:00:18.393000,0 days 02:09:19.870000,11615.7001344,235.38999808,5,100.0,False,0,1144.997315849363,0.19964286361447248
2024-09-01 14:17:03.876,OnTrack,-424.87693788000513,10517.112454169066,1933.3563810583732,car,0 days 00:00:18.480000,0 days 02:09:19.957000,11433.0,238.0,5,100.0,False,0,1150.8011111111111,0.2006548190923139
2024-09-01 14:17:03.989,OnTrack,-423.0,10592.0,1934.0,pos,0 days 00:00:18.593000,0 days 02:09:20.070000,11202.48013056,241.95499776,5,100.0,False,0,1158.4678498626236,0.2019915992382137
2024-09-01 14:17:04.076,OnTrack,-421.22232874528294,10650.604207248063,1934.1247013584111,car,0 days 00:00:18.680000,0 days 02:09:20.157000,11025.0,245.0,6,100.0,False,0,1164.4122222222225,0.20302806587777145
2024-09-01 14:17:04.229,OnTrack,-417.0,10756.0,1934.0,pos,0 days 00:00:18.833000,0 days 02:09:20.310000,11061.3374848,246.27499946666666,6,100.0,False,0,1174.8634689591613,0.20485035558799325
2024-09-01 14:17:04.316,OnTrack,-413.6455727562349,10817.52822850901,1934.1134339391256,car,0 days 00:00:18.920000,0 days 02:09:20.397000,11082.0,247.0,6,100.0,False,0,1180.878888888889,0.20589921015209633
2024-09-01 14:17:04.516,OnTrack,-403.7143112725283,10957.48141804178,1934.9220754965156,car,0 days 00:00:19.120000,0 days 02:09:20.597000,11341.0,254.0,6,100.0,False,0,1194.99,0.2083596374317135
2024-09-01 14:17:04.529,OnTrack,-403.0,10966.0,1935.0,pos,0 days 00:00:19.133000,0 days 02:09:20.610000,11357.4936688,254.1624992,6,100.0,False,0,1195.9118591671208,0.20852037370718393
2024-09-01 14:17:04.676,OnTrack,-393.2808870849822,11067.068265344478,1935.9472027722502,car,0 days 00:00:19.280000,0 days 02:09:20.757000,11544.0,256.0,6,100.0,False,0,1206.3677777777777,0.21034347800992453
2024-09-01 14:17:04.689,OnTrack,-392.0,11079.0,1936.0,pos,0 days 00:00:19.293000,0 days 02:09:20.770000,11553.2624544,256.3249984,6,100.0,False,0,1207.2992107536686,0.21050588358415406
2024-09-01 14:17:04.836,OnTrack,-371.79221483755805,11257.11036472858,1936.073193175583,car,0 days 00:00:19.440000,0 days 02:09:20.917000,11658.0,260.0,6,100.0,False,0,1217.9233333333334,0.21235831609717012
2024-09-01 14:17:04.909,OnTrack,-362.0,11339.0,1936.0,pos,0 days 00:00:19.513000,0 days 02:09:20.990000,11424.4002048,261.3687488,6,100.0,False,0,1223.260860241413,0.21328897256404386
2024-09-01 14:17:05.156,OnTrack,-343.03060102913696,11470.755741201609,1936.009634683713,car,0 days 00:00:19.760000,0 days 02:09:21.237000,10634.0,266.0,6,100.0,False,0,1241.5677777777778,0.21648098479876487
2024-09-01 14:17:05.329,OnTrack,-328.0,11545.0,1936.0,pos,0 days 00:00:19.933000,0 days 02:09:21.410000,10634.0,268.8833322666667,6,100.0,False,0,1254.5230916171456,0.21873988612378412
2024-09-01 14:17:05.396,OnTrack,-319.3017576123623,11589.258614900662,1935.9499720363597,car,0 days 00:00:20,0 days 02:09:21.477000,10634.0,270.0,7,100.0,False,0,1259.5677777777776,0.21961948258851274
2024-09-01 14:17:05.529,OnTrack,-298.0,11692.0,1936.0,pos,0 days 00:00:20.133000,0 days 02:09:21.610000,10788.94492544,271.99499904,7,100.0,False,0,1269.6291599222182,0.22137379512307584
2024-09-01 14:17:05.596,OnTrack,-285.80225347086287,11742.844649654458,1936.2769636160078,car,0 days 00:00:20.200000,0 days 02:09:21.677000,10867.0,273.0,7,100.0,False,0,1274.7344444444445,0.2222639575780226
2024-09-01 14:17:05.729,OnTrack,-260.0,11840.0,1937.0,pos,0 days 00:00:20.333000,0 days 02:09:21.810000,10950.12496,276.3249984,7,100.0,False,0,1284.9570749097488,0.22404638552917633
2024-09-01 14:17:05.756,OnTrack,-254.81174712481933,11858.914331288439,1937.0880195531943,car,0 days 00:00:20.360000,0 days 02:09:21.837000,10967.0,277.0,7,100.0,False,0,1287.0455555555557,0.22441053507866499
2024-09-01 14:17:05.989,OnTrack,-201.0,12033.0,1937.0,pos,0 days 00:00:20.593000,0 days 02:09:22.070000,11061.032117028572,280.32857051428573,7,100.0,False,0,1305.2215957175017,0.22757972740503368
2024-09-01 14:17:06.036,OnTrack,-183.77964274694693,12080.23887041727,1936.835208781434,car,0 days 00:00:20.640000,0 days 02:09:22.117000,11080.0,281.0,7,100.0,False,0,1308.901111111111,0.2282212913455996
2024-09-01 14:17:06.195,OnTrack,-113.21259291779835,12261.281215491528,1936.1037716798628,car,0 days 00:00:20.799000,0 days 02:09:22.276000,11218.0,282.0,7,100.0,False,0,1321.3561111111112,0.23039295745511684
2024-09-01 14:17:06.250,OnTrack,-93.0,12311.0,1936.0,pos,0 days 00:00:20.854000,0 days 02:09:22.331000,11238.9686768,282.3437488,7,100.0,False,0,1325.669147169737,0.23114498268495576
2024-09-01 14:17:06.355,OnTrack,-64.46323029006984,12377.825826392424,1936.114630125797,car,0 days 00:00:20.959000,0 days 02:09:22.436000,11279.0,283.0,7,100.0,False,0,1333.933888888889,0.23258603121931107
2024-09-01 14:17:06.555,OnTrack,-26.802426454297418,12450.544932867897,1936.9270898657714,car,0 days 00:00:21.159000,0 days 02:09:22.636000,11348.0,287.0,7,100.0,False,0,1349.8783333333333,0.235366120310847
2024-09-01 14:17:06.590,OnTrack,-17.0,12469.0,1937.0,pos,0 days 00:00:21.194000,0 days 02:09:22.671000,11375.7813008,287.2187504,7,100.0,False,0,1352.6752415759327,0.2358537919962651
2024-09-01 14:17:06.715,OnTrack,27.678624302654807,12553.275676009174,1937.0415926210699,car,0 days 00:00:21.319000,0 days 02:09:22.796000,11475.0,288.0,7,100.0,False,0,1362.6783333333333,0.23759794096133438
2024-09-01 14:17:06.810,OnTrack,67.0,12624.0,1937.0,pos,0 days 00:00:21.414000,0 days 02:09:22.891000,11489.928541257143,289.0178550857143,7,100.0,False,0,1370.3264511123155,0.23893147433606035
2024-09-01 14:17:06.995,OnTrack,145.8629734796701,12752.38103328623,1937.0048415910217,car,0 days 00:00:21.599000,0 days 02:09:23.076000,11519.0,291.0,7,100.0,False,0,1385.3116666666665,0.24154431133029516
2024-09-01 14:17:07.010,OnTrack,152.0,12762.0,1937.0,pos,0 days 00:00:21.614000,0 days 02:09:23.091000,11517.27502208,291.14999808,7,100.0,False,0,1386.5292467580184,0.2417566097983812
2024-09-01 14:17:07.195,OnTrack,234.17878727199778,12882.99875318286,1936.9673364004218,car,0 days 00:00:21.799000,0 days 02:09:23.276000,11496.0,293.0,7,100.0,False,0,1401.5894444444446,0.24438252075127093
2024-09-01 14:17:07.210,OnTrack,244.0,12896.0,1937.0,pos,0 days 00:00:21.814000,0 days 02:09:23.291000,11461.46294208,293.14999808,7,100.0,False,0,1402.8163643253033,0.2445964477142861
2024-09-01 14:17:07.430,OnTrack,428.0,13124.0,1938.0,pos,0 days 00:00:22.034000,0 days 02:09:23.511000,10954.91235264,295.35000064,7,100.0,False,0,1420.9249130742598,0.2477538721711829
2024-09-01 14:17:07.595,OnTrack,492.7086648341343,13197.529839363742,1938.1592641216912,car,0 days 00:00:22.199000,0 days 02:09:23.676000,10575.0,297.0,8,100.0,False,0,1434.5894444444443,0.2501364333658087
2024-09-01 14:17:07.755,OnTrack,536.1637761191696,13236.596096352321,1938.0060220008372,car,0 days 00:00:22.359000,0 days 02:09:23.836000,10656.0,299.0,8,100.0,False,0,1447.8783333333333,0.2524534971661411
2024-09-01 14:17:07.770,OnTrack,543.0,13243.0,1938.0,pos,0 days 00:00:22.374000,0 days 02:09:23.851000,10660.083281066667,299.0833322666667,8,100.0,False,0,1449.1268634824987,0.2526711921168961
2024-09-01 14:17:07.950,OnTrack,653.0,13346.0,1938.0,pos,0 days 00:00:22.554000,0 days 02:09:24.031000,10709.083350755556,300.0833336888889,8,100.0,False,0,1464.149311632952,0.25529052102338495
2024-09-01 14:17:08.115,OnTrack,758.7944782076621,13435.777910252044,1937.9641079700916,car,0 days 00:00:22.719000,0 days 02:09:24.196000,10754.0,301.0,8,100.0,False,0,1477.9783333333332,0.2577017629145529
2024-09-01 14:17:08.170,OnTrack,794.0,13464.0,1938.0,pos,0 days 00:00:22.774000,0 days 02:09:24.251000,10751.52500864,301.54999808,8,100.0,False,0,1482.599380930071,0.2585074933405907
2024-09-01 14:17:08.315,OnTrack,887.5313788247227,13536.08229261877,1938.2919098434259,car,0 days 00:00:22.919000,0 days 02:09:24.396000,10745.0,303.0,8,100.0,False,0,1494.8116666666665,0.26063683955126155
2024-09-01 14:17:08.450,OnTrack,984.0,13605.0,1939.0,pos,0 days 00:00:23.054000,0 days 02:09:24.531000,10779.124951466667,303.74999893333336,8,100.0,False,0,1506.225069321808,0.26262689171829845
2024-09-01 14:17:08.670,OnTrack,1171.0,13726.0,1941.0,pos,0 days 00:00:23.274000,0 days 02:09:24.751000,10834.736127288888,304.97222257777776,8,100.0,False,0,1524.8872157678884,0.26588084201679707
2024-09-01 14:17:08.675,OnTrack,1175.347615308976,13728.630572733347,1941.0352211130823,car,0 days 00:00:23.279000,0 days 02:09:24.756000,10836.0,305.0,8,100.0,False,0,1525.3116666666665,0.26595484969500105
2024-09-01 14:17:08.875,OnTrack,1349.492362217064,13826.732406501462,1941.8790058373374,car,0 days 00:00:23.479000,0 days 02:09:24.956000,10930.0,306.0,8,100.0,False,0,1542.3116666666667,0.26891898649642965
2024-09-01 14:17:08.910,OnTrack,1381.0,13843.0,1942.0,pos,0 days 00:00:23.514000,0 days 02:09:24.991000,10937.7291808,306.2916672,8,100.0,False,0,1545.2962730427007,0.2694393854138991
2024-09-01 14:17:09.115,OnTrack,1569.5393347225136,13932.767730326828,1942.8299370515656,car,0 days 00:00:23.719000,0 days 02:09:25.196000,10983.0,308.0,8,100.0,False,0,1562.845,0.27249919878991985
2024-09-01 14:17:09.150,OnTrack,1599.0,13946.0,1943.0,pos,0 days 00:00:23.754000,0 days 02:09:25.231000,10984.2727296,308.2386368,8,100.0,False,0,1565.8519346682551,0.27302349089048844
2024-09-01 14:17:09.490,OnTrack,1838.0,14042.0,1945.0,pos,0 days 00:00:24.094000,0 days 02:09:25.571000,10996.636356654546,310.55681687272727,8,100.0,False,0,1595.2155233404458,0.2781433552319738
2024-09-01 14:17:09.555,OnTrack,1884.8663404919746,14057.93386233673,1945.3806321578538,car,0 days 00:00:24.159000,0 days 02:09:25.636000,10999.0,311.0,8,100.0,False,0,1600.8561111111112,0.279126853690369
2024-09-01 14:17:10.469,OnTrack,2667.0,14242.0,1952.0,pos,0 days 00:00:25.073000,0 days 02:09:26.550000,11180.609107707907,314.9695979826865,8,100.0,False,0,1680.8294036785342,0.2930710760215756
2024-09-01 14:17:10.476,OnTrack,2673.109773673228,14242.951533468604,1952.0912926777698,car,0 days 00:00:25.080000,0 days 02:09:26.557000,11182.0,315.0,8,100.0,False,0,1681.443611111111,0.29317816983655276
2024-09-01 14:17:10.649,OnTrack,2823.0,14265.0,1954.0,pos,0 days 00:00:25.253000,0 days 02:09:26.730000,11245.14497664,315.86499968,8,100.0,False,0,1696.627201298778,0.29582559562791
2024-09-01 14:17:10.676,OnTrack,2846.14605225242,14268.577601813551,1954.019015529936,car,0 days 00:00:25.280000,0 days 02:09:26.757000,11255.0,316.0,8,100.0,False,0,1698.9991666666665,0.2962391738537143
2024-09-01 14:17:10.709,OnTrack,2875.0,14273.0,1954.0,pos,0 days 00:00:25.313000,0 days 02:09:26.790000,11254.292858514285,316.1178569142857,8,100.0,False,0,1701.8993610038074,0.29674485460465627
2024-09-01 14:17:10.956,OnTrack,3132.3322246451653,14305.169144699534,1955.9275489252748,car,0 days 00:00:25.560000,0 days 02:09:27.037000,11249.0,317.0,8,100.0,False,0,1723.654722222222,0.30053814088794306
2024-09-01 14:17:11.069,OnTrack,3243.0,14317.0,1957.0,pos,0 days 00:00:25.673000,0 days 02:09:27.150000,11251.8249984,317.6277774222222,8,100.0,False,0,1733.645504485417,0.30228014355743693
2024-09-01 14:17:11.316,OnTrack,3428.1141324611685,14333.634548564589,1958.3533456334758,car,0 days 00:00:25.920000,0 days 02:09:27.397000,11258.0,319.0,8,100.0,False,0,1755.554722222222,0.30610025641532956
2024-09-01 14:17:11.469,OnTrack,3543.0,14343.0,1959.0,pos,0 days 00:00:26.073000,0 days 02:09:27.550000,11221.6625152,319.4781248,8,100.0,False,0,1769.1562465460083,0.3084718316390744
2024-09-01 14:17:11.636,OnTrack,3690.432564579741,14355.49187133682,1959.8308576670552,car,0 days 00:00:26.240000,0 days 02:09:27.717000,11182.0,320.0,8,100.0,False,0,1783.9991666666665,0.31105985786085716
2024-09-01 14:17:11.669,OnTrack,3720.0,14358.0,1960.0,pos,0 days 00:00:26.273000,0 days 02:09:27.750000,11192.607122285714,319.8821430857143,8,100.0,False,0,1786.9279993872065,0.3115705320286325
2024-09-01 14:17:11.829,OnTrack,3861.0,14370.0,1961.0,pos,0 days 00:00:26.433000,0 days 02:09:27.910000,11244.035693714286,319.31071451428573,8,100.0,False,0,1801.109393121877,0.3140432138559552
2024-09-01 14:17:11.916,OnTrack,3937.7383873057897,14376.837477010522,1962.051279077934,car,0 days 00:00:26.520000,0 days 02:09:27.997000,11272.0,319.0,8,100.0,False,0,1808.8102777777776,0.31538594771549117
2024-09-01 14:17:12.009,OnTrack,4020.0,14384.0,1963.0,pos,0 days 00:00:26.613000,0 days 02:09:28.090000,11271.225000533334,318.74166684444447,8,100.0,False,0,1817.0353487853663,0.316820079225371
2024-09-01 14:17:12.169,OnTrack,4161.0,14395.0,1963.0,pos,0 days 00:00:26.773000,0 days 02:09:28.250000,11269.8916672,318.2972224,8,100.0,False,0,1831.1694376227642,0.31928451292405285
2024-09-01 14:17:12.276,OnTrack,4252.888686530567,14402.21086574087,1963.263493389185,car,0 days 00:00:26.880000,0 days 02:09:28.357000,11269.0,318.0,8,100.0,False,0,1840.6102777777776,0.32093062714404574
2024-09-01 14:17:12.389,OnTrack,4355.0,14410.0,1964.0,pos,0 days 00:00:26.993000,0 days 02:09:28.470000,11240.750016,317.52916693333333,8,100.0,False,0,1850.5707150368835,0.32266733882863613
2024-09-01 14:17:12.516,OnTrack,4484.961932557889,14419.117943981966,1965.3146823274897,car,0 days 00:00:27.120000,0 days 02:09:28.597000,11209.0,317.0,8,100.0,False,0,1861.7436111111108,0.32461545603052755
2024-09-01 14:17:12.589,OnTrack,4558.0,14424.0,1966.0,pos,0 days 00:00:27.193000,0 days 02:09:28.670000,11187.594007162867,316.63408559252764,8,100.0,False,0,1868.1503639187515,0.3257325437819854
2024-09-01 14:17:12.830,OnTrack,4768.0,14437.0,1967.0,pos,0 days 00:00:27.434000,0 days 02:09:28.911000,11116.924789265197,315.42606477376404,8,100.0,False,0,1889.2319944060478,0.32940835770913324
2024-09-01 14:17:12.915,OnTrack,4841.199823112981,14441.170965177,1967.087820022345,car,0 days 00:00:27.519000,0 days 02:09:28.996000,11092.0,315.0,8,100.0,False,0,1896.656111111111,0.3307028340352261
2024-09-01 14:17:13.150,OnTrack,5047.0,14452.0,1967.0,pos,0 days 00:00:27.754000,0 days 02:09:29.231000,11116.479173333333,314.0208330666667,8,100.0,False,0,1917.1542352017254,0.33427690721035785
2024-09-01 14:17:13.155,OnTrack,5051.362486132077,14452.214886935575,1966.998874568823,car,0 days 00:00:27.759000,0 days 02:09:29.236000,11117.0,314.0,8,100.0,False,0,1917.589444444444,0.334352790724044
2024-09-01 14:17:13.370,OnTrack,5238.0,14461.0,1967.0,pos,0 days 00:00:27.974000,0 days 02:09:29.451000,10952.166813866666,313.1041674666667,8,100.0,False,0,1936.2790073777708,0.3376115213883551
2024-09-01 14:17:13.395,OnTrack,5259.629809428005,14462.012903351519,1967.0006159969168,car,0 days 00:00:27.999000,0 days 02:09:29.476000,10933.0,313.0,8,100.0,False,0,1938.4561111111109,0.33799112334697395
2024-09-01 14:17:13.530,OnTrack,5376.0,14467.0,1967.0,pos,0 days 00:00:28.134000,0 days 02:09:29.611000,10995.09991168,312.32500096,8,100.0,False,0,1950.222447301854,0.3400427133540894
2024-09-01 14:17:13.595,OnTrack,5432.174692960906,14468.588499530366,1967.0002539778818,car,0 days 00:00:28.199000,0 days 02:09:29.676000,11025.0,312.0,8,100.0,False,0,1955.7894444444441,0.3410133804778423
2024-09-01 14:17:13.610,OnTrack,5446.0,14469.0,1967.0,pos,0 days 00:00:28.214000,0 days 02:09:29.691000,10992.22541952,311.17501056,8,96.250048,False,0,1957.0588140927832,0.3412347090242693
2024-09-01 14:17:13.970,OnTrack,5830.0,14485.0,1967.0,pos,0 days 00:00:28.574000,0 days 02:09:30.051000,10205.62541952,291.37501056,8,6.250048000000007,False,0,1986.0596136544814,0.3462913170978977
2024-09-01 14:17:13.995,OnTrack,5846.212107901772,14485.615127125388,1967.0104166877352,car,0 days 00:00:28.599000,0 days 02:09:30.076000,10151.0,290.0,8,0.0,False,0,1988.0116666666663,0.34663167899035396
2024-09-01 14:17:14.195,OnTrack,5926.813298842764,14487.792266244478,1967.025663656149,car,0 days 00:00:28.799000,0 days 02:09:30.276000,9334.0,275.0,8,0.0,True,0,2003.2894444444444,0.3492955274230104
2024-09-01 14:17:14.210,OnTrack,5934.0,14488.0,1967.0,pos,0 days 00:00:28.814000,0 days 02:09:30.291000,9354.9997312,273.05002496,8,0.0,True,0,2004.3859733873887,0.34948671929322295
2024-09-01 14:17:14.395,OnTrack,6054.646229626072,14492.072957613102,1966.308791543702,car,0 days 00:00:28.999000,0 days 02:09:30.476000,9614.0,249.0,8,0.0,True,0,2017.1227777777776,0.3517075210947611
2024-09-01 14:17:14.510,OnTrack,6133.0,14495.0,1966.0,pos,0 days 00:00:29.114000,0 days 02:09:30.591000,9730.27784248889,233.66665813333333,8,0.0,True,0,2024.1009013023063,0.3529242336091123
2024-09-01 14:17:14.670,OnTrack,6227.0,14499.0,1966.0,pos,0 days 00:00:29.274000,0 days 02:09:30.751000,9892.055620266667,212.3333248,8,0.0,True,0,2032.7694582642407,0.35443569176829753
2024-09-01 14:17:14.755,OnTrack,6281.294087317196,14501.89355083831,1965.8489235521008,car,0 days 00:00:29.359000,0 days 02:09:30.836000,9978.0,201.0,8,0.0,True,0,2037.2227777777775,0.3552121769599796
2024-09-01 14:17:14.995,OnTrack,6435.626974619822,14512.352795396024,1965.0266093853752,car,0 days 00:00:29.599000,0 days 02:09:31.076000,9910.0,180.0,5,0.0,True,0,2049.2227777777775,0.3573045088198115
2024-09-01 14:17:15.010,OnTrack,6443.0,14513.0,1965.0,pos,0 days 00:00:29.614000,0 days 02:09:31.091000,9902.38759744,178.6875168,5,0.0,True,0,2049.91297352928,0.35742485203317725
2024-09-01 14:17:15.395,OnTrack,6550.621460471946,14530.696748676528,1965.0746530145218,car,0 days 00:00:29.999000,0 days 02:09:31.476000,9707.0,145.0,4,0.0,True,0,2065.333888888889,0.3601136580760674
2024-09-01 14:17:15.430,OnTrack,6560.0,14533.0,1965.0,pos,0 days 00:00:30.034000,0 days 02:09:31.511000,9593.249792,142.1562448,4,0.0,True,0,2066.6391441847836,0.3603412436794686
2024-09-01 14:17:15.555,OnTrack,6598.205157589283,14542.636004912722,1964.5161502141066,car,0 days 00:00:30.159000,0 days 02:09:31.636000,9187.0,132.0,4,0.0,True,0,2071.2005555555556,0.36113657587420744
2024-09-01 14:17:15.650,OnTrack,6636.0,14554.0,1964.0,pos,0 days 00:00:30.254000,0 days 02:09:31.731000,8851.65067776,127.72500864,4,0.0,True,0,2074.49247675206,0.36171055850749934
2024-09-01 14:17:15.755,OnTrack,6689.314115973632,14572.550188802552,1963.3486986543708,car,0 days 00:00:30.359000,0 days 02:09:31.836000,8481.0,123.0,3,0.0,True,0,2078.033888888889,0.3623280426277229
2024-09-01 14:17:15.830,OnTrack,6723.0,14585.0,1963.0,pos,0 days 00:00:30.434000,0 days 02:09:31.911000,8338.4998784,121.5937488,3,0.0,True,0,2080.562511072476,0.36276893569073926
2024-09-01 14:17:15.915,OnTrack,6747.651996021523,14594.722314109225,1962.8519080558553,car,0 days 00:00:30.519000,0 days 02:09:31.996000,8177.0,120.0,3,0.0,True,0,2083.3672222222226,0.36325796789875936
2024-09-01 14:17:16.130,OnTrack,6776.0,14612.0,1963.0,pos,0 days 00:00:30.734000,0 days 02:09:32.211000,7824.26594,111.9375072,3,0.0,True,0,2089.882716542258,0.3643940159277897
2024-09-01 14:17:16.235,OnTrack,6798.672075506526,14628.512068130107,1962.7728298137577,car,0 days 00:00:30.839000,0 days 02:09:32.316000,7652.0,108.0,3,0.0,True,0,2092.9672222222225,0.3649318333866249
2024-09-01 14:17:16.470,OnTrack,6859.0,14678.0,1962.0,pos,0 days 00:00:31.074000,0 days 02:09:32.551000,7341.604082133334,106.04166613333334,3,0.0,True,0,2099.8895025227703,0.3661388090212518
2024-09-01 14:17:16.475,OnTrack,6860.006948110358,14679.016327058936,1961.993373073725,car,0 days 00:00:31.079000,0 days 02:09:32.556000,7335.0,106.0,3,0.0,False,0,2100.033888888889,0.3661639843707481
2024-09-01 14:17:16.675,OnTrack,6889.123957220864,14717.561111282752,1962.1110178802742,car,0 days 00:00:31.279000,0 days 02:09:32.756000,7259.0,102.0,3,1.0,False,0,2105.7005555555556,0.36715202997122426
2024-09-01 14:17:16.829,OnTrack,6906.0,14752.0,1962.0,pos,0 days 00:00:31.433000,0 days 02:09:32.910000,7470.989882571951,102.3840396423405,3,21.354101044046054,False,0,2110.046143337492,0.36790973095171114
2024-09-01 14:17:17.049,OnTrack,6933.0,14814.0,1961.0,pos,0 days 00:00:31.653000,0 days 02:09:33.130000,7773.832823674066,102.93266815882983,3,50.431412417981036,False,0,2116.373836226868,0.3690130337376839
2024-09-01 14:17:17.076,OnTrack,6936.6753785771325,14821.520133390743,1960.9116526084786,car,0 days 00:00:31.680000,0 days 02:09:33.157000,7811.0,103.0,3,54.0,False,0,2117.1736111111113,0.3691524832769335
2024-09-01 14:17:17.309,OnTrack,6973.0,14882.0,1961.0,pos,0 days 00:00:31.913000,0 days 02:09:33.390000,8017.20494336,107.65999872,3,51.67000064,False,0,2124.2906331981144,0.37039341428191386
2024-09-01 14:17:17.469,OnTrack,7004.0,14919.0,1962.0,pos,0 days 00:00:32.073000,0 days 02:09:33.550000,8158.80494336,110.85999872,3,50.07000064,False,0,2129.28795164696,0.371264751665601
2024-09-01 14:17:17.476,OnTrack,7005.382102461479,14920.538772250211,1962.0129744961678,car,0 days 00:00:32.080000,0 days 02:09:33.557000,8165.0,111.0,3,50.0,False,0,2129.506944444445,0.37130293546620524
2024-09-01 14:17:17.529,OnTrack,7016.0,14932.0,1962.0,pos,0 days 00:00:32.133000,0 days 02:09:33.610000,8169.50499456,111.52999936,3,48.6750016,False,0,2131.165989770764,0.3715922082489688
2024-09-01 14:17:17.676,OnTrack,7050.642735659841,14962.5483929971,1961.4221968139345,car,0 days 00:00:32.280000,0 days 02:09:33.757000,8182.0,113.0,3,45.0,False,0,2135.7847222222226,0.3723975350039877
2024-09-01 14:17:17.789,OnTrack,7079.0,14984.0,1961.0,pos,0 days 00:00:32.393000,0 days 02:09:33.870000,8369.8623936,113.56499968,3,48.67249792,False,0,2139.3669148972185,0.37302212965915027
2024-09-01 14:17:17.969,OnTrack,7126.0,15015.0,1961.0,pos,0 days 00:00:32.573000,0 days 02:09:34.050000,8669.1123936,114.46499968,3,54.52249792,False,0,2145.1256226752944,0.37402622363877774
2024-09-01 14:17:18.076,OnTrack,7165.879630004683,15035.971191111033,1961.0481874143525,car,0 days 00:00:32.680000,0 days 02:09:34.157000,8847.0,115.0,3,58.0,False,0,2148.5625000000005,0.3746254809658458
2024-09-01 14:17:18.249,OnTrack,7237.0,15069.0,1961.0,pos,0 days 00:00:32.853000,0 days 02:09:34.330000,9058.05992192,116.72999936,3,65.78499712,False,0,2154.1649194802903,0.37560232436340857
2024-09-01 14:17:18.276,OnTrack,7246.3399056454355,15073.052673015576,1960.966156627066,car,0 days 00:00:32.880000,0 days 02:09:34.357000,9091.0,117.0,3,67.0,False,0,2155.0625000000005,0.37575882738992145
2024-09-01 14:17:18.676,OnTrack,7348.575481841073,15105.92326125786,1960.0289285867525,car,0 days 00:00:33.280000,0 days 02:09:34.757000,10118.0,128.0,3,82.0,False,0,2169.284722222223,0.37823862811268527
2024-09-01 14:17:18.729,OnTrack,7366.0,15110.0,1960.0,pos,0 days 00:00:33.333000,0 days 02:09:34.810000,10279.3185552,130.9812464,3,83.9874976,False,0,2171.2712909478505,0.37858500819904994
2024-09-01 14:17:18.789,OnTrack,7388.0,15115.0,1960.0,pos,0 days 00:00:33.393000,0 days 02:09:34.870000,10461.9435552,134.3562464,3,86.2374976,False,0,2173.550472488357,0.37898240854501186
2024-09-01 14:17:18.836,OnTrack,7406.9873384757175,15119.218654599204,1959.9655425863805,car,0 days 00:00:33.440000,0 days 02:09:34.917000,10605.0,137.0,3,88.0,False,0,2175.373611111112,0.3793002927971185
2024-09-01 14:17:19.076,OnTrack,7522.678081342132,15143.692833607041,1959.2747339945795,car,0 days 00:00:33.680000,0 days 02:09:35.157000,11268.0,147.0,3,92.0,False,0,2185.173611111112,0.38100903048264795
2024-09-01 14:17:19.169,OnTrack,7565.0,15152.0,1959.0,pos,0 days 00:00:33.773000,0 days 02:09:35.250000,10945.212722133334,150.09999786666665,3,95.09999786666667,False,0,2189.112842543881,0.3816958787684841
2024-09-01 14:17:19.316,OnTrack,7623.79395882122,15162.593327726285,1958.6653979750222,car,0 days 00:00:33.920000,0 days 02:09:35.397000,10435.0,155.0,3,100.0,False,0,2195.5069444444453,0.38281076069528097
2024-09-01 14:17:19.476,OnTrack,7681.02845543616,15172.070178525904,1958.2961178862834,car,0 days 00:00:34.080000,0 days 02:09:35.557000,10571.0,164.0,4,100.0,False,0,2202.7958333333345,0.3840816585656975
2024-09-01 14:17:19.550,OnTrack,7709.0,15177.0,1958.0,pos,0 days 00:00:34.154000,0 days 02:09:35.631000,10731.996657319763,167.7132672198957,4,100.0,False,0,2206.3443130254705,0.38470037499184934
2024-09-01 14:17:19.755,OnTrack,7803.706074292296,15195.720568641636,1957.0208434480157,car,0 days 00:00:34.359000,0 days 02:09:35.836000,11178.0,178.0,4,100.0,False,0,2216.590833333334,0.38648696839956254
2024-09-01 14:17:19.770,OnTrack,7814.0,15198.0,1957.0,pos,0 days 00:00:34.374000,0 days 02:09:35.851000,11212.4995584,178.3749952,4,100.0,False,0,2217.3436643950045,0.38661823276751284
2024-09-01 14:17:19.850,OnTrack,7875.0,15212.0,1957.0,pos,0 days 00:00:34.454000,0 days 02:09:35.931000,11396.4995584,180.3749952,4,100.0,False,0,2221.3599901712846,0.38731852329927746
2024-09-01 14:17:19.915,OnTrack,7915.996581214588,15222.14133012988,1956.8676960125433,car,0 days 00:00:34.519000,0 days 02:09:35.996000,11546.0,182.0,4,100.0,False,0,2224.679722222223,0.38789735506063444
2024-09-01 14:17:20.070,OnTrack,7999.0,15246.0,1956.0,pos,0 days 00:00:34.674000,0 days 02:09:36.151000,11022.874784,188.64285988571427,4,100.0,False,0,2232.9183400818597,0.38933384861302595
2024-09-01 14:17:20.195,OnTrack,8100.2836849003525,15276.739809057699,1954.964421858183,car,0 days 00:00:34.799000,0 days 02:09:36.276000,10601.0,194.0,4,100.0,False,0,2239.768611111112,0.3905282686399416
2024-09-01 14:17:20.330,OnTrack,8212.0,15311.0,1954.0,pos,0 days 00:00:34.934000,0 days 02:09:36.411000,10449.9689648,199.9062416,4,100.0,False,0,2247.284489007734,0.39183874453808404
2024-09-01 14:17:20.355,OnTrack,8228.547691953041,15316.070043738137,1953.8968391333383,car,0 days 00:00:34.959000,0 days 02:09:36.436000,10422.0,201.0,5,100.0,False,0,2248.701944444445,0.3920858934689276
2024-09-01 14:17:20.755,OnTrack,8376.683712129958,15362.029511144892,1954.1050057888142,car,0 days 00:00:35.359000,0 days 02:09:36.836000,11134.0,215.0,5,100.0,False,0,2272.5908333333336,0.3962511837454448
2024-09-01 14:17:20.790,OnTrack,8392.0,15367.0,1954.0,pos,0 days 00:00:35.394000,0 days 02:09:36.871000,11167.6875616,216.0208352,5,100.0,False,0,2274.7634391164083,0.39663000143701
2024-09-01 14:17:20.990,OnTrack,8508.0,15406.0,1953.0,pos,0 days 00:00:35.594000,0 days 02:09:37.071000,11360.1875616,221.85416853333334,5,100.0,False,0,2287.397914183757,0.39883296099664883
2024-09-01 14:17:21.190,OnTrack,8674.0,15467.0,1953.0,pos,0 days 00:00:35.794000,0 days 02:09:37.271000,11552.6875616,227.68750186666668,5,100.0,False,0,2300.2342880601436,0.40107112383217197
2024-09-01 14:17:21.235,OnTrack,8706.63989522437,15479.297930811626,1952.9281347007256,car,0 days 00:00:35.839000,0 days 02:09:37.316000,11596.0,229.0,5,100.0,False,0,2303.1241666666674,0.40157500592212836
2024-09-01 14:17:21.475,OnTrack,8830.68267721382,15527.781409740606,1951.6610311333577,car,0 days 00:00:36.079000,0 days 02:09:37.556000,10598.0,232.0,5,100.0,False,0,2318.590833333334,0.40427178920813395
2024-09-01 14:17:21.670,OnTrack,8919.0,15563.0,1951.0,pos,0 days 00:00:36.274000,0 days 02:09:37.751000,10699.562533333334,236.06250133333333,5,100.0,False,0,2331.3958933120653,0.4065044921215138
2024-09-01 14:17:21.715,OnTrack,8941.586867079297,15571.899398161764,1951.0064119845554,car,0 days 00:00:36.319000,0 days 02:09:37.796000,10723.0,237.0,6,100.0,False,0,2334.390833333334,0.4070266928235793
2024-09-01 14:17:21.830,OnTrack,9019.0,15601.0,1951.0,pos,0 days 00:00:36.434000,0 days 02:09:37.911000,10793.4375392,239.8750016,6,100.0,False,0,2342.1168622567975,0.4083738108624581
2024-09-01 14:17:21.955,OnTrack,9171.153967974125,15654.212181412302,1950.2148147999728,car,0 days 00:00:36.559000,0 days 02:09:38.036000,10870.0,243.0,6,100.0,False,0,2350.590833333334,0.40985134083435243
2024-09-01 14:17:21.990,OnTrack,9211.0,15668.0,1950.0,pos,0 days 00:00:36.594000,0 days 02:09:38.071000,10882.2500224,243.3750006857143,6,100.0,False,0,2352.969343475109,0.41026606021339984
2024-09-01 14:17:22.235,OnTrack,9353.36413211319,15716.77236683701,1949.5925010495016,car,0 days 00:00:36.839000,0 days 02:09:38.316000,10968.0,246.0,6,100.0,False,0,2369.7241666666673,0.4131874477441956
2024-09-01 14:17:22.470,OnTrack,9432.0,15743.0,1950.0,pos,0 days 00:00:37.074000,0 days 02:09:38.551000,10985.090913745455,248.13636421818182,6,46.590894545454546,False,0,2386.0901389291885,0.41604103484269545
2024-09-01 14:17:22.650,OnTrack,9551.0,15783.0,1950.0,pos,0 days 00:00:37.254000,0 days 02:09:38.731000,10998.181804218182,249.77272552727274,6,5.6818618181818294,False,0,2398.5685089804833,0.41821677577745353
2024-09-01 14:17:22.675,OnTrack,9567.782269812866,15788.49937096758,1949.8926899765827,car,0 days 00:00:37.279000,0 days 02:09:38.756000,11000.0,250.0,6,0.0,False,0,2400.2797222222225,0.4185151446095083
2024-09-01 14:17:22.870,OnTrack,9692.0,15827.0,1948.0,pos,0 days 00:00:37.474000,0 days 02:09:38.951000,10274.437261866668,241.87499733333334,6,0.0,False,0,2413.3828964188724,0.42079982701255647
2024-09-01 14:17:22.915,OnTrack,9719.745968239386,15834.761044371397,1947.3364091592466,car,0 days 00:00:37.519000,0 days 02:09:38.996000,10107.0,240.0,6,0.0,True,0,2416.2797222222225,0.4213049204226175
2024-09-01 14:17:23.070,OnTrack,9813.0,15858.0,1945.0,pos,0 days 00:00:37.674000,0 days 02:09:39.151000,10036.801328003728,232.0828565417739,6,0.0,True,0,2425.7901313792227,0.42296316476255325
2024-09-01 14:17:23.230,OnTrack,9906.0,15875.0,1944.0,pos,0 days 00:00:37.834000,0 days 02:09:39.311000,9964.338212637509,223.91032473355367,6,0.0,True,0,2434.8471543305723,0.4245423562355814
2024-09-01 14:17:23.796,OnTrack,10263.768153212552,15852.61265112046,1939.6989512890268,car,0 days 00:00:38.400000,0 days 02:09:39.877000,9708.0,195.0,5,0.0,False,0,2464.000555555556,0.42962557208603946
2024-09-01 14:17:23.929,OnTrack,10338.0,15831.0,1939.0,pos,0 days 00:00:38.533000,0 days 02:09:40.010000,9612.6833792,192.7833344,5,0.0,False,0,2470.972503191778,0.4308412077664017
2024-09-01 14:17:24.156,OnTrack,10447.851099173691,15781.024198970523,1938.4116053787154,car,0 days 00:00:38.760000,0 days 02:09:40.237000,9450.0,189.0,5,0.0,False,0,2482.900555555556,0.4329209947652748
2024-09-01 14:17:24.409,OnTrack,10545.0,15717.0,1938.0,pos,0 days 00:00:39.013000,0 days 02:09:40.490000,9333.7781544,185.8375008,5,13.4406216,False,0,2495.94208446948,0.43519492863590165
2024-09-01 14:17:24.476,OnTrack,10566.214405324914,15700.743561637584,1937.8066031178414,car,0 days 00:00:39.080000,0 days 02:09:40.557000,9303.0,185.0,5,17.0,False,0,2499.3450000000003,0.43578826435097034
2024-09-01 14:17:24.769,OnTrack,10649.0,15623.0,1937.0,pos,0 days 00:00:39.373000,0 days 02:09:40.850000,9129.031288,180.421876,5,47.2156184,False,0,2514.0025283698865,0.4383439654838623
2024-09-01 14:17:24.796,OnTrack,10657.623824641827,15613.787099776848,1936.9966919085327,car,0 days 00:00:39.400000,0 days 02:09:40.877000,9113.0,180.0,5,50.0,False,0,2515.3450000000003,0.4385780401640796
2024-09-01 14:17:24.869,OnTrack,10682.0,15586.0,1937.0,pos,0 days 00:00:39.473000,0 days 02:09:40.950000,9135.5083136,179.7972224,5,53.4472192,False,0,2518.971854644866,0.439210422124449
2024-09-01 14:17:25.156,OnTrack,10782.367196636269,15426.762945683866,1936.0382231404456,car,0 days 00:00:39.760000,0 days 02:09:41.237000,9224.0,179.0,5,67.0,False,0,2533.2450000000003,0.4416991018549956
2024-09-01 14:17:25.189,OnTrack,10792.0,15408.0,1936.0,pos,0 days 00:00:39.793000,0 days 02:09:41.270000,9269.53991168,179.32999936,5,69.30999552,False,0,2534.8973910431314,0.4419872143903659
2024-09-01 14:17:25.356,OnTrack,10831.03631983331,15318.98789660645,1936.3119534234434,car,0 days 00:00:39.960000,0 days 02:09:41.437000,9500.0,181.0,5,81.0,False,0,2543.300555555556,0.4434523984597622
2024-09-01 14:17:25.516,OnTrack,10855.620339184417,15243.31121413467,1936.9702870543606,car,0 days 00:00:40.120000,0 days 02:09:41.597000,9731.0,183.0,5,87.0,False,0,2551.433888888889,0.4448705344980927
2024-09-01 14:17:25.609,OnTrack,10867.0,15204.0,1937.0,pos,0 days 00:00:40.213000,0 days 02:09:41.690000,9886.7748928,185.906248,5,88.1624992,False,0,2556.2578052903946,0.445711637329429
2024-09-01 14:17:25.676,OnTrack,10873.958274785382,15177.82003404469,1936.845141680248,car,0 days 00:00:40.280000,0 days 02:09:41.757000,9999.0,188.0,5,89.0,False,0,2559.789444444445,0.4463274174227165
2024-09-01 14:17:25.970,OnTrack,10897.0,15065.0,1936.0,pos,0 days 00:00:40.574000,0 days 02:09:42.051000,10457.4560504,196.2687464,5,99.1062456,False,0,2575.8480466067303,0.4491274111667594
2024-09-01 14:17:25.996,OnTrack,10899.129962460622,15052.466176121521,1936.1365830629609,car,0 days 00:00:40.600000,0 days 02:09:42.077000,10498.0,197.0,5,100.0,False,0,2577.300555555556,0.44938067206261934
2024-09-01 14:17:26.130,OnTrack,10911.0,14976.0,1937.0,pos,0 days 00:00:40.734000,0 days 02:09:42.211000,10609.3873936,202.0249952,5,100.0,False,0,2584.8499379283935,0.4506969898343478
2024-09-01 14:17:26.156,OnTrack,10913.558580223515,14957.552854127765,1937.0046231253452,car,0 days 00:00:40.760000,0 days 02:09:42.237000,10631.0,203.0,5,100.0,False,0,2586.322777777778,0.45095379564612253
2024-09-01 14:17:26.315,OnTrack,10930.504877787922,14822.873931184977,1935.733568275916,car,0 days 00:00:40.919000,0 days 02:09:42.396000,10933.0,206.0,5,100.0,False,0,2595.4211111111113,0.45254019003818124
2024-09-01 14:17:26.390,OnTrack,10937.0,14767.0,1935.0,pos,0 days 00:00:40.994000,0 days 02:09:42.471000,11011.958400711112,208.91666915555555,5,100.0,False,0,2599.8537835057627,0.45331307517780844
2024-09-01 14:17:26.675,OnTrack,10948.447296871282,14642.419091068221,1933.2281070800052,car,0 days 00:00:41.279000,0 days 02:09:42.756000,11312.0,220.0,5,100.0,False,0,2617.4211111111113,0.45637613178120645
2024-09-01 14:17:26.770,OnTrack,10952.0,14597.0,1933.0,pos,0 days 00:00:41.374000,0 days 02:09:42.851000,11414.59979264,221.89999616,5,100.0,False,0,2623.3751249793677,0.45741427952374264
2024-09-01 14:17:26.970,OnTrack,10962.0,14472.0,1933.0,pos,0 days 00:00:41.574000,0 days 02:09:43.051000,11630.59979264,225.89999616,5,100.0,False,0,2636.0312783002946,0.4596210189251004
2024-09-01 14:17:27.075,OnTrack,10966.087831467172,14411.147592767498,1933.0106451806196,car,0 days 00:00:41.679000,0 days 02:09:43.156000,11744.0,228.0,5,100.0,False,0,2642.7544444444443,0.46079327681862936
2024-09-01 14:17:27.190,OnTrack,10971.0,14332.0,1933.0,pos,0 days 00:00:41.794000,0 days 02:09:43.271000,11554.82489472,230.01250112,5,100.0,False,0,2650.1827980466433,0.4620884918942942
2024-09-01 14:17:27.450,OnTrack,10988.0,14072.0,1933.0,pos,0 days 00:00:42.054000,0 days 02:09:43.531000,11127.12531584,234.56249664,5,100.0,False,0,2667.212823656454,0.4650578639907243
2024-09-01 14:17:27.475,OnTrack,10989.175330330663,14054.279524487356,1933.0105999480033,car,0 days 00:00:42.079000,0 days 02:09:43.556000,11086.0,235.0,5,100.0,False,0,2668.8655555555556,0.4653460359580785
2024-09-01 14:17:27.755,OnTrack,10996.428387854285,13955.53506817301,1933.1091029121437,car,0 days 00:00:42.359000,0 days 02:09:43.836000,10745.0,240.0,6,100.0,False,0,2687.5322222222217,0.46860077440670583
2024-09-01 14:17:27.810,OnTrack,10999.0,13926.0,1933.0,pos,0 days 00:00:42.414000,0 days 02:09:43.891000,10758.19995392,240.54999808,6,100.0,False,0,2691.2208633088817,0.4692439295121312
2024-09-01 14:17:27.955,OnTrack,11009.283521072854,13809.904248495763,1932.4255080817434,car,0 days 00:00:42.559000,0 days 02:09:44.036000,10793.0,242.0,6,100.0,False,0,2700.9766666666665,0.47094496102744354
2024-09-01 14:17:28.070,OnTrack,11018.0,13713.0,1932.0,pos,0 days 00:00:42.674000,0 days 02:09:44.151000,10874.65004544,243.15000064,6,100.0,False,0,2708.7525225064246,0.4723007669366924
2024-09-01 14:17:28.155,OnTrack,11023.331369845448,13654.836125017931,1931.8553109386476,car,0 days 00:00:42.759000,0 days 02:09:44.236000,10935.0,244.0,6,100.0,False,0,2714.532222222222,0.47330852109132776
2024-09-01 14:17:28.470,OnTrack,11039.0,13495.0,1932.0,pos,0 days 00:00:43.074000,0 days 02:09:44.551000,10888.7343656,246.9531256,6,100.0,False,0,2736.1460509772896,0.47707712963442606
2024-09-01 14:17:28.475,OnTrack,11039.288248461464,13492.19880982375,1931.9982014272841,car,0 days 00:00:43.079000,0 days 02:09:44.556000,10888.0,247.0,6,100.0,False,0,2736.487777777778,0.4771367134570944
2024-09-01 14:17:28.670,OnTrack,11052.0,13360.0,1932.0,pos,0 days 00:00:43.274000,0 days 02:09:44.751000,10367.999829333334,242.93749866666667,6,18.74997333333333,False,0,2749.6789354086477,0.4794367367386889
2024-09-01 14:17:28.715,OnTrack,11055.325952286126,13316.667481357426,1932.1664651194337,car,0 days 00:00:43.319000,0 days 02:09:44.796000,10248.0,242.0,6,0.0,True,0,2752.621111111111,0.47994973740197955
2024-09-01 14:17:28.870,OnTrack,11066.0,13153.0,1933.0,pos,0 days 00:00:43.474000,0 days 02:09:44.951000,9715.18728,225.5312432,6,0.0,True,0,2762.322297194484,0.4816412457953461
2024-09-01 14:17:28.875,OnTrack,11066.23998152202,13148.632954385967,1933.0174565710633,car,0 days 00:00:43.479000,0 days 02:09:44.956000,9698.0,225.0,6,0.0,True,0,2762.6211111111115,0.4816933472851729
2024-09-01 14:17:29.275,OnTrack,11064.534619441298,12976.125284459546,1932.097422863662,car,0 days 00:00:43.879000,0 days 02:09:45.356000,9408.0,193.0,5,0.0,True,0,2784.065555555556,0.4854324218124651
2024-09-01 14:17:29.290,OnTrack,11064.0,12971.0,1932.0,pos,0 days 00:00:43.894000,0 days 02:09:45.371000,9388.841154327272,192.55682385454546,5,0.0,True,0,2784.828869949733,0.4855655140646322
2024-09-01 14:17:29.670,OnTrack,11039.0,12815.0,1929.0,pos,0 days 00:00:44.274000,0 days 02:09:45.751000,8903.477190981817,181.32954356363638,5,0.0,True,0,2803.839671239366,0.488880256166235
2024-09-01 14:17:29.715,OnTrack,11033.423768246768,12795.020401110743,1928.7684160065094,car,0 days 00:00:44.319000,0 days 02:09:45.796000,8846.0,180.0,5,0.0,False,0,2806.065555555556,0.4892683635554903
2024-09-01 14:17:29.910,OnTrack,11000.0,12706.0,1928.0,pos,0 days 00:00:44.514000,0 days 02:09:45.991000,8714.059616178187,177.08955035687177,5,0.0,False,0,2815.6553833072194,0.49094045540008246
2024-09-01 14:17:29.916,OnTrack,10998.655791801646,12703.169486260842,1927.9703314442904,car,0 days 00:00:44.520000,0 days 02:09:45.997000,8710.0,177.0,5,0.0,False,0,2815.948055555556,0.4909914860225561
2024-09-01 14:17:30.076,OnTrack,10955.425867704073,12626.0788578477,1927.0935237899178,car,0 days 00:00:44.680000,0 days 02:09:46.157000,8651.0,174.0,5,8.0,False,0,2823.6813888888896,0.492339877665559
2024-09-01 14:17:30.129,OnTrack,10938.0,12601.0,1927.0,pos,0 days 00:00:44.733000,0 days 02:09:46.210000,8642.78500992,172.94000128,5,15.684990719999998,False,0,2826.2037603464146,0.4927796808458015
2024-09-01 14:17:30.276,OnTrack,10881.625691469202,12534.284615629607,1927.5911900910896,car,0 days 00:00:44.880000,0 days 02:09:46.357000,8620.0,170.0,5,37.0,False,0,2833.125833333334,0.49398662033301927
2024-09-01 14:17:30.549,OnTrack,10772.0,12434.0,1930.0,pos,0 days 00:00:45.153000,0 days 02:09:46.630000,8835.2976768,170.0,5,63.0590848,False,0,2845.9573556114756,0.4962239372390775
2024-09-01 14:17:30.716,OnTrack,10727.42840342883,12399.942936685924,1930.3667847207441,car,0 days 00:00:45.320000,0 days 02:09:46.797000,8967.0,170.0,5,79.0,False,0,2853.903611111112,0.497609454201432
2024-09-01 14:17:30.909,OnTrack,10674.0,12367.0,1930.0,pos,0 days 00:00:45.513000,0 days 02:09:46.990000,9423.44484864,174.8249984,5,84.78999808,False,0,2863.2787631760843,0.4992441149811246
2024-09-01 14:17:30.916,OnTrack,10671.461848705187,12365.476130470423,1929.9790045179868,car,0 days 00:00:45.520000,0 days 02:09:46.997000,9440.0,175.0,5,85.0,False,0,2863.625833333334,0.49930463047675877
2024-09-01 14:17:31.149,OnTrack,10569.0,12306.0,1929.0,pos,0 days 00:00:45.753000,0 days 02:09:47.230000,9784.645738666666,183.7374976,5,99.562496,False,0,2875.523885819607,0.5013791866673406
2024-09-01 14:17:31.156,OnTrack,10565.752600612272,12304.222517651962,1928.9636321410228,car,0 days 00:00:45.760000,0 days 02:09:47.237000,9795.0,184.0,5,100.0,False,0,2875.892500000001,0.5014434586001425
2024-09-01 14:17:31.329,OnTrack,10485.0,12262.0,1928.0,pos,0 days 00:00:45.933000,0 days 02:09:47.410000,10189.192711314286,191.41428297142858,5,100.0,False,0,2885.213554209283,0.503068686824251
2024-09-01 14:17:31.436,OnTrack,10433.658114477312,12235.958029224123,1927.4565275651667,car,0 days 00:00:46.040000,0 days 02:09:47.517000,10433.0,196.0,5,100.0,False,0,2891.1369444444454,0.504101494999855
2024-09-01 14:17:31.529,OnTrack,10388.0,12213.0,1927.0,pos,0 days 00:00:46.133000,0 days 02:09:47.610000,10554.416583111111,198.58333155555556,5,100.0,False,0,2896.363540181155,0.5050128093980533
2024-09-01 14:17:31.769,OnTrack,10266.0,12152.0,1926.0,pos,0 days 00:00:46.373000,0 days 02:09:47.850000,10867.749916444445,205.24999822222222,5,100.0,False,0,2910.1614729389366,0.5074186305904637
2024-09-01 14:17:31.796,OnTrack,10252.014068604729,12145.025067481503,1925.9744135107874,car,0 days 00:00:46.400000,0 days 02:09:47.877000,10903.0,206.0,5,100.0,False,0,2911.7369444444453,0.5076933313592331
2024-09-01 14:17:31.929,OnTrack,10182.0,12110.0,1926.0,pos,0 days 00:00:46.533000,0 days 02:09:48.010000,10932.9249856,210.9874976,5,100.0,False,0,2919.5605193120773,0.5090574576053437
2024-09-01 14:17:31.956,OnTrack,10167.375610045012,12102.6062681302,1925.965560147164,car,0 days 00:00:46.560000,0 days 02:09:48.037000,10939.0,212.0,5,100.0,False,0,2921.1591666666673,0.5093361993380641
2024-09-01 14:17:32.116,OnTrack,10078.952794524708,12057.293413302172,1925.3960175809004,car,0 days 00:00:46.720000,0 days 02:09:48.197000,11342.0,215.0,5,100.0,False,0,2930.714722222223,0.511002315448671
2024-09-01 14:17:32.189,OnTrack,10042.0,12038.0,1925.0,pos,0 days 00:00:46.793000,0 days 02:09:48.270000,11439.45491456,217.18999808,5,100.0,False,0,2935.151869909665,0.5117759809047723
2024-09-01 14:17:32.316,OnTrack,9985.12602474993,12007.676132081571,1924.1717413989004,car,0 days 00:00:46.920000,0 days 02:09:48.397000,11609.0,221.0,5,100.0,False,0,2942.9925000000003,0.5131430809163694
2024-09-01 14:17:32.409,OnTrack,9921.0,11973.0,1924.0,pos,0 days 00:00:47.013000,0 days 02:09:48.490000,11691.5374432,224.4874976,5,100.0,False,0,2948.823365555252,0.5141597563973402
2024-09-01 14:17:32.476,OnTrack,9851.404121652558,11935.324505120952,1924.3274805619487,car,0 days 00:00:47.080000,0 days 02:09:48.557000,11751.0,227.0,5,100.0,False,0,2953.0813888888893,0.51490218955408
2024-09-01 14:17:32.570,OnTrack,9751.0,11881.0,1925.0,pos,0 days 00:00:47.174000,0 days 02:09:48.651000,11848.692724114286,229.68571062857143,5,100.0,False,0,2959.1477537514565,0.5159599269270227
2024-09-01 14:17:32.756,OnTrack,9677.862077193586,11841.864043557054,1925.1595065908537,car,0 days 00:00:47.360000,0 days 02:09:48.837000,12042.0,235.0,5,100.0,False,0,2971.359166666667,0.5180891209516943
2024-09-01 14:17:32.890,OnTrack,9646.0,11825.0,1925.0,pos,0 days 00:00:47.494000,0 days 02:09:48.971000,11227.1132784,237.5124976,5,100.0,False,0,2980.2023741013604,0.5196310313399203
2024-09-01 14:17:32.916,OnTrack,9635.550945361836,11819.402608067589,1924.9955748230232,car,0 days 00:00:47.520000,0 days 02:09:48.997000,11069.0,238.0,5,100.0,False,0,2981.9369444444446,0.5199334727392498
2024-09-01 14:17:33.150,OnTrack,9488.0,11740.0,1925.0,pos,0 days 00:00:47.754000,0 days 02:09:49.231000,11055.292883201906,244.85355839904713,5,100.0,False,0,2997.8591160970486,0.5227096783247879
2024-09-01 14:17:33.155,OnTrack,9484.128738772468,11737.919494411864,1924.988113322068,car,0 days 00:00:47.759000,0 days 02:09:49.236000,11055.0,245.0,6,100.0,False,0,2998.2022222222226,0.5227695026478716
2024-09-01 14:17:33.315,OnTrack,9349.730984455888,11665.739892473812,1924.289540537256,car,0 days 00:00:47.919000,0 days 02:09:49.396000,11185.0,248.0,6,100.0,False,0,3009.2244444444445,0.5246913482080134
2024-09-01 14:17:33.390,OnTrack,9293.0,11635.0,1924.0,pos,0 days 00:00:47.994000,0 days 02:09:49.471000,11275.0000768,249.50000128,6,100.0,False,0,3014.440741774981,0.5256008669659332
2024-09-01 14:17:33.515,OnTrack,9218.938484259113,11594.121838496943,1923.789735433885,car,0 days 00:00:48.119000,0 days 02:09:49.596000,11425.0,252.0,6,100.0,False,0,3023.2244444444445,0.5271324020444841
2024-09-01 14:17:33.675,OnTrack,9152.092239697293,11555.672540435553,1923.922396937845,car,0 days 00:00:48.279000,0 days 02:09:49.756000,11510.0,257.0,6,100.0,False,0,3034.6466666666665,0.5291239919999536
2024-09-01 14:17:33.790,OnTrack,9094.0,11522.0,1924.0,pos,0 days 00:00:48.394000,0 days 02:09:49.871000,11623.5625632,259.1562512,6,100.0,False,0,3042.935381609949,0.5305692205293616
2024-09-01 14:17:33.835,OnTrack,9067.780791870104,11506.81076493558,1924.0142383322059,car,0 days 00:00:48.439000,0 days 02:09:49.916000,11668.0,260.0,6,100.0,False,0,3046.202222222222,0.5311388300871992
2024-09-01 14:17:33.990,OnTrack,8968.0,11449.0,1924.0,pos,0 days 00:00:48.594000,0 days 02:09:50.071000,11191.3748032,262.5833344,6,100.0,False,0,3057.5743432022964,0.5331216843405719
2024-09-01 14:17:34.150,OnTrack,8866.0,11390.0,1924.0,pos,0 days 00:00:48.754000,0 days 02:09:50.231000,10699.3748032,265.25000106666664,6,100.0,False,0,3069.4529850006743,0.5351928560644283
2024-09-01 14:17:34.195,OnTrack,8837.024500533307,11373.472814735587,1924.099266307186,car,0 days 00:00:48.799000,0 days 02:09:50.276000,10561.0,266.0,6,100.0,False,0,3072.802222222222,0.5357768323764933
2024-09-01 14:17:34.355,OnTrack,8732.377725920664,11314.669740703697,1924.790843990661,car,0 days 00:00:48.959000,0 days 02:09:50.436000,10710.0,269.0,7,100.0,False,0,3084.7577777777774,0.5378614148590666
2024-09-01 14:17:34.430,OnTrack,8683.0,11287.0,1925.0,pos,0 days 00:00:49.034000,0 days 02:09:50.511000,10766.62504832,270.50000128,7,100.0,False,0,3090.420918382968,0.538848845651979
2024-09-01 14:17:34.555,OnTrack,8600.541195092283,11240.701744828799,1925.0348440265666,car,0 days 00:00:49.159000,0 days 02:09:50.636000,10861.0,273.0,7,100.0,False,0,3099.9244444444444,0.5405058898485765
2024-09-01 14:17:34.630,OnTrack,8551.0,11213.0,1925.0,pos,0 days 00:00:49.234000,0 days 02:09:50.711000,10890.5312752,273.9375008,7,100.0,False,0,3105.638408247545,0.541502182224506
2024-09-01 14:17:34.715,OnTrack,8494.813747805538,11181.792403911668,1924.993533518601,car,0 days 00:00:49.319000,0 days 02:09:50.796000,10924.0,275.0,7,100.0,False,0,3112.1466666666665,0.5426369685947016
2024-09-01 14:17:34.830,OnTrack,8416.0,11138.0,1925.0,pos,0 days 00:00:49.434000,0 days 02:09:50.911000,10994.4375392,277.1562512,7,100.0,False,0,3121.050052405138,0.5441893717314497
2024-09-01 14:17:35.030,OnTrack,8267.0,11054.0,1925.0,pos,0 days 00:00:49.634000,0 days 02:09:51.111000,11116.9375392,280.9062512,7,100.0,False,0,3136.730978355454,0.546923513477909
2024-09-01 14:17:35.035,OnTrack,8263.406287169642,11051.961696480346,1925.0053126250514,car,0 days 00:00:49.639000,0 days 02:09:51.116000,11120.0,281.0,7,100.0,False,0,3137.124444444444,0.5469921186140554
2024-09-01 14:17:35.395,OnTrack,8029.256968839329,10917.360777923896,1925.9585420675999,car,0 days 00:00:49.999000,0 days 02:09:51.476000,11335.0,285.0,7,100.0,False,0,3165.624444444444,0.5519614067811562
2024-09-01 14:17:35.450,OnTrack,7993.0,10896.0,1926.0,pos,0 days 00:00:50.054000,0 days 02:09:51.531000,11361.67490688,285.82499712,7,100.0,False,0,3170.0096366947428,0.5527260132358885
2024-09-01 14:17:35.595,OnTrack,7893.929629054123,10836.908287752229,1925.9062411792447,car,0 days 00:00:50.199000,0 days 02:09:51.676000,11432.0,288.0,7,100.0,False,0,3181.6244444444446,0.5547511825942656
2024-09-01 14:17:35.650,OnTrack,7856.0,10814.0,1926.0,pos,0 days 00:00:50.254000,0 days 02:09:51.731000,11458.910620342856,288.78571154285714,7,100.0,False,0,3186.0591891524946,0.555524429064505
2024-09-01 14:17:35.850,OnTrack,7719.0,10729.0,1927.0,pos,0 days 00:00:50.454000,0 days 02:09:51.931000,11556.7677632,291.6428544,7,100.0,False,0,3202.2994130118727,0.5583560905471534
2024-09-01 14:17:35.875,OnTrack,7701.946481529924,10717.88292021173,1927.03274105826,car,0 days 00:00:50.479000,0 days 02:09:51.956000,11569.0,292.0,7,100.0,False,0,3204.335555555556,0.558711114373429
2024-09-01 14:17:35.950,OnTrack,7651.0,10684.0,1927.0,pos,0 days 00:00:50.554000,0 days 02:09:52.031000,11584.75001344,292.75000064,7,100.0,False,0,3210.4496913862786,0.5597771811395924
2024-09-01 14:17:36.075,OnTrack,7567.589230314605,10627.452475500117,1926.9837287769592,car,0 days 00:00:50.679000,0 days 02:09:52.156000,11611.0,294.0,7,100.0,False,0,3220.668888888889,0.561559010515978
2024-09-01 14:17:36.170,OnTrack,7503.0,10582.0,1927.0,pos,0 days 00:00:50.774000,0 days 02:09:52.251000,11295.4225128,294.8906232,7,100.0,False,0,3228.471545003039,0.562919489347557
2024-09-01 14:17:36.370,OnTrack,7365.0,10479.0,1927.0,pos,0 days 00:00:50.974000,0 days 02:09:52.451000,10631.0475128,296.7656232,7,100.0,False,0,3244.995278698537,0.5658005838854294
2024-09-01 14:17:36.395,OnTrack,7349.947943548801,10467.254756893952,1926.9803959592957,car,0 days 00:00:50.999000,0 days 02:09:52.476000,10548.0,297.0,8,100.0,False,0,3247.068888888889,0.5661621406076083
2024-09-01 14:17:36.676,OnTrack,7171.9111993875495,10321.292403132047,1925.2526014177197,car,0 days 00:00:51.280000,0 days 02:09:52.757000,10676.0,300.0,8,100.0,False,0,3270.485555555556,0.5702450937507525
2024-09-01 14:17:36.689,OnTrack,7158.0,10310.0,1925.0,pos,0 days 00:00:51.293000,0 days 02:09:52.770000,10679.791648,300.1083328,8,100.0,False,0,3271.5725083976786,0.5704346159225615
2024-09-01 14:17:36.849,OnTrack,6961.0,10151.0,1921.0,pos,0 days 00:00:51.453000,0 days 02:09:52.930000,10726.458314666666,301.44166613333334,8,100.0,False,0,3284.977092414605,0.5727718524397624
2024-09-01 14:17:36.916,OnTrack,6908.096065501627,10108.005713617533,1919.7856519960496,car,0 days 00:00:51.520000,0 days 02:09:52.997000,10746.0,302.0,8,100.0,False,0,3290.6188888888887,0.573755561648915
2024-09-01 14:17:37.189,OnTrack,6833.0,10042.0,1917.0,pos,0 days 00:00:51.793000,0 days 02:09:53.270000,10822.591648711112,305.03333262222225,8,100.0,False,0,3313.806584655628,0.5777985911996515
2024-09-01 14:17:37.276,OnTrack,6781.243063428949,9996.423813754845,1915.3481993865976,car,0 days 00:00:51.880000,0 days 02:09:53.357000,10847.0,306.0,8,100.0,False,0,3321.2188888888886,0.5790910078914864
2024-09-01 14:17:37.509,OnTrack,6601.0,9839.0,1910.0,pos,0 days 00:00:52.113000,0 days 02:09:53.590000,10922.7249792,306.97083306666667,8,100.0,False,0,3341.086598029484,0.5825551612928814
2024-09-01 14:17:37.516,OnTrack,6596.779849115015,9835.323815803915,1909.8757975838246,car,0 days 00:00:52.120000,0 days 02:09:53.597000,10925.0,307.0,8,100.0,False,0,3341.6855555555553,0.5826595961190886
2024-09-01 14:17:37.676,OnTrack,6519.387108522205,9768.063912646827,1907.5754605217783,car,0 days 00:00:52.280000,0 days 02:09:53.757000,10967.0,309.0,8,100.0,False,0,3355.418888888889,0.5850541536920074
2024-09-01 14:17:37.749,OnTrack,6471.0,9726.0,1906.0,pos,0 days 00:00:52.353000,0 days 02:09:53.830000,11007.1499648,309.6083328,8,100.0,False,0,3361.708852437589,0.5861508779528513
2024-09-01 14:17:37.916,OnTrack,6298.412576655966,9575.77881838815,1900.092524025136,car,0 days 00:00:52.520000,0 days 02:09:53.997000,11099.0,311.0,8,100.0,False,0,3376.1522222222216,0.5886692381831613
2024-09-01 14:17:38.009,OnTrack,6209.0,9498.0,1897.0,pos,0 days 00:00:52.613000,0 days 02:09:54.090000,11096.6750016,312.1624992,8,100.0,False,0,3384.227544090489,0.5900772592851091
2024-09-01 14:17:38.076,OnTrack,6160.73324447583,9456.077969148082,1895.3343826192524,car,0 days 00:00:52.680000,0 days 02:09:54.157000,11095.0,313.0,8,100.0,False,0,3390.063333333333,0.5910947932651147
2024-09-01 14:17:38.429,OnTrack,6024.0,9338.0,1891.0,pos,0 days 00:00:53.033000,0 days 02:09:54.510000,11148.930545777777,315.94166613333334,8,100.0,False,0,3421.047348818351,0.5964971968271838
2024-09-01 14:17:38.436,OnTrack,6020.013068163905,9334.546453881054,1890.8862838124926,car,0 days 00:00:53.040000,0 days 02:09:54.517000,11150.0,316.0,8,100.0,False,0,3421.663333333333,0.5966046004960055
2024-09-01 14:17:38.589,OnTrack,5918.0,9246.0,1888.0,pos,0 days 00:00:53.193000,0 days 02:09:54.670000,11199.7249792,316.76499968,8,100.0,False,0,3435.132228760716,0.5989530504142936
2024-09-01 14:17:38.636,OnTrack,5886.728248156249,9218.750640757884,1887.097816247769,car,0 days 00:00:53.240000,0 days 02:09:54.717000,11215.0,317.0,8,100.0,False,0,3439.274444444444,0.5996752912347403
2024-09-01 14:17:38.849,OnTrack,5745.0,9095.0,1883.0,pos,0 days 00:00:53.453000,0 days 02:09:54.930000,11272.814268342858,317.7607140571429,8,100.0,False,0,3458.082177554288,0.6029546261678188
2024-09-01 14:17:38.916,OnTrack,5693.410420357282,9050.197465822486,1881.5991377176483,car,0 days 00:00:53.520000,0 days 02:09:54.997000,11291.0,318.0,8,100.0,False,0,3464.0077777777774,0.6039878196791717
2024-09-01 14:17:39.116,OnTrack,5528.122364931784,8907.104716307738,1877.606181510669,car,0 days 00:00:53.720000,0 days 02:09:55.197000,11267.0,319.0,8,100.0,False,0,3481.73,0.6070778838610531
2024-09-01 14:17:39.170,OnTrack,5490.0,8874.0,1877.0,pos,0 days 00:00:53.774000,0 days 02:09:55.251000,11286.349954133333,319.44999893333335,8,100.0,False,0,3486.532811300728,0.6079153067861593
2024-09-01 14:17:39.356,OnTrack,5387.659256288929,8784.54447460466,1876.7920889250688,car,0 days 00:00:53.960000,0 days 02:09:55.437000,11353.0,321.0,8,100.0,False,0,3503.13,0.6108092090110868
2024-09-01 14:17:39.490,OnTrack,5315.0,8721.0,1877.0,pos,0 days 00:00:54.094000,0 days 02:09:55.571000,11362.37999104,321.66999936,8,100.0,False,0,3515.1142227053547,0.6128987899262314
2024-09-01 14:17:39.556,OnTrack,5273.155552926992,8684.561321696587,1876.8668650146524,car,0 days 00:00:54.160000,0 days 02:09:55.637000,11367.0,322.0,8,100.0,False,0,3521.018888888889,0.613928333357688
2024-09-01 14:17:39.750,OnTrack,5140.0,8569.0,1876.0,pos,0 days 00:00:54.354000,0 days 02:09:55.831000,11354.836985010761,322.0,8,100.0,False,0,3538.3698410931916,0.6169536625323117
2024-09-01 14:17:39.875,OnTrack,5063.340378144142,8502.630569045488,1875.6919180445996,car,0 days 00:00:54.479000,0 days 02:09:55.956000,11347.0,322.0,8,100.0,False,0,3549.5516666666667,0.6189033366905172
2024-09-01 14:17:39.950,OnTrack,5005.0,8452.0,1876.0,pos,0 days 00:00:54.554000,0 days 02:09:56.031000,11349.678573714285,322.0,8,100.0,False,0,3556.2632535498497,0.62007357561266
2024-09-01 14:17:40.150,OnTrack,4789.0,8264.0,1879.0,pos,0 days 00:00:54.754000,0 days 02:09:56.231000,11356.821430857142,322.0,8,100.0,False,0,3574.149797920298,0.6231922911667089
2024-09-01 14:17:40.155,OnTrack,4784.025826975658,8259.670361831573,1879.082213114176,car,0 days 00:00:54.759000,0 days 02:09:56.236000,11357.0,322.0,8,100.0,False,0,3574.5961111111114,0.623270110775759
2024-09-01 14:17:40.395,OnTrack,4606.117560076561,8104.964522371162,1882.636702525798,car,0 days 00:00:54.999000,0 days 02:09:56.476000,11388.0,321.0,8,100.0,False,0,3595.996111111111,0.6270014359257926
2024-09-01 14:17:40.555,OnTrack,4514.742945192175,8025.59512850067,1884.7985949206015,car,0 days 00:00:55.159000,0 days 02:09:56.636000,11335.0,322.0,8,100.0,False,0,3610.3072222222227,0.6294967354030737
2024-09-01 14:17:40.570,OnTrack,4506.0,8018.0,1885.0,pos,0 days 00:00:55.174000,0 days 02:09:56.651000,11334.4375072,321.9375008,8,100.0,False,0,3611.647213385741,0.6297303775866839
2024-09-01 14:17:40.795,OnTrack,4371.204541530275,7900.883192670259,1887.9972873372456,car,0 days 00:00:55.399000,0 days 02:09:56.876000,11326.0,321.0,8,100.0,False,0,3631.7072222222228,0.6332280605531073
2024-09-01 14:17:40.990,OnTrack,4246.0,7792.0,1891.0,pos,0 days 00:00:55.594000,0 days 02:09:57.071000,11289.437488,321.0,8,100.0,False,0,3649.11746446068,0.6362637275966837
2024-09-01 14:17:41.195,OnTrack,4103.4690655173945,7667.893738868276,1894.951825654216,car,0 days 00:00:55.799000,0 days 02:09:57.276000,11251.0,321.0,8,100.0,False,0,3667.3738888888893,0.6394469358031634
2024-09-01 14:17:41.430,OnTrack,3952.0,7536.0,1898.0,pos,0 days 00:00:56.034000,0 days 02:09:57.511000,11242.607140571428,318.48214217142856,8,100.0,False,0,3688.1396762766003,0.6430676790153137
2024-09-01 14:17:41.475,OnTrack,3927.9799266907453,7515.107685913155,1898.0612631303215,car,0 days 00:00:56.079000,0 days 02:09:57.556000,11241.0,318.0,8,100.0,False,0,3692.107222222223,0.6437594642475948
2024-09-01 14:17:41.750,OnTrack,3792.0,7397.0,1898.0,pos,0 days 00:00:56.354000,0 days 02:09:57.831000,11153.589265371429,317.0178569142857,8,100.0,False,0,3716.3231858494446,0.647981783598742
2024-09-01 14:17:41.755,OnTrack,3788.989601953243,7394.38625900707,1898.0868261843352,car,0 days 00:00:56.359000,0 days 02:09:57.836000,11152.0,317.0,8,100.0,False,0,3716.762777777778,0.6480584312818235
2024-09-01 14:17:41.910,OnTrack,3686.0,7305.0,1902.0,pos,0 days 00:00:56.514000,0 days 02:09:57.991000,11196.5625184,316.3541664,8,100.0,False,0,3730.376200299543,0.650432081087127
2024-09-01 14:17:41.995,OnTrack,3628.8878755328674,7255.516206412283,1903.5060473334445,car,0 days 00:00:56.599000,0 days 02:09:58.076000,11221.0,316.0,8,100.0,False,0,3737.829444444445,0.6517316361024174
2024-09-01 14:17:42.250,OnTrack,3461.0,7110.0,1905.0,pos,0 days 00:00:56.854000,0 days 02:09:58.331000,11086.48760128,314.72500096,8,98.72500096,False,0,3760.1308128375535,0.6556201247363131
2024-09-01 14:17:42.395,OnTrack,3365.80136957327,7026.913881477196,1905.697653021193,car,0 days 00:00:56.999000,0 days 02:09:58.476000,11010.0,314.0,8,98.0,False,0,3772.7183333333337,0.6578148972504472
2024-09-01 14:17:42.430,OnTrack,3343.0,7007.0,1906.0,pos,0 days 00:00:57.034000,0 days 02:09:58.511000,10907.187312,312.5781224,8,87.2812304,False,0,3775.7424650544367,0.6583421878461465
2024-09-01 14:17:42.630,OnTrack,3215.0,6896.0,1908.0,pos,0 days 00:00:57.234000,0 days 02:09:58.711000,10319.687312,304.4531224,8,26.0312304,False,0,3792.765912087131,0.6613104128953688
2024-09-01 14:17:42.715,OnTrack,3162.266148322701,6851.709513330122,1907.2265285066837,car,0 days 00:00:57.319000,0 days 02:09:58.796000,10070.0,301.0,8,0.0,True,0,3799.473888888889,0.6624800223601466
2024-09-01 14:17:42.870,OnTrack,3074.0,6774.0,1908.0,pos,0 days 00:00:57.474000,0 days 02:09:58.951000,10110.2031416,276.2968648,8,0.0,True,0,3810.6230018150072,0.6644239927088282
2024-09-01 14:17:42.890,OnTrack,3064.0,6764.0,1909.0,pos,0 days 00:00:57.494000,0 days 02:09:58.971000,10115.3905752,273.1094056,8,0.0,True,0,3811.9661967822813,0.6646581935108278
2024-09-01 14:17:43.035,OnTrack,2987.9758925270453,6695.334390014182,1910.0266295406727,car,0 days 00:00:57.639000,0 days 02:09:59.116000,10153.0,250.0,8,0.0,True,0,3821.6961111111113,0.666354710989465
2024-09-01 14:17:43.129,OnTrack,2941.0,6655.0,1909.0,pos,0 days 00:00:57.733000,0 days 02:09:59.210000,10464.192246536048,242.9937955751734,8,0.0,True,0,3827.996511961252,0.6674532551085034
2024-09-01 14:17:43.196,OnTrack,2910.7536755441597,6628.421567747545,1909.0595642889466,car,0 days 00:00:57.800000,0 days 02:09:59.277000,10686.0,238.0,8,0.0,True,0,3832.34,0.6682105899756927
2024-09-01 14:17:43.329,OnTrack,2850.0,6572.0,1910.0,pos,0 days 00:00:57.933000,0 days 02:09:59.410000,10505.025087085714,223.2750070857143,8,0.0,True,0,3840.329797681363,0.6696036989958866
2024-09-01 14:17:43.476,OnTrack,2760.910196456794,6482.399400411948,1909.5637378587091,car,0 days 00:00:58.080000,0 days 02:09:59.557000,10305.0,207.0,7,0.0,True,0,3848.44,0.6710178018876338
2024-09-01 14:17:43.589,OnTrack,2701.0,6421.0,1909.0,pos,0 days 00:00:58.193000,0 days 02:09:59.670000,10345.11497728,199.65500416,7,0.0,True,0,3854.3619225077164,0.6720503541488297
2024-09-01 14:17:43.876,OnTrack,2647.911129129203,6361.868273740194,1909.2114742149085,car,0 days 00:00:58.480000,0 days 02:09:59.957000,10447.0,181.0,5,0.0,True,0,3868.551111111111,0.674524395097167
2024-09-01 14:17:43.969,OnTrack,2633.0,6330.0,1909.0,pos,0 days 00:00:58.573000,0 days 02:10:00.050000,10372.6000512,178.93333475555556,5,0.5166663111111112,True,0,3873.075884494042,0.6753133390561358
2024-09-01 14:17:44.236,OnTrack,2567.2566558933513,6170.299899609942,1907.0627796959047,car,0 days 00:00:58.840000,0 days 02:10:00.317000,10159.0,173.0,4,2.0,False,0,3885.851111111111,0.6775408401950913
2024-09-01 14:17:44.249,OnTrack,2565.0,6164.0,1907.0,pos,0 days 00:00:58.853000,0 days 02:10:00.330000,10141.32008704,172.61000192,4,4.2099891199999995,False,0,3886.4600685067535,0.6776470186084399
2024-09-01 14:17:44.436,OnTrack,2550.6519606703205,6107.246119404402,1906.8016943302728,car,0 days 00:00:59.040000,0 days 02:10:00.517000,9887.0,167.0,4,36.0,False,0,3895.128888888889,0.6791585226978318
2024-09-01 14:17:44.589,OnTrack,2549.0,6062.0,1907.0,pos,0 days 00:00:59.193000,0 days 02:10:00.670000,10107.999907555555,167.42499982222222,4,50.449993955555556,False,0,3902.262336835522,0.6804023177319313
2024-09-01 14:17:44.769,OnTrack,2545.0,5974.0,1907.0,pos,0 days 00:00:59.373000,0 days 02:10:00.850000,10367.999907555555,167.92499982222222,4,67.44999395555556,False,0,3910.6743493523186,0.6818690445481145
2024-09-01 14:17:44.796,OnTrack,2544.670270450915,5961.393803084342,1906.9580709070187,car,0 days 00:00:59.400000,0 days 02:10:00.877000,10407.0,168.0,4,70.0,False,0,3911.928888888889,0.6820877873015966
2024-09-01 14:17:45.036,OnTrack,2544.993539825989,5845.304719600754,1906.0698641453619,car,0 days 00:00:59.640000,0 days 02:10:01.117000,10660.0,168.0,4,83.0,False,0,3923.1288888888894,0.684040630370773
2024-09-01 14:17:45.049,OnTrack,2545.0,5836.0,1906.0,pos,0 days 00:00:59.653000,0 days 02:10:01.130000,10681.7748928,168.50555306666666,4,83.3249984,False,0,3923.754677883549,0.6841497435583612
2024-09-01 14:17:45.249,OnTrack,2544.0,5664.0,1905.0,pos,0 days 00:00:59.853000,0 days 02:10:01.330000,11016.7748928,176.28333084444444,4,88.3249984,False,0,3933.720388765441,0.6858873747570327
2024-09-01 14:17:45.396,OnTrack,2541.7752394513773,5580.49281478553,1905.4089914532938,car,0 days 00:01:00,0 days 02:10:01.477000,11263.0,182.0,4,92.0,False,0,3941.328888888889,0.6872140003581848
2024-09-01 14:17:45.596,OnTrack,2536.2070018173918,5532.186584111574,1906.9313255711495,car,0 days 00:01:00.200000,0 days 02:10:01.677000,10283.0,191.0,5,81.0,False,0,3951.94,0.6890641641786843
2024-09-01 14:17:45.750,OnTrack,2528.0,5473.0,1905.0,pos,0 days 00:01:00.354000,0 days 02:10:01.831000,10303.350016914286,193.7500022857143,5,79.34999862857143,False,0,3960.2720323838557,0.690516945579842
2024-09-01 14:17:45.790,OnTrack,2525.0,5452.0,1904.0,pos,0 days 00:01:00.394000,0 days 02:10:01.871000,10308.6357312,194.464288,5,78.9214272,False,0,3962.4574674452174,0.6908980001970487
2024-09-01 14:17:45.876,OnTrack,2511.394250622692,5392.2258117572055,1902.5626087959438,car,0 days 00:01:00.480000,0 days 02:10:01.957000,10320.0,196.0,5,78.0,False,0,3967.1844444444446,0.6917222005783967
2024-09-01 14:17:46.036,OnTrack,2468.9465150893448,5253.18226638979,1902.0628347823872,car,0 days 00:01:00.640000,0 days 02:10:02.117000,10414.0,200.0,5,79.0,False,0,3976.0733333333337,0.6932720760301241
2024-09-01 14:17:46.070,OnTrack,2461.0,5229.0,1902.0,pos,0 days 00:01:00.674000,0 days 02:10:02.151000,10461.77017984,200.34000128,5,79.17000064,False,0,3977.972672617104,0.693603246704796
2024-09-01 14:17:46.236,OnTrack,2430.6125150277066,5145.577673332671,1901.6668982886201,car,0 days 00:01:00.840000,0 days 02:10:02.317000,10695.0,202.0,5,80.0,False,0,3987.295555555556,0.6952287937879299
2024-09-01 14:17:46.436,OnTrack,2403.362045525908,5096.906559198967,1901.2303250033428,car,0 days 00:01:01.040000,0 days 02:10:02.517000,10716.0,205.0,5,83.0,False,0,3998.684444444445,0.6972145717104556
2024-09-01 14:17:46.550,OnTrack,2378.0,5056.0,1901.0,pos,0 days 00:01:01.154000,0 days 02:10:02.631000,10841.078485250711,207.50156970501422,5,89.07524071217742,False,0,4005.3033097060243,0.6983686435990171
2024-09-01 14:17:46.755,OnTrack,2312.64713025558,4955.00214811642,1900.3420032427648,car,0 days 00:01:01.359000,0 days 02:10:02.836000,11066.0,212.0,5,100.0,False,0,4017.4700000000003,0.7004900397432499
2024-09-01 14:17:46.790,OnTrack,2300.0,4938.0,1900.0,pos,0 days 00:01:01.394000,0 days 02:10:02.871000,11104.32507008,213.22500224,5,100.0,False,0,4019.583399900961,0.7008585342386954
2024-09-01 14:17:46.870,OnTrack,2270.0,4901.0,1899.0,pos,0 days 00:01:01.474000,0 days 02:10:02.951000,11191.92507008,216.02500224,5,100.0,False,0,4024.4526138578285,0.701707535196553
2024-09-01 14:17:46.955,OnTrack,2236.314269445493,4861.899801154586,1898.4684224168088,car,0 days 00:01:01.559000,0 days 02:10:03.036000,11285.0,219.0,5,100.0,False,0,4029.636666666667,0.7026114317678017
2024-09-01 14:17:47.115,OnTrack,2168.3096094327507,4788.072194154551,1898.8660450474854,car,0 days 00:01:01.719000,0 days 02:10:03.196000,11537.0,220.0,5,100.0,False,0,4039.414444444445,0.7043162947647018
2024-09-01 14:17:47.170,OnTrack,2144.0,4763.0,1899.0,pos,0 days 00:01:01.774000,0 days 02:10:03.251000,11429.979540266666,222.0624928,5,100.0,False,0,4042.8488953545884,0.7049151290197286
2024-09-01 14:17:47.355,OnTrack,2059.9748185036506,4679.538463232327,1899.1125960773704,car,0 days 00:01:01.959000,0 days 02:10:03.436000,11070.0,229.0,5,100.0,False,0,4054.6811111111115,0.7069782058530435
2024-09-01 14:17:47.410,OnTrack,2036.0,4654.0,1899.0,pos,0 days 00:01:02.014000,0 days 02:10:03.491000,10934.15047424,230.64999424,5,100.0,False,0,4058.245859436374,0.707599758894146
2024-09-01 14:17:47.555,OnTrack,1977.0686863457513,4583.836531532906,1898.3441398646648,car,0 days 00:01:02.159000,0 days 02:10:03.636000,10576.0,235.0,5,100.0,False,0,4067.736666666667,0.7092545854227681
2024-09-01 14:17:47.650,OnTrack,1942.0,4535.0,1898.0,pos,0 days 00:01:02.254000,0 days 02:10:03.731000,10729.1871904,236.97916266666667,5,100.0,False,0,4074.030943136794,0.7103520616888546
2024-09-01 14:17:47.795,OnTrack,1894.1460879767267,4455.053586198385,1897.9773699555817,car,0 days 00:01:02.399000,0 days 02:10:03.876000,10963.0,240.0,6,100.0,False,0,4083.736666666667,0.7120443612358773
2024-09-01 14:17:47.850,OnTrack,1878.0,4422.0,1898.0,pos,0 days 00:01:02.454000,0 days 02:10:03.931000,10980.5311888,241.0312464,6,100.0,False,0,4087.4414924369025,0.7126903383187265
2024-09-01 14:17:47.890,OnTrack,1867.0,4397.0,1898.0,pos,0 days 00:01:02.494000,0 days 02:10:03.971000,10993.2811888,241.7812464,6,100.0,False,0,4090.1434332752233,0.7131614513936765
2024-09-01 14:17:47.955,OnTrack,1850.5614514177921,4357.179326982584,1897.9463372575467,car,0 days 00:01:02.559000,0 days 02:10:04.036000,11014.0,243.0,6,100.0,False,0,4094.536666666667,0.7139274599097261
2024-09-01 14:17:48.115,OnTrack,1817.2704100485107,4262.888670030173,1897.5271012182263,car,0 days 00:01:02.719000,0 days 02:10:04.196000,11252.0,244.0,6,100.0,False,0,4105.381111111112,0.7158183079608335
2024-09-01 14:17:48.250,OnTrack,1791.0,4160.0,1897.0,pos,0 days 00:01:02.854000,0 days 02:10:04.331000,11278.4374624,246.812496,6,100.0,False,0,4114.682110193356,0.7174400393531707
2024-09-01 14:17:48.355,OnTrack,1770.0841359358772,4057.8759542292464,1896.5188768853345,car,0 days 00:01:02.959000,0 days 02:10:04.436000,11299.0,249.0,6,100.0,False,0,4121.981111111111,0.7187127003669342
2024-09-01 14:17:48.470,OnTrack,1751.0,3952.0,1896.0,pos,0 days 00:01:03.074000,0 days 02:10:04.551000,11334.93752,250.4375008,6,100.0,False,0,4130.003486461742,0.7201114896617389
2024-09-01 14:17:48.675,OnTrack,1737.390632491025,3848.7173132135486,1895.2880761218348,car,0 days 00:01:03.279000,0 days 02:10:04.756000,11399.0,253.0,6,100.0,False,0,4144.47,0.7226338852598045
2024-09-01 14:17:48.750,OnTrack,1734.0,3810.0,1895.0,pos,0 days 00:01:03.354000,0 days 02:10:04.831000,11482.303642514285,255.14285897142858,6,100.0,False,0,4149.859310575579,0.7235735707781222
2024-09-01 14:17:48.955,OnTrack,1721.6189478546758,3662.6616537516043,1894.100220524849,car,0 days 00:01:03.559000,0 days 02:10:05.036000,11710.0,261.0,6,100.0,False,0,4164.77,0.7261734133226869
2024-09-01 14:17:49.010,OnTrack,1718.0,3621.0,1894.0,pos,0 days 00:01:03.614000,0 days 02:10:05.091000,11702.666692266666,261.45833173333335,6,100.0,False,0,4168.776507604839,0.7268719919483755
2024-09-01 14:17:49.190,OnTrack,1706.0,3490.0,1894.0,pos,0 days 00:01:03.794000,0 days 02:10:05.271000,11678.666658133334,262.9583338666667,6,100.0,False,0,4181.93508628008,0.7291663347310682
2024-09-01 14:17:49.195,OnTrack,1705.6604141286252,3486.380669096368,1893.9838756015138,car,0 days 00:01:03.799000,0 days 02:10:05.276000,11678.0,263.0,6,100.0,False,0,4182.303333333334,0.7292305426512191
2024-09-01 14:17:49.435,OnTrack,1688.6819201593978,3309.8480109580373,1892.1549890934325,car,0 days 00:01:04.039000,0 days 02:10:05.516000,10838.0,268.0,7,100.0,False,0,4200.17,0.7323457923091911
2024-09-01 14:17:49.470,OnTrack,1686.0,3283.0,1892.0,pos,0 days 00:01:04.074000,0 days 02:10:05.551000,10853.975137188418,268.7261425994736,7,100.0,False,0,4202.803830280432,0.7328050295599524
2024-09-01 14:17:49.676,OnTrack,1669.2017180391617,3118.9828770160334,1892.1068499864043,car,0 days 00:01:04.280000,0 days 02:10:05.757000,10948.0,273.0,7,100.0,False,0,4218.445833333333,0.7355323846715504
2024-09-01 14:17:49.729,OnTrack,1665.0,3077.0,1892.0,pos,0 days 00:01:04.333000,0 days 02:10:05.810000,10967.49640502857,273.94642742857144,7,100.0,False,0,4222.50916646682,0.7362408714525757
2024-09-01 14:17:49.909,OnTrack,1652.0,2939.0,1891.0,pos,0 days 00:01:04.513000,0 days 02:10:05.990000,11033.710690742857,277.16071314285716,7,100.0,False,0,4236.417271119126,0.7386659023254004
2024-09-01 14:17:49.956,OnTrack,1649.1095902669151,2904.7377941584646,1890.959304303968,car,0 days 00:01:04.560000,0 days 02:10:06.037000,11051.0,278.0,7,100.0,False,0,4240.0680555555555,0.7393024567078771
2024-09-01 14:17:50.049,OnTrack,1643.0,2831.0,1891.0,pos,0 days 00:01:04.653000,0 days 02:10:06.130000,11099.2437168,279.1624992,7,100.0,False,0,4247.312312151868,0.740565572447649
2024-09-01 14:17:50.276,OnTrack,1618.74199390523,2567.583344135237,1889.3890599721867,car,0 days 00:01:04.880000,0 days 02:10:06.357000,11217.0,282.0,7,100.0,False,0,4265.134722222223,0.7436731054817484
2024-09-01 14:17:50.329,OnTrack,1614.0,2517.0,1889.0,pos,0 days 00:01:04.933000,0 days 02:10:06.410000,11244.8249664,282.94642742857144,7,100.0,False,0,4269.33338865279,0.7444051891102053
2024-09-01 14:17:50.556,OnTrack,1604.0214474533043,2409.794575450134,1888.0630012701897,car,0 days 00:01:05.160000,0 days 02:10:06.637000,11364.0,287.0,7,100.0,False,0,4287.456944444445,0.7475652302098987
2024-09-01 14:17:50.749,OnTrack,1592.0,2278.0,1887.0,pos,0 days 00:01:05.353000,0 days 02:10:06.830000,11425.409070545455,288.75454487272725,7,100.0,False,0,4302.982755935709,0.750272326045975
2024-09-01 14:17:50.949,OnTrack,1567.0,2004.0,1885.0,pos,0 days 00:01:05.553000,0 days 02:10:07.030000,11489.045434181819,290.57272669090906,7,100.0,False,0,4319.19272251773,0.7530987118398395
2024-09-01 14:17:50.996,OnTrack,1563.128235871395,1961.0819253756858,1884.6828028276118,car,0 days 00:01:05.600000,0 days 02:10:07.077000,11504.0,291.0,7,100.0,False,0,4323.023611111112,0.7537666693611228
2024-09-01 14:17:51.269,OnTrack,1554.0,1857.0,1884.0,pos,0 days 00:01:05.873000,0 days 02:10:07.350000,10760.0751744,294.4124992,7,100.0,False,0,4345.431776152657,0.7576737791641893
2024-09-01 14:17:51.396,OnTrack,1545.2574770657316,1762.7155986173593,1883.6085021542954,car,0 days 00:01:06,0 days 02:10:07.477000,10414.0,296.0,7,100.0,False,0,4355.912499999999,0.7595012085325138
2024-09-01 14:17:51.529,OnTrack,1534.0,1643.0,1883.0,pos,0 days 00:01:06.133000,0 days 02:10:07.610000,10502.1124576,297.6624992,7,100.0,False,0,4366.915831294853,0.7614197602518895
2024-09-01 14:17:51.556,OnTrack,1531.793301019106,1619.7093803085845,1882.8454929868024,car,0 days 00:01:06.160000,0 days 02:10:07.637000,10520.0,298.0,8,100.0,False,0,4369.156944444445,0.7618105229555877
2024-09-01 14:17:51.756,OnTrack,1516.3564524758337,1455.0971490771528,1881.3321481279697,car,0 days 00:01:06.360000,0 days 02:10:07.837000,10637.0,300.0,8,100.0,False,0,4385.823611111111,0.7647165394275764
2024-09-01 14:17:51.789,OnTrack,1514.0,1428.0,1881.0,pos,0 days 00:01:06.393000,0 days 02:10:07.870000,10657.8312096,300.0,8,100.0,False,0,4388.571124611399,0.7651955985969073
2024-09-01 14:17:51.889,OnTrack,1507.0,1345.0,1880.0,pos,0 days 00:01:06.493000,0 days 02:10:07.970000,10720.9562096,300.0,8,100.0,False,0,4396.897854795963,0.7666474555013564
2024-09-01 14:17:51.916,OnTrack,1504.9652964372053,1322.2696266440016,1879.8692536032206,car,0 days 00:01:06.520000,0 days 02:10:07.997000,10738.0,300.0,8,100.0,False,0,4399.156944444445,0.7670413526051676
2024-09-01 14:17:52.089,OnTrack,1491.0,1177.0,1880.0,pos,0 days 00:01:06.693000,0 days 02:10:08.170000,10785.0343576,302.703124,8,100.0,False,0,4413.771069650903,0.769589485919588
2024-09-01 14:17:52.236,OnTrack,1480.956524321574,1064.1161860443424,1878.910670889471,car,0 days 00:01:06.840000,0 days 02:10:08.317000,10825.0,305.0,8,100.0,False,0,4426.268055555555,0.7717684727329359
2024-09-01 14:17:52.330,OnTrack,1473.0,975.0,1878.0,pos,0 days 00:01:06.934000,0 days 02:10:08.411000,10852.86424777143,305.33571382857144,8,100.0,False,0,4434.251406806356,0.7731604577471258
2024-09-01 14:17:52.516,OnTrack,1449.8555639019698,727.0494248014753,1876.6142597385658,car,0 days 00:01:07.120000,0 days 02:10:08.597000,10908.0,306.0,8,100.0,False,0,4450.0680555555555,0.7759182642549359
2024-09-01 14:17:52.630,OnTrack,1438.0,600.0,1876.0,pos,0 days 00:01:07.234000,0 days 02:10:08.711000,10962.1500608,307.4250016,8,100.0,False,0,4459.813691161342,0.7776175229109609
2024-09-01 14:17:52.676,OnTrack,1434.8084808162398,565.0146276241876,1875.796922499132,car,0 days 00:01:07.280000,0 days 02:10:08.757000,10984.0,308.0,8,100.0,False,0,4463.756944444444,0.7783050724505961
2024-09-01 14:17:52.930,OnTrack,1426.0,463.0,1875.0,pos,0 days 00:01:07.534000,0 days 02:10:09.011000,10984.9071424,309.8142848,8,100.0,False,0,4485.624692359099,0.7821179545893131
2024-09-01 14:17:52.956,OnTrack,1424.5687637588524,447.42995405094274,1874.9245278299925,car,0 days 00:01:07.560000,0 days 02:10:09.037000,10985.0,310.0,8,100.0,False,0,4487.868055555556,0.7825091096134066
2024-09-01 14:17:53.116,OnTrack,1412.1414036875174,315.90893258534913,1874.455409692416,car,0 days 00:01:07.720000,0 days 02:10:09.197000,11023.0,311.0,8,100.0,False,0,4501.690277777778,0.7849191659408425
2024-09-01 14:17:53.250,OnTrack,1400.0,187.0,1874.0,pos,0 days 00:01:07.854000,0 days 02:10:09.331000,11055.846759425647,311.7465172596738,8,100.0,False,0,4513.309385821869,0.7869450851027994
2024-09-01 14:17:53.470,OnTrack,1381.0,-20.0,1873.0,pos,0 days 00:01:08.074000,0 days 02:10:09.551000,11109.774389165568,312.97214520830835,8,100.0,False,0,4532.467015627578,0.7902854283695786
2024-09-01 14:17:53.475,OnTrack,1380.6087708258979,-24.32441317984658,1872.9704289906856,car,0 days 00:01:08.079000,0 days 02:10:09.556000,11111.0,313.0,8,100.0,False,0,4532.903333333334,0.7903615051559754
2024-09-01 14:17:53.770,OnTrack,1359.0,-264.0,1871.0,pos,0 days 00:01:08.374000,0 days 02:10:09.851000,11210.5624352,314.8437488,8,100.0,False,0,4558.711630277685,0.7948614653180311
2024-09-01 14:17:53.795,OnTrack,1356.8209329245296,-287.4622524643685,1870.889823307813,car,0 days 00:01:08.399000,0 days 02:10:09.876000,11219.0,315.0,8,100.0,False,0,4560.903333333333,0.7952436128289164
2024-09-01 14:17:53.995,OnTrack,1337.2418713626746,-494.5236919797789,1870.3622160561179,car,0 days 00:01:08.599000,0 days 02:10:10.076000,11220.0,316.0,8,100.0,False,0,4578.458888888888,0.798304616846078
2024-09-01 14:17:54.070,OnTrack,1331.0,-561.0,1870.0,pos,0 days 00:01:08.674000,0 days 02:10:10.151000,11226.37500544,316.37500032,8,100.0,False,0,4585.052930944159,0.7994543605358542
2024-09-01 14:17:54.195,OnTrack,1323.1386371745523,-646.6382383797791,1869.007384758301,car,0 days 00:01:08.799000,0 days 02:10:10.276000,11237.0,317.0,8,100.0,False,0,4596.07,0.8013753075848128
2024-09-01 14:17:54.310,OnTrack,1315.0,-737.0,1868.0,pos,0 days 00:01:08.914000,0 days 02:10:10.391000,11266.03751616,317.86250048,8,100.0,False,0,4606.257633069148,0.8031516333553842
2024-09-01 14:17:54.595,OnTrack,1280.7731083312694,-1115.4829671231423,1866.3324123395853,car,0 days 00:01:09.199000,0 days 02:10:10.676000,11338.0,320.0,8,100.0,False,0,4631.625555555555,0.8075748093917223
2024-09-01 14:17:54.670,OnTrack,1274.0,-1189.0,1866.0,pos,0 days 00:01:09.274000,0 days 02:10:10.751000,11345.031256,320.0,8,100.0,False,0,4638.291784243696,0.8087371396141492
2024-09-01 14:17:54.915,OnTrack,1262.839656118811,-1304.0802758390416,1865.0553856448355,car,0 days 00:01:09.519000,0 days 02:10:10.996000,11368.0,320.0,8,100.0,False,0,4660.069999999999,0.8125344108372496
2024-09-01 14:17:54.930,OnTrack,1262.0,-1313.0,1865.0,pos,0 days 00:01:09.534000,0 days 02:10:11.011000,11368.8437392,320.0937488,8,100.0,False,0,4661.4071113679565,0.8127675508968598
2024-09-01 14:17:55.190,OnTrack,1241.0,-1543.0,1864.0,pos,0 days 00:01:09.794000,0 days 02:10:11.271000,11383.4687536,321.7187504,8,100.0,False,0,4684.658430217803,0.8168216738312467
2024-09-01 14:17:55.235,OnTrack,1237.2245455169113,-1584.5184659423496,1863.7989190014066,car,0 days 00:01:09.839000,0 days 02:10:11.316000,11386.0,322.0,8,100.0,False,0,4688.69222222222,0.8175250097918116
2024-09-01 14:17:55.410,OnTrack,1223.0,-1740.0,1863.0,pos,0 days 00:01:10.014000,0 days 02:10:11.491000,11432.874948571429,322.62499931428573,8,100.0,False,0,4704.397959453742,0.8202634776577834
2024-09-01 14:17:55.515,OnTrack,1214.322825936928,-1833.2072412050989,1862.6296275582222,car,0 days 00:01:10.119000,0 days 02:10:11.596000,11461.0,323.0,8,100.0,False,0,4713.814444444442,0.821905345287256
2024-09-01 14:17:55.690,OnTrack,1200.0,-1989.0,1862.0,pos,0 days 00:01:10.294000,0 days 02:10:11.771000,11412.8750528,322.4531256,8,100.0,False,0,4729.472120865061,0.8246354332227392
2024-09-01 14:17:55.835,OnTrack,1188.7972022438084,-2117.8756774284534,1861.193250160154,car,0 days 00:01:10.439000,0 days 02:10:11.916000,11373.0,322.0,8,100.0,False,0,4742.436666666666,0.8268959442418183
2024-09-01 14:17:55.870,OnTrack,1186.0,-2149.0,1861.0,pos,0 days 00:01:10.474000,0 days 02:10:11.951000,11371.1041632,322.0,8,100.0,False,0,4745.567761149954,0.8274418849704457
2024-09-01 14:17:56.070,OnTrack,1169.0,-2327.0,1860.0,pos,0 days 00:01:10.674000,0 days 02:10:12.151000,11360.270829866668,322.0,8,100.0,False,0,4763.456834339175,0.830561041451835
2024-09-01 14:17:56.075,OnTrack,1168.5735077034687,-2331.444547792145,1859.973844490367,car,0 days 00:01:10.679000,0 days 02:10:12.156000,11360.0,322.0,8,100.0,False,0,4763.903333333332,0.8306388934577398
2024-09-01 14:17:56.250,OnTrack,1154.0,-2487.0,1859.0,pos,0 days 00:01:10.854000,0 days 02:10:12.331000,11333.009971266856,321.1293539118341,8,100.0,False,0,4779.508162040165,0.8333597668136171
2024-09-01 14:17:56.276,OnTrack,1151.933340296035,-2510.207040860993,1858.854104717967,car,0 days 00:01:10.880000,0 days 02:10:12.357000,11329.0,321.0,8,100.0,False,0,4781.825833333332,0.833763878270893
2024-09-01 14:17:56.429,OnTrack,1140.0,-2647.0,1858.0,pos,0 days 00:01:11.033000,0 days 02:10:12.510000,11351.18499072,321.0,8,100.0,False,0,4795.46817242934,0.8361425699986602
2024-09-01 14:17:56.476,OnTrack,1136.1637035895342,-2688.784842126793,1857.7349471768375,car,0 days 00:01:11.080000,0 days 02:10:12.557000,11358.0,321.0,8,100.0,False,0,4799.6591666666645,0.8368733158959208
2024-09-01 14:17:56.609,OnTrack,1125.0,-2807.0,1857.0,pos,0 days 00:01:11.213000,0 days 02:10:12.690000,11351.9041696,321.0,8,100.0,False,0,4811.517700781415,0.8389409816241873
2024-09-01 14:17:56.716,OnTrack,1116.2092275293064,-2903.5080995494473,1856.4712624003391,car,0 days 00:01:11.320000,0 days 02:10:12.797000,11347.0,321.0,8,100.0,False,0,4821.059166666665,0.8406046410459546
2024-09-01 14:17:56.809,OnTrack,1109.0,-2984.0,1856.0,pos,0 days 00:01:11.413000,0 days 02:10:12.890000,11353.9749952,321.0,8,100.0,False,0,4829.35439685183,0.8420510055793762
2024-09-01 14:17:56.996,OnTrack,1096.1886004859837,-3126.8320643216794,1854.872481997301,car,0 days 00:01:11.600000,0 days 02:10:13.077000,11368.0,321.0,8,100.0,False,0,4846.025833333332,0.8449578537209939
2024-09-01 14:17:57.129,OnTrack,1083.0,-3268.0,1854.0,pos,0 days 00:01:11.733000,0 days 02:10:13.210000,11327.150019657143,320.5250002285714,8,100.0,False,0,4857.857937106175,0.8470209110287236
2024-09-01 14:17:57.276,OnTrack,1062.5160027627696,-3482.1365839222067,1853.0680266946756,car,0 days 00:01:11.880000,0 days 02:10:13.357000,11282.0,320.0,8,100.0,False,0,4870.914722222221,0.8492975049858305
2024-09-01 14:17:57.289,OnTrack,1061.0,-3498.0,1853.0,pos,0 days 00:01:11.893000,0 days 02:10:13.370000,11279.4000128,319.9458336,8,100.0,False,0,4872.068599784173,0.8494986962179318
2024-09-01 14:17:57.516,OnTrack,1047.4955380510899,-3642.171457166814,1852.274633165042,car,0 days 00:01:12.120000,0 days 02:10:13.597000,11234.0,319.0,8,100.0,False,0,4892.181388888887,0.853005582004088
2024-09-01 14:17:57.609,OnTrack,1043.0,-3692.0,1852.0,pos,0 days 00:01:12.213000,0 days 02:10:13.690000,11211.082158628571,318.33571474285714,8,100.0,False,0,4900.384045356418,0.8544358052926107
2024-09-01 14:17:57.796,OnTrack,1028.6415990270564,-3847.9283263875,1851.2004589927274,car,0 days 00:01:12.400000,0 days 02:10:13.877000,11165.0,317.0,8,100.0,False,0,4916.836944444443,0.857304549038317
2024-09-01 14:17:57.829,OnTrack,1025.0,-3885.0,1851.0,pos,0 days 00:01:12.433000,0 days 02:10:13.910000,11167.749994666667,317.0,8,100.0,False,0,4919.7418925077545,0.8578110586536521
2024-09-01 14:17:58.036,OnTrack,995.2636146271291,-4172.21897962499,1849.3812208271552,car,0 days 00:01:12.640000,0 days 02:10:14.117000,11185.0,317.0,8,100.0,False,0,4937.970277777777,0.8609893779247987
2024-09-01 14:17:58.109,OnTrack,987.0,-4252.0,1849.0,pos,0 days 00:01:12.713000,0 days 02:10:14.190000,11163.83001856,316.63500032,8,100.0,False,0,4944.394307032547,0.8621094780146528
2024-09-01 14:17:58.236,OnTrack,979.1064371362157,-4331.71118123613,1848.8212329744908,car,0 days 00:01:12.840000,0 days 02:10:14.317000,11127.0,316.0,8,100.0,False,0,4955.525833333332,0.8640503819419603
2024-09-01 14:17:58.449,OnTrack,968.0,-4425.0,1849.0,pos,0 days 00:01:13.053000,0 days 02:10:14.530000,10929.9750592,311.56250133333333,8,11.25002666666667,False,0,4973.93669017829,0.8672605171372527
2024-09-01 14:17:58.476,OnTrack,964.7122840053388,-4449.427862393992,1848.9511746164017,car,0 days 00:01:13.080000,0 days 02:10:14.557000,10905.0,311.0,8,0.0,True,0,4976.259166666665,0.8676654664331142
2024-09-01 14:17:58.716,OnTrack,923.8946076330731,-4740.192678942288,1848.040575472513,car,0 days 00:01:13.320000,0 days 02:10:14.797000,9869.0,303.0,8,0.0,True,0,4996.459166666666,0.8711875583971648
2024-09-01 14:17:58.729,OnTrack,922.0,-4753.0,1848.0,pos,0 days 00:01:13.333000,0 days 02:10:14.810000,9902.6373344,300.4000128,8,0.0,True,0,4997.482672123803,0.8713660178202215
2024-09-01 14:17:58.876,OnTrack,905.3859663839667,-4857.992927779671,1847.6965733286038,car,0 days 00:01:13.480000,0 days 02:10:14.957000,10283.0,271.0,8,0.0,True,0,5008.503611111109,0.8732876396342553
2024-09-01 14:17:59.076,OnTrack,889.8221758336814,-4926.900976781365,1847.3667050959841,car,0 days 00:01:13.680000,0 days 02:10:15.157000,10700.0,253.0,8,0.0,True,0,5022.559166666665,0.8757383801922991
2024-09-01 14:17:59.150,OnTrack,881.0,-4962.0,1847.0,pos,0 days 00:01:13.754000,0 days 02:10:15.231000,10615.956997485715,247.18570422857144,8,0.0,True,0,5027.478199179719,0.8765960675628501
2024-09-01 14:17:59.356,OnTrack,846.9754036859999,-5091.691681912065,1845.3565923229626,car,0 days 00:01:13.960000,0 days 02:10:15.437000,10382.0,231.0,7,0.0,True,0,5040.525833333332,0.8788710659491031
2024-09-01 14:17:59.410,OnTrack,837.0,-5126.0,1845.0,pos,0 days 00:01:14.014000,0 days 02:10:15.491000,10445.4498496,228.07500693333333,7,0.0,True,0,5043.864684509796,0.8794532313400825
2024-09-01 14:17:59.596,OnTrack,801.1992458119079,-5233.008337546793,1844.2740384428596,car,0 days 00:01:14.200000,0 days 02:10:15.677000,10664.0,218.0,6,0.0,True,0,5055.059166666665,0.8814051123126773
2024-09-01 14:17:59.650,OnTrack,790.0,-5262.0,1844.0,pos,0 days 00:01:14.254000,0 days 02:10:15.731000,10565.840793681524,215.5398695158277,6,0.0,True,0,5058.177991703505,0.8819489137284957
2024-09-01 14:17:59.810,OnTrack,754.0,-5344.0,1843.0,pos,0 days 00:01:14.414000,0 days 02:10:15.891000,10274.998011480928,208.25057672884532,6,0.0,True,0,5067.05359355564,0.8834964724393628
2024-09-01 14:17:59.910,OnTrack,729.0,-5392.0,1843.0,pos,0 days 00:01:14.514000,0 days 02:10:15.991000,10093.220807257103,203.69475707411286,6,0.0,True,0,5072.433438416611,0.8844345075063265
2024-09-01 14:18:00.035,OnTrack,694.553817641499,-5448.997449915579,1843.7886573086414,car,0 days 00:01:14.639000,0 days 02:10:16.116000,9866.0,198.0,5,0.0,True,0,5079.2041666666655,0.8856150583756475
2024-09-01 14:18:00.090,OnTrack,678.0,-5473.0,1844.0,pos,0 days 00:01:14.694000,0 days 02:10:16.171000,9836.4376032,197.3125024,5,0.0,True,0,5082.199614019276,0.8861373475365072
2024-09-01 14:18:00.195,OnTrack,643.764519492509,-5516.946004415,1843.7497204853062,car,0 days 00:01:14.799000,0 days 02:10:16.276000,9780.0,196.0,5,0.0,False,0,5087.915277777776,0.8871339363183403
2024-09-01 14:18:00.310,OnTrack,603.0,-5562.0,1843.0,pos,0 days 00:01:14.914000,0 days 02:10:16.391000,9635.5311696,193.84374880000001,5,1.4375008,False,0,5094.09847020736,0.8882120438613311
2024-09-01 14:18:00.355,OnTrack,586.3340177511741,-5578.676578943954,1842.7288664917419,car,0 days 00:01:14.959000,0 days 02:10:16.436000,9579.0,193.0,5,2.0,False,0,5096.493055555554,0.8886295661292571
2024-09-01 14:18:00.510,OnTrack,526.0,-5632.0,1842.0,pos,0 days 00:01:15.114000,0 days 02:10:16.591000,9506.92497024,190.67499904,5,15.17500544,False,0,5104.628516931448,0.8900480732151917
2024-09-01 14:18:00.710,OnTrack,442.0,-5691.0,1842.0,pos,0 days 00:01:15.314000,0 days 02:10:16.791000,9413.92497024,187.67499904,5,32.17500543999999,False,0,5114.951495641372,0.8918479979854536
2024-09-01 14:18:00.755,OnTrack,422.0917793636337,-5702.525160785965,1842.1494007041035,car,0 days 00:01:15.359000,0 days 02:10:16.836000,9393.0,187.0,5,36.0,False,0,5117.270833333332,0.8922523999976699
2024-09-01 14:18:00.950,OnTrack,332.0,-5745.0,1843.0,pos,0 days 00:01:15.554000,0 days 02:10:17.031000,9392.187499733333,185.37499946666668,5,53.062505599999994,False,0,5127.303880297132,0.8940017719821324
2024-09-01 14:18:00.995,OnTrack,310.55893806797485,-5753.1900758868,1843.0600384317117,car,0 days 00:01:15.599000,0 days 02:10:17.076000,9392.0,185.0,5,57.0,False,0,5129.604166666665,0.8944028521869416
2024-09-01 14:18:01.130,OnTrack,245.0,-5774.0,1843.0,pos,0 days 00:01:15.734000,0 days 02:10:17.211000,9447.6874208,183.3125024,5,61.218744,False,0,5136.4664704893,0.8955993702636037
2024-09-01 14:18:01.155,OnTrack,232.68956180503042,-5777.1819786618,1842.99263340768,car,0 days 00:01:15.759000,0 days 02:10:17.236000,9458.0,183.0,5,62.0,False,0,5137.737499999998,0.8958209882252721
2024-09-01 14:18:01.390,OnTrack,114.0,-5797.0,1843.0,pos,0 days 00:01:15.994000,0 days 02:10:17.471000,9530.458353066666,183.97916693333335,5,69.83333546666667,False,0,5149.747079746112,0.8979149904191043
2024-09-01 14:18:01.395,OnTrack,111.39899469586805,-5797.234703633339,1842.9983295298307,car,0 days 00:01:15.999000,0 days 02:10:17.476000,9532.0,184.0,5,70.0,False,0,5150.004166666666,0.897959816348656
2024-09-01 14:18:01.590,OnTrack,10.0,-5801.0,1843.0,pos,0 days 00:01:16.194000,0 days 02:10:17.671000,9660.375042133333,185.62500053333332,5,72.16666737777778,False,0,5160.087116462008,0.8997178894401461
2024-09-01 14:18:01.755,OnTrack,-67.31688318019212,-5797.571252489388,1843.6768242432531,car,0 days 00:01:16.359000,0 days 02:10:17.836000,9769.0,187.0,5,74.0,False,0,5168.7041666666655,0.9012203668302273
2024-09-01 14:18:01.850,OnTrack,-125.0,-5788.0,1844.0,pos,0 days 00:01:16.454000,0 days 02:10:17.931000,9833.1248704,188.7812464,5,75.7812464,False,0,5173.701253056982,0.9020916637519599
2024-09-01 14:18:01.915,OnTrack,-174.98575490847128,-5776.829566283919,1844.0797380125437,car,0 days 00:01:16.519000,0 days 02:10:17.996000,9877.0,190.0,5,77.0,False,0,5177.14861111111,0.9026927485093683
2024-09-01 14:18:02.050,OnTrack,-282.0,-5749.0,1844.0,pos,0 days 00:01:16.654000,0 days 02:10:18.131000,10056.999744,192.2499968,5,78.87499733333334,False,0,5184.407268570237,0.9039583751978132
2024-09-01 14:18:02.275,OnTrack,-361.1796432642999,-5721.920378300564,1843.798151313468,car,0 days 00:01:16.879000,0 days 02:10:18.356000,10357.0,196.0,5,82.0,False,0,5196.74861111111,0.9061102238804272
2024-09-01 14:18:02.370,OnTrack,-395.0,-5706.0,1844.0,pos,0 days 00:01:16.974000,0 days 02:10:18.451000,10491.1872288,197.7812464,5,86.1562416,False,0,5202.022449478938,0.907029775550478
2024-09-01 14:18:02.570,OnTrack,-504.0,-5652.0,1845.0,pos,0 days 00:01:17.174000,0 days 02:10:18.651000,10773.6872288,201.5312464,5,94.9062416,False,0,5213.27697909149,0.9089921264567917
2024-09-01 14:18:02.595,OnTrack,-518.1739028001314,-5644.169744129049,1845.0649127833915,car,0 days 00:01:17.199000,0 days 02:10:18.676000,10809.0,202.0,5,96.0,False,0,5214.704166666666,0.9092409722929166
2024-09-01 14:18:02.755,OnTrack,-605.6474321304394,-5590.388583455314,1845.035124112172,car,0 days 00:01:17.359000,0 days 02:10:18.836000,10939.0,208.0,5,100.0,False,0,5223.948611111111,0.910852842762713
2024-09-01 14:18:02.810,OnTrack,-634.0,-5571.0,1845.0,pos,0 days 00:01:17.414000,0 days 02:10:18.891000,10983.328217577144,209.3681548634921,5,100.0,False,0,5227.168863241452,0.9114143291067967
2024-09-01 14:18:02.956,OnTrack,-704.6612948858788,-5517.899374071317,1845.0004359529419,car,0 days 00:01:17.560000,0 days 02:10:19.037000,11101.0,213.0,5,100.0,False,0,5235.841111111111,0.9129264308163006
2024-09-01 14:18:03.009,OnTrack,-729.0,-5498.0,1845.0,pos,0 days 00:01:17.613000,0 days 02:10:19.090000,11213.183197866667,214.54583146666667,5,100.0,False,0,5239.04583910003,0.9134852103557433
2024-09-01 14:18:03.169,OnTrack,-802.0,-5432.0,1845.0,pos,0 days 00:01:17.773000,0 days 02:10:19.250000,11551.849864533333,219.21249813333333,5,100.0,False,0,5248.852618244486,0.9151951300595998
2024-09-01 14:18:03.196,OnTrack,-815.7220193191274,-5418.1699594153,1845.0321301986132,car,0 days 00:01:17.800000,0 days 02:10:19.277000,11609.0,220.0,5,100.0,False,0,5250.507777777778,0.9154837253116508
2024-09-01 14:18:03.509,OnTrack,-985.0,-5227.0,1846.0,pos,0 days 00:01:18.113000,0 days 02:10:19.590000,11882.874944,221.9562496,5,100.0,False,0,5269.79755942059,0.9188471107033556
2024-09-01 14:18:03.516,OnTrack,-987.7621437892886,-5223.683727627176,1846.0210744423707,car,0 days 00:01:18.120000,0 days 02:10:19.597000,11889.0,222.0,5,100.0,False,0,5270.2411111111105,0.9189244488144854
2024-09-01 14:18:03.676,OnTrack,-1032.9326830422092,-5166.796137144152,1846.435085276757,car,0 days 00:01:18.280000,0 days 02:10:19.757000,11749.0,232.0,5,100.0,False,0,5280.552222222222,0.9207223043384892
2024-09-01 14:18:03.836,OnTrack,-1070.615077185038,-5106.533207254598,1846.8781951360083,car,0 days 00:01:18.440000,0 days 02:10:19.917000,10888.0,236.0,5,100.0,False,0,5291.041111111112,0.9225511573715277
2024-09-01 14:18:03.869,OnTrack,-1082.0,-5087.0,1847.0,pos,0 days 00:01:18.473000,0 days 02:10:19.950000,10901.789258971428,236.58928457142858,5,100.0,False,0,5293.222557040817,0.9229315164397963
2024-09-01 14:18:04.116,OnTrack,-1188.7473648845933,-4895.874951378253,1847.9802504866764,car,0 days 00:01:18.720000,0 days 02:10:20.197000,11005.0,241.0,6,100.0,False,0,5309.785555555555,0.9258194572303576
2024-09-01 14:18:04.129,OnTrack,-1193.0,-4888.0,1848.0,pos,0 days 00:01:18.733000,0 days 02:10:20.210000,11015.291616,241.3249984,6,100.0,False,0,5310.672428377361,0.9259740932520812
2024-09-01 14:18:04.389,OnTrack,-1245.0,-4776.0,1848.0,pos,0 days 00:01:18.993000,0 days 02:10:20.470000,11221.124949333333,247.8249984,6,100.0,False,0,5328.7095408655205,0.9291190620119436
2024-09-01 14:18:04.476,OnTrack,-1269.3014773168925,-4711.399189461703,1848.4833471501215,car,0 days 00:01:19.080000,0 days 02:10:20.557000,11290.0,250.0,6,100.0,False,0,5334.785555555555,0.9301784819383407
2024-09-01 14:18:04.716,OnTrack,-1351.1889182201367,-4481.274754167582,1850.7816524146394,car,0 days 00:01:19.320000,0 days 02:10:20.797000,11473.0,252.0,6,100.0,False,0,5351.585555555555,0.9331077465421055
2024-09-01 14:18:04.749,OnTrack,-1359.0,-4458.0,1851.0,pos,0 days 00:01:19.353000,0 days 02:10:20.830000,11477.45499136,252.8249984,6,100.0,False,0,5353.920883326673,0.9335149366003271
2024-09-01 14:18:04.916,OnTrack,-1381.5251114486725,-4382.953811403134,1851.57207204747,car,0 days 00:01:19.520000,0 days 02:10:20.997000,11500.0,257.0,6,100.0,False,0,5365.863333333334,0.9355972339864427
2024-09-01 14:18:05.069,OnTrack,-1396.0,-4318.0,1852.0,pos,0 days 00:01:19.673000,0 days 02:10:21.150000,11212.700120177778,259.97499875555553,6,100.0,False,0,5376.99214865939,0.9375376652255172
2024-09-01 14:18:05.249,OnTrack,-1424.0,-4189.0,1853.0,pos,0 days 00:01:19.853000,0 days 02:10:21.330000,10874.700120177778,263.47499875555553,6,100.0,False,0,5390.263338671099,0.9398516430321322
2024-09-01 14:18:05.276,OnTrack,-1428.0308774814246,-4168.856368243455,1853.1252723572966,car,0 days 00:01:19.880000,0 days 02:10:21.357000,10824.0,264.0,6,100.0,False,0,5392.263333333333,0.9402003640780728
2024-09-01 14:18:05.550,OnTrack,-1461.0,-3968.0,1854.0,pos,0 days 00:01:20.154000,0 days 02:10:21.631000,10775.1937272,268.281252,6,100.0,False,0,5412.707243664005,0.9437649844884405
2024-09-01 14:18:05.596,OnTrack,-1465.2851256531978,-3933.0930483870097,1854.1908403239704,car,0 days 00:01:20.200000,0 days 02:10:21.677000,10767.0,269.0,7,100.0,False,0,5416.174444444444,0.9443695290432194
2024-09-01 14:18:05.810,OnTrack,-1481.0,-3769.0,1855.0,pos,0 days 00:01:20.414000,0 days 02:10:21.891000,10905.02991744,272.20999808,7,100.0,False,0,5432.453881342144,0.9472080277499845
2024-09-01 14:18:05.970,OnTrack,-1489.0,-3647.0,1855.0,pos,0 days 00:01:20.574000,0 days 02:10:22.051000,11008.22991744,274.60999808,7,100.0,False,0,5444.730929142161,0.949348665938039
2024-09-01 14:18:05.996,OnTrack,-1490.0726309347176,-3623.1728235410606,1855.0960332576287,car,0 days 00:01:20.600000,0 days 02:10:22.077000,11025.0,275.0,7,100.0,False,0,5446.73,0.9496972259085322
2024-09-01 14:18:06.196,OnTrack,-1496.3252152809887,-3412.609567487139,1856.7623197420583,car,0 days 00:01:20.800000,0 days 02:10:22.277000,11067.0,278.0,7,100.0,False,0,5462.174444444444,0.9523901345059085
2024-09-01 14:18:06.230,OnTrack,-1497.0,-3383.0,1857.0,pos,0 days 00:01:20.834000,0 days 02:10:22.311000,11089.9500864,278.708336,7,100.0,False,0,5464.824978297704,0.9528522842081366
2024-09-01 14:18:06.436,OnTrack,-1498.7401693517527,-3263.666250993597,1857.7029294366666,car,0 days 00:01:21.040000,0 days 02:10:22.517000,11229.0,283.0,7,100.0,False,0,5481.04111111111,0.9556797451521997
2024-09-01 14:18:06.530,OnTrack,-1499.0,-3211.0,1858.0,pos,0 days 00:01:21.134000,0 days 02:10:22.611000,11249.332256635535,284.178681544089,7,100.0,False,0,5488.496837557474,0.9569797329840262
2024-09-01 14:18:06.710,OnTrack,-1499.0,-3068.0,1859.0,pos,0 days 00:01:21.314000,0 days 02:10:22.791000,11288.266473476318,286.4357375928301,7,100.0,False,0,5502.862096285066,0.9594844736932321
2024-09-01 14:18:06.755,OnTrack,-1498.533280029342,-3016.3202976176785,1859.3633523721494,car,0 days 00:01:21.359000,0 days 02:10:22.836000,11298.0,287.0,7,100.0,False,0,5506.472499999999,0.9601139872531995
2024-09-01 14:18:06.950,OnTrack,-1495.0,-2763.0,1861.0,pos,0 days 00:01:21.554000,0 days 02:10:23.031000,11387.8393152,289.7857152,7,100.0,False,0,5522.20594491306,0.9628572862579086
2024-09-01 14:18:07.035,OnTrack,-1493.83747051459,-2691.0497256961753,1861.2600173134458,car,0 days 00:01:21.639000,0 days 02:10:23.116000,11427.0,291.0,7,100.0,False,0,5529.105833333332,0.9640603576221602
2024-09-01 14:18:07.350,OnTrack,-1490.0,-2551.0,1861.0,pos,0 days 00:01:21.954000,0 days 02:10:23.431000,11139.5624416,294.15000064,7,100.0,False,0,5554.881045580088,0.968554549103645
2024-09-01 14:18:07.435,OnTrack,-1487.8204473531619,-2485.25643718398,1861.3977202984279,car,0 days 00:01:22.039000,0 days 02:10:23.516000,11062.0,295.0,7,100.0,False,0,5561.8836111111095,0.9697755233504048
2024-09-01 14:18:07.530,OnTrack,-1485.0,-2403.0,1862.0,pos,0 days 00:01:22.134000,0 days 02:10:23.611000,10978.44335069091,295.86363461818183,7,100.0,False,0,5569.731613523472,0.9711439088073569
2024-09-01 14:18:07.690,OnTrack,-1480.0,-2271.0,1863.0,pos,0 days 00:01:22.294000,0 days 02:10:23.771000,10837.716077963636,297.3181800727273,7,100.0,False,0,5583.000999871282,0.973457572125352
2024-09-01 14:18:07.875,OnTrack,-1472.793808054127,-2117.773466069812,1864.1841290321431,car,0 days 00:01:22.479000,0 days 02:10:23.956000,10675.0,299.0,8,100.0,False,0,5598.428055555554,0.976147448801319
2024-09-01 14:18:08.010,OnTrack,-1467.0,-2005.0,1865.0,pos,0 days 00:01:22.614000,0 days 02:10:24.091000,10722.2499328,301.5312464,8,100.0,False,0,5609.7463680894925,0.9781209209608435
2024-09-01 14:18:08.035,OnTrack,-1465.916454282619,-1984.0719852170992,1865.1413933166364,car,0 days 00:01:22.639000,0 days 02:10:24.116000,10731.0,302.0,8,100.0,False,0,5611.850277777778,0.9784877607334275
2024-09-01 14:18:08.190,OnTrack,-1459.0,-1854.0,1866.0,pos,0 days 00:01:22.794000,0 days 02:10:24.271000,10782.784112290909,303.4090914909091,8,100.0,False,0,5624.957011597565,0.9807730637958839
2024-09-01 14:18:08.350,OnTrack,-1451.0,-1719.0,1867.0,pos,0 days 00:01:22.954000,0 days 02:10:24.431000,10836.238657745454,304.8636369454546,8,100.0,False,0,5638.583283291619,0.983148953995567
2024-09-01 14:18:08.475,OnTrack,-1444.0567861880975,-1612.6649155310915,1867.69829897122,car,0 days 00:01:23.079000,0 days 02:10:24.556000,10878.0,306.0,8,100.0,False,0,5649.250277777777,0.9850088616965703
2024-09-01 14:18:08.530,OnTrack,-1441.0,-1566.0,1868.0,pos,0 days 00:01:23.134000,0 days 02:10:24.611000,10887.035682742857,306.3928557714286,8,100.0,False,0,5653.948050752988,0.9858279700354279
2024-09-01 14:18:08.710,OnTrack,-1431.0,-1413.0,1869.0,pos,0 days 00:01:23.314000,0 days 02:10:24.791000,10916.60715337143,307.6785718857143,8,100.0,False,0,5669.346646708097,0.9885128844448907
2024-09-01 14:18:08.755,OnTrack,-1428.1331794391347,-1373.32963186938,1869.2275178877503,car,0 days 00:01:23.359000,0 days 02:10:24.836000,10924.0,308.0,8,100.0,False,0,5673.2058333333325,0.9891857760389755
2024-09-01 14:18:08.970,OnTrack,-1413.0,-1179.0,1870.0,pos,0 days 00:01:23.574000,0 days 02:10:25.051000,11033.291569066667,309.79166506666667,8,100.0,False,0,5691.710744520045,0.9924123106422521
2024-09-01 14:18:08.995,OnTrack,-1411.3349373484498,-1156.9789656473852,1870.0275208976282,car,0 days 00:01:23.599000,0 days 02:10:25.076000,11046.0,310.0,8,100.0,False,0,5693.872499999999,0.9927892364642414
2024-09-01 14:18:09.190,OnTrack,-1399.0,-990.0,1870.0,pos,0 days 00:01:23.794000,0 days 02:10:25.271000,11065.5000064,312.0892864,8,100.0,False,0,5710.81120102343,0.9957426851155325
2024-09-01 14:18:09.275,OnTrack,-1393.4429965372083,-918.383654702534,1870.1468266038546,car,0 days 00:01:23.879000,0 days 02:10:25.356000,11074.0,313.0,8,100.0,False,0,5718.2169444444435,0.9970339578576599
2024-09-01 14:18:09.436,OnTrack,-1382.4135497526343,-784.1213692795521,1870.799474946547,car,0 days 00:01:24.040000,0 days 02:10:25.517000,11101.0,314.0,8,100.0,False,0,5732.259722222221,0.9994824704697419
2024-09-01 14:18:09.470,OnTrack,-1380.0,-756.0,1871.0,pos,0 days 00:01:24.074000,0 days 02:10:25.551000,11101.0,314.0,8,100.0,False,0,5735.227872008745,1.0
