Date,Status,X,Y,Z,Source,Time,SessionTime,RPM,Speed,nGear,Throttle,Brake,DRS,Distance,RelativeDistance
2024-09-01 14:17:36.676,OnTrack,,,,car,0 days 00:00:00,0 days 02:09:52.757000,11372.0,316.0,8,99.0,False,0,0.17555555555555555,3.057541104419632e-05
2024-09-01 14:17:36.689,OnTrack,-1378.0,-727.0,1871.0,pos,0 days 00:00:00.013000,0 days 02:09:52.770000,11371.2416704,316.1083328,8,99.0,False,0,1.3212415141213396,0.00023011235534572562
2024-09-01 14:17:36.849,OnTrack,-1355.0,-463.0,1872.0,pos,0 days 00:00:00.173000,0 days 02:09:52.930000,11361.908337066667,317.44166613333334,8,99.0,False,0,15.446840305527733,0.0026902793829621046
2024-09-01 14:17:36.916,OnTrack,-1349.516343890792,-399.0777546766527,1872.2669243389898,car,0 days 00:00:00.240000,0 days 02:09:52.997000,11358.0,318.0,8,99.0,False,0,21.375555555555554,0.0037228465675205615
2024-09-01 14:17:37.189,OnTrack,-1340.0,-286.0,1873.0,pos,0 days 00:00:00.513000,0 days 02:09:53.270000,11440.658313955555,319.5166663111111,8,99.0,False,0,45.61769333441886,0.007944947798285798
2024-09-01 14:17:37.276,OnTrack,-1333.4384617705648,-213.35999792130627,1873.4739890437477,car,0 days 00:00:00.600000,0 days 02:09:53.357000,11467.0,320.0,8,99.0,False,0,53.37555555555555,0.009296086048994321
2024-09-01 14:17:37.509,OnTrack,-1311.0,32.0,1875.0,pos,0 days 00:00:00.833000,0 days 02:09:53.590000,11504.8624896,321.94166613333334,8,99.0,False,0,74.21604767015876,0.012925743969820857
2024-09-01 14:17:37.516,OnTrack,-1310.4745652074255,37.77096451228806,1875.0341313675594,car,0 days 00:00:00.840000,0 days 02:09:53.597000,11506.0,322.0,8,99.0,False,0,74.84222222222222,0.0130348008678163
2024-09-01 14:17:37.676,OnTrack,-1300.8529736859189,144.4690108988716,1875.6295814616453,car,0 days 00:00:01,0 days 02:09:53.757000,11521.0,322.0,8,99.0,False,0,89.15333333333334,0.015527277413697622
2024-09-01 14:17:37.749,OnTrack,-1295.0,211.0,1876.0,pos,0 days 00:00:01.073000,0 days 02:09:53.830000,11545.6374784,322.3041664,8,99.0,False,0,95.69382736324889,0.01666639427481852
2024-09-01 14:17:37.916,OnTrack,-1274.487365356157,446.97453042280915,1877.3450814076998,car,0 days 00:00:01.240000,0 days 02:09:53.997000,11602.0,323.0,8,99.0,False,0,110.68666666666667,0.019277603148106007
2024-09-01 14:17:38.009,OnTrack,-1264.0,569.0,1878.0,pos,0 days 00:00:01.333000,0 days 02:09:54.090000,11617.1124896,323.5812496,8,99.0,False,0,119.05050995872675,0.02073428132473628
2024-09-01 14:17:38.076,OnTrack,-1258.4254964875038,634.8169351576407,1878.312064850955,car,0 days 00:00:01.400000,0 days 02:09:54.157000,11628.0,324.0,8,99.0,False,0,125.08666666666666,0.021785560914769197
2024-09-01 14:17:38.429,OnTrack,-1243.0,821.0,1879.0,pos,0 days 00:00:01.753000,0 days 02:09:54.510000,11654.4749952,325.9611107555556,8,99.0,False,0,157.0513799804504,0.027352654735218244
2024-09-01 14:17:38.436,OnTrack,-1242.514781089695,826.4498646418185,1879.036178509214,car,0 days 00:00:01.760000,0 days 02:09:54.517000,11655.0,326.0,8,99.0,False,0,157.68666666666667,0.02746329863652059
2024-09-01 14:17:38.589,OnTrack,-1230.0,966.0,1880.0,pos,0 days 00:00:01.913000,0 days 02:09:54.670000,11694.77998336,326.76499968,8,99.0,False,0,171.5805531524445,0.02988310978382221
2024-09-01 14:17:38.636,OnTrack,-1226.2797524439547,1008.7617618146791,1880.2317186238963,car,0 days 00:00:01.960000,0 days 02:09:54.717000,11707.0,327.0,8,99.0,False,0,175.85333333333332,0.030627273133815587
2024-09-01 14:17:38.849,OnTrack,-1210.0,1202.0,1881.0,pos,0 days 00:00:02.173000,0 days 02:09:54.930000,11706.239285942856,327.7607140571429,8,99.0,False,0,195.25055474149318,0.03400556563952948
2024-09-01 14:17:38.916,OnTrack,-1203.9759587443425,1271.9407499992794,1881.361698987419,car,0 days 00:00:02.240000,0 days 02:09:54.997000,11706.0,328.0,8,99.0,False,0,201.36444444444444,0.035070383498212725
2024-09-01 14:17:39.116,OnTrack,-1184.4453687903267,1495.3629132818057,1882.7110532464278,car,0 days 00:00:02.440000,0 days 02:09:55.197000,11754.0,329.0,8,99.0,False,0,219.64222222222224,0.03825370952148507
2024-09-01 14:17:39.170,OnTrack,-1180.0,1547.0,1883.0,pos,0 days 00:00:02.494000,0 days 02:09:55.251000,11759.174987733333,329.0,8,99.0,False,0,224.57601897633987,0.03911299798597305
2024-09-01 14:17:39.356,OnTrack,-1168.3955723635006,1686.2702005800415,1883.6261981092775,car,0 days 00:00:02.680000,0 days 02:09:55.437000,11777.0,329.0,8,99.0,False,0,241.57555555555555,0.04207370074941187
2024-09-01 14:17:39.490,OnTrack,-1160.0,1785.0,1884.0,pos,0 days 00:00:02.814000,0 days 02:09:55.571000,11784.36999296,329.66999936,8,99.0,False,0,253.85793787791837,0.04421284631458524
2024-09-01 14:17:39.556,OnTrack,-1154.9955323464546,1841.5988987667452,1884.226463256418,car,0 days 00:00:02.880000,0 days 02:09:55.637000,11788.0,330.0,8,99.0,False,0,259.9088888888889,0.04526670253567288
2024-09-01 14:17:39.750,OnTrack,-1139.0,2022.0,1885.0,pos,0 days 00:00:03.074000,0 days 02:09:55.831000,11794.68965824408,330.0,8,99.0,False,0,277.6770108039819,0.048361264990948984
2024-09-01 14:17:39.875,OnTrack,-1130.4102120955176,2127.5008356940766,1885.519196803905,car,0 days 00:00:03.199000,0 days 02:09:55.956000,11799.0,330.0,8,99.0,False,0,289.15055555555557,0.05035954038475919
2024-09-01 14:17:39.950,OnTrack,-1124.0,2205.0,1886.0,pos,0 days 00:00:03.274000,0 days 02:09:56.031000,11810.2500096,330.5357147428571,8,99.0,False,0,296.05484066841814,0.05156201645920785
2024-09-01 14:17:40.150,OnTrack,-1100.0,2482.0,1888.0,pos,0 days 00:00:03.474000,0 days 02:09:56.231000,11840.2500096,331.96428617142857,8,99.0,False,0,314.5114392597127,0.05477648658304272
2024-09-01 14:17:40.155,OnTrack,-1099.4346456111919,2488.474303959813,1888.04477153134,car,0 days 00:00:03.479000,0 days 02:09:56.236000,11841.0,332.0,8,99.0,False,0,314.97277777777776,0.05485683502189287
2024-09-01 14:17:40.395,OnTrack,-1078.147445650117,2731.868766957902,1889.4537197221657,car,0 days 00:00:03.719000,0 days 02:09:56.476000,11868.0,332.0,8,99.0,False,0,337.1061111111111,0.05871165899657889
2024-09-01 14:17:40.555,OnTrack,-1067.0260519388644,2860.0750699465125,1889.9582381429022,car,0 days 00:00:03.879000,0 days 02:09:56.636000,11872.0,332.0,8,99.0,False,0,351.8616666666666,0.06128154164636956
2024-09-01 14:17:40.570,OnTrack,-1066.0,2872.0,1890.0,pos,0 days 00:00:03.894000,0 days 02:09:56.651000,11873.8124768,332.0624992,8,99.0,False,0,353.246636644948,0.06152275318898249
2024-09-01 14:17:40.795,OnTrack,-1050.9425283447094,3049.0070467224828,1890.5136503452916,car,0 days 00:00:04.119000,0 days 02:09:56.876000,11901.0,333.0,8,99.0,False,0,374.06166666666667,0.06514797653664199
2024-09-01 14:17:40.990,OnTrack,-1037.0,3213.0,1891.0,pos,0 days 00:00:04.314000,0 days 02:09:57.071000,11896.61249856,333.48750016,8,99.0,False,0,392.14490186061136,0.06829742029713162
2024-09-01 14:17:41.195,OnTrack,-1020.2137833122936,3407.853825750739,1891.7399318735436,car,0 days 00:00:04.519000,0 days 02:09:57.276000,11892.0,334.0,8,99.0,False,0,411.1727777777777,0.07161138621307335
2024-09-01 14:17:41.430,OnTrack,-1002.0,3619.0,1893.0,pos,0 days 00:00:04.754000,0 days 02:09:57.511000,11927.2500096,334.0,8,99.0,False,0,432.9765246737936,0.07540880818322762
2024-09-01 14:17:41.475,OnTrack,-999.1485207842748,3652.3660237814356,1893.30847351881,car,0 days 00:00:04.799000,0 days 02:09:57.556000,11934.0,334.0,8,99.0,False,0,437.1505555555555,0.07613577298657531
2024-09-01 14:17:41.750,OnTrack,-983.0,3841.0,1895.0,pos,0 days 00:00:05.074000,0 days 02:09:57.831000,11975.2500096,334.0,8,99.0,False,0,462.66381778557417,0.08057925799787323
2024-09-01 14:17:41.755,OnTrack,-982.6329860360615,3845.195627198059,1895.0081751568696,car,0 days 00:00:05.079000,0 days 02:09:57.836000,11976.0,334.0,8,99.0,False,0,463.12833333333333,0.08066015976007729
2024-09-01 14:17:41.910,OnTrack,-970.0,3989.0,1895.0,pos,0 days 00:00:05.234000,0 days 02:09:57.991000,11957.2708256,334.6458336,8,99.0,False,0,477.5444501918283,0.08317092449899302
2024-09-01 14:17:41.995,OnTrack,-963.1235724445955,4068.7239813041588,1895.2487741921805,car,0 days 00:00:05.319000,0 days 02:09:58.076000,11947.0,335.0,8,99.0,False,0,485.4616666666666,0.0845498164815225
2024-09-01 14:17:42.250,OnTrack,-943.0,4304.0,1897.0,pos,0 days 00:00:05.574000,0 days 02:09:58.331000,11973.77497984,335.63749952,8,99.0,False,0,509.25640961438955,0.08869399775801527
2024-09-01 14:17:42.395,OnTrack,-930.9044043327987,4439.4345630057705,1897.8997592690318,car,0 days 00:00:05.719000,0 days 02:09:58.476000,11989.0,336.0,8,99.0,False,0,522.795,0.09105192920990855
2024-09-01 14:17:42.430,OnTrack,-928.0,4472.0,1898.0,pos,0 days 00:00:05.754000,0 days 02:09:58.511000,11990.7500032,336.0,8,99.0,False,0,526.0622976527216,0.09162097396852964
2024-09-01 14:17:42.630,OnTrack,-912.0,4657.0,1898.0,pos,0 days 00:00:05.954000,0 days 02:09:58.711000,12000.7500032,336.0,8,99.0,False,0,544.7285430159932,0.09487195695695032
2024-09-01 14:17:42.715,OnTrack,-905.6856239027547,4736.7974919471535,1898.6738360242605,car,0 days 00:00:06.039000,0 days 02:09:58.796000,12005.0,336.0,8,99.0,False,0,552.6616666666666,0.0962536193926174
2024-09-01 14:17:42.870,OnTrack,-893.0,4881.0,1900.0,pos,0 days 00:00:06.194000,0 days 02:09:58.951000,12006.4531256,336.0,8,99.0,False,0,567.1293419258279,0.09877336373510175
2024-09-01 14:17:42.890,OnTrack,-891.0,4899.0,1900.0,pos,0 days 00:00:06.214000,0 days 02:09:58.971000,12006.6406232,336.0,8,99.0,False,0,568.9962080151839,0.09909850410372122
2024-09-01 14:17:43.035,OnTrack,-878.8349726738136,5036.195928101093,1900.5001330952623,car,0 days 00:00:06.359000,0 days 02:09:59.116000,12008.0,336.0,8,99.0,False,0,582.5283333333332,0.10145530957532622
2024-09-01 14:17:43.129,OnTrack,-872.0,5123.0,1901.0,pos,0 days 00:00:06.453000,0 days 02:09:59.210000,12010.335401474942,336.0,8,99.0,False,0,591.2983666076261,0.10298273131589272
2024-09-01 14:17:43.196,OnTrack,-867.1765761080617,5180.750004988503,1901.3177963079938,car,0 days 00:00:06.520000,0 days 02:09:59.277000,12012.0,336.0,8,99.0,False,0,597.555,0.10407240994850163
2024-09-01 14:17:43.329,OnTrack,-856.0,5309.0,1902.0,pos,0 days 00:00:06.653000,0 days 02:09:59.410000,12023.874994285714,336.4749997714286,8,99.0,False,0,610.0015715355396,0.10624015132009092
2024-09-01 14:17:43.476,OnTrack,-837.0682618239376,5528.69335152944,1903.1842057401914,car,0 days 00:00:06.800000,0 days 02:09:59.557000,12037.0,337.0,8,99.0,False,0,623.7661111111111,0.108637434926556
2024-09-01 14:17:43.589,OnTrack,-824.0,5681.0,1904.0,pos,0 days 00:00:06.913000,0 days 02:09:59.670000,12027.96000512,336.71750016,8,99.0,False,0,634.3263007676784,0.11047663698673825
2024-09-01 14:17:43.876,OnTrack,-812.0525052822901,5821.397516966832,1904.6587970250062,car,0 days 00:00:07.200000,0 days 02:09:59.957000,12005.0,336.0,8,99.0,False,0,661.0994444444444,0.11513954765494207
2024-09-01 14:17:43.969,OnTrack,-805.0,5904.0,1905.0,pos,0 days 00:00:07.293000,0 days 02:10:00.050000,12006.549998933333,336.0,8,99.0,False,0,669.7774202105923,0.11665093631616605
2024-09-01 14:17:44.236,OnTrack,-769.2838499174699,6322.663542792495,1906.908187579187,car,0 days 00:00:07.560000,0 days 02:10:00.317000,12011.0,336.0,8,99.0,False,0,694.6994444444445,0.12099144911048951
2024-09-01 14:17:44.249,OnTrack,-768.0,6338.0,1907.0,pos,0 days 00:00:07.573000,0 days 02:10:00.330000,12011.51999744,336.0,8,99.0,False,0,695.9129028592874,0.12120278955882481
2024-09-01 14:17:44.436,OnTrack,-759.0054383460081,6451.7288117784765,1908.13993331345,car,0 days 00:00:07.760000,0 days 02:10:00.517000,12019.0,336.0,8,99.0,False,0,713.3661111111111,0.12424250547468253
2024-09-01 14:17:44.589,OnTrack,-753.0,6524.0,1909.0,pos,0 days 00:00:07.913000,0 days 02:10:00.670000,12022.8249984,336.0,8,99.0,False,0,727.6372378935357,0.1267280182005865
2024-09-01 14:17:44.769,OnTrack,-738.0,6691.0,1910.0,pos,0 days 00:00:08.093000,0 days 02:10:00.850000,12027.3249984,336.0,8,99.0,False,0,744.4407175537607,0.12965457495897734
2024-09-01 14:17:44.796,OnTrack,-735.9128782483394,6715.366218467596,1910.103169885622,car,0 days 00:00:08.120000,0 days 02:10:00.877000,12028.0,336.0,8,99.0,False,0,746.9661111111111,0.13009440693022997
2024-09-01 14:17:45.036,OnTrack,-718.3731646600039,6933.548120763399,1910.8983404643375,car,0 days 00:00:08.360000,0 days 02:10:01.117000,11561.0,330.0,8,0.0,False,0,768.9661111111111,0.1339260090737432
2024-09-01 14:17:45.049,OnTrack,-717.0,6950.0,1911.0,pos,0 days 00:00:08.373000,0 days 02:10:01.130000,11509.6502528,327.9055658666667,8,0.0,False,0,770.0727103790829,0.13411873853406914
2024-09-01 14:17:45.249,OnTrack,-692.0,7243.0,1913.0,pos,0 days 00:00:08.573000,0 days 02:10:01.330000,10719.6502528,295.68334364444445,8,0.0,False,0,785.6690720289207,0.1368350591126385
2024-09-01 14:17:45.396,OnTrack,-681.6948205849064,7369.337383690358,1912.9289177362311,car,0 days 00:00:08.720000,0 days 02:10:01.477000,10139.0,272.0,8,0.0,True,0,796.166111111111,0.1386632626329959
2024-09-01 14:17:45.596,OnTrack,-679.22359434316,7412.150708017376,1911.1624171530402,car,0 days 00:00:08.920000,0 days 02:10:01.677000,9976.0,245.0,8,0.0,True,0,809.7772222222222,0.14103382456521998
2024-09-01 14:17:45.750,OnTrack,-672.0,7491.0,1913.0,pos,0 days 00:00:09.074000,0 days 02:10:01.831000,10270.250244571429,231.24998857142856,8,0.0,True,0,819.4729528322159,0.14272246921013718
2024-09-01 14:17:45.790,OnTrack,-669.0,7522.0,1914.0,pos,0 days 00:00:09.114000,0 days 02:10:01.871000,10346.678816,227.67856,8,0.0,True,0,821.8755815649338,0.143140920001153
2024-09-01 14:17:45.876,OnTrack,-662.5693666460811,7592.729551049633,1915.2694447892793,car,0 days 00:00:09.200000,0 days 02:10:01.957000,10511.0,220.0,8,0.0,True,0,826.8883333333333,0.14401395956573024
2024-09-01 14:17:46.036,OnTrack,-651.8405110222521,7721.931337487504,1915.055562766058,car,0 days 00:00:09.360000,0 days 02:10:02.117000,10481.0,197.0,7,0.0,True,0,835.6438888888889,0.1455388598127446
2024-09-01 14:17:46.070,OnTrack,-650.0,7744.0,1915.0,pos,0 days 00:00:09.394000,0 days 02:10:02.151000,10526.39017088,193.5999872,7,0.0,True,0,837.3989882764972,0.14584453447527362
2024-09-01 14:17:46.236,OnTrack,-643.4026255464033,7820.833418693175,1914.9989943821258,car,0 days 00:00:09.560000,0 days 02:10:02.317000,10748.0,177.0,5,0.0,True,0,845.4772222222222,0.14725146986173912
2024-09-01 14:17:46.436,OnTrack,-638.5796645272967,7865.413245798723,1915.5319248846536,car,0 days 00:00:09.760000,0 days 02:10:02.517000,10281.0,160.0,4,0.0,True,0,854.3661111111111,0.14879959193992628
2024-09-01 14:17:46.550,OnTrack,-634.0,7899.0,1916.0,pos,0 days 00:00:09.874000,0 days 02:10:02.631000,10095.169107627515,152.137923784241,4,0.0,True,0,858.9832613818216,0.1496037320705707
2024-09-01 14:17:46.755,OnTrack,-622.1457707079198,7977.300175602948,1916.9458089279265,car,0 days 00:00:10.079000,0 days 02:10:02.836000,9761.0,138.0,4,0.0,True,0,866.5944444444444,0.15092932413136237
2024-09-01 14:17:46.790,OnTrack,-620.0,7990.0,1917.0,pos,0 days 00:00:10.114000,0 days 02:10:02.871000,9864.95019008,135.54999552,4,0.0,True,0,867.8334162807969,0.1511451080924497
2024-09-01 14:17:46.870,OnTrack,-615.0,8017.0,1917.0,pos,0 days 00:00:10.194000,0 days 02:10:02.951000,10102.55019008,129.94999552,4,0.0,True,0,870.6022452430029,0.15162733768275014
2024-09-01 14:17:46.955,OnTrack,-608.6392656640622,8044.43863841888,1917.1723010811015,car,0 days 00:00:10.279000,0 days 02:10:03.036000,10355.0,124.0,3,0.0,True,0,873.4833333333333,0.15212911874195742
2024-09-01 14:17:47.115,OnTrack,-593.6972014106007,8092.85885203293,1917.876577716932,car,0 days 00:00:10.439000,0 days 02:10:03.196000,9489.0,118.0,2,0.0,True,0,878.7277777777778,0.15304251076808784
2024-09-01 14:17:47.170,OnTrack,-588.0,8108.0,1918.0,pos,0 days 00:00:10.494000,0 days 02:10:03.251000,9280.917393066668,114.79167786666666,2,0.0,True,0,880.4078537543453,0.15333511907322792
2024-09-01 14:17:47.355,OnTrack,-566.9217626854479,8153.357261317766,1917.9315259785053,car,0 days 00:00:10.679000,0 days 02:10:03.436000,8581.0,104.0,2,0.0,True,0,885.661111111111,0.15425004598907383
2024-09-01 14:17:47.410,OnTrack,-560.0,8166.0,1918.0,pos,0 days 00:00:10.734000,0 days 02:10:03.491000,8387.40067584,102.07500672,2,0.0,True,0,887.1772616302283,0.1545141044244801
2024-09-01 14:17:47.555,OnTrack,-540.205384589853,8198.434212095253,1918.6406927675378,car,0 days 00:00:10.879000,0 days 02:10:03.636000,7877.0,97.0,2,0.0,True,0,891.05,0.15518859499897478
2024-09-01 14:17:47.650,OnTrack,-526.0,8218.0,1919.0,pos,0 days 00:00:10.974000,0 days 02:10:03.731000,7673.542077866667,93.4375072,2,0.0,True,0,893.4209627916023,0.15560153073145178
2024-09-01 14:17:47.795,OnTrack,-502.4367867671259,8244.202781854197,1919.0245016136107,car,0 days 00:00:11.119000,0 days 02:10:03.876000,7363.0,88.0,2,0.0,True,0,896.9166666666666,0.1562103555705783
2024-09-01 14:17:47.850,OnTrack,-493.0,8253.0,1919.0,pos,0 days 00:00:11.174000,0 days 02:10:03.931000,7258.5003648,88.0,2,0.0,True,0,898.2644827843793,0.15644509625810965
2024-09-01 14:17:47.890,OnTrack,-486.0,8259.0,1919.0,pos,0 days 00:00:11.214000,0 days 02:10:03.971000,7182.5003648,88.0,2,0.0,True,0,899.2514274348478,0.15661698622348527
2024-09-01 14:17:47.955,OnTrack,-474.6038582089959,8267.944215685042,1919.075559262789,car,0 days 00:00:11.279000,0 days 02:10:04.036000,7059.0,88.0,2,0.0,False,0,900.8277777777778,0.15689152928498068
2024-09-01 14:17:48.115,OnTrack,-445.9585442773831,8285.788735968972,1919.6452860436495,car,0 days 00:00:11.439000,0 days 02:10:04.196000,6838.0,84.0,2,0.0,False,0,904.5611111111111,0.15754174055781928
2024-09-01 14:17:48.250,OnTrack,-413.0,8298.0,1920.0,pos,0 days 00:00:11.574000,0 days 02:10:04.331000,6715.3751744,83.4375008,2,0.0,False,0,907.7053983483326,0.15808936136318105
2024-09-01 14:17:48.355,OnTrack,-379.6310409519533,8306.170400757408,1920.0490780327673,car,0 days 00:00:11.679000,0 days 02:10:04.436000,6620.0,83.0,2,0.0,False,0,910.0944444444444,0.15850544655149076
2024-09-01 14:17:48.470,OnTrack,-345.0,8313.0,1920.0,pos,0 days 00:00:11.794000,0 days 02:10:04.551000,6786.3907176,80.8437488,2,7.187504,False,0,912.5953242986394,0.1589410091246727
2024-09-01 14:17:48.675,OnTrack,-312.5263265155043,8318.403218829017,1919.9930818768523,car,0 days 00:00:11.999000,0 days 02:10:04.756000,7083.0,77.0,2,20.0,False,0,916.9388888888889,0.15969750055169488
2024-09-01 14:17:48.750,OnTrack,-301.0,8321.0,1920.0,pos,0 days 00:00:12.074000,0 days 02:10:04.831000,7080.053568914285,77.80357211428571,2,21.60714422857143,False,0,918.5787330342906,0.15998310193090165
2024-09-01 14:17:48.955,OnTrack,-258.2841028705728,8334.099592170487,1920.0108890695647,car,0 days 00:00:12.279000,0 days 02:10:05.036000,7072.0,80.0,2,26.0,False,0,923.1611111111112,0.1607811860064259
2024-09-01 14:17:49.010,OnTrack,-247.0,8339.0,1920.0,pos,0 days 00:00:12.334000,0 days 02:10:05.091000,6934.042148266667,80.0,2,20.270853333333335,False,0,924.3929912360346,0.16099573484857171
2024-09-01 14:17:49.190,OnTrack,-215.0,8359.0,1920.0,pos,0 days 00:00:12.514000,0 days 02:10:05.271000,6482.541506133333,80.0,2,1.520826666666668,False,0,928.3858315946491,0.1616911428338796
2024-09-01 14:17:49.195,OnTrack,-214.19619452392078,8359.644639339444,1920.0069394290226,car,0 days 00:00:12.519000,0 days 02:10:05.276000,6470.0,80.0,2,1.0,True,0,928.4944444444445,0.1617100592533382
2024-09-01 14:17:49.435,OnTrack,-180.81880781232746,8395.978165170063,1920.8445148577298,car,0 days 00:00:12.759000,0 days 02:10:05.516000,6281.0,76.0,2,0.0,True,0,933.5611111111111,0.16259248883790486
2024-09-01 14:17:49.470,OnTrack,-177.0,8402.0,1921.0,pos,0 days 00:00:12.794000,0 days 02:10:05.551000,6263.863034652424,75.56431444031587,2,0.0,True,0,934.2831863091762,0.16271824815048141
2024-09-01 14:17:49.676,OnTrack,-160.1625181502783,8440.528814510833,1921.8817388032608,car,0 days 00:00:13,0 days 02:10:05.757000,6163.0,73.0,2,0.0,False,0,938.4480555555556,0.1634436173292032
2024-09-01 14:17:49.729,OnTrack,-157.0,8451.0,1922.0,pos,0 days 00:00:13.053000,0 days 02:10:05.810000,6217.892790857143,72.43214354285715,2,2.839282285714286,False,0,939.4888320894413,0.16362488285639207
2024-09-01 14:17:49.909,OnTrack,-149.0,8487.0,1922.0,pos,0 days 00:00:13.233000,0 days 02:10:05.990000,6404.321362285715,70.50357211428572,2,12.482139428571429,False,0,942.9668179693996,0.16423062186333554
2024-09-01 14:17:49.956,OnTrack,-147.46936304804115,8495.89397738077,1921.9765449964102,car,0 days 00:00:13.280000,0 days 02:10:06.037000,6453.0,70.0,2,15.0,False,0,943.8925,0.16439184210209284
2024-09-01 14:17:50.049,OnTrack,-145.0,8515.0,1922.0,pos,0 days 00:00:13.373000,0 days 02:10:06.130000,6554.71868,71.1624992,2,19.0687472,False,0,945.7574470525085,0.16471664824408966
2024-09-01 14:17:50.276,OnTrack,-141.42184226330093,8584.633336121,1922.856576961755,car,0 days 00:00:13.600000,0 days 02:10:06.357000,6803.0,74.0,2,29.0,False,0,950.4702777777778,0.16553745243995133
2024-09-01 14:17:50.329,OnTrack,-141.0,8598.0,1923.0,pos,0 days 00:00:13.653000,0 days 02:10:06.410000,6901.617738057143,74.94642742857143,2,31.6499968,False,0,951.5951303268788,0.16573336095987276
2024-09-01 14:17:50.556,OnTrack,-140.81293218878886,8625.875397959238,1922.8773212702713,car,0 days 00:00:13.880000,0 days 02:10:06.637000,7324.0,79.0,2,43.0,False,0,956.6147222222222,0.1666075918264982
2024-09-01 14:17:50.749,OnTrack,-148.0,8666.0,1923.0,pos,0 days 00:00:14.073000,0 days 02:10:06.830000,7842.029373672727,86.01817949090909,2,48.70227083636364,False,0,961.39623808904,0.16744035848306826
2024-09-01 14:17:50.949,OnTrack,-164.0,8752.0,1924.0,pos,0 days 00:00:14.273000,0 days 02:10:07.030000,8378.84755549091,93.29090676363636,2,54.611361745454545,False,0,966.867269564717,0.16839321375258792
2024-09-01 14:17:50.996,OnTrack,-166.67666607613057,8765.650545194236,1924.1076502065853,car,0 days 00:00:14.320000,0 days 02:10:07.077000,8505.0,95.0,2,56.0,False,0,968.2258333333333,0.16862982629113016
2024-09-01 14:17:51.269,OnTrack,-176.0,8802.0,1924.0,pos,0 days 00:00:14.593000,0 days 02:10:07.350000,9740.3247104,106.60249728,2,66.91999744,False,0,976.632973073829,0.1700940451388801
2024-09-01 14:17:51.396,OnTrack,-185.21874889011826,8836.367182090693,1924.4694669934709,car,0 days 00:00:14.720000,0 days 02:10:07.477000,10315.0,112.0,2,72.0,False,0,980.6702777777778,0.1707971972005922
2024-09-01 14:17:51.529,OnTrack,-197.0,8881.0,1925.0,pos,0 days 00:00:14.853000,0 days 02:10:07.610000,10570.1936272,115.3249984,2,76.9874976,False,0,984.9329943445395,0.1715396078339737
2024-09-01 14:17:51.556,OnTrack,-199.35148479206418,8889.969767294046,1925.0547948318429,car,0 days 00:00:14.880000,0 days 02:10:07.637000,10622.0,116.0,2,78.0,False,0,985.8258333333333,0.17169510800594073
2024-09-01 14:17:51.756,OnTrack,-216.85880756764942,8956.51146723195,1925.0238313017642,car,0 days 00:00:15.080000,0 days 02:10:07.837000,10430.0,126.0,2,92.0,False,0,992.8258333333333,0.17291425414251313
2024-09-01 14:17:51.789,OnTrack,-220.0,8968.0,1925.0,pos,0 days 00:00:15.113000,0 days 02:10:07.870000,10581.1809568,128.062496,2,93.4437472,False,0,994.0372872308556,0.1731252454766274
2024-09-01 14:17:51.889,OnTrack,-230.0,9004.0,1925.0,pos,0 days 00:00:15.213000,0 days 02:10:07.970000,11039.3059568,134.312496,2,97.8187472,False,0,997.8135221435851,0.1737829286487194
2024-09-01 14:17:51.916,OnTrack,-232.72199279539768,9013.994062790855,1925.0743848152972,car,0 days 00:00:15.240000,0 days 02:10:07.997000,11163.0,136.0,2,99.0,False,0,998.8702777777778,0.17396697715568038
2024-09-01 14:17:52.089,OnTrack,-250.0,9080.0,1926.0,pos,0 days 00:00:15.413000,0 days 02:10:08.170000,11068.9312848,145.1906216,2,99.0,False,0,1006.0436378202314,0.17521631632453755
2024-09-01 14:17:52.236,OnTrack,-264.43355926836404,9137.282799054392,1926.0272098441892,car,0 days 00:00:15.560000,0 days 02:10:08.317000,10989.0,153.0,3,99.0,False,0,1012.4702777777777,0.17633560393530673
2024-09-01 14:17:52.330,OnTrack,-276.0,9184.0,1926.0,pos,0 days 00:00:15.654000,0 days 02:10:08.411000,10971.207167085715,156.35713828571429,3,99.0,False,0,1016.6492581689483,0.1770634307636935
2024-09-01 14:17:52.516,OnTrack,-307.7098852306851,9313.059380470191,1926.526344488851,car,0 days 00:00:15.840000,0 days 02:10:08.597000,10936.0,163.0,4,99.0,False,0,1025.1480555555556,0.17854361304932118
2024-09-01 14:17:52.630,OnTrack,-324.0,9380.0,1927.0,pos,0 days 00:00:15.954000,0 days 02:10:08.711000,11163.2877552,170.125008,4,99.0,False,0,1030.5825677711687,0.17949010798815263
2024-09-01 14:17:52.676,OnTrack,-328.54001681341146,9398.900165545352,1927.1887413899453,car,0 days 00:00:16,0 days 02:10:08.757000,11255.0,173.0,4,99.0,False,0,1032.8369444444445,0.17988273864695306
2024-09-01 14:17:52.930,OnTrack,-342.0,9460.0,1928.0,pos,0 days 00:00:16.254000,0 days 02:10:09.011000,11564.3355584,184.7928512,4,99.0,False,0,1045.9241423684211,0.18216205390232082
2024-09-01 14:17:52.956,OnTrack,-343.9568741938309,9469.400886212314,1928.0240981824927,car,0 days 00:00:16.280000,0 days 02:10:09.037000,11596.0,186.0,4,99.0,False,0,1047.3036111111112,0.18240230732920265
2024-09-01 14:17:53.116,OnTrack,-360.1446826039036,9547.92781728021,1927.9056912121673,car,0 days 00:00:16.440000,0 days 02:10:09.197000,10668.0,194.0,5,99.0,False,0,1055.9258333333335,0.1839039857450442
2024-09-01 14:17:53.250,OnTrack,-375.0,9628.0,1928.0,pos,0 days 00:00:16.574000,0 days 02:10:09.331000,10961.381283051805,198.10584492820593,5,99.0,False,0,1063.377629261423,0.18520181834736651
2024-09-01 14:17:53.470,OnTrack,-396.0,9765.0,1929.0,pos,0 days 00:00:16.794000,0 days 02:10:09.551000,11443.053066865192,204.84679864569605,5,99.0,False,0,1076.0740100220228,0.187413067426329
2024-09-01 14:17:53.475,OnTrack,-396.3922122061414,9767.84816400756,1929.022113423414,car,0 days 00:00:16.799000,0 days 02:10:09.556000,11454.0,205.0,5,99.0,False,0,1076.368888888889,0.18746442463079993
2024-09-01 14:17:53.770,OnTrack,-413.0,9924.0,1930.0,pos,0 days 00:00:17.094000,0 days 02:10:09.851000,11847.6403688,216.9843672,5,99.0,False,0,1094.2076995862346,0.19057129850833068
2024-09-01 14:17:53.795,OnTrack,-414.06133172756773,9939.888189892055,1930.0779250910423,car,0 days 00:00:17.119000,0 days 02:10:09.876000,11881.0,218.0,5,99.0,False,0,1095.7466666666667,0.19083933076124793
2024-09-01 14:17:53.995,OnTrack,-421.13051302782594,10084.75668440024,1930.7343849652414,car,0 days 00:00:17.319000,0 days 02:10:10.076000,10901.0,224.0,5,99.0,False,0,1108.1911111111112,0.19300670167070996
2024-09-01 14:17:54.070,OnTrack,-423.0,10134.0,1931.0,pos,0 days 00:00:17.394000,0 days 02:10:10.151000,10930.25002496,226.25000192,5,99.0,False,0,1112.9392524874997,0.19383365570141334
2024-09-01 14:17:54.195,OnTrack,-425.0930340591702,10202.2439938138,1931.4688800853282,car,0 days 00:00:17.519000,0 days 02:10:10.276000,10979.0,230.0,6,99.0,False,0,1120.968888888889,0.195232127158104
2024-09-01 14:17:54.310,OnTrack,-426.0,10272.0,1932.0,pos,0 days 00:00:17.634000,0 days 02:10:10.391000,11100.32506752,232.8750016,6,99.0,False,0,1128.4998295199578,0.19654374389740736
2024-09-01 14:17:54.595,OnTrack,-424.7478571844581,10532.081925425122,1933.765245699427,car,0 days 00:00:17.919000,0 days 02:10:10.676000,11401.0,240.0,6,99.0,False,0,1147.6355555555556,0.19987649339266544
2024-09-01 14:17:54.670,OnTrack,-424.0,10583.0,1934.0,pos,0 days 00:00:17.994000,0 days 02:10:10.751000,11471.0781848,241.6406264,6,99.0,False,0,1152.7348084338655,0.2007645983135222
2024-09-01 14:17:54.915,OnTrack,-420.38065354514504,10671.895069302478,1933.9743428579386,car,0 days 00:00:18.239000,0 days 02:10:10.996000,11700.0,247.0,6,99.0,False,0,1169.591111111111,0.20370035492578772
2024-09-01 14:17:54.930,OnTrack,-420.0,10679.0,1934.0,pos,0 days 00:00:18.254000,0 days 02:10:11.011000,11657.2036728,247.3281208,6,99.0,False,0,1170.6356786964568,0.20388228071665385
2024-09-01 14:17:55.190,OnTrack,-410.0,10859.0,1935.0,pos,0 days 00:00:18.514000,0 days 02:10:11.271000,10915.3904424,253.0156264,6,99.0,False,0,1188.9641563038087,0.20707443681154766
2024-09-01 14:17:55.235,OnTrack,-407.78537103010547,10891.667247879914,1935.0486568841486,car,0 days 00:00:18.559000,0 days 02:10:11.316000,10787.0,254.0,6,99.0,False,0,1192.168888888889,0.20763258500438309
2024-09-01 14:17:55.410,OnTrack,-398.0,11015.0,1935.0,pos,0 days 00:00:18.734000,0 days 02:10:11.491000,10747.000043885715,257.1249965714286,6,99.0,False,0,1204.710449042956,0.20981686994844326
2024-09-01 14:17:55.515,OnTrack,-391.23405107048444,11089.45233225198,1935.3164204425339,car,0 days 00:00:18.839000,0 days 02:10:11.596000,10723.0,259.0,7,99.0,False,0,1212.3133333333335,0.21114101666407478
2024-09-01 14:17:55.690,OnTrack,-378.0,11215.0,1936.0,pos,0 days 00:00:19.014000,0 days 02:10:11.771000,10851.515484,262.2812464,7,99.0,False,0,1225.1352627125714,0.21337413175923217
2024-09-01 14:17:55.835,OnTrack,-364.56021152797297,11320.340643910495,1936.0140167312452,car,0 days 00:00:19.159000,0 days 02:10:11.916000,10958.0,265.0,7,99.0,False,0,1235.8688888888892,0.21524354017127076
2024-09-01 14:17:55.870,OnTrack,-361.0,11346.0,1936.0,pos,0 days 00:00:19.194000,0 days 02:10:11.951000,10983.9583808,265.5833344,7,99.0,False,0,1238.4708810034406,0.21569671283324893
2024-09-01 14:17:56.070,OnTrack,-338.0,11494.0,1936.0,pos,0 days 00:00:19.394000,0 days 02:10:12.151000,11132.291714133333,268.9166677333333,7,99.0,False,0,1253.4262798293335,0.21830140093317554
2024-09-01 14:17:56.075,OnTrack,-337.3457374093919,11497.698824080899,1936.00075032118,car,0 days 00:00:19.399000,0 days 02:10:12.156000,11136.0,269.0,7,99.0,False,0,1253.8022222222223,0.21836687646401332
2024-09-01 14:17:56.250,OnTrack,-312.0,11627.0,1936.0,pos,0 days 00:00:19.574000,0 days 02:10:12.331000,11167.343259173973,271.6119382644978,7,99.0,False,0,1267.0188619679827,0.22066873579037227
2024-09-01 14:17:56.276,OnTrack,-307.9270766850972,11646.289881889033,1935.982811167266,car,0 days 00:00:19.600000,0 days 02:10:12.357000,11172.0,272.0,7,99.0,False,0,1268.988888888889,0.22101184303459606
2024-09-01 14:17:56.429,OnTrack,-282.0,11760.0,1936.0,pos,0 days 00:00:19.753000,0 days 02:10:12.510000,11312.75994112,273.52999936,7,99.0,False,0,1280.6138657648464,0.2230364924126056
2024-09-01 14:17:56.476,OnTrack,-272.99331264595986,11794.707685516565,1936.203360143551,car,0 days 00:00:19.800000,0 days 02:10:12.557000,11356.0,274.0,7,99.0,False,0,1284.2111111111112,0.22366300209349158
2024-09-01 14:17:56.609,OnTrack,-245.0,11893.0,1937.0,pos,0 days 00:00:19.933000,0 days 02:10:12.690000,11440.2332928,276.770832,7,99.0,False,0,1294.4789452016314,0.22545128641669498
2024-09-01 14:17:56.716,OnTrack,-220.49166641347128,11973.698266558224,1937.1607169906838,car,0 days 00:00:20.040000,0 days 02:10:12.797000,11508.0,279.0,7,99.0,False,0,1302.8111111111114,0.2269024475420982
2024-09-01 14:17:56.809,OnTrack,-199.0,12041.0,1937.0,pos,0 days 00:00:20.133000,0 days 02:10:12.890000,11563.7999616,280.32857051428573,7,99.0,False,0,1310.090880531088,0.2281703193654557
2024-09-01 14:17:56.996,OnTrack,-157.56603066484544,12159.50527711767,1936.1030023133153,car,0 days 00:00:20.320000,0 days 02:10:13.077000,11676.0,283.0,7,99.0,False,0,1324.8222222222223,0.23073598483820912
2024-09-01 14:17:57.129,OnTrack,-108.0,12275.0,1936.0,pos,0 days 00:00:20.453000,0 days 02:10:13.210000,11676.0,284.42499931428574,7,99.0,False,0,1335.3590937967297,0.23257112573415484
2024-09-01 14:17:57.276,OnTrack,-26.196269986597787,12449.12145432392,1936.9277872437265,car,0 days 00:00:20.600000,0 days 02:10:13.357000,11676.0,286.0,7,99.0,False,0,1347.0666666666668,0.2346101603388725
2024-09-01 14:17:57.289,OnTrack,-20.0,12462.0,1937.0,pos,0 days 00:00:20.613000,0 days 02:10:13.370000,11621.562768,286.1624992,7,99.0,False,0,1348.1054114760225,0.23479107201333116
2024-09-01 14:17:57.516,OnTrack,39.95495420450217,12578.444631529264,1937.3072419003752,car,0 days 00:00:20.840000,0 days 02:10:13.597000,10671.0,289.0,7,99.0,False,0,1366.3333333333335,0.23796571494334315
2024-09-01 14:17:57.609,OnTrack,63.0,12618.0,1937.0,pos,0 days 00:00:20.933000,0 days 02:10:13.690000,10605.9000448,289.9964278857143,7,99.0,False,0,1373.8513813450218,0.23927508625591679
2024-09-01 14:17:57.796,OnTrack,136.93409666755753,12740.504520598271,1936.0116524609614,car,0 days 00:00:21.120000,0 days 02:10:13.877000,10475.0,292.0,8,99.0,False,0,1389.0444444444447,0.24192116685311135
2024-09-01 14:17:57.829,OnTrack,156.0,12769.0,1936.0,pos,0 days 00:00:21.153000,0 days 02:10:13.910000,10485.31248,292.27499946666666,8,99.0,False,0,1391.733400637023,0.2423894855036248
2024-09-01 14:17:58.036,OnTrack,314.02098154834005,12985.488925965099,1937.5047956555622,car,0 days 00:00:21.360000,0 days 02:10:14.117000,10550.0,294.0,8,99.0,False,0,1408.6444444444446,0.245334776035514
2024-09-01 14:17:58.109,OnTrack,359.0,13045.0,1938.0,pos,0 days 00:00:21.433000,0 days 02:10:14.190000,10571.8999808,294.36499968,8,99.0,False,0,1414.6197721086849,0.24637546141217295
2024-09-01 14:17:58.236,OnTrack,404.36637821058633,13103.81420264368,1938.3139861226286,car,0 days 00:00:21.560000,0 days 02:10:14.317000,10610.0,295.0,8,99.0,False,0,1425.0333333333338,0.24818912611717162
2024-09-01 14:17:58.449,OnTrack,469.0,13168.0,1938.0,pos,0 days 00:00:21.773000,0 days 02:10:14.530000,10610.0,296.77499946666666,8,99.0,False,0,1442.5914935312965,0.2512471208558381
2024-09-01 14:17:58.476,OnTrack,486.59112211929784,13184.836074141287,1937.9762273358597,car,0 days 00:00:21.800000,0 days 02:10:14.557000,10610.0,297.0,8,99.0,False,0,1444.8333333333337,0.2516375680463335
2024-09-01 14:17:58.716,OnTrack,700.9665270694057,13386.877048329621,1937.9873143277414,car,0 days 00:00:22.040000,0 days 02:10:14.797000,10610.0,301.0,8,99.0,False,0,1464.9000000000005,0.25513245363784104
2024-09-01 14:17:58.729,OnTrack,711.0,13396.0,1938.0,pos,0 days 00:00:22.053000,0 days 02:10:14.810000,10625.1936752,301.0,8,99.0812496,False,0,1465.987124116216,0.25532179123302085
2024-09-01 14:17:58.876,OnTrack,800.4334321842123,13473.533094477938,1938.2317424621638,car,0 days 00:00:22.200000,0 days 02:10:14.957000,10797.0,301.0,8,100.0,False,0,1478.2777777777783,0.2574623773655127
2024-09-01 14:17:59.076,OnTrack,879.6903680811823,13530.582833743934,1938.7668900766053,car,0 days 00:00:22.400000,0 days 02:10:15.157000,10856.0,303.0,8,99.0,False,0,1495.1111111111115,0.2603941335510796
2024-09-01 14:17:59.150,OnTrack,917.0,13557.0,1939.0,pos,0 days 00:00:22.474000,0 days 02:10:15.231000,10865.778588342857,303.52857234285716,8,99.0,False,0,1501.3645678935306,0.261483258933438
2024-09-01 14:17:59.356,OnTrack,1049.7015694907377,13650.166570655645,1939.754756141489,car,0 days 00:00:22.680000,0 days 02:10:15.437000,10893.0,305.0,8,99.0,False,0,1518.8333333333335,0.26452568434724155
2024-09-01 14:17:59.410,OnTrack,1091.0,13677.0,1940.0,pos,0 days 00:00:22.734000,0 days 02:10:15.491000,10917.2999424,305.44999893333335,8,99.0,False,0,1523.4267369445852,0.2653256886710094
2024-09-01 14:17:59.596,OnTrack,1249.4859905218455,13771.228451891071,1940.9155387337617,car,0 days 00:00:22.920000,0 days 02:10:15.677000,11001.0,307.0,8,99.0,False,0,1539.3000000000004,0.2680902354322675
2024-09-01 14:17:59.650,OnTrack,1294.0,13796.0,1941.0,pos,0 days 00:00:22.974000,0 days 02:10:15.731000,11007.642352307264,307.36901957262586,8,99.0,False,0,1543.9266968420684,0.2688960382294245
2024-09-01 14:17:59.810,OnTrack,1416.0,13860.0,1941.0,pos,0 days 00:00:23.134000,0 days 02:10:15.891000,11027.323442832118,308.4624134906732,8,99.0,False,0,1557.685435438329,0.2712923115156731
2024-09-01 14:17:59.910,OnTrack,1493.0,13898.0,1942.0,pos,0 days 00:00:23.234000,0 days 02:10:15.991000,11039.624155899895,309.1457864388831,8,99.0,False,0,1566.3119905124954,0.2727947445571873
2024-09-01 14:18:00.035,OnTrack,1589.9134901333448,13942.81389034112,1942.7765535054475,car,0 days 00:00:23.359000,0 days 02:10:16.116000,11055.0,310.0,8,99.0,False,0,1577.102777777778,0.2746741083579078
2024-09-01 14:18:00.090,OnTrack,1634.0,13962.0,1943.0,pos,0 days 00:00:23.414000,0 days 02:10:16.171000,11075.9686768,310.3437488,8,99.0,False,0,1581.8533787223673,0.2755014907561925
2024-09-01 14:18:00.195,OnTrack,1721.9882362234334,13998.24917406176,1943.3735829939546,car,0 days 00:00:23.519000,0 days 02:10:16.276000,11116.0,311.0,8,99.0,False,0,1590.9250000000004,0.2770814381894888
2024-09-01 14:18:00.310,OnTrack,1818.0,14035.0,1944.0,pos,0 days 00:00:23.634000,0 days 02:10:16.391000,11132.5312592,311.0,8,99.0,False,0,1600.8590244918514,0.27881158498661107
2024-09-01 14:18:00.355,OnTrack,1853.5755488277955,14047.804147779461,1944.3989330013205,car,0 days 00:00:23.679000,0 days 02:10:16.436000,11139.0,311.0,8,99.0,False,0,1604.7472222222227,0.27948876802106987
2024-09-01 14:18:00.510,OnTrack,1973.0,14087.0,1946.0,pos,0 days 00:00:23.834000,0 days 02:10:16.591000,11168.83751232,311.38750016,8,99.0,False,0,1618.1478329180504,0.2818226684150026
2024-09-01 14:18:00.710,OnTrack,2141.0,14134.0,1947.0,pos,0 days 00:00:24.034000,0 days 02:10:16.791000,11207.33751232,311.88750016,8,99.0,False,0,1635.4927604534423,0.28484352575698846
2024-09-01 14:18:00.755,OnTrack,2178.9499184997203,14143.640530629942,1947.280455727895,car,0 days 00:00:24.079000,0 days 02:10:16.836000,11216.0,312.0,8,99.0,False,0,1639.4138888888892,0.28552644412599976
2024-09-01 14:18:00.950,OnTrack,2345.0,14182.0,1949.0,pos,0 days 00:00:24.274000,0 days 02:10:17.031000,11224.937502933333,314.4375008,8,99.81250026666666,False,0,1656.474547385311,0.288497792110756
2024-09-01 14:18:00.995,OnTrack,2385.4308643791082,14190.580181915167,1949.488133804227,car,0 days 00:00:24.319000,0 days 02:10:17.076000,11227.0,315.0,8,100.0,False,0,1660.4138888888895,0.289183882535717
2024-09-01 14:18:01.130,OnTrack,2508.0,14215.0,1951.0,pos,0 days 00:00:24.454000,0 days 02:10:17.211000,11225.3125024,315.0,8,99.1562512,False,0,1672.2246742001385,0.29124089300458766
2024-09-01 14:18:01.155,OnTrack,2529.69221533311,14219.035241606503,1951.2464390273228,car,0 days 00:00:24.479000,0 days 02:10:17.236000,11225.0,315.0,8,99.0,False,0,1674.4138888888895,0.2916221748088617
2024-09-01 14:18:01.390,OnTrack,2724.0,14251.0,1953.0,pos,0 days 00:00:24.714000,0 days 02:10:17.471000,11341.520865066666,315.9791669333333,8,99.0,False,0,1695.0410668902896,0.2952146811472614
2024-09-01 14:18:01.395,OnTrack,2728.275847731179,14251.643371929422,1953.0282291443723,car,0 days 00:00:24.719000,0 days 02:10:17.476000,11344.0,316.0,8,99.0,False,0,1695.480555555556,0.2952912241341653
2024-09-01 14:18:01.590,OnTrack,2898.0,14276.0,1954.0,pos,0 days 00:00:24.914000,0 days 02:10:17.671000,11327.208327822222,316.5416668444444,8,99.0,False,0,1712.6356624756163,0.2982790216090335
2024-09-01 14:18:01.755,OnTrack,3028.1044063691647,14293.81701030315,1955.1460445272107,car,0 days 00:00:25.079000,0 days 02:10:17.836000,11313.0,317.0,8,99.0,False,0,1727.180555555556,0.3008122144955002
2024-09-01 14:18:01.850,OnTrack,3125.0,14305.0,1956.0,pos,0 days 00:00:25.174000,0 days 02:10:17.931000,11345.0624352,317.5937488,8,99.0,False,0,1735.5692407415165,0.30227321922912676
2024-09-01 14:18:01.915,OnTrack,3208.8812476523603,14313.677787917684,1956.6700830284262,car,0 days 00:00:25.239000,0 days 02:10:17.996000,11367.0,318.0,8,99.0,False,0,1741.3138888888896,0.3032737285998178
2024-09-01 14:18:02.050,OnTrack,3389.0,14331.0,1958.0,pos,0 days 00:00:25.374000,0 days 02:10:18.131000,11408.999940266667,318.3749994666667,8,99.0,False,0,1753.2559651394822,0.30535360518889826
2024-09-01 14:18:02.275,OnTrack,3527.017952186123,14342.711079537756,1958.7547937480329,car,0 days 00:00:25.599000,0 days 02:10:18.356000,11479.0,319.0,8,99.0,False,0,1773.2138888888894,0.30882955170791193
2024-09-01 14:18:02.370,OnTrack,3584.0,14347.0,1959.0,pos,0 days 00:00:25.694000,0 days 02:10:18.451000,11473.9531352,319.5937488,8,99.0,False,0,1781.6725621610474,0.31030274582795186
2024-09-01 14:18:02.570,OnTrack,3761.0,14361.0,1960.0,pos,0 days 00:00:25.894000,0 days 02:10:18.651000,11463.3281352,320.8437488,8,99.0,False,0,1799.5177501424812,0.3134107303970909
2024-09-01 14:18:02.595,OnTrack,3783.973492131464,14362.951473518619,1960.1873561419447,car,0 days 00:00:25.919000,0 days 02:10:18.676000,11462.0,321.0,8,99.0,False,0,1801.7472222222227,0.3137990235788927
2024-09-01 14:18:02.755,OnTrack,3926.953189951243,14375.780885098846,1961.6210578345087,car,0 days 00:00:26.079000,0 days 02:10:18.836000,11486.0,321.0,8,99.0,False,0,1816.0138888888894,0.3162837595143831
2024-09-01 14:18:02.810,OnTrack,3975.0,14380.0,1962.0,pos,0 days 00:00:26.134000,0 days 02:10:18.891000,11489.830833617778,321.2736309726984,8,99.0,False,0,1820.9265500407882,0.31713936692347267
2024-09-01 14:18:02.956,OnTrack,4100.130747231583,14390.404671273334,1962.6068086966206,car,0 days 00:00:26.280000,0 days 02:10:19.037000,11500.0,322.0,8,99.0,False,0,1833.9922222222228,0.3194149331751465
2024-09-01 14:18:03.009,OnTrack,4144.0,14394.0,1963.0,pos,0 days 00:00:26.333000,0 days 02:10:19.090000,11518.108311466667,322.22083306666667,8,99.0,False,0,1838.741961875392,0.32024216556770163
2024-09-01 14:18:03.169,OnTrack,4281.0,14405.0,1965.0,pos,0 days 00:00:26.493000,0 days 02:10:19.250000,11572.774978133333,322.88749973333336,8,99.0,False,0,1853.1002321102221,0.3227428555226524
2024-09-01 14:18:03.196,OnTrack,4309.931306219866,14407.13163549633,1965.2971987428723,car,0 days 00:00:26.520000,0 days 02:10:19.277000,11582.0,323.0,8,99.0,False,0,1855.5255555555561,0.3231652589095549
2024-09-01 14:18:03.509,OnTrack,4713.0,14434.0,1967.0,pos,0 days 00:00:26.833000,0 days 02:10:19.590000,11613.2999936,323.9781248,8,99.0,False,0,1883.6941706134935,0.32807121008390905
2024-09-01 14:18:03.516,OnTrack,4719.638078360232,14434.420407177366,1967.0143393375079,car,0 days 00:00:26.840000,0 days 02:10:19.597000,11614.0,324.0,8,99.0,False,0,1884.325555555556,0.3281811744428813
2024-09-01 14:18:03.676,OnTrack,4825.36223140306,14440.827342401826,1967.118961355999,car,0 days 00:00:27,0 days 02:10:19.757000,11653.0,325.0,8,99.0,False,0,1898.7700000000004,0.3306968728199354
2024-09-01 14:18:03.836,OnTrack,4917.90416510852,14445.506188379548,1967.0119595025699,car,0 days 00:00:27.160000,0 days 02:10:19.917000,11655.0,325.0,8,99.0,False,0,1913.2144444444448,0.3332125711969895
2024-09-01 14:18:03.869,OnTrack,4948.0,14447.0,1967.0,pos,0 days 00:00:27.193000,0 days 02:10:19.950000,11658.535707428571,325.1178569142857,8,99.0,False,0,1916.1954489449708,0.333731754071264
2024-09-01 14:18:04.116,OnTrack,5242.893218518712,14461.424951969144,1966.9990481038226,car,0 days 00:00:27.440000,0 days 02:10:20.197000,11685.0,326.0,8,99.0,False,0,1938.5700000000004,0.3376285894250184
2024-09-01 14:18:04.129,OnTrack,5255.0,14462.0,1967.0,pos,0 days 00:00:27.453000,0 days 02:10:20.210000,11685.7583296,326.03611093333336,8,99.0,False,0,1939.753752519946,0.33783475618378256
2024-09-01 14:18:04.389,OnTrack,5419.0,14469.0,1967.0,pos,0 days 00:00:27.713000,0 days 02:10:20.470000,11700.924996266667,326.75833315555553,8,99.0,False,0,1963.4872620127373,0.34196827281313125
2024-09-01 14:18:04.476,OnTrack,5505.777189152786,14472.384498649102,1966.9857750084134,car,0 days 00:00:27.800000,0 days 02:10:20.557000,11706.0,327.0,8,99.0,False,0,1971.2700000000004,0.3433237435201494
2024-09-01 14:18:04.716,OnTrack,5805.88851720613,14483.911092050075,1966.978841751595,car,0 days 00:00:28.040000,0 days 02:10:20.797000,10954.0,309.0,8,0.0,True,0,1991.8700000000006,0.34691151643634816
2024-09-01 14:18:04.749,OnTrack,5835.0,14485.0,1967.0,pos,0 days 00:00:28.073000,0 days 02:10:20.830000,10783.06033152,303.72001024,8,0.0,True,0,1994.5290420366389,0.3473746251257697
2024-09-01 14:18:04.916,OnTrack,5921.607231185059,14488.059758656664,1967.203225422499,car,0 days 00:00:28.240000,0 days 02:10:20.997000,9918.0,277.0,8,0.0,True,0,2007.2588888888895,0.34959170278420965
2024-09-01 14:18:05.069,OnTrack,5983.0,14490.0,1967.0,pos,0 days 00:00:28.393000,0 days 02:10:21.150000,10236.324866844445,259.1500074666667,8,0.0,True,0,2017.9079917697088,0.3514463903035115
2024-09-01 14:18:05.249,OnTrack,6103.0,14494.0,1966.0,pos,0 days 00:00:28.573000,0 days 02:10:21.330000,10610.824866844445,238.15000746666666,8,0.0,True,0,2029.1862280969701,0.3534106500529016
2024-09-01 14:18:05.276,OnTrack,6120.784567669546,14494.62273301563,1965.919590218393,car,0 days 00:00:28.600000,0 days 02:10:21.357000,10667.0,235.0,8,0.0,True,0,2030.7588888888895,0.35368455052841696
2024-09-01 14:18:05.550,OnTrack,6279.0,14501.0,1966.0,pos,0 days 00:00:28.874000,0 days 02:10:21.631000,10741.4937848,194.7562312,8,0.0,True,0,2045.183244942028,0.3561967502362353
2024-09-01 14:18:05.596,OnTrack,6303.040158032496,14502.225350257908,1965.87720497179,car,0 days 00:00:28.920000,0 days 02:10:21.677000,10754.0,188.0,8,0.0,True,0,2047.4700000000007,0.3565950200354088
2024-09-01 14:18:05.810,OnTrack,6406.0,14509.0,1965.0,pos,0 days 00:00:29.134000,0 days 02:10:21.891000,10896.84491456,176.76500672,8,0.0,True,0,2057.87482377904,0.3584071629942563
2024-09-01 14:18:05.970,OnTrack,6475.0,14517.0,1965.0,pos,0 days 00:00:29.294000,0 days 02:10:22.051000,11003.64491456,168.36500672,8,0.0,True,0,2064.964773186585,0.35964197505549944
2024-09-01 14:18:05.996,OnTrack,6487.536623984277,14519.10717573224,1964.951221174513,car,0 days 00:00:29.320000,0 days 02:10:22.077000,11021.0,167.0,5,0.0,True,0,2066.0255555555564,0.35982672487362455
2024-09-01 14:18:06.196,OnTrack,6591.90994310432,14541.54411194346,1964.083963445403,car,0 days 00:00:29.520000,0 days 02:10:22.277000,11021.0,135.0,4,0.0,True,0,2073.5255555555564,0.36113295287709496
2024-09-01 14:18:06.230,OnTrack,6606.0,14545.0,1964.0,pos,0 days 00:00:29.554000,0 days 02:10:22.311000,10842.499328,134.291664,4,0.0,True,0,2074.771588082134,0.361349966554355
2024-09-01 14:18:06.436,OnTrack,6658.71345867772,14560.643036062424,1964.1512678654594,car,0 days 00:00:29.760000,0 days 02:10:22.517000,9761.0,130.0,3,0.0,True,0,2082.192222222223,0.3626423719033274
2024-09-01 14:18:06.530,OnTrack,6679.0,14568.0,1964.0,pos,0 days 00:00:29.854000,0 days 02:10:22.611000,9197.590221925473,125.28527382364412,3,0.0,True,0,2085.327653122683,0.36318845025601104
2024-09-01 14:18:06.710,OnTrack,6730.0,14589.0,1963.0,pos,0 days 00:00:30.034000,0 days 02:10:22.791000,8118.7174306272245,116.2570496286797,3,0.0,True,0,2090.928656567928,0.3641639419290395
2024-09-01 14:18:06.755,OnTrack,6747.005192661749,14597.994596495086,1962.8733122823216,car,0 days 00:00:30.079000,0 days 02:10:22.836000,7849.0,114.0,3,0.0,True,0,2092.2938888888893,0.36440171588755715
2024-09-01 14:18:06.950,OnTrack,6826.0,14646.0,1963.0,pos,0 days 00:00:30.274000,0 days 02:10:23.031000,7620.5713536,108.4285696,3,0.0,True,0,2098.0840256055335,0.36541014771731756
2024-09-01 14:18:07.035,OnTrack,6846.649754394744,14660.15936399224,1963.1206215577217,car,0 days 00:00:30.359000,0 days 02:10:23.116000,7521.0,106.0,3,0.0,True,0,2100.538333333334,0.3658375991150758
2024-09-01 14:18:07.350,OnTrack,6872.0,14694.0,1963.0,pos,0 days 00:00:30.674000,0 days 02:10:23.431000,7346.17496448,101.27499904,3,7.08750144,True,0,2109.2987947771685,0.36736335378991036
2024-09-01 14:18:07.435,OnTrack,6883.222085777423,14711.702868125654,1962.4920446128615,car,0 days 00:00:30.759000,0 days 02:10:23.516000,7299.0,100.0,3,9.0,False,0,2111.6494444444447,0.36777275171280965
2024-09-01 14:18:07.530,OnTrack,6897.0,14735.0,1962.0,pos,0 days 00:00:30.854000,0 days 02:10:23.611000,7452.295144727273,100.4318173090909,3,17.420437527272725,False,0,2114.291269165224,0.3682328617702153
2024-09-01 14:18:07.690,OnTrack,6917.0,14777.0,1962.0,pos,0 days 00:00:31.014000,0 days 02:10:23.771000,7710.476962909091,101.15909003636364,3,31.602255709090908,False,0,2118.778131838461,0.3690143105264164
2024-09-01 14:18:07.875,OnTrack,6940.978464732052,14828.240398641276,1961.4109089147123,car,0 days 00:00:31.199000,0 days 02:10:23.956000,8009.0,102.0,3,48.0,False,0,2124.1161111111114,0.36994399292746716
2024-09-01 14:18:08.010,OnTrack,6961.0,14864.0,1961.0,pos,0 days 00:00:31.334000,0 days 02:10:24.091000,8009.0,107.0624928,3,53.9062416,False,0,2128.1483766408783,0.3706462673477885
2024-09-01 14:18:08.035,OnTrack,6965.035762881287,14870.235785881316,1960.9703989507398,car,0 days 00:00:31.359000,0 days 02:10:24.116000,8009.0,108.0,3,55.0,False,0,2128.9161111111116,0.3707799788496883
2024-09-01 14:18:08.190,OnTrack,6993.0,14907.0,1961.0,pos,0 days 00:00:31.514000,0 days 02:10:24.271000,8468.011553163637,111.8750016,3,56.40909149090909,False,0,2133.8497448455673,0.37163923892206324
2024-09-01 14:18:08.350,OnTrack,7029.0,14944.0,1961.0,pos,0 days 00:00:31.674000,0 days 02:10:24.431000,8941.829734981819,115.8750016,3,57.863636945454545,False,0,2139.2113036735986,0.37257302802652037
2024-09-01 14:18:08.475,OnTrack,7059.571368428053,14970.094019623557,1960.998896258508,car,0 days 00:00:31.799000,0 days 02:10:24.556000,9312.0,119.0,3,59.0,False,0,2143.460555555556,0.37331309360012194
2024-09-01 14:18:08.530,OnTrack,7074.0,14981.0,1961.0,pos,0 days 00:00:31.854000,0 days 02:10:24.611000,9401.571115885714,120.17856731428571,3,59.39285577142857,False,0,2145.3424668979674,0.3736408543061895
2024-09-01 14:18:08.710,OnTrack,7126.0,15015.0,1961.0,pos,0 days 00:00:32.034000,0 days 02:10:24.791000,9694.714389942857,124.03571565714286,3,60.678571885714284,False,0,2151.5830983129636,0.3747277459746702
2024-09-01 14:18:08.755,OnTrack,7139.725833920051,15023.020636905647,1960.9940487341803,car,0 days 00:00:32.079000,0 days 02:10:24.836000,9768.0,125.0,3,61.0,False,0,2153.182777777778,0.37500635212313915
2024-09-01 14:18:08.970,OnTrack,7208.0,15058.0,1961.0,pos,0 days 00:00:32.294000,0 days 02:10:25.051000,9974.9373152,131.27082773333333,3,68.16666026666667,False,0,2161.052305187732,0.37637693840006714
2024-09-01 14:18:08.995,OnTrack,7216.118545600106,15061.597798461786,1961.0195231577522,car,0 days 00:00:32.319000,0 days 02:10:25.076000,9999.0,132.0,3,69.0,False,0,2161.9827777777778,0.3765389929805444
2024-09-01 14:18:09.190,OnTrack,7284.0,15087.0,1961.0,pos,0 days 00:00:32.514000,0 days 02:10:25.271000,10483.018016,135.482144,3,75.2678592,False,0,2169.3308368875414,0.37781875839125495
2024-09-01 14:18:09.275,OnTrack,7320.114453723423,15097.629352863503,1960.5118804977071,car,0 days 00:00:32.599000,0 days 02:10:25.356000,10694.0,137.0,3,78.0,False,0,2172.6383333333333,0.37839480432177125
2024-09-01 14:18:09.436,OnTrack,7394.571270406359,15116.53452900031,1959.1648832362516,car,0 days 00:00:32.760000,0 days 02:10:25.517000,11079.0,146.0,3,99.0,False,0,2179.1677777777777,0.3795319967458296
2024-09-01 14:18:09.470,OnTrack,7409.0,15120.0,1959.0,pos,0 days 00:00:32.794000,0 days 02:10:25.551000,11141.0502336,148.3375088,3,99.0,False,0,2180.6128015733434,0.3797836674854895
2024-09-01 14:18:09.596,OnTrack,7457.441962906945,15131.088413897302,1958.842494131498,car,0 days 00:00:32.920000,0 days 02:10:25.677000,11371.0,157.0,3,99.0,False,0,2186.1455555555553,0.3807472725772065
2024-09-01 14:18:09.769,OnTrack,7522.0,15144.0,1959.0,pos,0 days 00:00:33.093000,0 days 02:10:25.850000,11168.342932114285,162.56071222857142,3,99.61785691428571,False,0,2193.97667378506,0.3821111693678554
2024-09-01 14:18:09.876,OnTrack,7568.966073825306,15152.278254242132,1958.7246241977896,car,0 days 00:00:33.200000,0 days 02:10:25.957000,11043.0,166.0,4,100.0,False,0,2199.0566666666664,0.3829959198957733
2024-09-01 14:18:10.089,OnTrack,7673.0,15170.0,1958.0,pos,0 days 00:00:33.413000,0 days 02:10:26.170000,11537.5592264,177.3156216,4,99.3343752,False,0,2209.847286111496,0.38487525446825716
2024-09-01 14:18:10.196,OnTrack,7725.71703167066,15179.813271491677,1958.0150602748433,car,0 days 00:00:33.520000,0 days 02:10:26.277000,11786.0,183.0,4,99.0,False,0,2215.3233333333333,0.38582898329885584
2024-09-01 14:18:10.209,OnTrack,7732.0,15181.0,1958.0,pos,0 days 00:00:33.533000,0 days 02:10:26.290000,11729.12528,183.0,4,99.0,False,0,2215.9827983689556,0.38594383819176775
2024-09-01 14:18:10.356,OnTrack,7801.568513335096,15194.451660858644,1957.3789286764716,car,0 days 00:00:33.680000,0 days 02:10:26.437000,11086.0,183.0,4,99.0,False,0,2223.456666666667,0.38724551500039717
2024-09-01 14:18:10.429,OnTrack,7843.0,15204.0,1957.0,pos,0 days 00:00:33.753000,0 days 02:10:26.510000,11041.678610285715,186.91071085714285,4,99.0,False,0,2227.3347609163557,0.38792093837493596
2024-09-01 14:18:10.636,OnTrack,7994.728305306784,15245.185697600911,1956.1957011936147,car,0 days 00:00:33.960000,0 days 02:10:26.717000,10916.0,198.0,5,99.0,False,0,2238.856666666667,0.3899276365008564
2024-09-01 14:18:10.689,OnTrack,8029.0,15255.0,1956.0,pos,0 days 00:00:34.013000,0 days 02:10:26.770000,10985.846344228572,199.5142838857143,5,99.0,False,0,2241.846968682015,0.39044843866502726
2024-09-01 14:18:10.916,OnTrack,8129.428165452481,15285.299426803544,1955.1354108032676,car,0 days 00:00:34.240000,0 days 02:10:26.997000,11285.0,206.0,5,99.0,False,0,2254.878888888889,0.39271812654678867
2024-09-01 14:18:11.009,OnTrack,8173.0,15299.0,1955.0,pos,0 days 00:00:34.333000,0 days 02:10:27.090000,11249.66002432,210.18499712,5,99.0,False,0,2260.407723246848,0.39368104898211076
2024-09-01 14:18:11.116,OnTrack,8234.24459185042,15318.227193372159,1955.0497846635953,car,0 days 00:00:34.440000,0 days 02:10:27.197000,11209.0,215.0,5,99.0,False,0,2266.8233333333337,0.39479841558935275
2024-09-01 14:18:11.149,OnTrack,8253.0,15324.0,1955.0,pos,0 days 00:00:34.473000,0 days 02:10:27.230000,11035.750336,215.0,5,99.0,False,0,2268.7910355735376,0.3951411179585055
2024-09-01 14:18:11.276,OnTrack,8318.61175924868,15343.387767013439,1954.2631426290172,car,0 days 00:00:34.600000,0 days 02:10:27.357000,10369.0,215.0,6,99.0,False,0,2276.378888888889,0.3964626468234039
2024-09-01 14:18:11.449,OnTrack,8428.0,15378.0,1953.0,pos,0 days 00:00:34.773000,0 days 02:10:27.530000,10552.22265949091,219.71818007272728,6,99.0,False,0,2287.0787088241473,0.39832616741427396
2024-09-01 14:18:11.649,OnTrack,8624.0,15448.0,1953.0,pos,0 days 00:00:34.973000,0 days 02:10:27.730000,10764.040841309092,225.17272552727272,6,99.0,False,0,2299.840139132353,0.40054874576532923
2024-09-01 14:18:11.716,OnTrack,8673.407225908544,15466.163415136112,1953.036363141453,car,0 days 00:00:35.040000,0 days 02:10:27.797000,10835.0,227.0,6,99.0,False,0,2304.1233333333334,0.40129472285994555
2024-09-01 14:18:11.876,OnTrack,8739.815389897318,15491.759165065345,1953.0170909434532,car,0 days 00:00:35.200000,0 days 02:10:27.957000,11041.0,231.0,6,99.0,False,0,2314.39,0.4030828038602517
2024-09-01 14:18:12.110,OnTrack,8824.0,15526.0,1952.0,pos,0 days 00:00:35.434000,0 days 02:10:28.191000,11211.625093333334,236.8500032,6,99.0,False,0,2329.791772775808,0.40576523411396487
2024-09-01 14:18:12.116,OnTrack,8827.310809603605,15527.309465944327,1951.9502169158345,car,0 days 00:00:35.440000,0 days 02:10:28.197000,11216.0,237.0,6,99.0,False,0,2330.19,0.40583459085422935
2024-09-01 14:18:12.230,OnTrack,8898.0,15555.0,1951.0,pos,0 days 00:00:35.554000,0 days 02:10:28.311000,11276.13506752,237.85500096,6,99.0,False,0,2337.7739771953084,0.4071554446395884
2024-09-01 14:18:12.390,OnTrack,8998.0,15593.0,1951.0,pos,0 days 00:00:35.714000,0 days 02:10:28.471000,11360.53506752,239.05500096,6,99.0,False,0,2348.4618710576447,0.40901688814106885
2024-09-01 14:18:12.516,OnTrack,9077.235603874315,15622.02452065399,1950.7596996216191,car,0 days 00:00:35.840000,0 days 02:10:28.597000,11427.0,240.0,6,99.0,False,0,2356.8566666666666,0.41047895708879084
2024-09-01 14:18:12.676,OnTrack,9179.212917984429,15658.035160653662,1950.1119858621496,car,0 days 00:00:36,0 days 02:10:28.757000,11540.0,240.0,6,99.0,False,0,2367.5233333333335,0.4123367035826154
2024-09-01 14:18:12.730,OnTrack,9214.0,15670.0,1950.0,pos,0 days 00:00:36.054000,0 days 02:10:28.811000,11540.0,242.0249952,6,99.0,False,0,2371.1870661739104,0.41297479297376155
2024-09-01 14:18:12.836,OnTrack,9282.813563818021,15693.223524740963,1949.9577471271355,car,0 days 00:00:36.160000,0 days 02:10:28.917000,11540.0,246.0,6,99.0,False,0,2378.4566666666665,0.4142408937387856
2024-09-01 14:18:12.890,OnTrack,9318.0,15705.0,1950.0,pos,0 days 00:00:36.214000,0 days 02:10:28.971000,11584.81989376,246.53999872,6,99.0,False,0,2382.1673808108208,0.4148871655691813
2024-09-01 14:18:13.036,OnTrack,9413.27321513332,15736.830909846793,1950.2700669802014,car,0 days 00:00:36.360000,0 days 02:10:29.117000,11706.0,248.0,6,99.0,False,0,2392.2344444444443,0.4166404829599757
2024-09-01 14:18:13.170,OnTrack,9501.0,15766.0,1950.0,pos,0 days 00:00:36.494000,0 days 02:10:29.251000,11787.73992192,249.33999872,6,99.66999936,False,0,2401.550432674792,0.41826299025417313
2024-09-01 14:18:13.236,OnTrack,9544.344459576456,15780.339386706888,1949.453512305218,car,0 days 00:00:36.560000,0 days 02:10:29.317000,11828.0,250.0,6,100.0,False,0,2406.123333333333,0.4190594237071431
2024-09-01 14:18:13.290,OnTrack,9580.0,15792.0,1949.0,pos,0 days 00:00:36.614000,0 days 02:10:29.371000,11711.028513900235,248.8150500684539,6,83.07214383505578,False,0,2409.8437277480075,0.4197073814895968
2024-09-01 14:18:13.490,OnTrack,9713.0,15833.0,1948.0,pos,0 days 00:00:36.814000,0 days 02:10:29.571000,11277.79976069221,244.4263362154059,6,20.37623164865572,False,0,2423.397998271021,0.42206804385276664
2024-09-01 14:18:13.555,OnTrack,9755.076331729999,15844.26512546031,1947.3117026701534,car,0 days 00:00:36.879000,0 days 02:10:29.636000,11137.0,243.0,6,0.0,True,0,2427.6558333333332,0.42280960430510667
2024-09-01 14:18:13.755,OnTrack,9879.82481735687,15870.81132355982,1944.3437589331886,car,0 days 00:00:37.079000,0 days 02:10:29.836000,10465.0,227.0,6,0.0,True,0,2440.2669444444446,0.42500600250353476
2024-09-01 14:18:13.790,OnTrack,9901.0,15874.0,1944.0,pos,0 days 00:00:37.114000,0 days 02:10:29.871000,10507.656328,225.5781224,6,0.0,True,0,2442.4166342190106,0.42538040050117637
2024-09-01 14:18:13.970,OnTrack,10007.0,15883.0,1943.0,pos,0 days 00:00:37.294000,0 days 02:10:30.051000,10727.031016,218.2656328,6,0.0,True,0,2453.225716854766,0.4272629506919296
2024-09-01 14:18:14.075,OnTrack,10066.807944168984,15881.816875657098,1942.0022281161393,car,0 days 00:00:37.399000,0 days 02:10:30.156000,10855.0,214.0,6,0.0,True,0,2459.289166666667,0.42831898375085525
2024-09-01 14:18:14.210,OnTrack,10142.0,15876.0,1941.0,pos,0 days 00:00:37.534000,0 days 02:10:30.291000,10621.0003328,205.0000128,6,0.0,True,0,2466.7969674880146,0.4296265703744983
2024-09-01 14:18:14.250,OnTrack,10164.0,15874.0,1941.0,pos,0 days 00:00:37.574000,0 days 02:10:30.331000,10551.666999466666,202.33334613333332,6,0.0,True,0,2468.9741896554197,0.43000576351647707
2024-09-01 14:18:14.315,OnTrack,10199.111994778401,15868.931384905847,1940.8666346392731,car,0 days 00:00:37.639000,0 days 02:10:30.396000,10439.0,198.0,5,0.0,True,0,2472.4891666666667,0.43061794503696316
2024-09-01 14:18:14.470,OnTrack,10280.0,15849.0,1940.0,pos,0 days 00:00:37.794000,0 days 02:10:30.551000,10304.079489745454,194.82954414545455,5,0.3522728727272727,True,0,2480.756001008302,0.43205772777257584
2024-09-01 14:18:14.670,OnTrack,10380.0,15814.0,1939.0,pos,0 days 00:00:37.994000,0 days 02:10:30.751000,10129.988580654546,190.73863505454545,5,0.8068183272727273,True,0,2491.204428349363,0.43387746489059176
2024-09-01 14:18:14.755,OnTrack,10420.326406932603,15795.267922137187,1938.6147246025248,car,0 days 00:00:38.079000,0 days 02:10:30.836000,10056.0,189.0,5,1.0,False,0,2495.589166666667,0.4346411272876521
2024-09-01 14:18:14.950,OnTrack,10507.0,15744.0,1938.0,pos,0 days 00:00:38.274000,0 days 02:10:31.031000,10019.0892736,185.517856,5,27.464294400000004,False,0,2505.5416168033607,0.4363744831638777
2024-09-01 14:18:15.035,OnTrack,10541.94679530794,15718.661765489294,1937.9866772159808,car,0 days 00:00:38.359000,0 days 02:10:31.116000,10003.0,184.0,5,39.0,False,0,2509.900277777778,0.43713360383353334
2024-09-01 14:18:15.050,OnTrack,10548.0,15714.0,1938.0,pos,0 days 00:00:38.374000,0 days 02:10:31.131000,10020.2497792,184.1874976,5,40.57497984,False,0,2510.67331586401,0.4372682390329981
2024-09-01 14:18:15.350,OnTrack,10662.0,15609.0,1938.0,pos,0 days 00:00:38.674000,0 days 02:10:31.431000,10365.2500736,187.9375008,5,72.07500672,False,0,2526.3742101179455,0.44000276540020056
2024-09-01 14:18:15.435,OnTrack,10690.374373375447,15575.495526546627,1936.903874995492,car,0 days 00:00:38.759000,0 days 02:10:31.516000,10463.0,189.0,5,81.0,False,0,2530.9002777777782,0.4407910422432506
2024-09-01 14:18:15.510,OnTrack,10714.0,15544.0,1936.0,pos,0 days 00:00:38.834000,0 days 02:10:31.591000,10617.062631466666,190.8750016,5,85.687504,False,0,2534.921209050629,0.4414913426470676
2024-09-01 14:18:15.675,OnTrack,10761.776308624958,15467.507624699181,1935.8240943689607,car,0 days 00:00:38.999000,0 days 02:10:31.756000,10956.0,195.0,5,96.0,False,0,2543.900277777778,0.4430551707825992
2024-09-01 14:18:15.730,OnTrack,10776.0,15442.0,1936.0,pos,0 days 00:00:39.054000,0 days 02:10:31.811000,10996.320153126298,196.5658311893708,5,96.58718669601406,False,0,2546.954830567476,0.44358716310153024
2024-09-01 14:18:15.956,OnTrack,10826.392888326465,15334.322334938948,1936.888212121703,car,0 days 00:00:39.280000,0 days 02:10:32.037000,11162.0,203.0,5,99.0,False,0,2559.7455555555553,0.4458148435234126
2024-09-01 14:18:16.010,OnTrack,10839.0,15297.0,1937.0,pos,0 days 00:00:39.334000,0 days 02:10:32.091000,11233.27983104,203.80999808,5,99.0,False,0,2562.8172720702396,0.44634982514077304
2024-09-01 14:18:16.156,OnTrack,10875.500161467886,15167.950968502446,1937.0004754988554,car,0 days 00:00:39.480000,0 days 02:10:32.237000,11426.0,206.0,5,99.0,False,0,2571.19,0.44780805069907864
2024-09-01 14:18:16.209,OnTrack,10886.0,15127.0,1937.0,pos,0 days 00:00:39.533000,0 days 02:10:32.290000,11504.43990528,207.85499776,5,99.0,False,0,2574.2870357826114,0.4483474420146782
2024-09-01 14:18:16.356,OnTrack,10901.57668811278,15055.919841596873,1937.1727412481819,car,0 days 00:00:39.680000,0 days 02:10:32.437000,11722.0,213.0,5,99.0,False,0,2583.0233333333335,0.4498689882156653
2024-09-01 14:18:16.516,OnTrack,10908.221681829227,15002.041934507284,1937.057499550391,car,0 days 00:00:39.840000,0 days 02:10:32.597000,11302.0,218.0,5,99.0,False,0,2592.7122222222224,0.4515564412808893
2024-09-01 14:18:16.529,OnTrack,10909.0,14996.0,1937.0,pos,0 days 00:00:39.853000,0 days 02:10:32.610000,11285.930634666667,218.28888746666667,5,99.0,False,0,2593.5102546571165,0.4516954295894408
2024-09-01 14:18:16.809,OnTrack,10931.0,14824.0,1935.0,pos,0 days 00:00:40.133000,0 days 02:10:32.890000,10939.819523555556,224.5111096888889,5,99.0,False,0,2611.06883842042,0.45475349809782856
2024-09-01 14:18:16.876,OnTrack,10935.26231038972,14784.215776535011,1934.974540998598,car,0 days 00:00:40.200000,0 days 02:10:32.957000,10857.0,226.0,6,99.0,False,0,2615.3122222222223,0.4554925416646801
2024-09-01 14:18:16.969,OnTrack,10941.0,14723.0,1935.0,pos,0 days 00:00:40.293000,0 days 02:10:33.050000,10926.749952,227.39499904,6,99.0,False,0,2621.208300291723,0.4565194246360174
2024-09-01 14:18:17.076,OnTrack,10949.288029634352,14625.33464655991,1934.3973898101858,car,0 days 00:00:40.400000,0 days 02:10:33.157000,11007.0,229.0,6,99.0,False,0,2628.034444444445,0.4577082913890856
2024-09-01 14:18:17.249,OnTrack,10962.0,14466.0,1933.0,pos,0 days 00:00:40.573000,0 days 02:10:33.330000,11106.4749632,232.02749888,6,99.0,False,0,2639.2542485820554,0.4596623743701522
2024-09-01 14:18:17.476,OnTrack,10967.204058941936,14389.773944826018,1932.9481339507565,car,0 days 00:00:40.800000,0 days 02:10:33.557000,11237.0,236.0,6,99.0,False,0,2654.256666666667,0.46227525151973764
2024-09-01 14:18:17.529,OnTrack,10969.0,14361.0,1933.0,pos,0 days 00:00:40.853000,0 days 02:10:33.610000,11274.0999552,236.9937488,6,99.0,False,0,2657.7923880245085,0.4628910459530818
2024-09-01 14:18:17.796,OnTrack,10986.147510717086,14095.687302517052,1932.9971072127078,car,0 days 00:00:41.120000,0 days 02:10:33.877000,11461.0,242.0,6,99.0,False,0,2675.767777777778,0.46602170694895056
2024-09-01 14:18:17.849,OnTrack,10989.0,14053.0,1933.0,pos,0 days 00:00:41.173000,0 days 02:10:33.930000,11485.622886933334,242.44166613333334,6,99.0,False,0,2679.359009427346,0.46664716926196587
2024-09-01 14:18:18.169,OnTrack,10999.0,13925.0,1933.0,pos,0 days 00:00:41.493000,0 days 02:10:34.250000,11634.2895536,245.1083328,6,99.0,False,0,2701.1960365375817,0.4704503874384902
2024-09-01 14:18:18.276,OnTrack,11004.592772520271,13860.778110885622,1932.7264047923122,car,0 days 00:00:41.600000,0 days 02:10:34.357000,11684.0,246.0,6,99.0,False,0,2708.567777777778,0.4717342774174611
2024-09-01 14:18:18.489,OnTrack,11020.0,13690.0,1932.0,pos,0 days 00:00:41.813000,0 days 02:10:34.570000,11781.1812208,248.6624992,6,99.0,False,0,2723.348584509666,0.47430855790640464
2024-09-01 14:18:18.596,OnTrack,11028.776138190693,13599.987155189683,1931.8176480934799,car,0 days 00:00:41.920000,0 days 02:10:34.677000,11830.0,250.0,6,99.0,False,0,2730.79,0.475604582612929
2024-09-01 14:18:18.756,OnTrack,11042.58321421218,13464.17308506297,1931.8023230252186,car,0 days 00:00:42.080000,0 days 02:10:34.837000,11842.0,251.0,6,99.0,False,0,2741.945555555556,0.47754747582105395
2024-09-01 14:18:18.870,OnTrack,11051.0,13376.0,1932.0,pos,0 days 00:00:42.194000,0 days 02:10:34.951000,11682.806964114287,251.40714331428572,6,66.42853485714286,False,0,2750.0438910951552,0.47895791217616385
2024-09-01 14:18:19.036,OnTrack,11060.496146866924,13263.58473507625,1932.6051073973942,car,0 days 00:00:42.360000,0 days 02:10:35.117000,11451.0,252.0,6,19.0,True,0,2761.545555555556,0.48096108500345663
2024-09-01 14:18:19.250,OnTrack,11066.0,13134.0,1933.0,pos,0 days 00:00:42.574000,0 days 02:10:35.331000,11030.49025152,229.53001344,6,8.83500608,True,0,2774.563907397651,0.4832284097681466
2024-09-01 14:18:19.436,OnTrack,11062.45691975647,13021.11726582587,1931.9262818735035,car,0 days 00:00:42.760000,0 days 02:10:35.517000,10665.0,210.0,6,0.0,True,0,2784.878888888889,0.48502490545869786
2024-09-01 14:18:19.716,OnTrack,11050.79821891186,12876.825403204937,1929.2233427419808,car,0 days 00:00:43.040000,0 days 02:10:35.797000,10173.0,191.0,5,0.0,True,0,2799.7344444444448,0.48761220448186815
2024-09-01 14:18:19.750,OnTrack,11050.0,12865.0,1929.0,pos,0 days 00:00:43.074000,0 days 02:10:35.831000,10133.72985216,190.23499712,5,0.0,True,0,2801.4950343731443,0.4879188353975342
2024-09-01 14:18:20.110,OnTrack,11016.0,12745.0,1928.0,pos,0 days 00:00:43.434000,0 days 02:10:36.191000,9717.92985216,182.13499712,5,0.0,True,0,2819.6599681493553,0.4910825080881572
2024-09-01 14:18:20.116,OnTrack,11013.793278582245,12740.437038201319,1927.9962753377772,car,0 days 00:00:43.440000,0 days 02:10:36.197000,9711.0,182.0,5,0.0,True,0,2819.956666666667,0.4911341822097439
2024-09-01 14:18:20.250,OnTrack,10955.0,12624.0,1928.0,pos,0 days 00:00:43.574000,0 days 02:10:36.331000,9684.125378651743,179.7604482209786,5,7.0919139669011315,True,0,2826.5359700887666,0.492280058259514
2024-09-01 14:18:20.475,OnTrack,10915.309001197094,12555.892688325415,1928.4727531044523,car,0 days 00:00:43.799000,0 days 02:10:36.556000,9639.0,176.0,5,19.0,False,0,2837.5077777777783,0.4941909492531245
2024-09-01 14:18:20.630,OnTrack,10883.0,12532.0,1929.0,pos,0 days 00:00:43.954000,0 days 02:10:36.711000,9831.20007936,176.77500032,5,56.200015359999995,False,0,2845.134828206838,0.4955193048337004
2024-09-01 14:18:20.675,OnTrack,10866.243639366954,12518.464517360351,1929.1669145479832,car,0 days 00:00:43.999000,0 days 02:10:36.756000,9887.0,177.0,5,67.0,False,0,2847.3411111111113,0.495903559302119
2024-09-01 14:18:20.915,OnTrack,10736.806678869669,12411.242067945004,1929.9888810502766,car,0 days 00:00:44.239000,0 days 02:10:36.996000,9996.0,177.0,5,85.0,False,0,2859.1411111111115,0.4979586913609125
2024-09-01 14:18:20.990,OnTrack,10703.0,12385.0,1930.0,pos,0 days 00:00:44.314000,0 days 02:10:37.071000,10176.26801097143,180.7500032,5,88.7500032,False,0,2863.007077824105,0.49863200255837875
2024-09-01 14:18:21.195,OnTrack,10641.739980464747,12345.919956314185,1929.2952552012416,car,0 days 00:00:44.519000,0 days 02:10:37.276000,10669.0,191.0,5,99.0,False,0,2873.9966666666674,0.5005459903840829
2024-09-01 14:18:21.270,OnTrack,10616.0,12332.0,1929.0,pos,0 days 00:00:44.594000,0 days 02:10:37.351000,10727.1250496,193.62500224,5,99.0,False,0,2878.0841250101294,0.501257877390916
2024-09-01 14:18:21.395,OnTrack,10558.907133577886,12301.211174036289,1928.624264555427,car,0 days 00:00:44.719000,0 days 02:10:37.476000,10824.0,198.0,5,99.0,False,0,2884.996666666667,0.5024617914558394
2024-09-01 14:18:21.570,OnTrack,10468.0,12253.0,1928.0,pos,0 days 00:00:44.894000,0 days 02:10:37.651000,11164.277404444445,203.34721635555556,5,99.0,False,0,2894.9875417612147,0.5042018395661958
2024-09-01 14:18:21.730,OnTrack,10391.0,12214.0,1927.0,pos,0 days 00:00:45.054000,0 days 02:10:37.811000,11475.388515555556,208.23610524444445,5,99.0,False,0,2904.4050013800515,0.505842019496286
2024-09-01 14:18:21.755,OnTrack,10375.778471416661,12206.363816988272,1926.867750017958,car,0 days 00:00:45.079000,0 days 02:10:37.836000,11524.0,209.0,5,99.0,False,0,2905.8966666666674,0.506101813492177
2024-09-01 14:18:21.995,OnTrack,10196.812770590295,12116.855728752671,1926.087271471457,car,0 days 00:00:45.319000,0 days 02:10:38.076000,11694.0,218.0,5,99.0,False,0,2920.4300000000003,0.5086329930900129
2024-09-01 14:18:22.030,OnTrack,10177.0,12107.0,1926.0,pos,0 days 00:00:45.354000,0 days 02:10:38.111000,11448.999552,218.4375008,5,99.0,False,0,2922.5580310091,0.5090036189161915
2024-09-01 14:18:22.155,OnTrack,10129.274468935102,12083.449862745118,1925.7014292599729,car,0 days 00:00:45.479000,0 days 02:10:38.236000,10574.0,220.0,5,99.0,False,0,2930.207777777778,0.5103359273760187
2024-09-01 14:18:22.370,OnTrack,10044.0,12039.0,1925.0,pos,0 days 00:00:45.694000,0 days 02:10:38.451000,10731.666525866667,228.0624928,5,99.0,False,0,2943.864083776047,0.5127143606185388
2024-09-01 14:18:22.395,OnTrack,10023.565893824556,12028.046847099205,1924.8753345733935,car,0 days 00:00:45.719000,0 days 02:10:38.476000,10750.0,229.0,6,99.0,False,0,2945.4744444444445,0.5129948270453052
2024-09-01 14:18:22.570,OnTrack,9851.0,11935.0,1924.0,pos,0 days 00:00:45.894000,0 days 02:10:38.651000,10993.780904686457,233.3532304408296,6,99.0,False,0,2956.8328183055196,0.5149730438468015
2024-09-01 14:18:22.596,OnTrack,9831.376734602984,11924.402843450465,1923.9448621817555,car,0 days 00:00:45.920000,0 days 02:10:38.677000,11030.0,234.0,6,99.0,False,0,2958.5394444444446,0.5152702762273507
2024-09-01 14:18:22.836,OnTrack,9750.776794003508,11880.794066700948,1924.5322978386066,car,0 days 00:00:46.160000,0 days 02:10:38.917000,11427.0,240.0,6,100.0,False,0,2974.5394444444446,0.5180568959680876
2024-09-01 14:18:22.989,OnTrack,9686.0,11846.0,1925.0,pos,0 days 00:00:46.313000,0 days 02:10:39.070000,11627.812416,243.8249984,6,99.0437504,False,0,2984.9064320324233,0.5198624492346272
2024-09-01 14:18:22.996,OnTrack,9681.574760203164,11843.626836824238,1925.012599710944,car,0 days 00:00:46.320000,0 days 02:10:39.077000,11637.0,244.0,6,99.0,False,0,2985.3838888888895,0.519945604903476
2024-09-01 14:18:23.156,OnTrack,9548.734642052179,11772.44862976181,1925.0946329628675,car,0 days 00:00:46.480000,0 days 02:10:39.237000,11704.0,247.0,6,99.0,False,0,2996.361666666667,0.521857535670037
2024-09-01 14:18:23.249,OnTrack,9475.0,11733.0,1925.0,pos,0 days 00:00:46.573000,0 days 02:10:39.330000,11618.5563088,248.1624992,6,99.0,False,0,3002.7697688752064,0.522973594677223
2024-09-01 14:18:23.316,OnTrack,9432.758475873376,11710.442044046908,1924.8785462055077,car,0 days 00:00:46.640000,0 days 02:10:39.397000,11557.0,249.0,6,99.0,False,0,3007.428333333334,0.5237849476573802
2024-09-01 14:18:23.596,OnTrack,9313.689332391905,11646.034711451148,1924.100133320901,car,0 days 00:00:46.920000,0 days 02:10:39.677000,10656.0,256.0,6,99.0,False,0,3027.339444444445,0.5272527411125193
2024-09-01 14:18:23.669,OnTrack,9264.0,11618.0,1924.0,pos,0 days 00:00:46.993000,0 days 02:10:39.750000,10690.6749696,256.0,6,99.0,False,0,3032.515550778102,0.5281542311181144
2024-09-01 14:18:23.756,OnTrack,9188.396080467493,11574.945634798945,1923.9687326820317,car,0 days 00:00:47.080000,0 days 02:10:39.837000,10732.0,256.0,7,99.0,False,0,3038.717222222223,0.529234337372599
2024-09-01 14:18:23.849,OnTrack,9101.0,11525.0,1924.0,pos,0 days 00:00:47.173000,0 days 02:10:39.930000,10799.4249536,259.71999744,7,99.0,False,0,3045.476893776776,0.5304116270097748
2024-09-01 14:18:23.956,OnTrack,9009.92012267541,11472.976975209458,1924.0625178309517,car,0 days 00:00:47.280000,0 days 02:10:40.037000,10877.0,264.0,7,99.0,False,0,3053.3838888888895,0.5317887388016077
2024-09-01 14:18:24.829,OnTrack,8503.0,11186.0,1925.0,pos,0 days 00:00:48.153000,0 days 02:10:40.910000,11476.195410618182,276.89658996363636,7,99.0,False,0,3120.551593074608,0.5434869169531013
2024-09-01 14:18:24.836,OnTrack,8498.694704969375,11183.59794657243,1925.0020310411303,car,0 days 00:00:48.160000,0 days 02:10:40.917000,11481.0,277.0,7,99.0,False,0,3121.0950000000007,0.5435815587321984
2024-09-01 14:18:25.036,OnTrack,8369.345304647724,11111.467443040941,1925.0080727072157,car,0 days 00:00:48.360000,0 days 02:10:41.117000,11603.0,280.0,7,99.0,False,0,3136.6505555555564,0.5462907723690259
2024-09-01 14:18:25.089,OnTrack,8333.0,11091.0,1925.0,pos,0 days 00:00:48.413000,0 days 02:10:41.170000,11625.5249728,280.9937488,7,99.0,False,0,3140.81480291534,0.5470160332376561
2024-09-01 14:18:25.270,OnTrack,8203.0,11017.0,1925.0,pos,0 days 00:00:48.594000,0 days 02:10:41.351000,11702.4500544,284.3875024,7,99.0,False,0,3155.1918962470013,0.5495200014934327
2024-09-01 14:18:25.356,OnTrack,8139.255794259197,10980.585023416283,1925.0971063976783,car,0 days 00:00:48.680000,0 days 02:10:41.437000,11739.0,286.0,7,99.0,False,0,3162.072777777779,0.5507184015126412
2024-09-01 14:18:25.596,OnTrack,7962.661480288748,10878.693660257137,1925.915486162989,car,0 days 00:00:48.920000,0 days 02:10:41.677000,11607.0,290.0,7,99.0,False,0,3181.406111111112,0.5540855670326982
2024-09-01 14:18:25.610,OnTrack,7953.0,10873.0,1926.0,pos,0 days 00:00:48.934000,0 days 02:10:41.691000,11565.1170496,290.15555413333334,7,99.0,False,0,3182.540585986533,0.5542831514128994
2024-09-01 14:18:25.910,OnTrack,7760.0,10755.0,1928.0,pos,0 days 00:00:49.234000,0 days 02:10:41.991000,10667.616283733334,293.4888903111111,7,99.0,False,0,3207.0267659726896,0.5585477559456906
2024-09-01 14:18:25.956,OnTrack,7730.459357374276,10736.037738425242,1928.0117052886699,car,0 days 00:00:49.280000,0 days 02:10:42.037000,10530.0,294.0,8,99.0,False,0,3210.806111111112,0.5592059808063022
2024-09-01 14:18:26.196,OnTrack,7571.613213691828,10629.694243748429,1927.0277100588196,car,0 days 00:00:49.520000,0 days 02:10:42.277000,10673.0,297.0,8,99.0,False,0,3230.606111111112,0.5626544227354642
2024-09-01 14:18:26.210,OnTrack,7562.0,10623.0,1927.0,pos,0 days 00:00:49.534000,0 days 02:10:42.291000,10673.1749984,297.0874992,8,99.0,False,0,3231.7632638742634,0.562855956781267
2024-09-01 14:18:26.350,OnTrack,7464.0,10553.0,1927.0,pos,0 days 00:00:49.674000,0 days 02:10:42.431000,10674.9250016,297.9625008,8,99.0,False,0,3243.3523591556423,0.5648743568867902
2024-09-01 14:18:26.356,OnTrack,7459.766032611192,10549.888062200269,1927.0049749083935,car,0 days 00:00:49.680000,0 days 02:10:42.437000,10675.0,298.0,8,99.0,False,0,3243.8505555555566,0.564961124631963
2024-09-01 14:18:26.510,OnTrack,7352.0,10468.0,1927.0,pos,0 days 00:00:49.834000,0 days 02:10:42.591000,10731.7875472,299.9250016,8,99.0,False,0,3256.6828589313714,0.5671960465010987
2024-09-01 14:18:26.516,OnTrack,7347.940747334859,10464.807582117315,1926.9796328814962,car,0 days 00:00:49.840000,0 days 02:10:42.597000,10734.0,300.0,8,99.0,False,0,3257.1838888888897,0.5672833077492437
2024-09-01 14:18:26.750,OnTrack,7195.0,10340.0,1925.0,pos,0 days 00:00:50.074000,0 days 02:10:42.831000,10791.7687816,301.4625008,8,99.0,False,0,3276.7768927174793,0.5706956984523113
2024-09-01 14:18:26.836,OnTrack,7135.55646688869,10291.69756670462,1924.0962748325128,car,0 days 00:00:50.160000,0 days 02:10:42.917000,10813.0,302.0,8,99.0,False,0,3284.028333333334,0.5719586364253689
2024-09-01 14:18:27.010,OnTrack,7017.0,10196.0,1922.0,pos,0 days 00:00:50.334000,0 days 02:10:43.091000,10894.98488894478,304.1804491740633,8,99.0,False,0,3298.80804627404,0.5745327264155561
2024-09-01 14:18:27.230,OnTrack,6874.0,10077.0,1918.0,pos,0 days 00:00:50.554000,0 days 02:10:43.311000,10998.64414080896,306.93734417045107,8,99.0,False,0,3317.6260403464557,0.5778101385257601
2024-09-01 14:18:27.235,OnTrack,6869.314089740941,10072.965835910367,1917.8750952201137,car,0 days 00:00:50.559000,0 days 02:10:43.316000,11001.0,307.0,8,99.0,False,0,3318.0541666666677,0.5778847026042245
2024-09-01 14:18:27.410,OnTrack,6680.0,9908.0,1913.0,pos,0 days 00:00:50.734000,0 days 02:10:43.491000,11051.3124448,308.0937488,8,99.0,False,0,3333.050785865244,0.5804965697981662
2024-09-01 14:18:27.555,OnTrack,6598.601991695461,9837.133739226532,1910.4271047111024,car,0 days 00:00:50.879000,0 days 02:10:43.636000,11093.0,309.0,8,99.0,False,0,3345.5208333333344,0.5826683998258229
2024-09-01 14:18:27.715,OnTrack,6557.688775566282,9801.790117257111,1908.5302986866157,car,0 days 00:00:51.039000,0 days 02:10:43.796000,11165.0,311.0,8,99.0,False,0,3359.3430555555565,0.5850757296574038
2024-09-01 14:18:27.750,OnTrack,6543.0,9789.0,1908.0,pos,0 days 00:00:51.074000,0 days 02:10:43.831000,11169.375008,311.0972224,8,99.0,False,0,3362.3695907754377,0.5856028423317636
2024-09-01 14:18:27.990,OnTrack,6386.0,9652.0,1903.0,pos,0 days 00:00:51.314000,0 days 02:10:44.071000,11199.375008,311.76388906666665,8,99.0,False,0,3383.1479744588364,0.5892216832163114
2024-09-01 14:18:28.075,OnTrack,6310.550524842079,9586.457442164148,1900.4647076974265,car,0 days 00:00:51.399000,0 days 02:10:44.156000,11210.0,312.0,8,99.0,False,0,3390.543055555557,0.590509638151841
2024-09-01 14:18:28.290,OnTrack,6122.0,9423.0,1894.0,pos,0 days 00:00:51.614000,0 days 02:10:44.371000,11249.77496448,314.14999808,8,99.53749952,False,0,3409.3594859422387,0.5937867779246989
2024-09-01 14:18:28.475,OnTrack,6051.240371765095,9361.31681987881,1892.0127926443397,car,0 days 00:00:51.799000,0 days 02:10:44.556000,11284.0,316.0,8,100.0,False,0,3425.654166666668,0.5966247203606801
2024-09-01 14:18:28.610,OnTrack,5975.0,9295.0,1890.0,pos,0 days 00:00:51.934000,0 days 02:10:44.691000,11284.0,317.4464265142857,8,99.51785782857142,False,0,3437.5932448847484,0.5987040748012242
2024-09-01 14:18:28.755,OnTrack,5814.473510734426,9155.798393914452,1885.3812378890752,car,0 days 00:00:52.079000,0 days 02:10:44.836000,11284.0,319.0,8,99.0,False,0,3450.465277777779,0.60094591611142
2024-09-01 14:18:28.830,OnTrack,5734.0,9086.0,1883.0,pos,0 days 00:00:52.154000,0 days 02:10:44.911000,11343.0625504,319.6250005333333,8,99.0,False,0,3457.144281861679,0.602109156400711
2024-09-01 14:18:28.995,OnTrack,5616.306763438289,8983.710230505438,1879.331193382844,car,0 days 00:00:52.319000,0 days 02:10:45.076000,11473.0,321.0,8,99.0,False,0,3471.865277777779,0.6046730200146556
2024-09-01 14:18:29.236,OnTrack,5537.595146102972,8914.779452035622,1877.256652222575,car,0 days 00:00:52.560000,0 days 02:10:45.317000,11513.0,321.0,8,99.0,False,0,3493.3544444444456,0.6084156535174879
2024-09-01 14:18:29.329,OnTrack,5492.0,8875.0,1877.0,pos,0 days 00:00:52.653000,0 days 02:10:45.410000,11515.3249984,321.33214262857143,8,99.33214262857143,False,0,3501.665174407436,0.6098630812784132
2024-09-01 14:18:29.489,OnTrack,5384.0,8781.0,1877.0,pos,0 days 00:00:52.813000,0 days 02:10:45.570000,11519.3249984,321.9035712,8,99.9035712,False,0,3515.983160660313,0.6123567552246547
2024-09-01 14:18:29.516,OnTrack,5361.154737367505,8761.14978224523,1876.965877955996,car,0 days 00:00:52.840000,0 days 02:10:45.597000,11520.0,322.0,8,100.0,False,0,3518.3988888888903,0.6127774874727804
2024-09-01 14:18:29.716,OnTrack,5167.704516769462,8593.211796224477,1876.1901934836187,car,0 days 00:00:53.040000,0 days 02:10:45.797000,11485.0,322.0,8,99.0,False,0,3536.2877777777794,0.615893083155132
2024-09-01 14:18:29.749,OnTrack,5141.0,8570.0,1876.0,pos,0 days 00:00:53.073000,0 days 02:10:45.830000,11489.4343664,322.0,8,99.0,False,0,3539.2392987621834,0.6164071310701532
2024-09-01 14:18:30.036,OnTrack,5000.484879992369,8447.490671534642,1874.3858387160462,car,0 days 00:00:53.360000,0 days 02:10:46.117000,11528.0,322.0,8,99.0,False,0,3564.9100000000017,0.6208780362468946
2024-09-01 14:18:30.149,OnTrack,4938.0,8394.0,1876.0,pos,0 days 00:00:53.473000,0 days 02:10:46.230000,11504.83501312,322.0,8,99.0,False,0,3575.0174723818654,0.6226383913761606
2024-09-01 14:18:30.189,OnTrack,4911.0,8371.0,1877.0,pos,0 days 00:00:53.513000,0 days 02:10:46.270000,11496.63501312,322.0,8,99.0,False,0,3578.5952235286195,0.6232615058744724
2024-09-01 14:18:30.236,OnTrack,4879.564844369371,8343.936691224832,1877.9515866961988,car,0 days 00:00:53.560000,0 days 02:10:46.317000,11487.0,322.0,8,99.0,False,0,3582.7988888888904,0.6239936319292463
2024-09-01 14:18:30.396,OnTrack,4775.887777394808,8252.441699290877,1879.2687341791539,car,0 days 00:00:53.720000,0 days 02:10:46.477000,11444.0,322.0,8,99.0,False,0,3597.110000000002,0.6264861084751276
2024-09-01 14:18:30.469,OnTrack,4723.0,8206.0,1880.0,pos,0 days 00:00:53.793000,0 days 02:10:46.550000,11445.140624,322.0,8,99.0,False,0,3603.643863138275,0.6276240704754017
2024-09-01 14:18:30.716,OnTrack,4517.846953964985,8028.480823811876,1884.4332215998325,car,0 days 00:00:54.040000,0 days 02:10:46.797000,11449.0,322.0,8,99.0,False,0,3625.732222222224,0.6314710615668904
2024-09-01 14:18:30.749,OnTrack,4493.0,8007.0,1885.0,pos,0 days 00:00:54.073000,0 days 02:10:46.830000,11449.16499968,321.67000064,8,99.0,False,0,3628.6718189395838,0.6319830327070403
2024-09-01 14:18:30.916,OnTrack,4386.599495006763,7914.652875057716,1887.320000217625,car,0 days 00:00:54.240000,0 days 02:10:46.997000,11450.0,320.0,8,99.0,False,0,3643.5100000000016,0.6345673057232646
2024-09-01 14:18:31.149,OnTrack,4254.0,7799.0,1891.0,pos,0 days 00:00:54.473000,0 days 02:10:47.230000,11394.246443885715,319.16785737142857,8,99.0,False,0,3664.162916334461,0.6381642947458516
2024-09-01 14:18:31.196,OnTrack,4222.558096298111,7771.6301392103505,1892.1624540793512,car,0 days 00:00:54.520000,0 days 02:10:47.277000,11383.0,319.0,8,99.0,False,0,3668.3211111111127,0.6388885014740044
2024-09-01 14:18:31.229,OnTrack,4200.0,7752.0,1893.0,pos,0 days 00:00:54.553000,0 days 02:10:47.310000,11377.6375104,318.86250026666664,8,99.0,False,0,3671.238936706473,0.6393966808742582
2024-09-01 14:18:31.436,OnTrack,4056.780758610789,7627.440150815712,1897.5133018553831,car,0 days 00:00:54.760000,0 days 02:10:47.517000,11344.0,318.0,8,99.0,False,0,3689.521111111113,0.6425807726304809
2024-09-01 14:18:31.529,OnTrack,3993.0,7572.0,1898.0,pos,0 days 00:00:54.853000,0 days 02:10:47.610000,11349.037496533334,318.0,8,99.0,False,0,3697.7372996197723,0.6440117346987212
2024-09-01 14:18:31.676,OnTrack,3894.1640949546095,7486.122491324229,1896.0765399086051,car,0 days 00:00:55,0 days 02:10:47.757000,11357.0,318.0,8,99.0,False,0,3710.7211111111133,0.6462730437869573
2024-09-01 14:18:31.770,OnTrack,3833.0,7433.0,1896.0,pos,0 days 00:00:55.094000,0 days 02:10:47.851000,11346.19001472,317.76500032,8,99.0,False,0,3719.0128150695145,0.647717157907884
2024-09-01 14:18:31.950,OnTrack,3720.0,7335.0,1901.0,pos,0 days 00:00:55.274000,0 days 02:10:48.031000,11325.48998528,317.31499968,8,99.0,False,0,3734.86608519029,0.6504782226249957
2024-09-01 14:18:32.076,OnTrack,3638.452284444332,7264.660064405467,1902.4527288193012,car,0 days 00:00:55.400000,0 days 02:10:48.157000,11311.0,317.0,8,99.0,False,0,3745.9433333333354,0.6524074775217739
2024-09-01 14:18:32.150,OnTrack,3580.0,7214.0,1903.0,pos,0 days 00:00:55.474000,0 days 02:10:48.231000,11290.6499648,316.5374992,8,99.4625008,False,0,3752.4412561435583,0.6535391800203209
2024-09-01 14:18:32.236,OnTrack,3496.447898825598,7141.170358965492,1903.9713631762722,car,0 days 00:00:55.560000,0 days 02:10:48.317000,11267.0,316.0,8,100.0,False,0,3759.9877777777797,0.6548535104053096
2024-09-01 14:18:32.390,OnTrack,3336.0,7001.0,1906.0,pos,0 days 00:00:55.714000,0 days 02:10:48.471000,11253.90998912,315.22999936,8,99.22999936,False,0,3773.4828506380095,0.657203862682497
2024-09-01 14:18:32.436,OnTrack,3296.770950046612,6966.851543584301,1906.4541244747966,car,0 days 00:00:55.760000,0 days 02:10:48.517000,11250.0,315.0,8,99.0,False,0,3777.48777777778,0.6579013757467406
2024-09-01 14:18:32.730,OnTrack,3127.0,6820.0,1908.0,pos,0 days 00:00:56.054000,0 days 02:10:48.811000,10826.966850844445,305.20000426666667,8,65.51668124444444,False,0,3802.4966608672144,0.6622570162036655
2024-09-01 14:18:32.796,OnTrack,3098.06384926618,6794.84126810984,1908.23496209159,car,0 days 00:00:56.120000,0 days 02:10:48.877000,10732.0,303.0,8,58.0,True,0,3807.7877777777803,0.6631785368807611
2024-09-01 14:18:32.996,OnTrack,3023.207352345068,6729.106452078882,1908.8076316108643,car,0 days 00:00:56.320000,0 days 02:10:49.077000,10312.0,271.0,8,0.0,True,0,3822.843333333336,0.6658006686506907
2024-09-01 14:18:33.150,OnTrack,2957.0,6670.0,1909.0,pos,0 days 00:00:56.474000,0 days 02:10:49.231000,10147.21986304,248.66998144000002,8,0.0,True,0,3833.32790663535,0.6676267010842277
2024-09-01 14:18:33.196,OnTrack,2934.122203913725,6649.443837689947,1909.007441471495,car,0 days 00:00:56.520000,0 days 02:10:49.277000,10098.0,242.0,8,0.0,True,0,3836.2877777777803,0.6681422032939487
2024-09-01 14:18:33.250,OnTrack,2907.0,6625.0,1909.0,pos,0 days 00:00:56.574000,0 days 02:10:49.331000,10166.57983744,237.2750112,8,0.0,True,0,3839.6674306289215,0.6687308162534379
2024-09-01 14:18:33.570,OnTrack,2768.0,6493.0,1909.0,pos,0 days 00:00:56.894000,0 days 02:10:49.651000,10572.97983744,209.2750112,8,0.0,True,0,3857.89260365928,0.6719049804374844
2024-09-01 14:18:33.596,OnTrack,2755.9445527634944,6480.144070085848,1909.0158782552114,car,0 days 00:00:56.920000,0 days 02:10:49.677000,10606.0,207.0,8,0.0,True,0,3859.2877777777803,0.672147969171258
2024-09-01 14:18:33.810,OnTrack,2659.0,6369.0,1909.0,pos,0 days 00:00:57.134000,0 days 02:10:49.891000,10064.6273916735,192.9122369580465,8,0.0,True,0,3870.4043595660305,0.6740840745625488
2024-09-01 14:18:33.915,OnTrack,2629.8560251684316,6330.500762465463,1908.5300573130335,car,0 days 00:00:57.239000,0 days 02:10:49.996000,9799.0,186.0,5,0.0,True,0,3875.7694444444473,0.6750184777771067
2024-09-01 14:18:34.115,OnTrack,2602.723383008301,6277.440328387373,1907.176470395879,car,0 days 00:00:57.439000,0 days 02:10:50.196000,9564.0,183.0,5,0.0,True,0,3885.9361111111143,0.6767891424040332
2024-09-01 14:18:34.170,OnTrack,2595.0,6258.0,1907.0,pos,0 days 00:00:57.494000,0 days 02:10:50.251000,9528.2501248,181.16667306666668,5,1.6041610666666666,True,0,3888.65846483853,0.6772632776939136
2024-09-01 14:18:34.350,OnTrack,2568.0,6178.0,1907.0,pos,0 days 00:00:57.674000,0 days 02:10:50.431000,9411.2499584,175.16666453333335,5,6.8541685333333335,True,0,3897.3626316760137,0.6787792278899135
2024-09-01 14:18:34.355,OnTrack,2567.3821038043593,6175.628861138815,1907.0015892663469,car,0 days 00:00:57.679000,0 days 02:10:50.436000,9408.0,175.0,5,7.0,False,0,3897.602777777781,0.6788210526316538
2024-09-01 14:18:34.530,OnTrack,2552.0,6092.0,1907.0,pos,0 days 00:00:57.854000,0 days 02:10:50.611000,9423.3124832,173.3593768,5,29.968724799999997,False,0,3905.974685829002,0.6802791353968518
2024-09-01 14:18:34.675,OnTrack,2545.8434258972334,6026.560575430804,1907.0914300201807,car,0 days 00:00:57.999000,0 days 02:10:50.756000,9436.0,172.0,5,49.0,False,0,3912.8916666666696,0.6814838226061357
2024-09-01 14:18:34.810,OnTrack,2544.0,5953.0,1907.0,pos,0 days 00:00:58.134000,0 days 02:10:50.891000,9645.2497024,172.8437488,5,65.874976,False,0,3919.3599036014216,0.6826103549017697
2024-09-01 14:18:34.835,OnTrack,2543.968049933284,5936.399558664016,1906.936456289173,car,0 days 00:00:58.159000,0 days 02:10:50.916000,9684.0,173.0,5,69.0,False,0,3920.5805555555585,0.6828229482037677
2024-09-01 14:18:35.050,OnTrack,2546.0,5780.0,1906.0,pos,0 days 00:00:58.374000,0 days 02:10:51.131000,10042.51217984,179.98749376,5,85.1249856,False,0,3931.492616144308,0.6847234334193131
2024-09-01 14:18:35.235,OnTrack,2545.7230851892177,5704.263983614771,1905.3039428366887,car,0 days 00:00:58.559000,0 days 02:10:51.316000,10351.0,186.0,5,99.0,False,0,3941.247222222225,0.6864223320355528
2024-09-01 14:18:35.410,OnTrack,2543.0,5643.0,1905.0,pos,0 days 00:00:58.734000,0 days 02:10:51.491000,10706.103777066666,191.83332693333332,5,99.0,False,0,3950.6252494215873,0.6880556442682346
2024-09-01 14:18:35.475,OnTrack,2541.387749289919,5610.821055990749,1905.0133949784845,car,0 days 00:00:58.799000,0 days 02:10:51.556000,10838.0,194.0,5,99.0,False,0,3954.1805555555584,0.688674849659315
2024-09-01 14:18:35.630,OnTrack,2535.0,5522.0,1905.0,pos,0 days 00:00:58.954000,0 days 02:10:51.711000,11081.364634988588,198.82866339263072,5,95.13706928589544,False,0,3962.8587093067445,0.6901862693190779
2024-09-01 14:18:35.796,OnTrack,2520.826295496661,5430.138221023194,1904.1705077395359,car,0 days 00:00:59.120000,0 days 02:10:51.877000,11342.0,204.0,5,91.0,False,0,3972.3705555555584,0.6918428879770653
2024-09-01 14:18:35.829,OnTrack,2517.0,5412.0,1904.0,pos,0 days 00:00:59.153000,0 days 02:10:51.910000,11390.085621028571,204.7071414857143,5,91.11785691428571,False,0,3974.275832653155,0.6921747181502989
2024-09-01 14:18:36.069,OnTrack,2479.0,5279.0,1903.0,pos,0 days 00:00:59.393000,0 days 02:10:52.150000,11739.799906742857,209.84999862857143,5,91.97499977142857,False,0,3988.290201327668,0.6946155129254465
2024-09-01 14:18:36.076,OnTrack,2477.6404944213373,5275.088511177129,1902.964406585161,car,0 days 00:00:59.400000,0 days 02:10:52.157000,11750.0,210.0,5,92.0,False,0,3988.703888888892,0.6946875622957343
2024-09-01 14:18:36.229,OnTrack,2445.0,5190.0,1902.0,pos,0 days 00:00:59.553000,0 days 02:10:52.310000,11772.9499904,213.8249984,5,97.35499776,False,0,3997.8196218761204,0.6962751923890779
2024-09-01 14:18:36.276,OnTrack,2434.2803831561805,5164.750752897233,1901.620736778807,car,0 days 00:00:59.600000,0 days 02:10:52.357000,11780.0,215.0,5,99.0,False,0,4000.6483333333363,0.6967678513382982
2024-09-01 14:18:36.349,OnTrack,2415.0,5124.0,1901.0,pos,0 days 00:00:59.673000,0 days 02:10:52.430000,11269.000448,216.8249984,5,99.0,False,0,4005.0684276917664,0.6975376714754933
2024-09-01 14:18:36.436,OnTrack,2383.1558983630057,5067.279067711239,1900.3186832137364,car,0 days 00:00:59.760000,0 days 02:10:52.517000,10660.0,219.0,5,99.0,False,0,4010.38166666667,0.6984630450139132
2024-09-01 14:18:36.596,OnTrack,2304.481223458741,4947.4102187315175,1899.2921299731324,car,0 days 00:00:59.920000,0 days 02:10:52.677000,10698.0,223.0,5,99.0,False,0,4020.292777777781,0.7001892011310918
2024-09-01 14:18:36.669,OnTrack,2268.0,4898.0,1899.0,pos,0 days 00:00:59.993000,0 days 02:10:52.750000,10779.603499885714,224.56428434285715,5,99.0,False,0,4024.87469837908,0.7009872055309713
2024-09-01 14:18:36.876,OnTrack,2168.46257878483,4784.647298461401,1898.8298257305964,car,0 days 00:01:00.200000,0 days 02:10:52.957000,11011.0,229.0,6,99.0,False,0,4038.103888888892,0.7032912507452593
2024-09-01 14:18:37.129,OnTrack,2061.0,4680.0,1899.0,pos,0 days 00:01:00.453000,0 days 02:10:53.210000,11253.074938763637,235.3249984,6,99.0,False,0,4054.8605293270953,0.7062096498098548
2024-09-01 14:18:37.316,OnTrack,1996.9418418703194,4609.938965919624,1898.5997009951598,car,0 days 00:01:00.640000,0 days 02:10:53.397000,11432.0,240.0,6,99.0,False,0,4067.4372222222255,0.7084000536032771
2024-09-01 14:18:37.556,OnTrack,1926.7296842908152,4512.260820003327,1898.0090509387294,car,0 days 00:01:00.880000,0 days 02:10:53.637000,11574.0,243.0,6,99.0,False,0,4083.6372222222253,0.7112215060907731
2024-09-01 14:18:37.569,OnTrack,1923.0,4506.0,1898.0,pos,0 days 00:01:00.893000,0 days 02:10:53.650000,11574.0,243.3249984,6,99.0,False,0,4084.5230079871253,0.7113757778469315
2024-09-01 14:18:37.716,OnTrack,1881.3652511611167,4428.200961485402,1898.0537593901736,car,0 days 00:01:01.040000,0 days 02:10:53.797000,11574.0,247.0,6,99.0,False,0,4094.6150000000034,0.7131334368573343
2024-09-01 14:18:37.809,OnTrack,1857.0,4374.0,1898.0,pos,0 days 00:01:01.133000,0 days 02:10:53.890000,11574.0,248.39499904,6,99.0,False,0,4101.069534855777,0.7142575827477327
2024-09-01 14:18:37.916,OnTrack,1831.8813304942184,4308.025351010069,1897.689383048602,car,0 days 00:01:01.240000,0 days 02:10:53.997000,11574.0,250.0,6,99.0,False,0,4108.503888888892,0.7155523776045016
2024-09-01 14:18:38.069,OnTrack,1799.0,4192.0,1897.0,pos,0 days 00:01:01.393000,0 days 02:10:54.150000,11129.53518592,249.61750016,6,99.0,False,0,4119.026222829466,0.717384986571841
2024-09-01 14:18:38.316,OnTrack,1749.347126360714,3931.0384504670656,1896.0803533820213,car,0 days 00:01:01.640000,0 days 02:10:54.397000,10412.0,249.0,7,99.0,False,0,4136.170555555559,0.7203709075728593
2024-09-01 14:18:38.370,OnTrack,1743.0,3893.0,1896.0,pos,0 days 00:01:01.694000,0 days 02:10:54.451000,10487.5998208,252.23999232,7,99.0,False,0,4140.0426262509045,0.7210452818626829
2024-09-01 14:18:38.516,OnTrack,1737.167606786592,3850.1778715128694,1896.0620654002569,car,0 days 00:01:01.840000,0 days 02:10:54.597000,10692.0,261.0,7,99.0,False,0,4150.670555555559,0.722896281712902
2024-09-01 14:18:38.610,OnTrack,1735.0,3820.0,1896.0,pos,0 days 00:01:01.934000,0 days 02:10:54.691000,10798.3373552,262.1749984,7,99.0,False,0,4157.537543374007,0.7240922619512951
2024-09-01 14:18:38.676,OnTrack,1731.7855777356303,3780.940370474768,1895.8006260442899,car,0 days 00:01:02,0 days 02:10:54.757000,10873.0,263.0,7,99.0,False,0,4162.359444444448,0.7249320622457182
2024-09-01 14:18:38.830,OnTrack,1721.0,3657.0,1895.0,pos,0 days 00:01:02.154000,0 days 02:10:54.911000,10948.0750624,263.4812504,7,99.0,False,0,4173.596390552524,0.7268891307363657
2024-09-01 14:18:38.996,OnTrack,1709.8966476941375,3535.053165963022,1894.0728379695704,car,0 days 00:01:02.320000,0 days 02:10:55.077000,11029.0,264.0,7,99.0,False,0,4185.826111111114,0.7290191045321321
2024-09-01 14:18:39.010,OnTrack,1709.0,3525.0,1894.0,pos,0 days 00:01:02.334000,0 days 02:10:55.091000,11039.7332352,264.3499968,7,99.0,False,0,4186.870174616938,0.7292009425306266
2024-09-01 14:18:39.210,OnTrack,1695.0,3368.0,1893.0,pos,0 days 00:01:02.534000,0 days 02:10:55.291000,11193.066568533333,269.3499968,7,99.0,False,0,4201.994437871608,0.7318350406899745
2024-09-01 14:18:39.356,OnTrack,1677.5725397247393,3195.3851854372524,1891.9950015338795,car,0 days 00:01:02.680000,0 days 02:10:55.437000,11305.0,273.0,7,99.0,False,0,4213.126111111114,0.7337737744647645
2024-09-01 14:18:39.530,OnTrack,1657.0,2995.0,1891.0,pos,0 days 00:01:02.854000,0 days 02:10:55.611000,11379.81994496,274.73999872,7,99.0,False,0,4226.402498795733,0.7360860397152416
2024-09-01 14:18:39.556,OnTrack,1654.9897962541756,2974.2511937399668,1890.934164489527,car,0 days 00:01:02.880000,0 days 02:10:55.637000,11391.0,275.0,7,99.0,False,0,4228.403888888892,0.7364346092866486
2024-09-01 14:18:39.716,OnTrack,1648.5675044947654,2897.9229559325045,1890.9884934278175,car,0 days 00:01:03.040000,0 days 02:10:55.797000,11510.0,280.0,7,99.0,False,0,4240.848333333336,0.7386019801961106
2024-09-01 14:18:39.850,OnTrack,1644.0,2840.0,1891.0,pos,0 days 00:01:03.174000,0 days 02:10:55.931000,11563.5999488,281.33999872,7,99.0,False,0,4251.373634576959,0.7404351059600283
2024-09-01 14:18:40.116,OnTrack,1625.5928020473305,2639.836798960124,1889.814909043322,car,0 days 00:01:03.440000,0 days 02:10:56.197000,11670.0,284.0,7,99.0,False,0,4272.403888888892,0.744097813573675
2024-09-01 14:18:40.210,OnTrack,1618.0,2558.0,1889.0,pos,0 days 00:01:03.534000,0 days 02:10:56.291000,11745.7873968,284.5874992,7,99.0,False,0,4279.829238953024,0.7453910402655871
2024-09-01 14:18:40.276,OnTrack,1612.6736853189284,2500.0479122927754,1888.3121147744807,car,0 days 00:01:03.600000,0 days 02:10:56.357000,11799.0,285.0,7,99.0,False,0,4285.070555555558,0.7463038875350916
2024-09-01 14:18:40.310,OnTrack,1610.0,2471.0,1888.0,pos,0 days 00:01:03.634000,0 days 02:10:56.391000,11673.657860482435,285.6395007118243,7,99.0,False,0,4287.787036719049,0.7467770000373118
2024-09-01 14:18:40.550,OnTrack,1593.0,2287.0,1887.0,pos,0 days 00:01:03.874000,0 days 02:10:56.631000,10788.893147707959,290.1536063892451,7,99.0,False,0,4307.207406306442,0.7501593241163516
2024-09-01 14:18:40.595,OnTrack,1590.0118764916747,2253.3578422834207,1886.7474935994123,car,0 days 00:01:03.919000,0 days 02:10:56.676000,10623.0,291.0,7,99.0,False,0,4310.856388888891,0.7507948445474677
2024-09-01 14:18:40.755,OnTrack,1579.284609412884,2129.6538292951695,1885.5023772799989,car,0 days 00:01:04.079000,0 days 02:10:56.836000,10506.0,292.0,7,99.0,False,0,4323.834166666669,0.753055102781621
2024-09-01 14:18:40.830,OnTrack,1573.0,2061.0,1885.0,pos,0 days 00:01:04.154000,0 days 02:10:56.911000,10539.541695288888,293.04166755555553,7,99.0,False,0,4329.963939153018,0.7541226868451639
2024-09-01 14:18:41.050,OnTrack,1551.0,1832.0,1884.0,pos,0 days 00:01:04.374000,0 days 02:10:57.131000,10637.930469688888,296.09721955555557,7,99.0,False,0,4348.133919787323,0.7572872385154364
2024-09-01 14:18:41.115,OnTrack,1546.0877042192596,1778.8113465755914,1883.6489807103471,car,0 days 00:01:04.439000,0 days 02:10:57.196000,10667.0,297.0,8,99.0,False,0,4353.534166666669,0.7582277656753639
2024-09-01 14:18:41.370,OnTrack,1532.0,1617.0,1882.0,pos,0 days 00:01:04.694000,0 days 02:10:57.451000,10776.791584,299.8333312,8,99.0,False,0,4374.828660686449,0.7619364942631466
2024-09-01 14:18:41.475,OnTrack,1523.9561541719904,1531.0276598079322,1881.3980865655062,car,0 days 00:01:04.799000,0 days 02:10:57.556000,10822.0,301.0,8,99.0,False,0,4383.634166666669,0.7634700940626251
2024-09-01 14:18:41.550,OnTrack,1518.0,1467.0,1881.0,pos,0 days 00:01:04.874000,0 days 02:10:57.631000,10840.750016,301.75000064,8,99.0,False,0,4389.934174562699,0.7645673269607423
2024-09-01 14:18:41.675,OnTrack,1508.8443911311313,1364.4500233643053,1880.3817827232979,car,0 days 00:01:04.999000,0 days 02:10:57.756000,10872.0,303.0,8,99.0,False,0,4400.467500000003,0.7664018502481922
2024-09-01 14:18:41.750,OnTrack,1503.0,1299.0,1880.0,pos,0 days 00:01:05.074000,0 days 02:10:57.831000,10893.696447085715,303.8035721142857,8,99.0,False,0,4406.819685900178,0.7675081706623332
2024-09-01 14:18:41.955,OnTrack,1483.6050378707753,1088.9201573638902,1878.8180383940014,car,0 days 00:01:05.279000,0 days 02:10:58.036000,10953.0,306.0,8,99.0,False,0,4424.267500000004,0.7705469471125383
2024-09-01 14:18:42.110,OnTrack,1470.0,944.0,1878.0,pos,0 days 00:01:05.434000,0 days 02:10:58.191000,11046.0000384,306.6458336,8,99.0,False,0,4437.47539250304,0.7728472829864441
2024-09-01 14:18:42.195,OnTrack,1464.2057904570497,882.5238624023779,1877.6403857129544,car,0 days 00:01:05.519000,0 days 02:10:58.276000,11097.0,307.0,8,99.0,False,0,4444.73416666667,0.7741114981975642
2024-09-01 14:18:42.370,OnTrack,1454.0,773.0,1877.0,pos,0 days 00:01:05.694000,0 days 02:10:58.451000,11111.946606222715,308.2455505185595,8,99.0,False,0,4459.732076051125,0.7767235900950957
2024-09-01 14:18:42.476,OnTrack,1446.882387215961,693.909448561609,1876.5756172689223,car,0 days 00:01:05.800000,0 days 02:10:58.557000,11121.0,309.0,8,99.0,False,0,4468.853333333337,0.7783121823202803
2024-09-01 14:18:42.589,OnTrack,1437.0,585.0,1876.0,pos,0 days 00:01:05.913000,0 days 02:10:58.670000,11147.1312352,310.4124992,8,99.0,False,0,4478.6085410154255,0.7800111857141487
2024-09-01 14:18:42.636,OnTrack,1431.741227533121,528.1555865886487,1875.6950676878998,car,0 days 00:01:05.960000,0 days 02:10:58.717000,11158.0,311.0,8,99.0,False,0,4482.675555555559,0.7807195121518613
2024-09-01 14:18:42.869,OnTrack,1403.0,221.0,1874.0,pos,0 days 00:01:06.193000,0 days 02:10:58.950000,11251.1999744,312.66428525714286,8,99.0,False,0,4502.919805612582,0.7842453263296935
2024-09-01 14:18:42.916,OnTrack,1399.44148962316,182.42600131178156,1873.767775259086,car,0 days 00:01:06.240000,0 days 02:10:58.997000,11270.0,313.0,8,99.0,False,0,4507.020000000004,0.7849594314934965
2024-09-01 14:18:43.189,OnTrack,1389.0,65.0,1873.0,pos,0 days 00:01:06.513000,0 days 02:10:59.270000,11282.96749696,315.04749952,8,99.0,False,0,4530.944783216191,0.7891262610686888
2024-09-01 14:18:43.316,OnTrack,1379.614544168036,-36.31560056771424,1872.5419176988212,car,0 days 00:01:06.640000,0 days 02:10:59.397000,11289.0,316.0,8,99.0,False,0,4542.1311111111145,0.7910745137023356
2024-09-01 14:18:43.449,OnTrack,1368.0,-162.0,1872.0,pos,0 days 00:01:06.773000,0 days 02:10:59.530000,11316.809077527272,316.90681774545453,8,99.0,False,0,4553.881401965451,0.7931209882307165
2024-09-01 14:18:43.689,OnTrack,1349.0,-373.0,1871.0,pos,0 days 00:01:07.013000,0 days 02:10:59.770000,11366.99089570909,318.54318138181816,8,99.0,False,0,4575.165738675195,0.7968279477834579
2024-09-01 14:18:43.756,OnTrack,1343.4523177204712,-433.9978016168074,1870.679950542378,car,0 days 00:01:07.080000,0 days 02:10:59.837000,11381.0,319.0,8,99.0,False,0,4581.1200000000035,0.7978649641677841
2024-09-01 14:18:44.409,OnTrack,1290.0,-1010.0,1867.0,pos,0 days 00:01:07.733000,0 days 02:11:00.490000,11497.995821866667,320.81388871111113,8,99.0,False,0,4639.34595446846,0.8080058138018495
2024-09-01 14:18:44.476,OnTrack,1286.7971186438294,-1045.8031830724972,1866.690405542463,car,0 days 00:01:07.800000,0 days 02:11:00.557000,11510.0,321.0,8,99.0,False,0,4645.320000000004,0.8090462758774909
2024-09-01 14:18:44.636,OnTrack,1280.5273545008845,-1116.2907229843943,1866.0452982227253,car,0 days 00:01:07.960000,0 days 02:11:00.717000,11510.0,321.0,8,99.0,False,0,4659.586666666671,0.8115310118129813
2024-09-01 14:18:44.649,OnTrack,1280.0,-1122.0,1866.0,pos,0 days 00:01:07.973000,0 days 02:11:00.730000,11514.2249792,321.0590906181818,8,99.0,False,0,4660.74753190631,0.8117331924375508
2024-09-01 14:18:44.990,OnTrack,1263.0,-1300.0,1865.0,pos,0 days 00:01:08.314000,0 days 02:11:01.071000,11625.0500416,322.60909149090907,8,99.0,False,0,4691.320948215609,0.8170579727768795
2024-09-01 14:18:45.076,OnTrack,1256.8732498923193,-1368.1002865838086,1864.6596412612466,car,0 days 00:01:08.400000,0 days 02:11:01.157000,11653.0,323.0,8,99.0,False,0,4699.064444444448,0.8184066089927299
2024-09-01 14:18:45.276,OnTrack,1240.2056737062999,-1556.565995932117,1864.005201769993,car,0 days 00:01:08.600000,0 days 02:11:01.357000,11653.0,325.0,8,99.0,False,0,4717.1200000000035,0.8215512319640476
2024-09-01 14:18:45.290,OnTrack,1239.0,-1570.0,1864.0,pos,0 days 00:01:08.614000,0 days 02:11:01.371000,11647.54004992,325.06999936,8,99.0,False,0,4718.386324452996,0.8217717797589779
2024-09-01 14:18:45.450,OnTrack,1225.0,-1723.0,1864.0,pos,0 days 00:01:08.774000,0 days 02:11:01.531000,11585.14004992,325.86999936,8,99.0,False,0,4732.876080829257,0.8242953698312627
2024-09-01 14:18:45.476,OnTrack,1222.6895326989288,-1747.4621244684697,1863.8555288366906,car,0 days 00:01:08.800000,0 days 02:11:01.557000,11575.0,326.0,8,99.0,False,0,4735.231111111115,0.8247055306983538
2024-09-01 14:18:45.636,OnTrack,1208.6672577431061,-1893.1762632197288,1862.1984893495255,car,0 days 00:01:08.960000,0 days 02:11:01.717000,11655.0,326.0,8,99.0,False,0,4749.720000000003,0.8272289696857988
2024-09-01 14:18:45.670,OnTrack,1206.0,-1922.0,1862.0,pos,0 days 00:01:08.994000,0 days 02:11:01.751000,11650.40998272,326.0,8,99.0,False,0,4752.798660675313,0.8277651607241019
2024-09-01 14:18:45.836,OnTrack,1194.0904170925292,-2058.3815119108563,1862.0851413780715,car,0 days 00:01:09.160000,0 days 02:11:01.917000,11628.0,326.0,8,99.0,False,0,4767.831111111114,0.8303832684201051
2024-09-01 14:18:45.870,OnTrack,1191.0,-2093.0,1862.0,pos,0 days 00:01:09.194000,0 days 02:11:01.951000,11630.5500096,326.0,8,99.0,False,0,4770.910983836266,0.8309196705535341
2024-09-01 14:18:46.090,OnTrack,1166.0,-2363.0,1860.0,pos,0 days 00:01:09.414000,0 days 02:11:02.171000,11647.0499904,326.0,8,99.0,False,0,4790.835770835704,0.8343898458524475
2024-09-01 14:18:46.116,OnTrack,1163.7099937129265,-2387.7540539546508,1859.8294590645855,car,0 days 00:01:09.440000,0 days 02:11:02.197000,11649.0,326.0,8,99.0,False,0,4793.186666666668,0.8347992866481337
2024-09-01 14:18:46.356,OnTrack,1150.2682920985067,-2536.0423346140624,1859.197456035104,car,0 days 00:01:09.680000,0 days 02:11:02.437000,11614.0,325.0,8,99.0,False,0,4814.853333333336,0.8385728342137152
2024-09-01 14:18:46.390,OnTrack,1148.0,-2561.0,1859.0,pos,0 days 00:01:09.714000,0 days 02:11:02.471000,11608.81498048,325.0,8,99.0,False,0,4817.92415453827,0.8391076599005866
2024-09-01 14:18:46.610,OnTrack,1129.0,-2768.0,1857.0,pos,0 days 00:01:09.934000,0 days 02:11:02.691000,11575.26501952,325.0,8,99.0,False,0,4837.811578707666,0.8425713279495144
2024-09-01 14:18:46.756,OnTrack,1116.7765854889208,-2899.35497593358,1856.5051774537624,car,0 days 00:01:10.080000,0 days 02:11:02.837000,11553.0,325.0,8,99.0,False,0,4850.964444444447,0.8448620801563503
2024-09-01 14:18:46.970,OnTrack,1100.0,-3081.0,1856.0,pos,0 days 00:01:10.294000,0 days 02:11:03.051000,11499.9471163994,323.2117005527888,8,99.0,False,0,4870.129205445578,0.8481998864896164
2024-09-01 14:18:47.115,OnTrack,1088.4991057117284,-3209.8019992927084,1854.5278744840712,car,0 days 00:01:10.439000,0 days 02:11:03.196000,11464.0,322.0,8,99.0,False,0,4883.075000000003,0.8504545744061717
2024-09-01 14:18:47.170,OnTrack,1084.0,-3259.0,1854.0,pos,0 days 00:01:10.494000,0 days 02:11:03.251000,11461.52500864,321.72500096,8,99.0,False,0,4887.982922083794,0.8513093564414648
2024-09-01 14:18:47.315,OnTrack,1071.6786922156725,-3388.2074144332146,1853.1093704331224,car,0 days 00:01:10.639000,0 days 02:11:03.396000,11455.0,321.0,8,99.0,False,0,4900.9083333333365,0.8535604943255347
2024-09-01 14:18:47.370,OnTrack,1067.0,-3437.0,1853.0,pos,0 days 00:01:10.694000,0 days 02:11:03.451000,11435.7500672,320.72500096,8,99.0,False,0,4905.801306894039,0.854412672870232
2024-09-01 14:18:47.515,OnTrack,1054.8953919521027,-3565.099198867107,1853.146689458882,car,0 days 00:01:10.839000,0 days 02:11:03.596000,11385.0,320.0,8,99.0,False,0,4918.686111111113,0.8566567384819088
2024-09-01 14:18:47.550,OnTrack,1052.0,-3596.0,1853.0,pos,0 days 00:01:10.874000,0 days 02:11:03.631000,11393.5312656,320.0,8,99.0,False,0,4921.797438528841,0.8571986188820423
2024-09-01 14:18:47.675,OnTrack,1041.6740020344116,-3706.594412153999,1851.549496441963,car,0 days 00:01:10.999000,0 days 02:11:03.756000,11424.0,320.0,8,99.0,False,0,4932.9083333333365,0.8591337338070085
2024-09-01 14:18:47.730,OnTrack,1037.0,-3756.0,1851.0,pos,0 days 00:01:11.054000,0 days 02:11:03.811000,11417.125024,319.8035721142857,8,99.0,False,0,4937.7905500240095,0.8599840388950575
2024-09-01 14:18:47.955,OnTrack,1015.7078910417141,-3972.239784442477,1851.0155606540293,car,0 days 00:01:11.279000,0 days 02:11:04.036000,11389.0,319.0,8,99.0,False,0,4957.719444444448,0.8634549295577484
2024-09-01 14:18:48.010,OnTrack,1009.0,-4037.0,1851.0,pos,0 days 00:01:11.334000,0 days 02:11:04.091000,11381.30002688,318.72500096,8,99.0,False,0,4962.581902293886,0.8643017933722325
2024-09-01 14:18:48.155,OnTrack,987.4926043030008,-4238.765472174729,1850.3382228303167,car,0 days 00:01:11.479000,0 days 02:11:04.236000,11361.0,318.0,8,99.0,False,0,4975.386111111114,0.8665318221881453
2024-09-01 14:18:48.355,OnTrack,953.0801899335479,-4543.778770271751,1848.522563891973,car,0 days 00:01:11.679000,0 days 02:11:04.436000,10867.0,313.0,8,3.0,True,0,4992.775000000002,0.8695603360035988
2024-09-01 14:18:48.430,OnTrack,942.0,-4631.0,1848.0,pos,0 days 00:01:11.754000,0 days 02:11:04.511000,10558.964022857142,303.35713462857143,8,2.196427885714286,True,0,4998.878926044397,0.8706234185543057
2024-09-01 14:18:48.635,OnTrack,917.4307506492733,-4786.09076055444,1847.1474608754447,car,0 days 00:01:11.959000,0 days 02:11:04.716000,9717.0,277.0,8,0.0,True,0,5014.319444444447,0.873312596890605
2024-09-01 14:18:48.750,OnTrack,903.0,-4858.0,1847.0,pos,0 days 00:01:12.074000,0 days 02:11:04.831000,10061.426680566852,266.3890198326615,8,0.0,True,0,5022.372546459311,0.8747151552061542
2024-09-01 14:18:48.910,OnTrack,879.0,-4968.0,1847.0,pos,0 days 00:01:12.234000,0 days 02:11:04.991000,10540.62875206045,251.6259252071302,8,0.0,True,0,5032.940611156199,0.8765557288127626
2024-09-01 14:18:49.036,OnTrack,858.3129482139991,-5050.219544224598,1846.531034289638,car,0 days 00:01:12.360000,0 days 02:11:05.117000,10918.0,240.0,8,0.0,True,0,5041.05277777778,0.8779685740407528
2024-09-01 14:18:49.129,OnTrack,842.0,-5108.0,1846.0,pos,0 days 00:01:12.453000,0 days 02:11:05.210000,10821.28006656,233.49000448,8,0.0,True,0,5046.960853258714,0.8789975465260613
2024-09-01 14:18:49.236,OnTrack,821.9772617564909,-5172.224412907634,1845.3183322818504,car,0 days 00:01:12.560000,0 days 02:11:05.317000,10710.0,226.0,7,0.0,True,0,5053.608333333335,0.8801552964761922
2024-09-01 14:18:49.429,OnTrack,782.0,-5281.0,1844.0,pos,0 days 00:01:12.753000,0 days 02:11:05.510000,10951.939205485714,215.6607177142857,7,0.0,True,0,5065.011027363724,0.8821412322438585
2024-09-01 14:18:49.516,OnTrack,762.0617114923114,-5326.454122387928,1843.4324123738406,car,0 days 00:01:12.840000,0 days 02:11:05.597000,11061.0,211.0,6,0.0,True,0,5070.019444444447,0.8830135168630452
2024-09-01 14:18:49.609,OnTrack,739.0,-5373.0,1843.0,pos,0 days 00:01:12.933000,0 days 02:11:05.690000,11004.425038933334,208.28750186666667,6,0.0,True,0,5075.33180639581,0.8839387376557708
2024-09-01 14:18:49.756,OnTrack,697.9534663597576,-5443.068943572584,1842.9663573978085,car,0 days 00:01:13.080000,0 days 02:11:05.837000,10915.0,204.0,5,0.0,True,0,5083.619444444446,0.8853821436426715
2024-09-01 14:18:49.789,OnTrack,688.0,-5458.0,1843.0,pos,0 days 00:01:13.113000,0 days 02:11:05.870000,10828.375168,203.01000192,5,0.0,True,0,5085.456410561208,0.8857020765204235
2024-09-01 14:18:49.956,OnTrack,633.5349868194307,-5528.763820985729,1843.0417431153464,car,0 days 00:01:13.280000,0 days 02:11:06.037000,10390.0,198.0,5,0.0,True,0,5094.619444444446,0.8872979447144281
2024-09-01 14:18:49.969,OnTrack,629.0,-5534.0,1843.0,pos,0 days 00:01:13.293000,0 days 02:11:06.050000,10368.875104,197.6750016,5,0.0,True,0,5095.3234671669725,0.8874205599404605
2024-09-01 14:18:50.229,OnTrack,530.0,-5630.0,1842.0,pos,0 days 00:01:13.553000,0 days 02:11:06.310000,9946.375104,191.1750016,5,0.0,True,0,5109.112078480821,0.8898220359707428
2024-09-01 14:18:50.236,OnTrack,527.160703701621,-5632.27441441196,1842.0680126916827,car,0 days 00:01:13.560000,0 days 02:11:06.317000,9935.0,191.0,5,0.0,False,0,5109.475000000002,0.8898852437375985
2024-09-01 14:18:50.309,OnTrack,497.0,-5655.0,1843.0,pos,0 days 00:01:13.633000,0 days 02:11:06.390000,9958.7249792,189.3777792,5,6.894438399999999,False,0,5113.232859496486,0.8905397265785869
2024-09-01 14:18:50.549,OnTrack,391.0,-5719.0,1843.0,pos,0 days 00:01:13.873000,0 days 02:11:06.630000,10036.7249792,184.04444586666668,5,29.561105066666666,False,0,5125.374808183964,0.8926544136975583
2024-09-01 14:18:50.596,OnTrack,370.43524338146665,-5729.1160290552125,1842.9593125200436,car,0 days 00:01:13.920000,0 days 02:11:06.677000,10052.0,183.0,5,34.0,False,0,5127.775000000002,0.8930724400660662
2024-09-01 14:18:50.709,OnTrack,316.0,-5751.0,1843.0,pos,0 days 00:01:14.033000,0 days 02:11:06.790000,10187.2467984,184.765624,5,50.949990400000004,False,0,5133.598230888203,0.8940866357003118
2024-09-01 14:18:50.916,OnTrack,164.83896265037592,-5787.981994614043,1843.028662541395,car,0 days 00:01:14.240000,0 days 02:11:06.997000,10435.0,188.0,5,82.0,False,0,5144.486111111114,0.8959829095730583
2024-09-01 14:18:51.009,OnTrack,98.0,-5799.0,1843.0,pos,0 days 00:01:14.333000,0 days 02:11:07.090000,10515.710658742857,190.65714102857143,5,87.64642468571428,False,0,5149.488251389489,0.8968541010009117
2024-09-01 14:18:51.196,OnTrack,-7.211823072383723,-5805.536943364419,1842.8518550925905,car,0 days 00:01:14.520000,0 days 02:11:07.277000,10678.0,196.0,5,99.0,False,0,5159.730555555559,0.8986379389371492
2024-09-01 14:18:51.476,OnTrack,-122.19610586058795,-5789.064562852054,1842.9588034328044,car,0 days 00:01:14.800000,0 days 02:11:07.557000,11381.0,202.0,5,99.0,False,0,5175.441666666669,0.9013742447103449
2024-09-01 14:18:51.490,OnTrack,-128.0,-5788.0,1843.0,pos,0 days 00:01:14.814000,0 days 02:11:07.571000,11399.12983424,202.41999616,5,99.0,False,0,5176.240911019358,0.9015134440910245
2024-09-01 14:18:51.676,OnTrack,-207.0742669657776,-5771.50370165342,1843.8088053104318,car,0 days 00:01:15,0 days 02:11:07.757000,11640.0,208.0,5,99.0,False,0,5186.997222222224,0.9033868034119881
2024-09-01 14:18:51.750,OnTrack,-242.0,-5762.0,1844.0,pos,0 days 00:01:15.074000,0 days 02:11:07.831000,11643.7000064,210.22000384,5,99.0,False,0,5191.355360788289,0.9041458330970544
2024-09-01 14:18:51.876,OnTrack,-307.98807356306213,-5740.57304927021,1843.9396289582423,car,0 days 00:01:15.200000,0 days 02:11:07.957000,11650.0,214.0,5,99.0,False,0,5198.886111111113,0.9054574166915634
2024-09-01 14:18:52.090,OnTrack,-433.0,-5689.0,1844.0,pos,0 days 00:01:15.414000,0 days 02:11:08.171000,11561.7250528,220.24166293333334,5,99.0,False,0,5212.002459361713,0.9077418088766572
2024-09-01 14:18:52.116,OnTrack,-448.57943269871873,-5681.427559287058,1844.1771425827778,car,0 days 00:01:15.440000,0 days 02:11:08.197000,11551.0,221.0,5,99.0,False,0,5213.619444444445,0.9080234290361585
2024-09-01 14:18:52.310,OnTrack,-559.0,-5621.0,1845.0,pos,0 days 00:01:15.634000,0 days 02:11:08.391000,11203.0122704,225.2437528,5,99.0,False,0,5225.829372222898,0.910149955647434
2024-09-01 14:18:52.370,OnTrack,-586.0,-5604.0,1844.0,pos,0 days 00:01:15.694000,0 days 02:11:08.451000,11095.3877296,226.5562472,5,99.0,False,0,5229.654204664589,0.9108161027466232
2024-09-01 14:18:52.436,OnTrack,-617.2995792881093,-5582.6987349825695,1843.3654513668612,car,0 days 00:01:15.760000,0 days 02:11:08.517000,10977.0,228.0,6,99.0,False,0,5233.886111111113,0.9115531473744253
2024-09-01 14:18:52.710,OnTrack,-759.0,-5472.0,1845.0,pos,0 days 00:01:16.034000,0 days 02:11:08.791000,11267.191044654546,232.9818205090909,6,99.0,False,0,5251.728536148804,0.9146606507389659
2024-09-01 14:18:52.876,OnTrack,-836.7240708420757,-5398.819368244759,1844.9716719633277,car,0 days 00:01:16.200000,0 days 02:11:08.957000,11443.0,236.0,6,99.0,False,0,5262.730555555557,0.9165768035181425
2024-09-01 14:18:52.890,OnTrack,-845.0,-5390.0,1845.0,pos,0 days 00:01:16.214000,0 days 02:11:08.971000,11453.1499072,236.3499968,6,99.0,False,0,5263.664525920389,0.9167394672841366
2024-09-01 14:18:53.070,OnTrack,-969.0,-5248.0,1846.0,pos,0 days 00:01:16.394000,0 days 02:11:09.151000,11583.6500928,240.8500032,6,99.0,False,0,5275.763314790633,0.9188466375281884
2024-09-01 14:18:53.156,OnTrack,-1008.3740580131457,-5199.929706904681,1846.3695680823298,car,0 days 00:01:16.480000,0 days 02:11:09.237000,11646.0,243.0,6,99.0,False,0,5281.630555555556,0.919868498086888
2024-09-01 14:18:53.410,OnTrack,-1065.0,-5114.0,1847.0,pos,0 days 00:01:16.734000,0 days 02:11:09.491000,11876.50488384,248.71499712,6,99.0,False,0,5299.333983826457,0.9229517932555387
2024-09-01 14:18:53.556,OnTrack,-1115.8390378872084,-5030.841589948021,1847.655537304666,car,0 days 00:01:16.880000,0 days 02:11:09.637000,12009.0,252.0,6,99.0,False,0,5309.630555555556,0.9247450826331775
2024-09-01 14:18:53.670,OnTrack,-1158.0,-4957.0,1848.0,pos,0 days 00:01:16.994000,0 days 02:11:09.751000,11709.749664,254.1375024,6,99.0,False,0,5317.689706671354,0.9261486944827314
2024-09-01 14:18:53.716,OnTrack,-1173.5562824567419,-4927.498253381059,1848.0266683744376,car,0 days 00:01:17.040000,0 days 02:11:09.797000,11589.0,255.0,6,99.0,False,0,5320.963888888889,0.926718938282866
2024-09-01 14:18:53.870,OnTrack,-1221.0,-4829.0,1848.0,pos,0 days 00:01:17.194000,0 days 02:11:09.951000,10938.949417503705,258.09547896426807,6,99.0,False,0,5332.042032061824,0.9286483490613916
2024-09-01 14:18:53.915,OnTrack,-1234.2722759704488,-4799.797009369598,1848.1424697076754,car,0 days 00:01:17.239000,0 days 02:11:09.996000,10749.0,259.0,7,99.0,False,0,5335.280833333334,0.9292124307838612
2024-09-01 14:18:54.070,OnTrack,-1278.0,-4697.0,1849.0,pos,0 days 00:01:17.394000,0 days 02:11:10.151000,10829.4062832,259.0,7,99.0,False,0,5346.428701644716,0.9311539851528382
2024-09-01 14:18:54.075,OnTrack,-1279.3427494956602,-4693.60623638837,1849.0256712775351,car,0 days 00:01:17.399000,0 days 02:11:10.156000,10832.0,259.0,7,99.0,False,0,5346.791944444445,0.9312172488751136
2024-09-01 14:18:54.310,OnTrack,-1337.0,-4531.0,1850.0,pos,0 days 00:01:17.634000,0 days 02:11:10.391000,11000.696474514285,265.71428754285716,7,99.0,False,0,5364.193100173416,0.9342478991292377
2024-09-01 14:18:54.355,OnTrack,-1346.6241254911947,-4500.4588314818375,1850.1753519811105,car,0 days 00:01:17.679000,0 days 02:11:10.436000,11033.0,267.0,7,99.0,False,0,5367.5586111111115,0.9348340490802782
2024-09-01 14:18:54.530,OnTrack,-1382.0,-4373.0,1851.0,pos,0 days 00:01:17.854000,0 days 02:11:10.611000,11033.0,269.62499712,7,99.0,False,0,5380.680315402744,0.9371193740934767
2024-09-01 14:18:54.555,OnTrack,-1387.3713371831238,-4350.869870415934,1851.1669476434345,car,0 days 00:01:17.879000,0 days 02:11:10.636000,11033.0,270.0,7,99.0,False,0,5382.5586111111115,0.937446505087219
2024-09-01 14:18:54.790,OnTrack,-1437.0,-4122.0,1853.0,pos,0 days 00:01:18.114000,0 days 02:11:10.871000,11254.291726933334,271.9583338666667,7,99.0,False,0,5400.30983495272,0.9405381245109231
2024-09-01 14:18:54.795,OnTrack,-1437.80406486552,-4118.00925409008,1853.0285632011542,car,0 days 00:01:18.119000,0 days 02:11:10.876000,11259.0,272.0,7,99.0,False,0,5400.691944444445,0.9406046741267209
2024-09-01 14:18:55.190,OnTrack,-1471.0,-3879.0,1854.0,pos,0 days 00:01:18.514000,0 days 02:11:11.271000,11519.70004224,279.90000128,7,99.0,False,0,5431.413061518731,0.9459551785827643
2024-09-01 14:18:55.195,OnTrack,-1471.3979421552624,-3874.3522781133274,1854.0175570012348,car,0 days 00:01:18.519000,0 days 02:11:11.276000,11523.0,280.0,7,99.0,False,0,5431.803055555556,0.9460231014003759
2024-09-01 14:18:55.355,OnTrack,-1485.3456411816926,-3697.459742503966,1854.7491862787274,car,0 days 00:01:18.679000,0 days 02:11:11.436000,11591.0,281.0,7,99.0,False,0,5444.291944444445,0.9481982129202289
2024-09-01 14:18:55.410,OnTrack,-1489.0,-3645.0,1855.0,pos,0 days 00:01:18.734000,0 days 02:11:11.491000,11623.686726078116,281.97864449335674,7,99.0,False,0,5448.62202381919,0.9489523557117677
2024-09-01 14:18:55.636,OnTrack,-1494.291354825781,-3518.376780587029,1855.8224230023852,car,0 days 00:01:18.960000,0 days 02:11:11.717000,11758.0,286.0,7,99.0,False,0,5466.615833333334,0.9520862247619661
2024-09-01 14:18:55.689,OnTrack,-1495.0,-3487.0,1856.0,pos,0 days 00:01:19.013000,0 days 02:11:11.770000,11611.366843733333,286.6624992,7,99.0,False,0,5470.858535634378,0.9528251496361011
2024-09-01 14:18:55.876,OnTrack,-1498.3676611446117,-3339.413792883537,1856.6915914335914,car,0 days 00:01:19.200000,0 days 02:11:11.957000,11094.0,289.0,7,99.0,False,0,5485.882500000001,0.9554417793664367
2024-09-01 14:18:55.929,OnTrack,-1499.0,-3295.0,1857.0,pos,0 days 00:01:19.253000,0 days 02:11:12.010000,10943.6126816,289.44166613333334,7,99.0,False,0,5490.155786293045,0.9561860308628128
2024-09-01 14:18:56.116,OnTrack,-1499.1338449888026,-3144.0629879608196,1858.5743185347685,car,0 days 00:01:19.440000,0 days 02:11:12.197000,10413.0,291.0,8,99.0,False,0,5505.2825,0.9588205558020801
2024-09-01 14:18:56.209,OnTrack,-1499.0,-3069.0,1859.0,pos,0 days 00:01:19.533000,0 days 02:11:12.290000,10455.237470933333,291.77499946666666,8,99.0,False,0,5512.829576181421,0.9601349827690796
2024-09-01 14:18:56.309,OnTrack,-1499.0,-2987.0,1859.0,pos,0 days 00:01:19.633000,0 days 02:11:12.390000,10500.6541376,292.6083328,8,99.0,False,0,5520.971453061678,0.961553002446653
2024-09-01 14:18:56.356,OnTrack,-1498.6706862188164,-2948.621593488241,1859.0583265450123,car,0 days 00:01:19.680000,0 days 02:11:12.437000,10522.0,293.0,8,99.0,False,0,5524.815833333334,0.9622225540688965
2024-09-01 14:18:56.569,OnTrack,-1495.0,-2775.0,1860.0,pos,0 days 00:01:19.893000,0 days 02:11:12.650000,10579.687482666666,295.6624992,8,99.0,False,0,5542.384816431465,0.9652824337642667
2024-09-01 14:18:56.749,OnTrack,-1492.0,-2626.0,1861.0,pos,0 days 00:01:20.073000,0 days 02:11:12.830000,10628.437482666666,297.9124992,8,99.0,False,0,5557.392825379687,0.9678962846395336
2024-09-01 14:18:56.836,OnTrack,-1490.3102962235791,-2559.1050197240843,1861.3397322390188,car,0 days 00:01:20.160000,0 days 02:11:12.917000,10652.0,299.0,8,99.0,False,0,5564.682500000001,0.9691658815895658
2024-09-01 14:18:57.049,OnTrack,-1485.0,-2400.0,1862.0,pos,0 days 00:01:20.373000,0 days 02:11:13.130000,10754.77246912,301.6624992,8,99.0,False,0,5582.626856421354,0.9722911377044761
2024-09-01 14:18:57.229,OnTrack,-1479.0,-2249.0,1863.0,pos,0 days 00:01:20.553000,0 days 02:11:13.310000,10841.62246912,303.9124992,8,99.0,False,0,5597.866754481685,0.9749453752533346
2024-09-01 14:18:57.236,OnTrack,-1478.7648236539333,-2243.1526167056168,1863.0462884705414,car,0 days 00:01:20.560000,0 days 02:11:13.317000,10845.0,304.0,8,99.0,False,0,5598.460277777778,0.975048745486677
2024-09-01 14:18:57.369,OnTrack,-1474.0,-2130.0,1864.0,pos,0 days 00:01:20.693000,0 days 02:11:13.450000,10900.9708064,305.1083328,8,99.0,False,0,5609.749418145658,0.9770149043244947
2024-09-01 14:18:57.476,OnTrack,-1468.4327142687616,-2022.1379650042973,1864.7995552967548,car,0 days 00:01:20.800000,0 days 02:11:13.557000,10946.0,306.0,8,99.0,False,0,5618.860277777779,0.9786016856561166
2024-09-01 14:18:57.649,OnTrack,-1458.0,-1841.0,1866.0,pos,0 days 00:01:20.973000,0 days 02:11:13.730000,11001.79247936,307.29749952,8,98.56750016,False,0,5633.663215438769,0.981179820550305
2024-09-01 14:18:57.876,OnTrack,-1447.906136725695,-1671.8442352778488,1867.0659447951027,car,0 days 00:01:21.200000,0 days 02:11:13.957000,11075.0,309.0,8,98.0,False,0,5653.193611111112,0.9845813071831144
2024-09-01 14:18:58.070,OnTrack,-1439.0,-1533.0,1868.0,pos,0 days 00:01:21.394000,0 days 02:11:14.151000,11129.966702933334,310.6166677333333,8,98.80833386666667,False,0,5669.947455528417,0.9874992192822705
2024-09-01 14:18:58.116,OnTrack,-1436.4194752326648,-1494.0470804028816,1868.2821019116654,car,0 days 00:01:21.440000,0 days 02:11:14.197000,11143.0,311.0,8,99.0,False,0,5673.926944444444,0.9881923019304859
2024-09-01 14:18:58.230,OnTrack,-1429.0,-1386.0,1869.0,pos,0 days 00:01:21.554000,0 days 02:11:14.311000,11170.7875312,311.7125008,8,99.0,False,0,5683.800612216284,0.9899119367758913
2024-09-01 14:18:58.276,OnTrack,-1425.4246698418253,-1336.715592345736,1869.2424265400189,car,0 days 00:01:21.600000,0 days 02:11:14.357000,11182.0,312.0,8,99.0,False,0,5687.793611111112,0.990607372372458
2024-09-01 14:18:58.470,OnTrack,-1408.0,-1108.0,1870.0,pos,0 days 00:01:21.794000,0 days 02:11:14.551000,11270.27005824,313.45500096,8,99.0,False,0,5704.706307603384,0.9935529507421115
2024-09-01 14:18:58.676,OnTrack,-1390.483524202631,-884.3688304592907,1870.5898236294609,car,0 days 00:01:22,0 days 02:11:14.757000,11364.0,315.0,8,99.0,False,0,5722.793611111111,0.9967031030553198
2024-09-01 14:18:58.890,OnTrack,-1374.0,-680.0,1871.0,pos,0 days 00:01:22.214000,0 days 02:11:14.971000,11364.0,315.0,8,99.0,False,0,5741.723481715177,1.0
