Date,Status,X,Y,Z,Source,Time,SessionTime,RPM,Speed,nGear,Throttle,Brake,DRS,Distance,RelativeDistance
2024-09-01 14:17:00.230,OnTrack,-1369.0,-622.0,1872.0,pos,0 days 00:00:00,0 days 02:09:16.311000,11348.0,321.0,8,99.0,False,0,,
2024-09-01 14:17:00.435,OnTrack,-1361.486255320922,-525.1670393473297,1872.1954653134387,car,0 days 00:00:00.205000,0 days 02:09:16.516000,11348.0,321.0,8,99.0,False,0,28.17666666666667,0.0049335193722199215
2024-09-01 14:17:00.595,OnTrack,-1348.3512778130573,-376.07425405678805,1872.6758680959942,car,0 days 00:00:00.365000,0 days 02:09:16.676000,11390.0,321.0,8,99.0,False,0,42.443333333333335,0.007431503864483173
2024-09-01 14:17:00.670,OnTrack,-1340.0,-284.0,1873.0,pos,0 days 00:00:00.440000,0 days 02:09:16.751000,11392.187501866667,321.6250005333333,8,99.31250026666666,False,0,49.156101257496786,0.008606858315982412
2024-09-01 14:17:00.835,OnTrack,-1318.6120212353617,-51.55806262064413,1873.9106817450077,car,0 days 00:00:00.605000,0 days 02:09:16.916000,11397.0,323.0,8,100.0,False,0,63.97666666666667,0.011201826252338454
2024-09-01 14:17:00.850,OnTrack,-1317.0,-34.0,1874.0,pos,0 days 00:00:00.620000,0 days 02:09:16.931000,11401.8749376,323.1071414857143,8,99.94642925714285,False,0,65.32709882084387,0.011438276620024551
2024-09-01 14:17:01.115,OnTrack,-1301.8807219719129,135.39401256487014,1875.6148551973733,car,0 days 00:00:00.885000,0 days 02:09:17.196000,11488.0,325.0,8,99.0,False,0,89.25444444444445,0.01562777229587342
2024-09-01 14:17:01.190,OnTrack,-1298.0,181.0,1876.0,pos,0 days 00:00:00.960000,0 days 02:09:17.271000,11495.5000064,325.2678573714286,8,99.0,False,0,96.03921517052484,0.01681573388867556
2024-09-01 14:17:01.395,OnTrack,-1282.4933115469983,362.8227757368605,1876.9134386481564,car,0 days 00:00:01.165000,0 days 02:09:17.476000,11516.0,326.0,8,99.0,False,0,114.61,0.020067336634926956
2024-09-01 14:17:01.410,OnTrack,-1281.0,380.0,1877.0,pos,0 days 00:00:01.180000,0 days 02:09:17.491000,11517.874976,326.07499904,8,99.0,False,0,115.97071943290014,0.020305588226635307
2024-09-01 14:17:01.595,OnTrack,-1258.7516868991595,631.9034769433551,1878.389174806766,car,0 days 00:00:01.365000,0 days 02:09:17.676000,11541.0,327.0,8,99.0,False,0,132.77666666666667,0.02324818137390703
2024-09-01 14:17:01.690,OnTrack,-1249.0,742.0,1879.0,pos,0 days 00:00:01.460000,0 days 02:09:17.771000,11557.14996736,327.47499904,8,99.0,False,0,141.4258932144586,0.024762594957069825
2024-09-01 14:17:01.795,OnTrack,-1241.8753906180173,823.1618473416968,1879.4183288569989,car,0 days 00:00:01.565000,0 days 02:09:17.876000,11575.0,328.0,8,99.0,False,0,150.9988888888889,0.026438753466828942
2024-09-01 14:17:02.030,OnTrack,-1232.0,942.0,1880.0,pos,0 days 00:00:01.800000,0 days 02:09:18.111000,11591.8906296,328.7343752,8,99.0,False,0,172.46514014485598,0.030197330294709713
2024-09-01 14:17:02.115,OnTrack,-1226.2041158499933,1013.6640364554239,1880.4307094365483,car,0 days 00:00:01.885000,0 days 02:09:18.196000,11598.0,329.0,8,99.0,False,0,180.24333333333334,0.03155923258181093
2024-09-01 14:17:02.230,OnTrack,-1217.0,1125.0,1881.0,pos,0 days 00:00:02,0 days 02:09:18.311000,11635.3750208,329.57500032,8,99.0,False,0,190.77846004547098,0.03340385289612973
2024-09-01 14:17:02.315,OnTrack,-1210.0094851915815,1204.7390430753596,1881.1959731977718,car,0 days 00:00:02.085000,0 days 02:09:18.396000,11663.0,330.0,8,99.0,False,0,198.57666666666668,0.03476925938261651
2024-09-01 14:17:02.475,OnTrack,-1196.7574101019588,1349.5787759237146,1881.397146437816,car,0 days 00:00:02.245000,0 days 02:09:18.556000,11665.0,331.0,8,100.0,False,0,213.28777777777776,0.03734506270641444
2024-09-01 14:17:02.550,OnTrack,-1191.0,1417.0,1882.0,pos,0 days 00:00:02.320000,0 days 02:09:18.631000,11672.12500608,331.37500032,8,99.62499968,False,0,220.19971302054887,0.038555289835945056
2024-09-01 14:17:02.630,OnTrack,-1185.0,1491.0,1883.0,pos,0 days 00:00:02.400000,0 days 02:09:18.711000,11679.72500608,331.77500032,8,99.22499968,False,0,227.58079279756728,0.03984766059429668
2024-09-01 14:17:02.675,OnTrack,-1181.0467260696505,1538.8633211672727,1883.4917016408535,car,0 days 00:00:02.445000,0 days 02:09:18.756000,11684.0,332.0,8,99.0,False,0,231.73222222222222,0.040574544215103696
2024-09-01 14:17:02.835,OnTrack,-1163.2835566581857,1746.782798076478,1884.5557972699562,car,0 days 00:00:02.605000,0 days 02:09:18.916000,11719.0,332.0,8,99.0,False,0,246.48777777777778,0.043158129422055096
2024-09-01 14:17:02.950,OnTrack,-1152.0,1877.0,1885.0,pos,0 days 00:00:02.720000,0 days 02:09:19.031000,11729.0625056,332.0,8,99.0,False,0,257.08702077411556,0.045013976008591194
2024-09-01 14:17:03.155,OnTrack,-1139.7816046465732,2016.362464306202,1885.4675135001519,car,0 days 00:00:02.925000,0 days 02:09:19.236000,11747.0,332.0,8,99.0,False,0,275.99888888888887,0.04832529983595789
2024-09-01 14:17:03.310,OnTrack,-1131.0,2116.0,1886.0,pos,0 days 00:00:03.080000,0 days 02:09:19.391000,11751.736113066667,332.86111146666667,8,99.43055573333334,False,0,290.35283531656756,0.05083856634851295
2024-09-01 14:17:03.510,OnTrack,-1115.0,2301.0,1887.0,pos,0 days 00:00:03.280000,0 days 02:09:19.591000,11757.847224177778,333.97222257777776,8,99.98611128888889,False,0,308.9337387062713,0.0540919407774654
2024-09-01 14:17:03.515,OnTrack,-1114.6013949819023,2305.784388594179,1887.0058291759406,car,0 days 00:00:03.285000,0 days 02:09:19.596000,11758.0,334.0,8,100.0,False,0,309.39888888888885,0.054173385025789146
2024-09-01 14:17:03.610,OnTrack,-1107.0,2398.0,1887.0,pos,0 days 00:00:03.380000,0 days 02:09:19.691000,11782.782568460152,334.5900611538131,8,100.0,False,0,318.24224792714165,0.05572178972698575
2024-09-01 14:17:03.676,OnTrack,-1100.9339558577158,2469.290174945025,1887.2461144603626,car,0 days 00:00:03.446000,0 days 02:09:19.757000,11800.0,335.0,8,100.0,False,0,324.38083333333327,0.05679660920005352
2024-09-01 14:17:03.789,OnTrack,-1090.0,2595.0,1888.0,pos,0 days 00:00:03.559000,0 days 02:09:19.870000,11799.43500032,334.43500032,8,99.43500032,False,0,334.8647753967336,0.0586322674728685
2024-09-01 14:17:03.876,OnTrack,-1082.6971601787634,2679.19181860671,1888.485815179719,car,0 days 00:00:03.646000,0 days 02:09:19.957000,11799.0,334.0,8,99.0,False,0,342.9363888888888,0.06004554541662644
2024-09-01 14:17:03.989,OnTrack,-1074.0,2780.0,1889.0,pos,0 days 00:00:03.759000,0 days 02:09:20.070000,11806.90999552,334.56499968,8,99.0,False,0,353.4433324826734,0.061885231081931946
2024-09-01 14:17:04.076,OnTrack,-1067.195365866289,2859.337669504841,1889.3316994702257,car,0 days 00:00:03.846000,0 days 02:09:20.157000,11813.0,335.0,8,99.0,False,0,361.5474999999999,0.06330420898714119
2024-09-01 14:17:04.229,OnTrack,-1055.0,3002.0,1890.0,pos,0 days 00:00:03.999000,0 days 02:09:20.310000,11834.0374912,335.63749973333336,8,99.0,False,0,375.82464912832944,0.06580402887847042
2024-09-01 14:17:04.316,OnTrack,-1047.9530339673158,3084.286224146862,1890.6124908515603,car,0 days 00:00:04.086000,0 days 02:09:20.397000,11846.0,336.0,8,99.0,False,0,383.94749999999993,0.06722627809648911
2024-09-01 14:17:04.516,OnTrack,-1031.981405340194,3269.7134999229256,1891.9745145153095,car,0 days 00:00:04.286000,0 days 02:09:20.597000,11846.0,336.0,8,99.0,False,0,402.6141666666666,0.0704946690209457
2024-09-01 14:17:04.529,OnTrack,-1031.0,3281.0,1892.0,pos,0 days 00:00:04.299000,0 days 02:09:20.610000,11847.5437424,336.0,8,99.0,False,0,403.8270781747989,0.07070704057266079
2024-09-01 14:17:04.676,OnTrack,-1019.3514602160121,3414.4256324365647,1891.9602184531166,car,0 days 00:00:04.446000,0 days 02:09:20.757000,11865.0,336.0,8,99.0,False,0,417.54749999999996,0.07310938176051097
2024-09-01 14:17:04.689,OnTrack,-1018.0,3430.0,1892.0,pos,0 days 00:00:04.459000,0 days 02:09:20.770000,11865.1624992,336.0812496,8,99.0,False,0,418.76288566564,0.07332218651833021
2024-09-01 14:17:04.836,OnTrack,-998.110376688159,3660.5469750450125,1893.2809553016473,car,0 days 00:00:04.606000,0 days 02:09:20.917000,11867.0,337.0,8,99.0,False,0,432.52527777777766,0.0757318763832297
2024-09-01 14:17:04.909,OnTrack,-989.0,3766.0,1894.0,pos,0 days 00:00:04.679000,0 days 02:09:20.990000,11870.8781216,337.0,8,99.0,False,0,439.3578435215313,0.07692820651899598
2024-09-01 14:17:05.156,OnTrack,-974.2155694632081,3933.519644047425,1895.2974184615991,car,0 days 00:00:04.926000,0 days 02:09:21.237000,11884.0,337.0,8,99.0,False,0,462.48083333333324,0.08097686562866718
2024-09-01 14:17:05.329,OnTrack,-966.0,4027.0,1896.0,pos,0 days 00:00:05.099000,0 days 02:09:21.410000,11876.791669333334,337.72083306666667,8,99.0,False,0,478.72774868290173,0.08382157655789634
2024-09-01 14:17:05.396,OnTrack,-961.1646533168803,4083.2602666583734,1896.3678237875122,car,0 days 00:00:05.166000,0 days 02:09:21.477000,11874.0,338.0,8,99.0,False,0,485.0141666666666,0.0849222803874755
2024-09-01 14:17:05.529,OnTrack,-950.0,4214.0,1897.0,pos,0 days 00:00:05.299000,0 days 02:09:21.610000,11893.9499904,337.33500032,8,99.0,False,0,497.4674949516357,0.08710276316314719
2024-09-01 14:17:05.596,OnTrack,-944.5003784545011,4278.429942695424,1897.0688134737484,car,0 days 00:00:05.366000,0 days 02:09:21.677000,11904.0,337.0,8,99.0,False,0,503.7363888888888,0.08820039866587392
2024-09-01 14:17:05.729,OnTrack,-934.0,4401.0,1897.0,pos,0 days 00:00:05.499000,0 days 02:09:21.810000,11889.8687568,337.0,8,99.0,False,0,516.1844135083464,0.09037995281017647
2024-09-01 14:17:05.756,OnTrack,-931.9463987120924,4424.782615075423,1897.0313900164492,car,0 days 00:00:05.526000,0 days 02:09:21.837000,11887.0,337.0,8,99.0,False,0,518.7141666666665,0.09082289328859265
2024-09-01 14:17:05.989,OnTrack,-913.0,4644.0,1898.0,pos,0 days 00:00:05.759000,0 days 02:09:22.070000,11920.285705142856,337.83214262857143,8,99.83214262857143,False,0,540.5886845023227,0.09465295447989208
2024-09-01 14:17:06.036,OnTrack,-907.8979990257814,4704.17367072884,1898.3308803520586,car,0 days 00:00:05.806000,0 days 02:09:22.117000,11927.0,338.0,8,100.0,False,0,545.0030555555554,0.09542587717386902
2024-09-01 14:17:06.195,OnTrack,-888.3967357040084,4936.1131003339515,1899.6444010284845,car,0 days 00:00:05.965000,0 days 02:09:22.276000,11927.0,338.0,8,99.0,False,0,559.9313888888887,0.09803971445157952
2024-09-01 14:17:06.250,OnTrack,-883.0,5000.0,1900.0,pos,0 days 00:00:06.020000,0 days 02:09:22.331000,11920.125024,338.0,8,99.3437488,False,0,565.0934142215516,0.09894354570599508
2024-09-01 14:17:06.355,OnTrack,-875.6371119132662,5086.140228326209,1900.45853717187,car,0 days 00:00:06.125000,0 days 02:09:22.436000,11907.0,338.0,8,100.0,False,0,574.953611111111,0.10066999095745173
2024-09-01 14:17:06.555,OnTrack,-867.153832411576,5181.592362478064,1900.8870273071864,car,0 days 00:00:06.325000,0 days 02:09:22.636000,11914.0,339.0,8,100.0,False,0,593.7869444444443,0.10396756394373383
2024-09-01 14:17:06.590,OnTrack,-865.0,5206.0,1901.0,pos,0 days 00:00:06.360000,0 days 02:09:22.671000,11917.281256,339.0,8,99.7812496,False,0,597.083359662329,0.10454474109987892
2024-09-01 14:17:06.715,OnTrack,-855.2022824033667,5317.64909058119,1901.5296191987056,car,0 days 00:00:06.485000,0 days 02:09:22.796000,11929.0,339.0,8,99.0,False,0,608.853611111111,0.10660562233275951
2024-09-01 14:17:06.810,OnTrack,-847.0,5412.0,1902.0,pos,0 days 00:00:06.580000,0 days 02:09:22.891000,11931.035710171429,339.0,8,99.0,False,0,617.79916708983,0.1081719209385665
2024-09-01 14:17:06.995,OnTrack,-832.1196241416194,5585.839771030514,1902.9303143512354,car,0 days 00:00:06.765000,0 days 02:09:23.076000,11935.0,339.0,8,99.0,False,0,635.2202777777777,0.11122222451355446
2024-09-01 14:17:07.010,OnTrack,-831.0,5599.0,1903.0,pos,0 days 00:00:06.780000,0 days 02:09:23.091000,11934.2500096,339.0,8,99.0,False,0,636.6327764209423,0.11146954224995408
2024-09-01 14:17:07.195,OnTrack,-816.6101274744125,5768.187571378132,1903.8933441242389,car,0 days 00:00:06.965000,0 days 02:09:23.276000,11925.0,339.0,8,99.0,False,0,654.053611111111,0.11451979749983654
2024-09-01 14:17:07.210,OnTrack,-815.0,5787.0,1904.0,pos,0 days 00:00:06.980000,0 days 02:09:23.291000,11926.61247936,339.0,8,99.0,False,0,655.4660556157032,0.11476710575698518
2024-09-01 14:17:07.430,OnTrack,-786.0,6124.0,1906.0,pos,0 days 00:00:07.200000,0 days 02:09:23.511000,11950.26250688,339.0,8,99.0,False,0,676.1815605480414,0.11839423263107748
2024-09-01 14:17:07.595,OnTrack,-776.3144715406368,6235.044545802371,1906.633870157205,car,0 days 00:00:07.365000,0 days 02:09:23.676000,11968.0,339.0,8,99.0,False,0,691.7202777777777,0.12111494347240075
2024-09-01 14:17:07.755,OnTrack,-770.8656273303232,6301.147490307161,1906.9466017329905,car,0 days 00:00:07.525000,0 days 02:09:23.836000,11944.0,339.0,8,99.0,False,0,706.7869444444444,0.12375300186142643
2024-09-01 14:17:07.770,OnTrack,-770.0,6312.0,1907.0,pos,0 days 00:00:07.540000,0 days 02:09:23.851000,11944.041666133333,339.0,8,99.0,False,0,708.198146126973,0.12400009250991327
2024-09-01 14:17:07.950,OnTrack,-756.0,6487.0,1908.0,pos,0 days 00:00:07.720000,0 days 02:09:24.031000,11944.541666844445,339.0,8,99.0,False,0,725.1107108312108,0.1269613535628748
2024-09-01 14:17:08.115,OnTrack,-742.446179499591,6642.281482268961,1909.5668728179874,car,0 days 00:00:07.885000,0 days 02:09:24.196000,11945.0,339.0,8,99.0,False,0,740.6869444444444,0.12968863323673419
2024-09-01 14:17:08.170,OnTrack,-738.0,6693.0,1910.0,pos,0 days 00:00:07.940000,0 days 02:09:24.251000,11936.47502976,339.0,8,91.57502592,False,0,745.912820474201,0.1306036442610909
2024-09-01 14:17:08.315,OnTrack,-726.4527627377666,6828.749761695955,1910.623503553205,car,0 days 00:00:08.085000,0 days 02:09:24.396000,11914.0,339.0,8,72.0,False,0,759.5202777777777,0.13298620622301627
2024-09-01 14:17:08.450,OnTrack,-716.0,6954.0,1911.0,pos,0 days 00:00:08.220000,0 days 02:09:24.531000,11727.625265066667,324.75002026666664,8,45.0000384,False,0,771.3935719457425,0.13506512944990803
2024-09-01 14:17:08.670,OnTrack,-700.0,7146.0,1912.0,pos,0 days 00:00:08.440000,0 days 02:09:24.751000,11423.902689422222,301.5277710222222,8,0.9999872000000067,False,0,789.2318232154161,0.1381884711583711
2024-09-01 14:17:08.675,OnTrack,-699.6670141668682,7150.0529497014095,1912.022533514278,car,0 days 00:00:08.445000,0 days 02:09:24.756000,11417.0,301.0,8,0.0,True,0,789.6202777777776,0.13825648658870252
2024-09-01 14:17:08.875,OnTrack,-687.2592627159914,7302.749756250344,1912.8542801776691,car,0 days 00:00:08.645000,0 days 02:09:24.956000,10157.0,268.0,8,0.0,True,0,804.5091666666665,0.14086341744511433
2024-09-01 14:17:08.910,OnTrack,-685.0,7330.0,1913.0,pos,0 days 00:00:08.680000,0 days 02:09:24.991000,10021.9580864,263.624992,8,0.0,True,0,806.9646660164483,0.14129335664814124
2024-09-01 14:17:09.115,OnTrack,-671.0656719839739,7493.667930564078,1913.8685450708826,car,0 days 00:00:08.885000,0 days 02:09:25.196000,9231.0,238.0,7,0.0,True,0,820.3758333333332,0.14364154973090243
2024-09-01 14:17:09.150,OnTrack,-669.0,7518.0,1914.0,pos,0 days 00:00:08.920000,0 days 02:09:25.231000,9275.943264,233.9431744,7,0.0,True,0,822.490911675974,0.1440118838126668
2024-09-01 14:17:09.490,OnTrack,-655.0,7685.0,1915.0,pos,0 days 00:00:09.260000,0 days 02:09:25.571000,9712.533844363636,194.53411316363636,7,0.0,True,0,840.3613380847146,0.14714085914251487
2024-09-01 14:17:09.555,OnTrack,-652.4863440760937,7712.645720770093,1915.2018967378517,car,0 days 00:00:09.325000,0 days 02:09:25.636000,9796.0,187.0,7,0.0,True,0,843.2313888888887,0.14764338314257336
2024-09-01 14:17:10.469,OnTrack,-604.0,8057.0,1918.0,pos,0 days 00:00:10.239000,0 days 02:09:26.550000,9131.09233790001,106.61564085059828,7,0.0,True,0,870.1582416750051,0.15235806963919774
2024-09-01 14:17:10.476,OnTrack,-603.4659687118599,8058.954858516235,1918.0034988801394,car,0 days 00:00:10.246000,0 days 02:09:26.557000,9126.0,106.0,2,0.0,True,0,870.349722222222,0.15239159642220135
2024-09-01 14:17:10.649,OnTrack,-589.0,8104.0,1918.0,pos,0 days 00:00:10.419000,0 days 02:09:26.730000,8792.9751232,100.81000192,2,0.0,True,0,875.162514323596,0.15323427960213495
2024-09-01 14:17:10.676,OnTrack,-586.3975563219046,8110.7349444051,1917.9953281037328,car,0 days 00:00:10.446000,0 days 02:09:26.757000,8741.0,100.0,2,0.0,True,0,875.9052777777775,0.15336433181638484
2024-09-01 14:17:10.709,OnTrack,-583.0,8119.0,1918.0,pos,0 days 00:00:10.479000,0 days 02:09:26.790000,8655.435880228571,99.41071542857142,2,0.0,True,0,876.8056436266373,0.15352197900758685
2024-09-01 14:17:10.956,OnTrack,-547.8694269261168,8185.10635620677,1918.7364263261238,car,0 days 00:00:10.726000,0 days 02:09:27.037000,8015.0,95.0,2,0.0,True,0,883.2941666666665,0.15465806989064892
2024-09-01 14:17:11.069,OnTrack,-531.0,8211.0,1919.0,pos,0 days 00:00:10.839000,0 days 02:09:27.150000,7817.250112,92.80277902222223,2,0.0,True,0,886.1270431760915,0.1551540849553013
2024-09-01 14:17:11.316,OnTrack,-498.7906407041297,8248.993672049235,1918.792471276951,car,0 days 00:00:11.086000,0 days 02:09:27.397000,7385.0,88.0,2,0.0,True,0,892.0941666666664,0.15619888275503557
2024-09-01 14:17:11.469,OnTrack,-475.0,8267.0,1919.0,pos,0 days 00:00:11.239000,0 days 02:09:27.550000,7402.2124928,86.0875008,2,0.0,True,0,895.7085279548664,0.15683172984246738
2024-09-01 14:17:11.636,OnTrack,-441.8940966006807,8285.835087905163,1919.8939130760675,car,0 days 00:00:11.406000,0 days 02:09:27.717000,7421.0,84.0,2,0.0,False,0,899.5608333333331,0.15750623912481823
2024-09-01 14:17:11.669,OnTrack,-435.0,8289.0,1920.0,pos,0 days 00:00:11.439000,0 days 02:09:27.750000,7375.860801828571,83.52857234285715,2,0.11785691428571429,False,0,900.307096542227,0.15763690411941847
2024-09-01 14:17:11.829,OnTrack,-401.0,8301.0,1920.0,pos,0 days 00:00:11.599000,0 days 02:09:27.910000,7157.003658971428,81.24285805714285,2,0.6892854857142857,False,0,903.8620364641906,0.15825934697895067
2024-09-01 14:17:11.916,OnTrack,-381.84046503338044,8305.82538257865,1919.9879281687663,car,0 days 00:00:11.686000,0 days 02:09:27.997000,7038.0,80.0,2,1.0,False,0,905.7830555555554,0.15859570276630378
2024-09-01 14:17:12.009,OnTrack,-361.0,8310.0,1920.0,pos,0 days 00:00:11.779000,0 days 02:09:28.090000,7091.991629511111,80.0,2,4.874997333333333,False,0,907.8389114446985,0.15895566744827158
2024-09-01 14:17:12.169,OnTrack,-325.0,8316.0,1920.0,pos,0 days 00:00:11.939000,0 days 02:09:28.250000,7184.8805184,80.0,2,11.541664,False,0,911.3862239714277,0.159576774809088
2024-09-01 14:17:12.276,OnTrack,-301.320831685792,8321.16336564053,1920.011567732489,car,0 days 00:00:12.046000,0 days 02:09:28.357000,7247.0,80.0,2,16.0,False,0,913.7830555555554,0.15999644173392802
2024-09-01 14:17:12.389,OnTrack,-277.0,8328.0,1920.0,pos,0 days 00:00:12.159000,0 days 02:09:28.470000,6964.029326933333,80.47083306666667,2,9.408337066666666,False,0,916.3395112001124,0.16044405761396976
2024-09-01 14:17:12.516,OnTrack,-250.87550312860645,8337.419741175316,1919.9210715237691,car,0 days 00:00:12.286000,0 days 02:09:28.597000,6646.0,81.0,2,2.0,True,0,919.1830555555554,0.1609419405370744
2024-09-01 14:17:12.589,OnTrack,-237.0,8344.0,1920.0,pos,0 days 00:00:12.359000,0 days 02:09:28.670000,6593.125368120242,79.90225677758288,2,2.0,True,0,920.7710520873178,0.16121998661488587
2024-09-01 14:17:12.830,OnTrack,-199.0,8373.0,1921.0,pos,0 days 00:00:12.600000,0 days 02:09:28.911000,6418.566359808905,76.27819432129213,2,2.0,True,0,925.7879257031286,0.16209840291104988
2024-09-01 14:17:12.915,OnTrack,-188.3704256181769,8385.967215367675,1921.0869330218998,car,0 days 00:00:12.685000,0 days 02:09:28.996000,6357.0,75.0,2,2.0,True,0,927.4955555555554,0.16239739587062146
2024-09-01 14:17:13.150,OnTrack,-166.0,8427.0,1921.0,pos,0 days 00:00:12.920000,0 days 02:09:29.231000,6063.24992,70.10416533333333,2,2.0,True,0,932.067338314517,0.16319788015337025
2024-09-01 14:17:13.155,OnTrack,-165.6245095922735,8427.895072220901,1921.014595695489,car,0 days 00:00:12.925000,0 days 02:09:29.236000,6057.0,70.0,2,2.0,False,0,932.162222222222,0.1632144936017356
2024-09-01 14:17:13.370,OnTrack,-153.0,8467.0,1922.0,pos,0 days 00:00:13.140000,0 days 02:09:29.451000,6091.0416362666665,67.3125024,2,10.0624928,False,0,936.1664422573829,0.16391560198150956
2024-09-01 14:17:13.395,OnTrack,-151.88467042906936,8471.670890656405,1922.043533117223,car,0 days 00:00:13.165000,0 days 02:09:29.476000,6095.0,67.0,2,11.0,False,0,936.6288888888887,0.16399657285865915
2024-09-01 14:17:13.530,OnTrack,-147.0,8497.0,1922.0,pos,0 days 00:00:13.300000,0 days 02:09:29.611000,6399.42456704,67.0,2,17.07499136,False,0,939.1294834330116,0.16443440788618185
2024-09-01 14:17:13.595,OnTrack,-145.33135305845175,8508.990757669519,1921.9916682802623,car,0 days 00:00:13.365000,0 days 02:09:29.676000,6546.0,67.0,2,20.0,False,0,940.351111111111,0.1646483055727621
2024-09-01 14:17:13.610,OnTrack,-145.0,8512.0,1922.0,pos,0 days 00:00:13.380000,0 days 02:09:29.691000,6557.8123488,67.14999808,2,20.41249472,False,0,940.6355782063272,0.16469811359092165
2024-09-01 14:17:13.970,OnTrack,-142.0,8603.0,1923.0,pos,0 days 00:00:13.740000,0 days 02:09:30.051000,6841.3123488,70.74999808,2,30.31249472,False,0,947.7312929105191,0.16594051910208488
2024-09-01 14:17:13.995,OnTrack,-142.053779606386,8607.069669739682,1923.0206228838513,car,0 days 00:00:13.765000,0 days 02:09:30.076000,6861.0,71.0,2,31.0,False,0,948.2399999999999,0.1660295898325027
2024-09-01 14:17:14.195,OnTrack,-143.74652650103943,8629.724024474202,1922.979319797551,car,0 days 00:00:13.965000,0 days 02:09:30.276000,7215.0,75.0,2,42.0,False,0,952.4066666666666,0.16675914137814035
2024-09-01 14:17:14.210,OnTrack,-144.0,8632.0,1923.0,pos,0 days 00:00:13.980000,0 days 02:09:30.291000,7265.09935872,75.44999424,2,42.59999232,False,0,952.7313033405816,0.1668159827830744
2024-09-01 14:17:14.395,OnTrack,-148.72698786359797,8671.886436873372,1923.6685096600681,car,0 days 00:00:14.165000,0 days 02:09:30.476000,7883.0,81.0,2,50.0,False,0,956.9066666666666,0.16754705704742898
2024-09-01 14:17:14.510,OnTrack,-153.0,8700.0,1924.0,pos,0 days 00:00:14.280000,0 days 02:09:30.591000,8235.02797368889,84.19444622222223,2,52.236112355555555,False,0,959.6760680927727,0.1680319581092466
2024-09-01 14:17:14.670,OnTrack,-161.0,8739.0,1924.0,pos,0 days 00:00:14.440000,0 days 02:09:30.751000,8724.805751466667,88.63889066666667,2,55.34722346666667,False,0,963.7487508206518,0.16874505378421042
2024-09-01 14:17:14.755,OnTrack,-167.34348022564137,8765.8296406589,1923.9581232570927,car,0 days 00:00:14.525000,0 days 02:09:30.836000,8985.0,91.0,2,57.0,False,0,966.0066666666667,0.16914039762310157
2024-09-01 14:17:14.995,OnTrack,-189.77117045668876,8854.279151379977,1923.9790737529136,car,0 days 00:00:14.765000,0 days 02:09:31.076000,9602.0,102.0,2,63.0,False,0,972.8066666666666,0.17033102574558218
2024-09-01 14:17:15.010,OnTrack,-191.0,8859.0,1924.0,pos,0 days 00:00:14.780000,0 days 02:09:31.091000,9631.8121184,102.67499136,2,63.41249472,False,0,973.2643744902061,0.17041116689360947
2024-09-01 14:17:15.395,OnTrack,-215.5948565287781,8950.009279489223,1924.982427672585,car,0 days 00:00:15.165000,0 days 02:09:31.476000,10397.0,120.0,2,74.0,False,0,986.14,0.17266559069162263
2024-09-01 14:17:15.430,OnTrack,-218.0,8959.0,1925.0,pos,0 days 00:00:15.200000,0 days 02:09:31.511000,10255.0309904,121.093752,2,75.093752,False,0,987.3436345675079,0.17287633792180862
2024-09-01 14:17:15.555,OnTrack,-227.4527332982699,8994.790348634742,1924.8921497719937,car,0 days 00:00:15.325000,0 days 02:09:31.636000,9748.0,125.0,2,79.0,False,0,991.6955555555555,0.17363832608580612
2024-09-01 14:17:15.650,OnTrack,-238.0,9035.0,1925.0,pos,0 days 00:00:15.420000,0 days 02:09:31.731000,10126.57423488,129.27499136,2,83.7499904,False,0,995.1552091817421,0.17424408504189137
2024-09-01 14:17:15.755,OnTrack,-254.8914752029333,9099.41249844264,1925.5966896781604,car,0 days 00:00:15.525000,0 days 02:09:31.836000,10545.0,134.0,3,89.0,False,0,999.14,0.17494179151401204
2024-09-01 14:17:15.830,OnTrack,-266.0,9142.0,1926.0,pos,0 days 00:00:15.600000,0 days 02:09:31.911000,10794.8439632,138.687504,3,91.343752,False,0,1002.0870893867457,0.17545780438214784
2024-09-01 14:17:15.915,OnTrack,-274.2982642054259,9174.299545806696,1926.180035946502,car,0 days 00:00:15.685000,0 days 02:09:31.996000,11078.0,144.0,3,94.0,False,0,1005.54,0.17606238268811142
2024-09-01 14:17:16.130,OnTrack,-286.0,9223.0,1926.0,pos,0 days 00:00:15.900000,0 days 02:09:32.211000,10557.29734,154.078116,3,97.359372,False,0,1014.862092930266,0.1776946100415162
2024-09-01 14:17:16.235,OnTrack,-296.6209008335961,9267.220841862956,1926.1786375060083,car,0 days 00:00:16.005000,0 days 02:09:32.316000,10303.0,159.0,4,99.0,False,0,1019.6733333333333,0.17853702153091427
2024-09-01 14:17:16.470,OnTrack,-327.0,9395.0,1927.0,pos,0 days 00:00:16.240000,0 days 02:09:32.551000,10773.979294933333,172.70833706666667,4,99.0,False,0,1030.959962740952,0.18051322423396246
2024-09-01 14:17:16.475,OnTrack,-327.57084126585994,9397.470457258578,1927.0153784995855,car,0 days 00:00:16.245000,0 days 02:09:32.556000,10784.0,173.0,4,99.0,False,0,1031.2066666666667,0.18055642020923926
2024-09-01 14:17:16.675,OnTrack,-347.10077962712444,9485.069086805059,1927.5253603300393,car,0 days 00:00:16.445000,0 days 02:09:32.756000,11245.0,182.0,4,99.0,False,0,1041.3177777777778,0.18232679862665324
2024-09-01 14:17:16.829,OnTrack,-361.0,9554.0,1928.0,pos,0 days 00:00:16.599000,0 days 02:09:32.910000,11045.299385982944,188.52867391978836,4,99.0,False,0,1049.5499205217054,0.1837681840177113
2024-09-01 14:17:17.049,OnTrack,-382.0,9671.0,1929.0,pos,0 days 00:00:16.819000,0 days 02:09:33.130000,10760.012557408489,197.85535870010713,4,99.0,False,0,1061.9279999120074,0.18593549128600415
2024-09-01 14:17:17.076,OnTrack,-384.3399684589312,9685.846177389289,1929.1274247136134,car,0 days 00:00:16.846000,0 days 02:09:33.157000,10725.0,199.0,5,99.0,False,0,1063.4841666666666,0.18620796421267571
2024-09-01 14:17:17.309,OnTrack,-402.0,9816.0,1930.0,pos,0 days 00:00:17.079000,0 days 02:09:33.390000,11060.51990784,207.15499776000001,5,99.0,False,0,1077.2332197182952,0.1886153185098444
2024-09-01 14:17:17.469,OnTrack,-412.0,9909.0,1930.0,pos,0 days 00:00:17.239000,0 days 02:09:33.550000,11290.91990784,212.75499776,5,99.0,False,0,1086.7378331032055,0.19027950380240025
2024-09-01 14:17:17.476,OnTrack,-412.27910834521975,9913.08929704261,1929.9979777488568,car,0 days 00:00:17.246000,0 days 02:09:33.557000,11301.0,213.0,5,99.0,False,0,1087.1508333333331,0.19035181699189743
2024-09-01 14:17:17.529,OnTrack,-414.0,9944.0,1930.0,pos,0 days 00:00:17.299000,0 days 02:09:33.610000,11301.0,213.0,5,99.0,False,0,1090.2701033102683,0.19089797736780162
2024-09-01 14:17:17.676,OnTrack,-418.6582197929229,10028.289097614306,1930.4285902833244,car,0 days 00:00:17.446000,0 days 02:09:33.757000,11301.0,213.0,5,99.0,False,0,1098.9841666666664,0.1924237433815083
2024-09-01 14:17:17.789,OnTrack,-422.0,10102.0,1931.0,pos,0 days 00:00:17.559000,0 days 02:09:33.870000,11113.42010624,217.80249728,5,99.0,False,0,1105.9816212197188,0.19364894428983834
2024-09-01 14:17:17.969,OnTrack,-426.0,10248.0,1932.0,pos,0 days 00:00:17.739000,0 days 02:09:34.050000,10814.62010624,225.45249728,5,99.0,False,0,1117.6035072426353,0.19568384786853668
2024-09-01 14:17:18.076,OnTrack,-426.73667453037035,10344.749361043272,1932.5058222464663,car,0 days 00:00:17.846000,0 days 02:09:34.157000,10637.0,230.0,6,99.0,False,0,1124.539722222222,0.19689832619475245
2024-09-01 14:17:18.249,OnTrack,-426.0,10494.0,1933.0,pos,0 days 00:00:18.019000,0 days 02:09:34.330000,10831.624928,233.45999872,6,99.0,False,0,1135.7600966012108,0.19886292814775025
2024-09-01 14:17:18.276,OnTrack,-425.8213162837242,10513.310192823577,1933.0203338676424,car,0 days 00:00:18.046000,0 days 02:09:34.357000,10862.0,234.0,6,99.0,False,0,1137.539722222222,0.19917452701714186
2024-09-01 14:17:18.676,OnTrack,-419.2416992266611,10716.500357522484,1933.2929325927596,car,0 days 00:00:18.446000,0 days 02:09:34.757000,11118.0,246.0,6,99.0,False,0,1164.8730555555553,0.20396038515652473
2024-09-01 14:17:18.729,OnTrack,-417.0,10750.0,1934.0,pos,0 days 00:00:18.499000,0 days 02:09:34.810000,11238.5748544,246.6624992,6,99.0,False,0,1168.5147443394483,0.2045980170799696
2024-09-01 14:17:18.789,OnTrack,-414.0,10792.0,1935.0,pos,0 days 00:00:18.559000,0 days 02:09:34.870000,11375.0748544,247.4124992,6,99.0,False,0,1172.637904326452,0.20531995093791275
2024-09-01 14:17:18.836,OnTrack,-411.43171456653295,10827.3267786059,1935.6164264681593,car,0 days 00:00:18.606000,0 days 02:09:34.917000,11482.0,248.0,6,99.0,False,0,1175.8952777777774,0.2058902921785848
2024-09-01 14:17:19.076,OnTrack,-396.0871504531392,11030.31414563343,1936.100891745299,car,0 days 00:00:18.846000,0 days 02:09:35.157000,11646.0,255.0,6,99.0,False,0,1192.8952777777777,0.20886686248478636
2024-09-01 14:17:19.169,OnTrack,-390.0,11101.0,1936.0,pos,0 days 00:00:18.939000,0 days 02:09:35.250000,11646.0,256.5499989333333,6,99.0,False,0,1199.5568022579178,0.21003324460017575
2024-09-01 14:17:19.316,OnTrack,-380.63089807785906,11194.94904783847,1935.9477521535537,car,0 days 00:00:19.086000,0 days 02:09:35.397000,11646.0,259.0,6,99.0,False,0,1210.1619444444443,0.2118901240899087
2024-09-01 14:17:19.476,OnTrack,-369.53010853908137,11284.580013076056,1935.9894803537986,car,0 days 00:00:19.246000,0 days 02:09:35.557000,10554.0,263.0,7,99.0,False,0,1221.8508333333332,0.2139367593592708
2024-09-01 14:17:19.550,OnTrack,-363.0,11332.0,1936.0,pos,0 days 00:00:19.320000,0 days 02:09:35.631000,10606.51620782424,264.06093349139877,7,99.26523337284969,False,0,1227.3045808201223,0.21489166893731185
2024-09-01 14:17:19.755,OnTrack,-339.97974041764826,11481.788252161248,1935.9995865238652,car,0 days 00:00:19.525000,0 days 02:09:35.836000,10752.0,267.0,7,100.0,False,0,1242.543333333333,0.2175598582452164
2024-09-01 14:17:19.770,OnTrack,-338.0,11493.0,1936.0,pos,0 days 00:00:19.540000,0 days 02:09:35.851000,10758.562416,267.2812464,7,99.9062512,False,0,1243.6636281383908,0.21775601331880032
2024-09-01 14:17:19.850,OnTrack,-327.0,11552.0,1936.0,pos,0 days 00:00:19.620000,0 days 02:09:35.931000,10793.562416,268.7812464,7,99.4062512,False,0,1249.6504420526524,0.21880425876150297
2024-09-01 14:17:19.915,OnTrack,-318.4774513913425,11597.01789675747,1935.9759994146536,car,0 days 00:00:19.685000,0 days 02:09:35.996000,10822.0,270.0,7,99.0,False,0,1254.543333333333,0.21966096669665278
2024-09-01 14:17:20.070,OnTrack,-293.0,11714.0,1936.0,pos,0 days 00:00:19.840000,0 days 02:09:36.151000,10953.196482742856,272.7678582857143,7,99.55357165714285,False,0,1266.3438974472965,0.2217271554459499
2024-09-01 14:17:20.195,OnTrack,-254.36460969626876,11855.750699653858,1936.4218879607183,car,0 days 00:00:19.965000,0 days 02:09:36.276000,11059.0,275.0,7,100.0,False,0,1275.932222222222,0.22340599796425928
2024-09-01 14:17:20.330,OnTrack,-209.0,12010.0,1937.0,pos,0 days 00:00:20.100000,0 days 02:09:36.411000,11135.7811408,276.6874976,7,100.0,False,0,1286.3124880171463,0.22522350331341523
2024-09-01 14:17:20.355,OnTrack,-202.08281600959523,12032.657489854433,1937.08352553717,car,0 days 00:00:20.125000,0 days 02:09:36.436000,11150.0,277.0,7,100.0,False,0,1288.243333333333,0.22556157959776996
2024-09-01 14:17:20.755,OnTrack,-129.3738958401722,12225.694724127625,1937.160724165586,car,0 days 00:00:20.525000,0 days 02:09:36.836000,11383.0,282.0,7,100.0,False,0,1319.5766666666664,0.23104780722096493
2024-09-01 14:17:20.790,OnTrack,-121.0,12245.0,1937.0,pos,0 days 00:00:20.560000,0 days 02:09:36.871000,11398.7500288,282.4375008,7,100.0,False,0,1322.3495546705703,0.2315333187559557
2024-09-01 14:17:20.990,OnTrack,-56.0,12390.0,1936.0,pos,0 days 00:00:20.760000,0 days 02:09:37.071000,11488.7500288,284.9375008,7,100.0,False,0,1338.2800931908832,0.23432263451603588
2024-09-01 14:17:21.190,OnTrack,46.0,12589.0,1937.0,pos,0 days 00:00:20.960000,0 days 02:09:37.271000,11578.7500288,287.4375008,7,100.0,False,0,1354.3451617750018,0.23713550546395226
2024-09-01 14:17:21.235,OnTrack,66.99488462975563,12627.267995888575,1937.147985633154,car,0 days 00:00:21.005000,0 days 02:09:37.316000,11599.0,288.0,7,100.0,False,0,1357.9766666666665,0.23777135426556137
2024-09-01 14:17:21.475,OnTrack,153.7124769888533,12766.447656048162,1936.707196950895,car,0 days 00:00:21.245000,0 days 02:09:37.556000,10479.0,292.0,7,100.0,False,0,1377.4433333333334,0.2411798190867804
2024-09-01 14:17:21.670,OnTrack,220.0,12862.0,1936.0,pos,0 days 00:00:21.440000,0 days 02:09:37.751000,10409.937477333333,293.6250005333333,7,100.0,False,0,1393.3588697358675,0.2439665080904894
2024-09-01 14:17:21.715,OnTrack,236.8430792515229,12886.636065244114,1935.8823532574938,car,0 days 00:00:21.485000,0 days 02:09:37.796000,10394.0,294.0,8,100.0,False,0,1397.0433333333333,0.24461162955745983
2024-09-01 14:17:21.830,OnTrack,297.0,12968.0,1936.0,pos,0 days 00:00:21.600000,0 days 02:09:37.911000,10447.666696533333,294.9583338666667,8,100.0,False,0,1406.478799498907,0.24626370769943723
2024-09-01 14:17:21.955,OnTrack,423.41538594349555,13117.39237399741,1937.5904285418333,car,0 days 00:00:21.725000,0 days 02:09:38.036000,10506.0,296.0,8,100.0,False,0,1416.7766666666664,0.2480667856775996
2024-09-01 14:17:21.990,OnTrack,457.0,13156.0,1938.0,pos,0 days 00:00:21.760000,0 days 02:09:38.071000,10518.750023314285,296.37500068571427,8,100.0,False,0,1419.6699190511656,0.24857337209736707
2024-09-01 14:17:22.235,OnTrack,581.8568924518745,13289.92660572007,1938.369793066423,car,0 days 00:00:22.005000,0 days 02:09:38.316000,10608.0,299.0,8,100.0,False,0,1440.0322222222221,0.2521386560376518
2024-09-01 14:17:22.470,OnTrack,661.0,13353.0,1938.0,pos,0 days 00:00:22.240000,0 days 02:09:38.551000,10643.2500096,300.60227316363637,8,100.0,False,0,1459.7039878321687,0.25558303211912964
2024-09-01 14:17:22.650,OnTrack,777.0,13451.0,1939.0,pos,0 days 00:00:22.420000,0 days 02:09:38.731000,10670.2499712,301.8295441454545,8,100.0,False,0,1474.838289236352,0.2582329328347059
2024-09-01 14:17:22.675,OnTrack,793.849658246351,13464.608548342901,1939.0617748150908,car,0 days 00:00:22.445000,0 days 02:09:38.756000,10674.0,302.0,8,100.0,False,0,1476.9433333333334,0.2586015099966071
2024-09-01 14:17:22.870,OnTrack,924.0,13563.0,1939.0,pos,0 days 00:00:22.640000,0 days 02:09:38.951000,10727.6250176,303.6250005333333,8,99.18749973333334,False,0,1493.3960741802266,0.2614822594001654
2024-09-01 14:17:22.915,OnTrack,954.1723970680534,13584.55637537448,1939.1272850680975,car,0 days 00:00:22.685000,0 days 02:09:38.996000,10740.0,304.0,8,99.0,False,0,1497.2099999999998,0.26215004871458847
2024-09-01 14:17:23.070,OnTrack,1064.0,13659.0,1940.0,pos,0 days 00:00:22.840000,0 days 02:09:39.151000,10776.41885990784,305.05561912776346,8,99.0,False,0,1510.4098002743515,0.26446123304073116
2024-09-01 14:17:23.230,OnTrack,1200.0,13743.0,1941.0,pos,0 days 00:00:23,0 days 02:09:39.311000,10814.012506225654,306.14529003552616,8,99.0,False,0,1524.1376915707215,0.26686488207599807
2024-09-01 14:17:23.796,OnTrack,1716.7442792629279,13996.167099006781,1944.2003075829525,car,0 days 00:00:23.566000,0 days 02:09:39.877000,10947.0,310.0,8,99.0,False,0,1573.0738888888886,0.2754332368898614
2024-09-01 14:17:23.929,OnTrack,1834.0,14041.0,1945.0,pos,0 days 00:00:23.699000,0 days 02:09:40.010000,10980.249984,310.3694442666667,8,99.0,False,0,1584.5499938495918,0.27744261531673675
2024-09-01 14:17:24.156,OnTrack,2025.8087757291112,14103.188994725277,1946.4706626996717,car,0 days 00:00:23.926000,0 days 02:09:40.237000,11037.0,311.0,8,99.0,False,0,1604.1738888888885,0.28087860962650063
2024-09-01 14:17:24.409,OnTrack,2217.0,14154.0,1948.0,pos,0 days 00:00:24.179000,0 days 02:09:40.490000,11064.671868,313.3718744,8,99.0,False,0,1626.2295338509514,0.2847403847958065
2024-09-01 14:17:24.476,OnTrack,2261.651559499348,14164.734272609321,1948.333594361691,car,0 days 00:00:24.246000,0 days 02:09:40.557000,11072.0,314.0,8,99.0,False,0,1632.0849999999996,0.28576563224687856
2024-09-01 14:17:24.769,OnTrack,2456.0,14205.0,1950.0,pos,0 days 00:00:24.539000,0 days 02:09:40.850000,11120.5281144,314.9156248,8,99.0,False,0,1657.7195526135267,0.29025404684230127
2024-09-01 14:17:24.796,OnTrack,2478.0707209744332,14209.158513560007,1950.2536702640216,car,0 days 00:00:24.566000,0 days 02:09:40.877000,11125.0,315.0,8,99.0,False,0,1660.0849999999996,0.29066821863356346
2024-09-01 14:17:24.869,OnTrack,2543.0,14221.0,1951.0,pos,0 days 00:00:24.639000,0 days 02:09:40.950000,11132.2999936,315.2027776,8,99.2027776,False,0,1666.4835472059935,0.2917885554345158
2024-09-01 14:17:25.156,OnTrack,2871.521968365548,14272.821591148175,1953.711361608063,car,0 days 00:00:24.926000,0 days 02:09:41.237000,11161.0,316.0,8,100.0,False,0,1691.6849999999995,0.29620113755567923
2024-09-01 14:17:25.189,OnTrack,2908.0,14278.0,1954.0,pos,0 days 00:00:24.959000,0 days 02:09:41.270000,11165.9499904,316.16499968,8,100.0,False,0,1694.5876698400116,0.29670937290006083
2024-09-01 14:17:25.356,OnTrack,3074.6852924274945,14299.67974568091,1955.3925000163354,car,0 days 00:00:25.126000,0 days 02:09:41.437000,11191.0,317.0,8,100.0,False,0,1709.2961111111106,0.29928470875524094
2024-09-01 14:17:25.516,OnTrack,3208.116183018572,14314.253317766555,1956.531301056194,car,0 days 00:00:25.286000,0 days 02:09:41.597000,11265.0,318.0,8,100.0,False,0,1723.429444444444,0.3017593475980438
2024-09-01 14:17:25.609,OnTrack,3276.0,14321.0,1957.0,pos,0 days 00:00:25.379000,0 days 02:09:41.690000,11230.125024,318.5812496,8,99.4187504,False,0,1731.6658310677037,0.3032014760599962
2024-09-01 14:17:25.676,OnTrack,3320.562891009682,14325.10689242515,1957.2464624751856,car,0 days 00:00:25.446000,0 days 02:09:41.757000,11205.0,319.0,8,99.0,False,0,1737.6072222222217,0.30424176832400013
2024-09-01 14:17:25.970,OnTrack,3506.0,14340.0,1958.0,pos,0 days 00:00:25.740000,0 days 02:09:42.051000,11296.87496,319.9187496,8,99.9187496,False,0,1763.7363744130148,0.3088167835320787
2024-09-01 14:17:25.996,OnTrack,3526.2774582976745,14341.68722265643,1958.1225881587138,car,0 days 00:00:25.766000,0 days 02:09:42.077000,11305.0,320.0,8,100.0,False,0,1766.0516666666663,0.3092221735422197
2024-09-01 14:17:26.130,OnTrack,3648.0,14352.0,1959.0,pos,0 days 00:00:25.900000,0 days 02:09:42.211000,11303.3250016,320.8374992,8,99.1625008,False,0,1777.9971099413524,0.31131372952726943
2024-09-01 14:17:26.156,OnTrack,3676.5239287573863,14354.415074573264,1959.2361438069047,car,0 days 00:00:25.926000,0 days 02:09:42.237000,11303.0,321.0,8,99.0,False,0,1780.318333333333,0.31172015803448294
2024-09-01 14:17:26.315,OnTrack,3880.703674370912,14371.645485652149,1961.1075396861454,car,0 days 00:00:26.085000,0 days 02:09:42.396000,11355.0,322.0,8,99.0,False,0,1794.5399999999997,0.31421026337005337
2024-09-01 14:17:26.390,OnTrack,3968.0,14379.0,1962.0,pos,0 days 00:00:26.160000,0 days 02:09:42.471000,11349.58332871111,322.2083335111111,8,99.0,False,0,1801.26201534743,0.3153872369748176
2024-09-01 14:17:26.675,OnTrack,4188.500074159736,14397.380829361702,1964.6461342112034,car,0 days 00:00:26.445000,0 days 02:09:42.756000,11329.0,323.0,8,99.0,False,0,1826.8399999999997,0.3198657469518363
2024-09-01 14:17:26.770,OnTrack,4261.0,14403.0,1965.0,pos,0 days 00:00:26.540000,0 days 02:09:42.851000,11333.98748992,322.76250048,8,99.0,False,0,1835.3507348366493,0.3213559116929378
2024-09-01 14:17:26.970,OnTrack,4438.0,14416.0,1965.0,pos,0 days 00:00:26.740000,0 days 02:09:43.051000,11344.48748992,322.26250048,8,99.0,False,0,1853.2377978852217,0.3244877999714987
2024-09-01 14:17:27.075,OnTrack,4523.0248266159615,14421.985895029942,1965.3825429915391,car,0 days 00:00:26.845000,0 days 02:09:43.156000,11350.0,322.0,8,99.0,False,0,1862.6177777777773,0.32613016289037805
2024-09-01 14:17:27.190,OnTrack,4633.0,14429.0,1966.0,pos,0 days 00:00:26.960000,0 days 02:09:43.271000,11333.89999104,321.71249984,8,99.0,False,0,1872.8838100053717,0.32792766681338775
2024-09-01 14:17:27.450,OnTrack,4989.0,14449.0,1967.0,pos,0 days 00:00:27.220000,0 days 02:09:43.531000,11297.50002688,321.06250048,8,99.0,False,0,1896.0594160534224,0.3319855386246144
2024-09-01 14:17:27.475,OnTrack,5012.964483784328,14450.334377490795,1967.046124516843,car,0 days 00:00:27.245000,0 days 02:09:43.556000,11294.0,321.0,8,99.0,False,0,1898.284444444444,0.33237512412103615
2024-09-01 14:17:27.755,OnTrack,5143.819763997352,14457.285446010226,1967.0205377687896,car,0 days 00:00:27.525000,0 days 02:09:43.836000,11283.0,320.0,8,99.0,False,0,1923.1733333333327,0.33673297868697827
2024-09-01 14:17:27.810,OnTrack,5185.0,14459.0,1967.0,pos,0 days 00:00:27.580000,0 days 02:09:43.891000,11268.42505088,320.0,8,99.0,False,0,1928.0615155218447,0.3375888620960152
2024-09-01 14:17:27.955,OnTrack,5349.65721830197,14465.535444392804,1966.9938315901165,car,0 days 00:00:27.725000,0 days 02:09:44.036000,11230.0,320.0,8,99.0,False,0,1940.9511111111105,0.3398457319483655
2024-09-01 14:17:28.070,OnTrack,5486.0,14471.0,1967.0,pos,0 days 00:00:27.840000,0 days 02:09:44.151000,11233.45000192,319.42499968,8,99.0,False,0,1951.1751508452085,0.3416358833061267
2024-09-01 14:17:28.155,OnTrack,5565.644542228133,14474.357196604538,1966.992853324568,car,0 days 00:00:27.925000,0 days 02:09:44.236000,11236.0,319.0,8,99.0,False,0,1958.673333333333,0.3429487578558109
2024-09-01 14:17:28.470,OnTrack,5767.0,14483.0,1967.0,pos,0 days 00:00:28.240000,0 days 02:09:44.551000,10690.6561392,306.2031224,8,1.546855199999996,False,0,1985.468521380254,0.3476403908610787
2024-09-01 14:17:28.475,OnTrack,5770.3902989995595,14483.116624688135,1967.003195562027,car,0 days 00:00:28.245000,0 days 02:09:44.556000,10682.0,306.0,8,0.0,True,0,1985.873333333333,0.3477112703457334
2024-09-01 14:17:28.670,OnTrack,5927.0,14488.0,1967.0,pos,0 days 00:00:28.440000,0 days 02:09:44.751000,9751.687194666667,282.43749226666665,8,0.0,True,0,2001.0427798943626,0.35036732471014936
2024-09-01 14:17:28.715,OnTrack,5976.803416922471,14489.621540874878,1966.8339875630254,car,0 days 00:00:28.485000,0 days 02:09:44.796000,9537.0,277.0,8,0.0,True,0,2004.3399999999995,0.35094464279599935
2024-09-01 14:17:28.870,OnTrack,6163.0,14496.0,1966.0,pos,0 days 00:00:28.640000,0 days 02:09:44.951000,9705.5625696,247.937488,8,0.0,True,0,2014.9971843181163,0.3528106344659419
2024-09-01 14:17:28.875,OnTrack,6167.984176488522,14496.180433577001,1965.981562956304,car,0 days 00:00:28.645000,0 days 02:09:44.956000,9711.0,247.0,8,0.0,True,0,2015.3177777777773,0.35286676793490596
2024-09-01 14:17:29.275,OnTrack,6360.432624429986,14505.651197151747,1966.0148497808254,car,0 days 00:00:29.045000,0 days 02:09:45.356000,9862.0,193.0,8,0.0,True,0,2036.7622222222217,0.3566215265564543
2024-09-01 14:17:29.290,OnTrack,6365.0,14506.0,1966.0,pos,0 days 00:00:29.060000,0 days 02:09:45.371000,9848.193358545455,191.8750144,8,0.0,True,0,2037.4820451516848,0.3567475620598404
2024-09-01 14:17:29.670,OnTrack,6485.0,14519.0,1965.0,pos,0 days 00:00:29.440000,0 days 02:09:45.751000,9498.420395636364,163.3749952,8,0.0,True,0,2054.4859074356264,0.3597248086224945
2024-09-01 14:17:29.715,OnTrack,6501.252820571929,14521.671492757268,1964.985835453268,car,0 days 00:00:29.485000,0 days 02:09:45.796000,9457.0,160.0,5,0.0,True,0,2056.3177777777773,0.3600455551439803
2024-09-01 14:17:29.910,OnTrack,6577.0,14537.0,1965.0,pos,0 days 00:00:29.680000,0 days 02:09:45.991000,9914.910743852177,138.65670261705955,5,0.0,True,0,2063.8026052893524,0.3613560913391564
2024-09-01 14:17:29.916,OnTrack,6579.412254576304,14537.585233639094,1964.985510623953,car,0 days 00:00:29.686000,0 days 02:09:45.997000,9929.0,138.0,4,0.0,True,0,2064.0227777777773,0.36139464186217335
2024-09-01 14:17:30.076,OnTrack,6644.7807257318445,14555.810612727935,1964.2469450182393,car,0 days 00:00:29.846000,0 days 02:09:46.157000,9929.0,128.0,3,0.0,True,0,2069.711666666666,0.36239072290581725
2024-09-01 14:17:30.129,OnTrack,6666.0,14563.0,1964.0,pos,0 days 00:00:29.899000,0 days 02:09:46.210000,9817.7001344,126.41000192,3,0.0,True,0,2071.543199166251,0.36271141027364706
2024-09-01 14:17:30.276,OnTrack,6722.454899678634,14585.997857770904,1963.5224649378138,car,0 days 00:00:30.046000,0 days 02:09:46.357000,9509.0,122.0,3,0.0,True,0,2076.489444444444,0.36357746008672115
2024-09-01 14:17:30.549,OnTrack,6807.0,14631.0,1963.0,pos,0 days 00:00:30.319000,0 days 02:09:46.630000,8479.6661504,115.795456,3,0.0,True,0,2085.0519188973412,0.36507668403990373
2024-09-01 14:17:30.716,OnTrack,6835.08914862977,14650.651386921025,1962.4826793388515,car,0 days 00:00:30.486000,0 days 02:09:46.797000,7850.0,112.0,3,0.0,True,0,2090.178333333333,0.3659742800979893
2024-09-01 14:17:30.909,OnTrack,6859.0,14677.0,1962.0,pos,0 days 00:00:30.679000,0 days 02:09:46.990000,7850.96499968,111.03500032,3,0.0,True,0,2096.1341425517653,0.36701709685498857
2024-09-01 14:17:30.916,OnTrack,6860.023383939515,14678.293984504118,1961.992253595378,car,0 days 00:00:30.686000,0 days 02:09:46.997000,7851.0,111.0,3,0.0,False,0,2096.3449999999993,0.367054016385533
2024-09-01 14:17:31.149,OnTrack,6897.0,14733.0,1962.0,pos,0 days 00:00:30.919000,0 days 02:09:47.230000,7642.270890666667,105.1750016,3,8.7374976,False,0,2103.1419302027875,0.3682441070099414
2024-09-01 14:17:31.156,OnTrack,6897.992519668789,14734.875178481521,1962.0006107516276,car,0 days 00:00:30.926000,0 days 02:09:47.237000,7636.0,105.0,3,9.0,False,0,2103.3449999999993,0.3682796629822042
2024-09-01 14:17:31.329,OnTrack,6920.0,14784.0,1962.0,pos,0 days 00:00:31.099000,0 days 02:09:47.410000,7948.635598628572,106.23571382857143,3,30.624992,False,0,2108.40072294012,0.36916488149867155
2024-09-01 14:17:31.436,OnTrack,6934.211216503086,14815.857111505582,1962.0716796300228,car,0 days 00:00:31.206000,0 days 02:09:47.517000,8142.0,107.0,3,44.0,False,0,2111.6672222222214,0.3697368206026911
2024-09-01 14:17:31.529,OnTrack,6948.0,14843.0,1962.0,pos,0 days 00:00:31.299000,0 days 02:09:47.610000,8273.491576177777,110.09999786666667,3,43.225000533333336,False,0,2114.6395346556683,0.3702572498338765
2024-09-01 14:17:31.769,OnTrack,6992.0,14906.0,1961.0,pos,0 days 00:00:31.539000,0 days 02:09:47.850000,8612.824909511111,118.09999786666667,3,41.225000533333336,False,0,2122.669888744658,0.37166330357091
2024-09-01 14:17:31.796,OnTrack,6997.680685462092,14912.497893041993,1960.9586394228252,car,0 days 00:00:31.566000,0 days 02:09:47.877000,8651.0,119.0,3,41.0,False,0,2123.5672222222215,0.3718204198170322
2024-09-01 14:17:31.929,OnTrack,7028.0,14943.0,1961.0,pos,0 days 00:00:31.699000,0 days 02:09:48.010000,8789.8186832,119.0,3,36.0125024,False,0,2127.9592292921852,0.3725894267481546
2024-09-01 14:17:31.956,OnTrack,7034.7104885755325,14948.956643257592,1961.0098559503363,car,0 days 00:00:31.726000,0 days 02:09:48.037000,8818.0,119.0,3,35.0,False,0,2128.8561111111103,0.3727464639122949
2024-09-01 14:17:32.116,OnTrack,7077.55537269151,14982.489748564794,1961.0086471676266,car,0 days 00:00:31.886000,0 days 02:09:48.197000,8833.0,121.0,3,34.0,False,0,2134.233888888888,0.3736880717738645
2024-09-01 14:17:32.189,OnTrack,7096.0,14996.0,1961.0,pos,0 days 00:00:31.959000,0 days 02:09:48.270000,9072.43979008,121.36499968,3,37.6499968,False,0,2136.7005614749137,0.37411996732531655
2024-09-01 14:17:32.316,OnTrack,7124.864483328258,15016.436451160818,1960.9911905593233,car,0 days 00:00:32.086000,0 days 02:09:48.397000,9489.0,122.0,3,44.0,False,0,2141.011666666666,0.3748748089547684
2024-09-01 14:17:32.409,OnTrack,7160.0,15035.0,1961.0,pos,0 days 00:00:32.179000,0 days 02:09:48.490000,9546.5437104,123.1624992,3,45.7437488,False,0,2144.1965613218704,0.3754324597111838
2024-09-01 14:17:32.476,OnTrack,7199.425513361971,15052.73802889452,1961.0185241298107,car,0 days 00:00:32.246000,0 days 02:09:48.557000,9588.0,124.0,3,47.0,False,0,2146.522777777777,0.37583976246579837
2024-09-01 14:17:32.570,OnTrack,7257.0,15077.0,1961.0,pos,0 days 00:00:32.340000,0 days 02:09:48.651000,9772.978319542857,125.67856914285714,3,52.03570742857143,False,0,2149.8493629152144,0.37642222214468946
2024-09-01 14:17:32.756,OnTrack,7299.893754642812,15092.624148744837,1960.5344751886869,car,0 days 00:00:32.526000,0 days 02:09:48.837000,10139.0,129.0,3,62.0,False,0,2156.55611111111,0.37759652258769383
2024-09-01 14:17:32.890,OnTrack,7320.0,15097.0,1960.0,pos,0 days 00:00:32.660000,0 days 02:09:48.971000,10125.6000128,130.6749984,3,71.2124912,False,0,2161.405574446743,0.3784456266209795
2024-09-01 14:17:32.916,OnTrack,7326.487511873096,15098.68709375019,1959.8887309659262,car,0 days 00:00:32.686000,0 days 02:09:48.997000,10123.0,131.0,3,73.0,False,0,2162.378333333332,0.3786159492807981
2024-09-01 14:17:33.150,OnTrack,7420.0,15123.0,1959.0,pos,0 days 00:00:32.920000,0 days 02:09:49.231000,10534.213503942827,143.72803702680181,3,86.70711679809425,False,0,2171.7306211180576,0.3802534635228607
2024-09-01 14:17:33.155,OnTrack,7422.5870863997,15123.581874027066,1958.9915738535792,car,0 days 00:00:32.925000,0 days 02:09:49.236000,10543.0,144.0,3,87.0,False,0,2171.9383333333326,0.38028983234710917
2024-09-01 14:17:33.315,OnTrack,7515.569270391493,15142.374330957637,1958.989270531063,car,0 days 00:00:33.085000,0 days 02:09:49.396000,9870.0,153.0,3,99.0,False,0,2178.7383333333323,0.3814804604695897
2024-09-01 14:17:33.390,OnTrack,7556.0,15150.0,1959.0,pos,0 days 00:00:33.160000,0 days 02:09:49.471000,10132.500224,156.7500032,3,99.0,False,0,2182.060656769343,0.38206217395707365
2024-09-01 14:17:33.515,OnTrack,7610.215347285901,15159.897738898828,1958.8891521020983,car,0 days 00:00:33.285000,0 days 02:09:49.596000,10570.0,163.0,4,99.0,False,0,2187.793888888888,0.38306601916210886
2024-09-01 14:17:33.675,OnTrack,7661.45272610064,15168.648269383317,1958.4982161844584,car,0 days 00:00:33.445000,0 days 02:09:49.756000,10983.0,172.0,4,99.0,False,0,2195.438333333332,0.3844045030645053
2024-09-01 14:17:33.790,OnTrack,7704.0,15176.0,1958.0,pos,0 days 00:00:33.560000,0 days 02:09:49.871000,11038.3437808,175.593752,4,99.0,False,0,2201.0520946223864,0.38538742983857016
2024-09-01 14:17:33.835,OnTrack,7722.698078676669,15179.272751462764,1957.7537748605205,car,0 days 00:00:33.605000,0 days 02:09:49.916000,11060.0,177.0,4,99.0,False,0,2203.304999999999,0.3857818963826692
2024-09-01 14:17:33.990,OnTrack,7803.0,15195.0,1957.0,pos,0 days 00:00:33.760000,0 days 02:09:50.071000,10707.374854400001,183.458336,4,99.0,False,0,2211.3895340955028,0.38719743662550155
2024-09-01 14:17:34.150,OnTrack,7922.0,15224.0,1957.0,pos,0 days 00:00:33.920000,0 days 02:09:50.231000,10343.374854400001,190.12500266666666,4,99.0,False,0,2220.0658435619407,0.38871659222110244
2024-09-01 14:17:34.195,OnTrack,7951.066657947362,15231.713476172215,1956.8158328207487,car,0 days 00:00:33.965000,0 days 02:09:50.276000,10241.0,192.0,5,99.0,False,0,2222.5049999999987,0.38914366990496735
2024-09-01 14:17:34.355,OnTrack,8031.60212295276,15255.463339836057,1955.405101873524,car,0 days 00:00:34.125000,0 days 02:09:50.436000,10537.0,196.0,5,99.0,False,0,2231.2161111111095,0.39066891900304707
2024-09-01 14:17:34.430,OnTrack,8069.0,15267.0,1955.0,pos,0 days 00:00:34.200000,0 days 02:09:50.511000,10630.00007936,199.00000256,5,99.0,False,0,2235.4058464654104,0.3914025096998973
2024-09-01 14:17:34.555,OnTrack,8137.078631466993,15288.030991906107,1955.013925571787,car,0 days 00:00:34.325000,0 days 02:09:50.636000,10785.0,204.0,5,99.0,False,0,2242.549444444443,0.39265329920718145
2024-09-01 14:17:34.630,OnTrack,8179.0,15301.0,1955.0,pos,0 days 00:00:34.400000,0 days 02:09:50.711000,10973.9064112,207.2812528,5,99.0,False,0,2246.912372231929,0.3934172145777892
2024-09-01 14:17:34.715,OnTrack,8225.986577130216,15315.554466907375,1954.6891858383942,car,0 days 00:00:34.485000,0 days 02:09:50.796000,11188.0,211.0,5,99.0,False,0,2251.9272222222207,0.3942952765525632
2024-09-01 14:17:34.830,OnTrack,8292.0,15336.0,1954.0,pos,0 days 00:00:34.600000,0 days 02:09:50.911000,10990.7030152,214.2343768,5,99.0,False,0,2258.8333841259923,0.39550449281448
2024-09-01 14:17:35.030,OnTrack,8420.0,15376.0,1953.0,pos,0 days 00:00:34.800000,0 days 02:09:51.111000,10647.5780152,219.8593768,5,99.0,False,0,2271.169270231794,0.39766441236055144
2024-09-01 14:17:35.035,OnTrack,8423.096811716663,15377.003395859287,1952.985941200653,car,0 days 00:00:34.805000,0 days 02:09:51.116000,10639.0,220.0,5,99.0,False,0,2271.4827777777764,0.39771930514008913
2024-09-01 14:17:35.395,OnTrack,8625.154357963853,15448.749825542625,1953.115869108045,car,0 days 00:00:35.165000,0 days 02:09:51.476000,10581.0,231.0,6,99.0,False,0,2294.5827777777768,0.4017639389091042
2024-09-01 14:17:35.450,OnTrack,8657.0,15461.0,1953.0,pos,0 days 00:00:35.220000,0 days 02:09:51.531000,10597.22494336,232.09999616,6,99.0,False,0,2298.15568276457,0.4023895273144318
2024-09-01 14:17:35.595,OnTrack,8744.9896149108,15495.640654486502,1952.3228372033705,car,0 days 00:00:35.365000,0 days 02:09:51.676000,10640.0,235.0,6,99.0,False,0,2307.638333333332,0.40404986708543544
2024-09-01 14:17:35.650,OnTrack,8779.0,15509.0,1952.0,pos,0 days 00:00:35.420000,0 days 02:09:51.731000,10706.196197485715,236.17856731428571,6,99.0,False,0,2311.27979654215,0.40468745951240565
2024-09-01 14:17:35.850,OnTrack,8903.0,15557.0,1951.0,pos,0 days 00:00:35.620000,0 days 02:09:51.931000,10946.9104832,240.4642816,6,99.0,False,0,2324.6968798473986,0.40703668843959595
2024-09-01 14:17:35.875,OnTrack,8918.478223279597,15563.01124686874,1950.984178830959,car,0 days 00:00:35.645000,0 days 02:09:51.956000,10977.0,241.0,6,99.0,False,0,2326.3827777777765,0.4073318763054106
2024-09-01 14:17:35.950,OnTrack,8965.0,15581.0,1951.0,pos,0 days 00:00:35.720000,0 days 02:09:52.031000,11045.25005824,242.12500096,6,99.0,False,0,2331.4481950176873,0.40821879221981294
2024-09-01 14:17:36.075,OnTrack,9043.747114629168,15610.22334214552,1950.4463727632192,car,0 days 00:00:35.845000,0 days 02:09:52.156000,11159.0,244.0,6,99.0,False,0,2339.938333333332,0.40970535066721836
2024-09-01 14:17:36.170,OnTrack,9105.0,15632.0,1950.0,pos,0 days 00:00:35.940000,0 days 02:09:52.251000,11209.7655224,245.484372,6,99.0,False,0,2346.4572351813854,0.4108467606478041
2024-09-01 14:17:36.370,OnTrack,9234.0,15676.0,1950.0,pos,0 days 00:00:36.140000,0 days 02:09:52.451000,11316.6405224,248.609372,6,99.0,False,0,2360.3307536372367,0.4132759078876998
2024-09-01 14:17:36.395,OnTrack,9248.524331679899,15680.929812830565,1950.0472150659668,car,0 days 00:00:36.165000,0 days 02:09:52.476000,11330.0,249.0,6,99.0,False,0,2362.0716666666654,0.4135807284776455
2024-09-01 14:17:36.676,OnTrack,9430.764067315551,15742.298881021354,1950.108380109821,car,0 days 00:00:36.446000,0 days 02:09:52.757000,11417.0,252.0,6,99.0,False,0,2381.7416666666654,0.4170247954142916
2024-09-01 14:17:36.689,OnTrack,9445.0,15747.0,1950.0,pos,0 days 00:00:36.459000,0 days 02:09:52.770000,11420.5749824,252.0541664,6,96.5083456,False,0,2382.6580457682744,0.41718524640388416
2024-09-01 14:17:36.849,OnTrack,9646.0,15813.0,1948.0,pos,0 days 00:00:36.619000,0 days 02:09:52.930000,11464.5749824,252.72083306666667,6,65.84167893333333,False,0,2393.9587937395477,0.419163921159717
2024-09-01 14:17:36.916,OnTrack,9700.602048602792,15830.870924293878,1947.3723582806897,car,0 days 00:00:36.686000,0 days 02:09:52.997000,11483.0,253.0,6,53.0,False,0,2398.6083333333318,0.4199780200710327
2024-09-01 14:17:37.189,OnTrack,9778.0,15850.0,1946.0,pos,0 days 00:00:36.959000,0 days 02:09:53.270000,11605.091638044445,241.62500266666666,6,12.808342755555557,False,0,2416.7818258149982,0.42316005995814476
2024-09-01 14:17:37.276,OnTrack,9825.91362062567,15857.966378594218,1945.2446108024146,car,0 days 00:00:37.046000,0 days 02:09:53.357000,11644.0,238.0,6,0.0,True,0,2422.408333333332,0.42414521849971487
2024-09-01 14:17:37.509,OnTrack,9991.0,15882.0,1943.0,pos,0 days 00:00:37.279000,0 days 02:09:53.590000,11670.2124928,228.29166933333335,6,0.0,True,0,2437.174476273093,0.42673065747686906
2024-09-01 14:17:37.516,OnTrack,9994.92663462739,15882.392409122669,1942.9590062138905,car,0 days 00:00:37.286000,0 days 02:09:53.597000,11671.0,228.0,5,0.0,True,0,2437.608333333332,0.426806622538201
2024-09-01 14:17:37.676,OnTrack,10068.018813862958,15884.562246624597,1942.427370444372,car,0 days 00:00:37.446000,0 days 02:09:53.757000,11276.0,220.0,5,0.0,True,0,2447.38611111111,0.428518636831964
2024-09-01 14:17:37.749,OnTrack,10112.0,15879.0,1942.0,pos,0 days 00:00:37.519000,0 days 02:09:53.830000,11204.520896,219.0875008,5,0.0,True,0,2451.8176375628573,0.4292945633053415
2024-09-01 14:17:37.916,OnTrack,10263.748354780178,15848.596655905494,1940.0303128988437,car,0 days 00:00:37.686000,0 days 02:09:53.997000,11041.0,217.0,5,0.0,False,0,2461.8527777777763,0.43105163979841776
2024-09-01 14:17:38.009,OnTrack,10341.0,15830.0,1939.0,pos,0 days 00:00:37.779000,0 days 02:09:54.090000,10783.5064272,212.9312528,5,0.0,False,0,2467.30681280856,0.4320065997232186
2024-09-01 14:17:38.076,OnTrack,10382.035358080902,15818.557332808483,1938.4862673852926,car,0 days 00:00:37.846000,0 days 02:09:54.157000,10598.0,210.0,5,0.0,False,0,2471.1861111111098,0.4326858352606461
2024-09-01 14:17:38.429,OnTrack,10483.0,15760.0,1938.0,pos,0 days 00:00:38.199000,0 days 02:09:54.510000,10738.219419022222,203.13611235555555,5,8.8249984,False,0,2491.098641529491,0.4361723674232748
2024-09-01 14:17:38.436,OnTrack,10485.734599404592,15758.084922988879,1937.9989950505606,car,0 days 00:00:38.206000,0 days 02:09:54.517000,10741.0,203.0,5,9.0,False,0,2491.48611111111,0.43624021039099264
2024-09-01 14:17:38.589,OnTrack,10555.0,15709.0,1938.0,pos,0 days 00:00:38.359000,0 days 02:09:54.670000,10588.76506368,199.1750016,5,31.18499072,False,0,2499.9011725605956,0.43771362345189857
2024-09-01 14:17:38.636,OnTrack,10575.458599481892,15693.100001219238,1938.0282384127793,car,0 days 00:00:38.406000,0 days 02:09:54.717000,10542.0,198.0,5,38.0,False,0,2502.48611111111,0.438166226471476
2024-09-01 14:17:38.849,OnTrack,10660.0,15612.0,1938.0,pos,0 days 00:00:38.619000,0 days 02:09:54.930000,10687.296384914285,199.52142811428573,5,71.47141851428572,False,0,2514.2820080425818,0.440231598032725
2024-09-01 14:17:38.916,OnTrack,10686.889296453006,15578.44024301713,1937.7095843206246,car,0 days 00:00:38.686000,0 days 02:09:54.997000,10733.0,200.0,5,82.0,False,0,2518.041666666665,0.44088988557518977
2024-09-01 14:17:39.116,OnTrack,10764.555995196908,15462.246257311455,1936.2695479753054,car,0 days 00:00:38.886000,0 days 02:09:55.197000,11017.0,205.0,5,99.0,False,0,2529.4305555555543,0.442883993133266
2024-09-01 14:17:39.170,OnTrack,10781.0,15434.0,1936.0,pos,0 days 00:00:38.940000,0 days 02:09:55.251000,11096.424811733334,205.89999786666667,5,99.0,False,0,2532.540314416968,0.44342848818540315
2024-09-01 14:17:39.356,OnTrack,10819.702190629972,15352.926234163246,1935.6997133717443,car,0 days 00:00:39.126000,0 days 02:09:55.437000,11370.0,209.0,5,99.0,False,0,2543.3638888888877,0.44532361350187827
2024-09-01 14:17:39.490,OnTrack,10841.0,15291.0,1936.0,pos,0 days 00:00:39.260000,0 days 02:09:55.571000,11497.96987776,212.3499968,5,99.0,False,0,2551.285987461456,0.4467107125238729
2024-09-01 14:17:39.556,OnTrack,10852.004172036724,15254.857694672952,1936.2862283601985,car,0 days 00:00:39.326000,0 days 02:09:55.637000,11561.0,214.0,5,99.0,False,0,2555.2527777777764,0.44740526724543095
2024-09-01 14:17:39.750,OnTrack,10883.0,15138.0,1937.0,pos,0 days 00:00:39.520000,0 days 02:09:55.831000,10861.018487369332,219.47335674515728,5,99.0,False,0,2567.214638348307,0.4494996977737347
2024-09-01 14:17:39.875,OnTrack,10897.384570369088,15068.687904127642,1936.4529612609847,car,0 days 00:00:39.645000,0 days 02:09:55.956000,10410.0,223.0,6,99.0,False,0,2575.0130555555543,0.4508651411322326
2024-09-01 14:17:39.950,OnTrack,10906.0,15015.0,1936.0,pos,0 days 00:00:39.720000,0 days 02:09:56.031000,10487.946495085715,223.8035721142857,6,99.0,False,0,2579.685975430463,0.4516833337524038
2024-09-01 14:17:40.150,OnTrack,10932.0,14814.0,1935.0,pos,0 days 00:00:39.920000,0 days 02:09:56.231000,10695.803637942858,225.94642925714285,6,99.0,False,0,2592.2693681684163,0.4538865898215253
2024-09-01 14:17:40.155,OnTrack,10932.550756392935,14809.32003153278,1934.9748042739957,car,0 days 00:00:39.925000,0 days 02:09:56.236000,10701.0,226.0,6,99.0,False,0,2592.5908333333323,0.4539428759194292
2024-09-01 14:17:40.395,OnTrack,10949.69334770856,14637.929535571273,1933.6673023624091,car,0 days 00:00:40.165000,0 days 02:09:56.476000,10964.0,236.0,6,100.0,False,0,2608.324166666666,0.456697662555757
2024-09-01 14:17:40.555,OnTrack,10956.388040220572,14547.613086295052,1933.0375525232282,car,0 days 00:00:40.325000,0 days 02:09:56.636000,11002.0,236.0,6,100.0,False,0,2618.8130555555545,0.4585341869799754
2024-09-01 14:17:40.570,OnTrack,10957.0,14539.0,1933.0,pos,0 days 00:00:40.340000,0 days 02:09:56.651000,11003.9999744,236.3749952,6,99.9375008,False,0,2619.8056563791574,0.45870798381158995
2024-09-01 14:17:40.795,OnTrack,10965.86224829577,14406.76899000114,1932.8764388818306,car,0 days 00:00:40.565000,0 days 02:09:56.876000,11034.0,242.0,6,99.0,False,0,2634.946388888888,0.46135901056468437
2024-09-01 14:17:40.990,OnTrack,10974.0,14282.0,1933.0,pos,0 days 00:00:40.760000,0 days 02:09:57.071000,11217.78756032,245.41250112,6,99.0,False,0,2648.3402534488055,0.46370417406670406
2024-09-01 14:17:41.195,OnTrack,10983.841285622002,14135.73432627218,1932.9756033340161,car,0 days 00:00:40.965000,0 days 02:09:57.276000,11411.0,249.0,6,99.0,False,0,2662.6130555555546,0.4662032328277182
2024-09-01 14:17:41.430,OnTrack,10995.0,13977.0,1933.0,pos,0 days 00:00:41.200000,0 days 02:09:57.511000,11422.7500032,252.35714377142858,6,99.0,False,0,2679.1236011199408,0.46909410339631463
2024-09-01 14:17:41.475,OnTrack,10996.88177579618,13951.541923278139,1933.0450253009535,car,0 days 00:00:41.245000,0 days 02:09:57.556000,11425.0,253.0,6,99.0,False,0,2682.2908333333326,0.4696486615939162
2024-09-01 14:17:41.750,OnTrack,11009.0,13806.0,1933.0,pos,0 days 00:00:41.520000,0 days 02:09:57.831000,11632.232191085714,253.98214308571428,6,99.0,False,0,2701.6909773386496,0.47304547880463743
2024-09-01 14:17:41.755,OnTrack,11009.300993002975,13802.78986488694,1932.976352153302,car,0 days 00:00:41.525000,0 days 02:09:57.836000,11636.0,254.0,6,99.0,False,0,2702.046388888888,0.4731077086556328
2024-09-01 14:17:41.910,OnTrack,11020.0,13693.0,1932.0,pos,0 days 00:00:41.680000,0 days 02:09:57.991000,11661.833344,255.9375008,6,99.0,False,0,2713.1217166438405,0.4750469140513293
2024-09-01 14:17:41.995,OnTrack,11026.122904037016,13631.520910171374,1931.7570049094381,car,0 days 00:00:41.765000,0 days 02:09:58.076000,11676.0,257.0,6,99.0,False,0,2719.179722222221,0.4761076246112946
2024-09-01 14:17:42.250,OnTrack,11044.0,13450.0,1932.0,pos,0 days 00:00:42.020000,0 days 02:09:58.331000,11440.1251776,251.26250432,6,35.88754752,False,0,2737.0744752215464,0.4792408593415654
2024-09-01 14:17:42.395,OnTrack,11053.026416326078,13349.592734312457,1931.9229139218385,car,0 days 00:00:42.165000,0 days 02:09:58.476000,11306.0,248.0,6,0.0,True,0,2746.735277777777,0.4809323921664449
2024-09-01 14:17:42.430,OnTrack,11055.0,13326.0,1932.0,pos,0 days 00:00:42.200000,0 days 02:09:58.511000,11278.4374496,244.9374944,6,0.0,True,0,2748.986919420708,0.4813266374402423
2024-09-01 14:17:42.630,OnTrack,11064.0,13197.0,1933.0,pos,0 days 00:00:42.400000,0 days 02:09:58.711000,11120.9374496,227.4374944,6,0.0,True,0,2761.283368342063,0.4834796518361852
2024-09-01 14:17:42.715,OnTrack,11065.93047063227,13144.898115414506,1932.776597141864,car,0 days 00:00:42.485000,0 days 02:09:58.796000,11054.0,220.0,6,0.0,True,0,2766.290833333332,0.4843564207539708
2024-09-01 14:17:42.870,OnTrack,11067.0,13055.0,1932.0,pos,0 days 00:00:42.640000,0 days 02:09:58.951000,10590.4529336,211.2812464,6,0.0,True,0,2775.1388264420466,0.4859056368455517
2024-09-01 14:17:42.890,OnTrack,11067.0,13044.0,1932.0,pos,0 days 00:00:42.660000,0 days 02:09:58.971000,10530.6411992,210.1562608,6,0.0,True,0,2776.254633948753,0.48610100622742813
2024-09-01 14:17:43.035,OnTrack,11062.93747826028,12962.74707704917,1930.9102329588698,car,0 days 00:00:42.805000,0 days 02:09:59.116000,10097.0,202.0,5,0.0,True,0,2784.246388888888,0.4875003015479719
2024-09-01 14:17:43.129,OnTrack,11058.0,12913.0,1930.0,pos,0 days 00:00:42.899000,0 days 02:09:59.210000,10042.118065338858,197.3291970501156,5,0.0,True,0,2789.3359332420864,0.4883914419358441
2024-09-01 14:17:43.196,OnTrack,11053.942425969815,12880.540766560884,1929.5627903365767,car,0 days 00:00:42.966000,0 days 02:09:59.277000,10003.0,194.0,5,0.0,True,0,2792.922499999999,0.48901942241306834
2024-09-01 14:17:43.329,OnTrack,11038.0,12812.0,1929.0,pos,0 days 00:00:43.099000,0 days 02:09:59.410000,9829.625083428571,191.15000137142857,5,0.0,True,0,2799.9458929462385,0.4902491649361602
2024-09-01 14:17:43.476,OnTrack,10992.469713089054,12702.339685169518,1928.3242189741206,car,0 days 00:00:43.246000,0 days 02:09:59.557000,9638.0,188.0,5,0.0,False,0,2807.5447222222215,0.49157966197055936
2024-09-01 14:17:43.589,OnTrack,10957.0,12627.0,1928.0,pos,0 days 00:00:43.359000,0 days 02:09:59.670000,9575.56753536,185.74000128,5,8.192495359999999,False,0,2813.257255418638,0.49257988295206784
2024-09-01 14:17:43.876,OnTrack,10913.738753593449,12558.58947683163,1928.6144885383683,car,0 days 00:00:43.646000,0 days 02:09:59.957000,9417.0,180.0,5,29.0,False,0,2827.5447222222215,0.49508150938962
2024-09-01 14:17:43.969,OnTrack,10883.0,12532.0,1929.0,pos,0 days 00:00:43.739000,0 days 02:10:00.050000,9574.841558044445,181.03333262222222,5,40.624992,False,0,2832.251239559198,0.49590558466908274
2024-09-01 14:17:44.236,OnTrack,10731.018736145144,12404.78047372908,1929.9866281494737,car,0 days 00:00:44.006000,0 days 02:10:00.317000,10028.0,184.0,5,74.0,False,0,2845.9447222222216,0.4983032090151558
2024-09-01 14:17:44.249,OnTrack,10725.0,12400.0,1930.0,pos,0 days 00:00:44.019000,0 days 02:10:00.330000,10039.374944,184.19499904,5,74.58499712,False,0,2846.6135958378645,0.49842032368238665
2024-09-01 14:17:44.436,OnTrack,10670.087375680263,12361.19378199349,1929.696348892074,car,0 days 00:00:44.206000,0 days 02:10:00.517000,10203.0,187.0,5,83.0,False,0,2856.3336111111107,0.500122224202279
2024-09-01 14:17:44.589,OnTrack,10625.0,12337.0,1929.0,pos,0 days 00:00:44.359000,0 days 02:10:00.670000,10462.674891377777,192.94999751111112,5,90.22499697777778,False,0,2864.6948509875156,0.5015862135163458
2024-09-01 14:17:44.769,OnTrack,10537.0,12289.0,1928.0,pos,0 days 00:00:44.539000,0 days 02:10:00.850000,10768.174891377777,199.94999751111112,5,98.72499697777778,False,0,2874.8938182463135,0.503371974874961
2024-09-01 14:17:44.796,OnTrack,10524.239725246687,12282.204622172998,1927.8776601417885,car,0 days 00:00:44.566000,0 days 02:10:00.877000,10814.0,201.0,5,100.0,False,0,2876.4336111111106,0.5036415808584349
2024-09-01 14:17:45.036,OnTrack,10403.774415677311,12220.91235655474,1927.0554205065714,car,0 days 00:00:44.806000,0 days 02:10:01.117000,11208.0,208.0,5,99.0,False,0,2890.3002777777774,0.506069528402317
2024-09-01 14:17:45.049,OnTrack,10394.0,12216.0,1927.0,pos,0 days 00:00:44.819000,0 days 02:10:01.130000,11170.805738666666,208.4333312,5,99.0,False,0,2891.069787330055,0.5062042636542963
2024-09-01 14:17:45.249,OnTrack,10213.0,12125.0,1926.0,pos,0 days 00:00:45.019000,0 days 02:10:01.330000,10598.583516444445,215.09999786666665,5,99.0,False,0,2903.1937604616955,0.508327078855286
2024-09-01 14:17:45.396,OnTrack,10125.937729693964,12080.933483352266,1925.4611506892522,car,0 days 00:00:45.166000,0 days 02:10:01.477000,10178.0,220.0,6,99.0,False,0,2912.3002777777774,0.5099215605632836
2024-09-01 14:17:45.596,OnTrack,10076.85701798297,12055.342150124543,1925.0908209442705,car,0 days 00:00:45.366000,0 days 02:10:01.677000,10349.0,226.0,6,99.0,False,0,2924.8558333333326,0.5121199425541384
2024-09-01 14:17:45.750,OnTrack,10013.0,12022.0,1925.0,pos,0 days 00:00:45.520000,0 days 02:10:01.831000,10574.500187428572,230.40000365714286,6,99.0,False,0,2934.8068634781675,0.5138622920156226
2024-09-01 14:17:45.790,OnTrack,9990.0,12010.0,1925.0,pos,0 days 00:00:45.560000,0 days 02:10:01.871000,10633.071616,231.5428608,6,99.0,False,0,2937.4229641674,0.5143203512879522
2024-09-01 14:17:45.876,OnTrack,9925.10967715855,11975.441853385224,1925.0014010391058,car,0 days 00:00:45.646000,0 days 02:10:01.957000,10759.0,234.0,6,99.0,False,0,2943.055833333333,0.5153066237054835
2024-09-01 14:17:46.036,OnTrack,9774.03187638757,11893.6230871443,1925.0002705719776,car,0 days 00:00:45.806000,0 days 02:10:02.117000,10878.0,237.0,6,99.0,False,0,2953.5891666666666,0.5171509300128556
2024-09-01 14:17:46.070,OnTrack,9747.0,11879.0,1925.0,pos,0 days 00:00:45.840000,0 days 02:10:02.151000,10914.72013824,237.8500032,6,99.0,False,0,2955.851807392821,0.5175471011422128
2024-09-01 14:17:46.236,OnTrack,9648.292098057918,11825.857905948546,1924.9989802831374,car,0 days 00:00:46.006000,0 days 02:10:02.317000,11094.0,242.0,6,99.0,False,0,2967.033611111111,0.5195049496667796
2024-09-01 14:17:46.436,OnTrack,9578.572351758836,11788.79030646763,1924.9988517181591,car,0 days 00:00:46.206000,0 days 02:10:02.517000,11416.0,247.0,6,99.0,False,0,2980.7558333333336,0.521907606090413
2024-09-01 14:17:46.550,OnTrack,9525.0,11760.0,1925.0,pos,0 days 00:00:46.320000,0 days 02:10:02.631000,11388.84010034556,249.50156970501422,6,99.0,False,0,2988.724176962392,0.5233028022689933
2024-09-01 14:17:46.755,OnTrack,9399.177020554329,11691.965547528578,1925.0016834180392,car,0 days 00:00:46.525000,0 days 02:10:02.836000,11340.0,254.0,6,99.0,False,0,3003.263055555556,0.5258484489928686
2024-09-01 14:17:46.790,OnTrack,9377.0,11680.0,1925.0,pos,0 days 00:00:46.560000,0 days 02:10:02.871000,11185.29971712,254.70000128,6,99.0,False,0,3005.7592137839165,0.5262855072553462
2024-09-01 14:17:46.870,OnTrack,9327.0,11653.0,1925.0,pos,0 days 00:00:46.640000,0 days 02:10:02.951000,10831.69971712,256.30000128,6,99.0,False,0,3011.4793024171017,0.5272870511361921
2024-09-01 14:17:46.955,OnTrack,9273.632302058295,11623.603510566123,1925.049354557468,car,0 days 00:00:46.725000,0 days 02:10:03.036000,10456.0,258.0,7,99.0,False,0,3017.596388888889,0.5283581063098621
2024-09-01 14:17:47.115,OnTrack,9172.073874493875,11566.089414721308,1925.1263963537265,car,0 days 00:00:46.885000,0 days 02:10:03.196000,10500.0,262.0,7,99.0,False,0,3029.2408333333337,0.5303969596960707
2024-09-01 14:17:47.170,OnTrack,9137.0,11546.0,1925.0,pos,0 days 00:00:46.940000,0 days 02:10:03.251000,10524.7499136,262.91666346666665,7,99.0,False,0,3033.2779610978364,0.5311038299681978
2024-09-01 14:17:47.355,OnTrack,9018.48286502395,11477.524956149,1924.0816309213974,car,0 days 00:00:47.125000,0 days 02:10:03.436000,10608.0,266.0,7,99.0,False,0,3046.974166666667,0.5335019310743044
2024-09-01 14:17:47.410,OnTrack,8983.0,11457.0,1924.0,pos,0 days 00:00:47.180000,0 days 02:10:03.491000,10683.89973504,267.09999616,7,99.0,False,0,3051.076896499009,0.534220287768029
2024-09-01 14:17:47.555,OnTrack,8888.776409203436,11402.650458118562,1924.590525366114,car,0 days 00:00:47.325000,0 days 02:10:03.636000,10884.0,270.0,7,99.0,False,0,3061.974166666667,0.5361283166385999
2024-09-01 14:17:47.650,OnTrack,8826.0,11367.0,1925.0,pos,0 days 00:00:47.420000,0 days 02:10:03.731000,10926.7499136,271.97916266666664,7,99.0,False,0,3069.1969656089004,0.5373929736303127
2024-09-01 14:17:47.795,OnTrack,8728.388774175413,11312.660911230412,1925.0243474177935,car,0 days 00:00:47.565000,0 days 02:10:03.876000,10992.0,275.0,7,99.0,False,0,3080.3075000000003,0.5393383434394056
2024-09-01 14:17:47.850,OnTrack,8692.0,11292.0,1925.0,pos,0 days 00:00:47.620000,0 days 02:10:03.931000,11051.8122912,275.6874976,7,99.0,False,0,3084.530213215675,0.5400777083081927
2024-09-01 14:17:47.890,OnTrack,8666.0,11277.0,1925.0,pos,0 days 00:00:47.660000,0 days 02:10:03.971000,11095.3122912,276.1874976,7,99.0,False,0,3087.604469343438,0.5406159871025196
2024-09-01 14:17:47.955,OnTrack,8624.650865839241,11253.462405061835,1925.006231303556,car,0 days 00:00:47.725000,0 days 02:10:04.036000,11166.0,277.0,7,99.0,False,0,3092.618611111111,0.5414939250729162
2024-09-01 14:17:48.115,OnTrack,8525.779561074474,11199.179560391414,1925.033115710901,car,0 days 00:00:47.885000,0 days 02:10:04.196000,11174.0,280.0,7,99.0,False,0,3105.063055555556,0.5436728523558872
2024-09-01 14:17:48.250,OnTrack,8421.0,11141.0,1925.0,pos,0 days 00:00:48.020000,0 days 02:10:04.331000,11278.062352,281.6874976,7,99.0,False,0,3115.641775580025,0.5455251055266198
2024-09-01 14:17:48.355,OnTrack,8319.423668990543,11083.528414202729,1924.9206133280472,car,0 days 00:00:48.125000,0 days 02:10:04.436000,11359.0,283.0,7,99.0,False,0,3123.929722222222,0.5469762617545344
2024-09-01 14:17:48.470,OnTrack,8215.0,11024.0,1925.0,pos,0 days 00:00:48.240000,0 days 02:10:04.551000,11423.3281608,284.796876,7,99.0,False,0,3133.079010385336,0.5485782323115466
2024-09-01 14:17:48.675,OnTrack,8113.48669351479,10965.724602009472,1925.9858296510258,car,0 days 00:00:48.445000,0 days 02:10:04.756000,11538.0,288.0,7,99.0,False,0,3149.529722222222,0.551458626450932
2024-09-01 14:17:48.750,OnTrack,8076.0,10944.0,1926.0,pos,0 days 00:00:48.520000,0 days 02:10:04.831000,11572.553600914285,288.8035721142857,7,99.0,False,0,3155.5719582524107,0.5525165758833156
2024-09-01 14:17:48.955,OnTrack,7934.715766536356,10861.622088735248,1924.7410265117815,car,0 days 00:00:48.725000,0 days 02:10:05.036000,11667.0,291.0,7,99.0,False,0,3172.1630555555553,0.5554215504468356
2024-09-01 14:17:49.010,OnTrack,7895.0,10838.0,1925.0,pos,0 days 00:00:48.780000,0 days 02:10:05.091000,11689.916586666666,291.6874976,7,99.0,False,0,3176.6393194509174,0.556205310105286
2024-09-01 14:17:49.190,OnTrack,7771.0,10762.0,1928.0,pos,0 days 00:00:48.960000,0 days 02:10:05.271000,11764.916693333333,293.9375008,7,99.0,False,0,3191.353400571958,0.5587816334551642
2024-09-01 14:17:49.195,OnTrack,7767.604368315437,10759.856820281977,1928.0601670821866,car,0 days 00:00:48.965000,0 days 02:10:05.276000,11767.0,294.0,7,99.0,False,0,3191.7630555555556,0.558853360917515
2024-09-01 14:17:49.435,OnTrack,7603.801453045349,10652.081451686185,1928.159045977587,car,0 days 00:00:49.205000,0 days 02:10:05.516000,10479.0,296.0,8,99.0,False,0,3211.496388888889,0.5623085170376549
2024-09-01 14:17:49.470,OnTrack,7579.0,10635.0,1928.0,pos,0 days 00:00:49.240000,0 days 02:10:05.551000,10479.0,296.43568555968415,8,99.0,False,0,3214.3916436703257,0.5628154540618497
2024-09-01 14:17:49.676,OnTrack,7428.312796928458,10527.150742171068,1927.0591995321886,car,0 days 00:00:49.446000,0 days 02:10:05.757000,10479.0,299.0,8,99.0,False,0,3231.512777777778,0.5658132340261284
2024-09-01 14:17:49.729,OnTrack,7391.0,10499.0,1927.0,pos,0 days 00:00:49.499000,0 days 02:10:05.810000,10517.4249536,299.3785709714286,8,99.0,False,0,3235.9279602597085,0.5665862987950799
2024-09-01 14:17:49.909,OnTrack,7273.0,10405.0,1927.0,pos,0 days 00:00:49.679000,0 days 02:10:05.990000,10647.9249536,300.66428525714286,8,99.0,False,0,3250.9681382363865,0.569219719216572
2024-09-01 14:17:49.956,OnTrack,7244.092419429425,10380.94436257793,1926.514777512447,car,0 days 00:00:49.726000,0 days 02:10:06.037000,10682.0,301.0,8,99.0,False,0,3254.923888888889,0.5699123409772177
2024-09-01 14:17:50.049,OnTrack,7182.0,10329.0,1925.0,pos,0 days 00:00:49.819000,0 days 02:10:06.130000,10716.2937264,302.453124,8,99.0,False,0,3262.792444830479,0.5712900650930072
2024-09-01 14:17:50.276,OnTrack,6960.367831396665,10149.417700218117,1920.7528468975584,car,0 days 00:00:50.046000,0 days 02:10:06.357000,10800.0,306.0,8,99.0,False,0,3282.1238888888884,0.57467485346714
2024-09-01 14:17:50.329,OnTrack,6918.0,10115.0,1920.0,pos,0 days 00:00:50.099000,0 days 02:10:06.410000,10822.146401828571,306.0,8,99.0,False,0,3286.6279961026944,0.575463488278232
2024-09-01 14:17:50.556,OnTrack,6829.836176967302,10040.670233672377,1918.527113411285,car,0 days 00:00:50.326000,0 days 02:10:06.637000,10917.0,306.0,8,99.0,False,0,3305.9238888888885,0.5788420518958222
2024-09-01 14:17:50.749,OnTrack,6724.0,9947.0,1915.0,pos,0 days 00:00:50.519000,0 days 02:10:06.830000,10946.827262836363,308.1931810909091,8,99.0,False,0,3322.4958508724326,0.5817436760108644
2024-09-01 14:17:50.949,OnTrack,6502.0,9754.0,1907.0,pos,0 days 00:00:50.719000,0 days 02:10:07.030000,10977.736353745455,310.46590836363634,8,99.0,False,0,3339.837671085947,0.5847800964286899
2024-09-01 14:17:50.996,OnTrack,6467.2856116776065,9723.822151465676,1905.7666438359508,car,0 days 00:00:50.766000,0 days 02:10:07.077000,10985.0,311.0,8,99.0,False,0,3343.935,0.5854975074628258
2024-09-01 14:17:51.269,OnTrack,6384.0,9651.0,1903.0,pos,0 days 00:00:51.039000,0 days 02:10:07.350000,11077.1374784,314.4124992,8,99.0,False,0,3367.8863469746,0.5896912055921273
2024-09-01 14:17:51.396,OnTrack,6308.267957343642,9584.875270962064,1900.2931321851615,car,0 days 00:00:51.166000,0 days 02:10:07.477000,11120.0,316.0,8,99.0,False,0,3379.046111111111,0.5916451951540656
2024-09-01 14:17:51.529,OnTrack,6212.0,9501.0,1897.0,pos,0 days 00:00:51.299000,0 days 02:10:07.610000,11164.8874784,316.0,8,99.0,False,0,3390.7185907614316,0.5936889572909413
2024-09-01 14:17:51.556,OnTrack,6193.27564232729,9484.7196272389,1896.410611750056,car,0 days 00:00:51.326000,0 days 02:10:07.637000,11174.0,316.0,8,99.0,False,0,3393.090555555555,0.5941042702305614
2024-09-01 14:17:51.756,OnTrack,6060.864789450564,9369.919785933569,1892.6350548474018,car,0 days 00:00:51.526000,0 days 02:10:07.837000,11196.0,317.0,8,99.0,False,0,3410.7016666666664,0.5971878414301232
2024-09-01 14:17:51.789,OnTrack,6039.0,9351.0,1892.0,pos,0 days 00:00:51.559000,0 days 02:10:07.870000,11196.0,317.2062496,8,99.0,False,0,3413.612251996381,0.597697462716364
2024-09-01 14:17:51.889,OnTrack,5972.0,9293.0,1890.0,pos,0 days 00:00:51.659000,0 days 02:10:07.970000,11196.0,317.8312496,8,99.0,False,0,3422.443843610552,0.5992438070313781
2024-09-01 14:17:51.916,OnTrack,5953.7525979753555,9277.136730563656,1889.4602664010308,car,0 days 00:00:51.686000,0 days 02:10:07.997000,11196.0,318.0,8,99.0,False,0,3424.8349999999996,0.599662480272926
2024-09-01 14:17:52.089,OnTrack,5838.0,9176.0,1886.0,pos,0 days 00:00:51.859000,0 days 02:10:08.170000,11269.5249728,319.6218744,8,99.0,False,0,3440.2328726250703,0.6023585302984824
2024-09-01 14:17:52.236,OnTrack,5747.908855162215,9097.589305477866,1882.8717018563684,car,0 days 00:00:52.006000,0 days 02:10:08.317000,11332.0,321.0,8,99.0,False,0,3453.368333333333,0.6046584492574525
2024-09-01 14:17:52.330,OnTrack,5677.0,9036.0,1881.0,pos,0 days 00:00:52.100000,0 days 02:10:08.411000,11340.057131885715,321.33571382857144,8,99.0,False,0,3461.770732203512,0.6061296451973253
2024-09-01 14:17:52.516,OnTrack,5480.613779653424,8865.423020336133,1878.0007880185783,car,0 days 00:00:52.286000,0 days 02:10:08.597000,11356.0,322.0,8,99.0,False,0,3478.4127777777776,0.6090435404144319
2024-09-01 14:17:52.630,OnTrack,5380.0,8778.0,1877.0,pos,0 days 00:00:52.400000,0 days 02:10:08.711000,11387.3500352,322.7125008,8,99.0,False,0,3488.6341398349496,0.6108332229313914
2024-09-01 14:17:52.676,OnTrack,5352.237004794292,8753.861124105333,1876.8332785178272,car,0 days 00:00:52.446000,0 days 02:10:08.757000,11400.0,323.0,8,99.0,False,0,3492.7683333333334,0.6115570886730021
2024-09-01 14:17:52.930,OnTrack,5271.0,8683.0,1877.0,pos,0 days 00:00:52.700000,0 days 02:10:09.011000,11467.1285376,324.8142848,8,99.0,False,0,3515.698305367808,0.615571951842405
2024-09-01 14:17:52.956,OnTrack,5258.6929578737945,8672.255844871479,1876.8764242407517,car,0 days 00:00:52.726000,0 days 02:10:09.037000,11474.0,325.0,8,99.0,False,0,3518.0461111111113,0.615983034716537
2024-09-01 14:17:53.116,OnTrack,5155.032776852882,8581.786544894478,1875.324265546429,car,0 days 00:00:52.886000,0 days 02:10:09.197000,11445.0,325.0,8,99.0,False,0,3532.4905555555556,0.6185121467414142
2024-09-01 14:17:53.250,OnTrack,5053.0,8493.0,1875.0,pos,0 days 00:00:53.020000,0 days 02:10:09.331000,11471.50136271842,325.7465172596738,8,99.0,False,0,3544.632790801086,0.6206381594992235
2024-09-01 14:17:53.470,OnTrack,4888.0,8350.0,1878.0,pos,0 days 00:00:53.240000,0 days 02:10:09.551000,11515.011154894948,326.97214520830835,8,99.0,False,0,3564.644500113481,0.6241420571295536
2024-09-01 14:17:53.475,OnTrack,4884.5678050555625,8347.02192967792,1878.0656110055902,car,0 days 00:00:53.245000,0 days 02:10:09.556000,11516.0,327.0,8,99.0,False,0,3565.099722222222,0.6242217630478833
2024-09-01 14:17:53.770,OnTrack,4696.0,8183.0,1881.0,pos,0 days 00:00:53.540000,0 days 02:10:09.851000,11546.4218552,327.9218744,8,99.0,False,0,3591.9777844875125,0.6289279066965363
2024-09-01 14:17:53.795,OnTrack,4677.545108546012,8166.970145796149,1881.346746931569,car,0 days 00:00:53.565000,0 days 02:10:09.876000,11549.0,328.0,8,99.0,False,0,3594.255277777778,0.6293266783965584
2024-09-01 14:17:53.995,OnTrack,4514.38755852215,8025.449479485225,1884.8663595925245,car,0 days 00:00:53.765000,0 days 02:10:10.076000,11581.0,328.0,8,99.0,False,0,3612.4774999999995,0.6325172504894803
2024-09-01 14:17:54.070,OnTrack,4462.0,7980.0,1886.0,pos,0 days 00:00:53.840000,0 days 02:10:10.151000,11592.2500096,328.37500032,8,99.37500032,False,0,3619.3247189359845,0.6337161462874163
2024-09-01 14:17:54.195,OnTrack,4394.568185967828,7921.430806625498,1887.357716211454,car,0 days 00:00:53.965000,0 days 02:10:10.276000,11611.0,329.0,8,100.0,False,0,3630.7552777777773,0.635717549936344
2024-09-01 14:17:54.310,OnTrack,4324.0,7860.0,1889.0,pos,0 days 00:00:54.080000,0 days 02:10:10.391000,11624.51250752,329.28750016,8,99.71249984,False,0,3641.2870720557885,0.6375615867668706
2024-09-01 14:17:54.595,OnTrack,4030.932787249606,7604.562517973229,1897.0113409786247,car,0 days 00:00:54.365000,0 days 02:10:10.676000,11658.0,330.0,8,99.0,False,0,3667.421944444444,0.6421376035379551
2024-09-01 14:17:54.670,OnTrack,3974.0,7555.0,1898.0,pos,0 days 00:00:54.440000,0 days 02:10:10.751000,11663.1562544,330.0,8,99.0,False,0,3674.2961068035265,0.643341216923723
2024-09-01 14:17:54.915,OnTrack,3884.0410660735365,7477.095933750315,1896.921843008649,car,0 days 00:00:54.685000,0 days 02:10:10.996000,11680.0,330.0,8,99.0,False,0,3696.7552777777773,0.6472736464192441
2024-09-01 14:17:54.930,OnTrack,3877.0,7471.0,1897.0,pos,0 days 00:00:54.700000,0 days 02:10:11.011000,11679.531256,330.0468744,8,99.0468744,False,0,3698.1319999977636,0.6475146999768853
2024-09-01 14:17:55.190,OnTrack,3696.0,7314.0,1902.0,pos,0 days 00:00:54.960000,0 days 02:10:11.271000,11671.406248,330.8593752,8,99.8593752,False,0,3722.0330365614464,0.6516995891370555
2024-09-01 14:17:55.235,OnTrack,3663.812057200628,7286.043168934916,1902.6359681843833,car,0 days 00:00:55.005000,0 days 02:10:11.316000,11670.0,331.0,8,100.0,False,0,3726.1775,0.65242525306684
2024-09-01 14:17:55.410,OnTrack,3544.0,7182.0,1904.0,pos,0 days 00:00:55.180000,0 days 02:10:11.491000,11676.249993142857,331.62499931428573,8,90.62501028571428,False,0,3742.3161922696904,0.6552510149604215
2024-09-01 14:17:55.515,OnTrack,3471.0012251512785,7118.815619564055,1904.7628018994897,car,0 days 00:00:55.285000,0 days 02:10:11.596000,11680.0,332.0,8,85.0,False,0,3751.9997222222223,0.656946527179005
2024-09-01 14:17:55.690,OnTrack,3349.0,7013.0,1906.0,pos,0 days 00:00:55.460000,0 days 02:10:11.771000,11559.687632,328.1718792,8,38.515676,False,0,3768.115566496633,0.6597682885629215
2024-09-01 14:17:55.835,OnTrack,3251.263549160469,6927.337718654502,1906.8207932358084,car,0 days 00:00:55.605000,0 days 02:10:11.916000,11460.0,325.0,8,0.0,False,0,3780.8886111111115,0.6620047512287593
2024-09-01 14:17:55.870,OnTrack,3228.0,6907.0,1907.0,pos,0 days 00:00:55.640000,0 days 02:10:11.951000,11419.166592,319.4583232,8,0.0,False,0,3783.828647347108,0.6625195291440078
2024-09-01 14:17:56.070,OnTrack,3099.0,6795.0,1908.0,pos,0 days 00:00:55.840000,0 days 02:10:12.151000,11185.833258666667,287.7916565333333,8,0.0,False,0,3799.6445144402724,0.665288766812028
2024-09-01 14:17:56.075,OnTrack,3095.9738796570737,6792.374691518202,1908.028983137224,car,0 days 00:00:55.845000,0 days 02:10:12.156000,11180.0,287.0,8,0.0,True,0,3800.021944444445,0.6653548519263274
2024-09-01 14:17:56.250,OnTrack,2997.0,6706.0,1909.0,pos,0 days 00:00:56.020000,0 days 02:10:12.331000,10639.328779248965,262.6219095313543,8,0.0,True,0,3812.6973117151233,0.6675742120344509
2024-09-01 14:17:56.276,OnTrack,2983.194230155218,6693.736026946035,1909.0579999019662,car,0 days 00:00:56.046000,0 days 02:10:12.357000,10559.0,259.0,8,0.0,True,0,3814.482777777778,0.6678868335206173
2024-09-01 14:17:56.429,OnTrack,2906.0,6624.0,1909.0,pos,0 days 00:00:56.199000,0 days 02:10:12.510000,10493.21002752,239.11000832,8,0.0,True,0,3824.4793306484885,0.6696371536641073
2024-09-01 14:17:56.476,OnTrack,2883.5687860894163,6603.509311756869,1908.9877730367436,car,0 days 00:00:56.246000,0 days 02:10:12.557000,10473.0,233.0,8,0.0,True,0,3827.427222222223,0.670153306989065
2024-09-01 14:17:56.609,OnTrack,2823.0,6547.0,1909.0,pos,0 days 00:00:56.379000,0 days 02:10:12.690000,10215.8667904,223.5791712,8,0.0,True,0,3835.5323931919543,0.6715724605911348
2024-09-01 14:17:56.716,OnTrack,2776.8299819964814,6501.307228873503,1908.9638332934069,car,0 days 00:00:56.486000,0 days 02:10:12.797000,10009.0,216.0,6,0.0,True,0,3841.827222222223,0.6726746371307886
2024-09-01 14:17:56.809,OnTrack,2740.0,6464.0,1909.0,pos,0 days 00:00:56.579000,0 days 02:10:12.890000,10115.61778377143,211.3500032,6,0.0,True,0,3847.1517311164826,0.673606918017245
2024-09-01 14:17:56.996,OnTrack,2678.5988635380845,6401.467063810264,1909.4933985261407,car,0 days 00:00:56.766000,0 days 02:10:13.077000,10330.0,202.0,5,0.0,True,0,3857.5383333333343,0.6754255328255396
2024-09-01 14:17:57.129,OnTrack,2635.0,6335.0,1909.0,pos,0 days 00:00:56.899000,0 days 02:10:13.210000,10169.92507702857,198.6750016,5,0.0,True,0,3864.784974351966,0.6766943643829373
2024-09-01 14:17:57.276,OnTrack,2583.514364282271,6227.190251184387,1907.1271450808094,car,0 days 00:00:57.046000,0 days 02:10:13.357000,9993.0,195.0,5,0.0,False,0,3872.705000000001,0.6780811004516605
2024-09-01 14:17:57.289,OnTrack,2580.0,6219.0,1907.0,pos,0 days 00:00:57.059000,0 days 02:10:13.370000,9999.499968,194.8375008,5,0.270832,False,0,3873.4030652924707,0.6782033263587991
2024-09-01 14:17:57.516,OnTrack,2556.0656281415727,6138.127813525407,1906.7896818095398,car,0 days 00:00:57.286000,0 days 02:10:13.597000,10113.0,192.0,5,5.0,False,0,3885.505000000001,0.6803222827998594
2024-09-01 14:17:57.609,OnTrack,2553.0,6107.0,1907.0,pos,0 days 00:00:57.379000,0 days 02:10:13.690000,10063.84289097143,190.6714294857143,5,13.967850971428572,False,0,3890.3838529730874,0.6811765327344483
2024-09-01 14:17:57.796,OnTrack,2544.8485672557986,6010.97468977937,1907.0519590335605,car,0 days 00:00:57.566000,0 days 02:10:13.877000,9965.0,188.0,5,32.0,False,0,3900.1272222222233,0.6828825223573504
2024-09-01 14:17:57.829,OnTrack,2544.0,5988.0,1907.0,pos,0 days 00:00:57.599000,0 days 02:10:13.910000,9983.287464533334,188.13749973333333,5,34.33749546666667,False,0,3901.855938804404,0.6831852074424303
2024-09-01 14:17:58.036,OnTrack,2544.941663351739,5808.676726289239,1906.2770982019883,car,0 days 00:00:57.806000,0 days 02:10:14.117000,10098.0,189.0,5,49.0,False,0,3912.727222222223,0.6850886862313585
2024-09-01 14:17:58.109,OnTrack,2546.0,5759.0,1906.0,pos,0 days 00:00:57.879000,0 days 02:10:14.190000,10149.0999552,189.0,5,53.01499648,False,0,3916.5328006759564,0.6857550139856705
2024-09-01 14:17:58.236,OnTrack,2547.3824865327574,5710.05519388217,1905.5941884737772,car,0 days 00:00:58.006000,0 days 02:10:14.317000,10238.0,189.0,5,60.0,False,0,3923.227222222223,0.6869271561263653
2024-09-01 14:17:58.449,OnTrack,2544.0,5650.0,1905.0,pos,0 days 00:00:58.219000,0 days 02:10:14.530000,10759.8498432,198.76249706666667,5,94.6124896,False,0,3935.0586154170287,0.6889987428125215
2024-09-01 14:17:58.476,OnTrack,2542.5047741209064,5633.616916676931,1904.9158218097855,car,0 days 00:00:58.246000,0 days 02:10:14.557000,10826.0,200.0,5,99.0,False,0,3936.5605555555567,0.6892617210724058
2024-09-01 14:17:58.716,OnTrack,2521.2402173876576,5435.024875255351,1904.0541710576438,car,0 days 00:00:58.486000,0 days 02:10:14.797000,11092.0,200.0,5,96.0,False,0,3949.89388888889,0.6915962860184462
2024-09-01 14:17:58.729,OnTrack,2520.0,5426.0,1904.0,pos,0 days 00:00:58.499000,0 days 02:10:14.810000,11094.1124896,200.8937456,5,95.1062544,False,0,3950.640842939275,0.6917270719741211
2024-09-01 14:17:58.876,OnTrack,2506.240704352992,5348.776164091321,1903.3291334046612,car,0 days 00:00:58.646000,0 days 02:10:14.957000,11118.0,211.0,5,85.0,False,0,3959.271666666668,0.693238263363828
2024-09-01 14:17:59.076,OnTrack,2483.721520150746,5287.2798213673805,1902.3315044131064,car,0 days 00:00:58.846000,0 days 02:10:15.157000,11378.0,213.0,5,86.0,False,0,3971.1050000000014,0.695310189753439
2024-09-01 14:17:59.150,OnTrack,2471.0,5256.0,1902.0,pos,0 days 00:00:58.920000,0 days 02:10:15.231000,11243.478338742858,214.8500032,5,89.43572022857143,False,0,3975.563447473304,0.6960908298923091
2024-09-01 14:17:59.356,OnTrack,2422.7626098118726,5141.871359570137,1901.1950602648203,car,0 days 00:00:59.126000,0 days 02:10:15.437000,10869.0,220.0,5,99.0,False,0,3988.2161111111127,0.6983062147675242
2024-09-01 14:17:59.410,OnTrack,2408.0,5111.0,1901.0,pos,0 days 00:00:59.180000,0 days 02:10:15.491000,10816.3501248,221.3499968,5,99.0,False,0,3991.5734936233453,0.6988940668317872
2024-09-01 14:17:59.596,OnTrack,2351.6959651456186,5010.911685233058,1900.3028977661459,car,0 days 00:00:59.366000,0 days 02:10:15.677000,10635.0,226.0,6,99.0,False,0,4003.282777777779,0.7009442731565497
2024-09-01 14:17:59.650,OnTrack,2333.0,4983.0,1900.0,pos,0 days 00:00:59.420000,0 days 02:10:15.731000,10679.40535523931,227.10705871787755,6,99.12300652420862,False,0,4006.736677800386,0.7015490247005428
2024-09-01 14:17:59.810,OnTrack,2271.0,4902.0,1899.0,pos,0 days 00:00:59.580000,0 days 02:10:15.891000,10810.977090044342,230.3872404720196,6,99.48747116355773,False,0,4017.1198088040383,0.7033670317258882
2024-09-01 14:17:59.910,OnTrack,2229.0,4852.0,1899.0,pos,0 days 00:00:59.680000,0 days 02:10:15.991000,10893.209634812263,232.4373593166492,6,99.71526214629435,False,0,4023.69317264052,0.7045179775851547
2024-09-01 14:18:00.035,OnTrack,2171.9680081483357,4792.091603848626,1898.99332611063,car,0 days 00:00:59.805000,0 days 02:10:16.116000,10996.0,235.0,6,100.0,False,0,4031.9397222222233,0.7059618855035968
2024-09-01 14:18:00.090,OnTrack,2146.0,4766.0,1899.0,pos,0 days 00:00:59.860000,0 days 02:10:16.171000,11000.8124832,236.3749952,6,99.6562512,False,0,4035.5786634501237,0.7065990363509487
2024-09-01 14:18:00.195,OnTrack,2095.7647948879344,4715.8669833895865,1899.0866405605648,car,0 days 00:00:59.965000,0 days 02:10:16.276000,11010.0,239.0,6,99.0,False,0,4042.5619444444455,0.7078217555772758
2024-09-01 14:18:00.310,OnTrack,2042.0,4660.0,1899.0,pos,0 days 00:01:00.080000,0 days 02:10:16.391000,11201.9063568,241.8750016,6,99.0,False,0,4050.306843907335,0.7091778283870259
2024-09-01 14:18:00.355,OnTrack,2022.0147971752021,4637.718830381268,1898.8237648180266,car,0 days 00:01:00.125000,0 days 02:10:16.436000,11277.0,243.0,6,99.0,False,0,4053.3619444444453,0.7097127531835684
2024-09-01 14:18:00.510,OnTrack,1958.0,4558.0,1898.0,pos,0 days 00:01:00.280000,0 days 02:10:16.591000,11343.65002752,245.32500096,6,99.0,False,0,4063.981755654971,0.711572201107493
2024-09-01 14:18:00.710,OnTrack,1888.0,4443.0,1898.0,pos,0 days 00:01:00.480000,0 days 02:10:16.791000,11429.65002752,248.32500096,6,99.0,False,0,4077.879175811573,0.7140055333528429
2024-09-01 14:18:00.755,OnTrack,1874.448196136972,4415.0283565974405,1898.0478118183842,car,0 days 00:01:00.525000,0 days 02:10:16.836000,11449.0,249.0,6,99.0,False,0,4081.0286111111122,0.7145569754466023
2024-09-01 14:18:00.950,OnTrack,1825.0,4286.0,1898.0,pos,0 days 00:01:00.720000,0 days 02:10:17.031000,10662.499741866666,253.06250133333333,6,99.0,False,0,4094.7695263348187,0.7169629048721857
2024-09-01 14:18:00.995,OnTrack,1815.5786761240306,4254.965058525076,1897.813805440321,car,0 days 00:01:00.765000,0 days 02:10:17.076000,10481.0,254.0,7,99.0,False,0,4097.961944444445,0.7175218729280736
2024-09-01 14:18:01.130,OnTrack,1791.0,4160.0,1897.0,pos,0 days 00:01:00.900000,0 days 02:10:17.211000,10446.4062992,256.5312464,7,99.0,False,0,4107.59036359087,0.7192077356649507
2024-09-01 14:18:01.155,OnTrack,1786.8511836421576,4142.309923434527,1896.8621326770954,car,0 days 00:01:00.925000,0 days 02:10:17.236000,10440.0,257.0,7,99.0,False,0,4109.384166666668,0.7195218168985149
2024-09-01 14:18:01.390,OnTrack,1754.0,3974.0,1896.0,pos,0 days 00:01:01.160000,0 days 02:10:17.471000,10450.770836266667,260.9166677333333,7,99.0,False,0,4126.4187818173605,0.7225044480535222
2024-09-01 14:18:01.395,OnTrack,1753.4406585320323,3970.343804112703,1895.9939478375181,car,0 days 00:01:01.165000,0 days 02:10:17.476000,10451.0,261.0,7,99.0,False,0,4126.784166666668,0.7225684241530977
2024-09-01 14:18:01.590,OnTrack,1736.0,3828.0,1896.0,pos,0 days 00:01:01.360000,0 days 02:10:17.671000,10647.625064533333,263.7083342222222,7,99.0,False,0,4141.123203778771,0.7250790801582394
2024-09-01 14:18:01.755,OnTrack,1726.1838966468263,3717.254664936179,1895.6184424925536,car,0 days 00:01:01.525000,0 days 02:10:17.836000,10814.0,266.0,7,99.0,False,0,4153.3841666666685,0.7272258812204485
2024-09-01 14:18:01.850,OnTrack,1719.0,3634.0,1895.0,pos,0 days 00:01:01.620000,0 days 02:10:17.931000,10873.37488,268.3749952,7,99.0,False,0,4160.49418872396,0.7284707918399881
2024-09-01 14:18:01.915,OnTrack,1712.4584010705375,3561.8826121704615,1894.3597722451684,car,0 days 00:01:01.685000,0 days 02:10:17.996000,10914.0,270.0,7,99.0,False,0,4165.3841666666685,0.7293269896718849
2024-09-01 14:18:02.050,OnTrack,1698.0,3407.0,1893.0,pos,0 days 00:01:01.820000,0 days 02:10:18.131000,10946.249954133333,271.87499733333334,7,99.0,False,0,4175.613058449423,0.7311179905863494
2024-09-01 14:18:02.275,OnTrack,1686.4061110012951,3287.440017828983,1893.032512858345,car,0 days 00:01:02.045000,0 days 02:10:18.356000,11000.0,275.0,7,99.0,False,0,4192.8841666666685,0.7341420298730933
2024-09-01 14:18:02.370,OnTrack,1681.0,3233.0,1893.0,pos,0 days 00:01:02.140000,0 days 02:10:18.451000,11097.968552,276.7812464,7,99.0,False,0,4200.26243138737,0.73543390773656
2024-09-01 14:18:02.570,OnTrack,1664.0,3060.0,1892.0,pos,0 days 00:01:02.340000,0 days 02:10:18.651000,11304.218552,280.5312464,7,99.0,False,0,4215.906316372037,0.7381730326494418
2024-09-01 14:18:02.595,OnTrack,1661.932808867036,3038.816333308196,1891.8768163432096,car,0 days 00:01:02.365000,0 days 02:10:18.676000,11330.0,281.0,7,99.0,False,0,4217.861944444447,0.7385154482053423
2024-09-01 14:18:02.755,OnTrack,1649.950227697779,2914.526725756791,1891.2317968012508,car,0 days 00:01:02.525000,0 days 02:10:18.836000,11420.0,282.0,7,99.0,False,0,4230.39527777778,0.7407099392546205
2024-09-01 14:18:02.810,OnTrack,1646.0,2872.0,1891.0,pos,0 days 00:01:02.580000,0 days 02:10:18.891000,11443.258632679366,283.09452389079365,7,99.0,False,0,4234.738561401976,0.7414704150821023
2024-09-01 14:18:02.956,OnTrack,1635.614121215136,2755.57152433892,1890.2878836984194,car,0 days 00:01:02.726000,0 days 02:10:19.037000,11505.0,286.0,7,99.0,False,0,4246.363611111114,0.7435058725981221
2024-09-01 14:18:03.009,OnTrack,1632.0,2714.0,1890.0,pos,0 days 00:01:02.779000,0 days 02:10:19.090000,11524.654142933334,286.8833322666667,7,99.0,False,0,4250.610150923865,0.7442494093222832
2024-09-01 14:18:03.169,OnTrack,1621.0,2587.0,1889.0,pos,0 days 00:01:02.939000,0 days 02:10:19.250000,11583.987476266666,289.5499989333333,7,99.0,False,0,4263.509442394213,0.7465079768494406
2024-09-01 14:18:03.196,OnTrack,1618.743661727494,2561.835822922142,1888.7900603794026,car,0 days 00:01:02.966000,0 days 02:10:19.277000,11594.0,290.0,7,99.0,False,0,4265.696944444447,0.7468909917698806
2024-09-01 14:18:03.509,OnTrack,1588.0,2231.0,1886.0,pos,0 days 00:01:03.279000,0 days 02:10:19.590000,10247.1221504,293.9124992,7,99.0,False,0,4291.255525112392,0.7513661042572255
2024-09-01 14:18:03.516,OnTrack,1587.4906172286996,2225.460194510722,1885.9575742553204,car,0 days 00:01:03.286000,0 days 02:10:19.597000,10217.0,294.0,7,99.0,False,0,4291.83027777778,0.7514667390641199
2024-09-01 14:18:03.676,OnTrack,1579.2493053397463,2133.47501122892,1885.3537070689074,car,0 days 00:01:03.446000,0 days 02:10:19.757000,10486.0,296.0,8,99.0,False,0,4304.985833333336,0.7537701764775465
2024-09-01 14:18:03.836,OnTrack,1571.5359255334502,2045.945685198604,1885.0786397734275,car,0 days 00:01:03.606000,0 days 02:10:19.917000,10489.0,296.0,8,99.0,False,0,4318.141388888891,0.7560736138909729
2024-09-01 14:18:03.869,OnTrack,1569.0,2018.0,1885.0,pos,0 days 00:01:03.639000,0 days 02:10:19.950000,10507.857106285714,296.58928457142855,8,99.0,False,0,4320.873357851435,0.7565519608139948
2024-09-01 14:18:04.116,OnTrack,1544.025406962954,1747.059616023587,1884.0769146561104,car,0 days 00:01:03.886000,0 days 02:10:20.197000,10649.0,301.0,8,99.0,False,0,4341.5525000000025,0.7601727208420623
2024-09-01 14:18:04.129,OnTrack,1543.0,1736.0,1884.0,pos,0 days 00:01:03.899000,0 days 02:10:20.210000,10650.263882666666,301.14444373333333,8,99.03611093333333,False,0,4342.648437077023,0.7603646110632932
2024-09-01 14:18:04.389,OnTrack,1529.0,1585.0,1882.0,pos,0 days 00:01:04.159000,0 days 02:10:20.470000,10675.541660444444,304.03333262222225,8,99.75833315555556,False,0,4364.678121602596,0.764221840758223
2024-09-01 14:18:04.476,OnTrack,1521.4081325877592,1501.933171269487,1881.397328122725,car,0 days 00:01:04.246000,0 days 02:10:20.557000,10684.0,305.0,8,100.0,False,0,4372.0525000000025,0.7655130381561298
2024-09-01 14:18:04.716,OnTrack,1494.7018678764298,1209.2624496928631,1880.1293658223426,car,0 days 00:01:04.486000,0 days 02:10:20.797000,10798.0,305.0,8,100.0,False,0,4392.3858333333355,0.7690732496988414
2024-09-01 14:18:04.749,OnTrack,1492.0,1180.0,1880.0,pos,0 days 00:01:04.519000,0 days 02:10:20.830000,10809.05497856,305.49499904,8,100.0,False,0,4395.197402800565,0.7695655340629578
2024-09-01 14:18:04.916,OnTrack,1483.2589783182034,1087.5649625781482,1879.5112314262306,car,0 days 00:01:04.686000,0 days 02:10:20.997000,10865.0,308.0,8,100.0,False,0,4409.496944444447,0.7720692747129266
2024-09-01 14:18:05.069,OnTrack,1476.0,1010.0,1879.0,pos,0 days 00:01:04.839000,0 days 02:10:21.150000,10930.0249728,309.27499946666666,8,99.57500017777778,False,0,4422.671615827669,0.774376059161942
2024-09-01 14:18:05.249,OnTrack,1462.0,855.0,1878.0,pos,0 days 00:01:05.019000,0 days 02:10:21.330000,11006.5249728,310.77499946666666,8,99.07500017777778,False,0,4438.252723114035,0.7771041921787853
2024-09-01 14:18:05.276,OnTrack,1459.8103148756406,830.984493312439,1877.8241309269415,car,0 days 00:01:05.046000,0 days 02:10:21.357000,11018.0,311.0,8,99.0,False,0,4440.596944444447,0.777514647449566
2024-09-01 14:18:05.550,OnTrack,1438.0,596.0,1876.0,pos,0 days 00:01:05.320000,0 days 02:10:21.631000,11036.8375088,313.5687512,8,99.8562504,False,0,4464.484130799688,0.7816971115439019
2024-09-01 14:18:05.596,OnTrack,1434.2885474570667,556.088983613431,1875.7893571224056,car,0 days 00:01:05.366000,0 days 02:10:21.677000,11040.0,314.0,8,100.0,False,0,4468.508055555559,0.782401670069944
2024-09-01 14:18:05.810,OnTrack,1417.0,370.0,1875.0,pos,0 days 00:01:05.580000,0 days 02:10:21.891000,11109.01495872,315.06999936,8,99.46500032,False,0,4487.272157488187,0.7856871211661323
2024-09-01 14:18:05.970,OnTrack,1404.0,230.0,1874.0,pos,0 days 00:01:05.740000,0 days 02:10:22.051000,11160.61495872,315.86999936,8,99.06500032,False,0,4501.3329991077,0.7881490672628878
2024-09-01 14:18:05.996,OnTrack,1401.5181647905406,202.93800882299087,1873.805365992955,car,0 days 00:01:05.766000,0 days 02:10:22.077000,11169.0,316.0,8,99.0,False,0,4503.619166666669,0.7885493577611836
2024-09-01 14:18:06.196,OnTrack,1380.0265666196046,-33.754901664537826,1872.2056485868698,car,0 days 00:01:05.966000,0 days 02:10:22.277000,11189.0,317.0,8,100.0,False,0,4521.23027777778,0.7916329289607454
2024-09-01 14:18:06.230,OnTrack,1377.0,-67.0,1872.0,pos,0 days 00:01:06,0 days 02:10:22.311000,11204.8667264,317.2833344,8,100.0,False,0,4524.234666851186,0.7921589745668735
2024-09-01 14:18:06.436,OnTrack,1364.5859523410022,-201.48869956857328,1871.3170324479577,car,0 days 00:01:06.206000,0 days 02:10:22.517000,11301.0,319.0,8,100.0,False,0,4542.496944444447,0.7953565600496798
2024-09-01 14:18:06.530,OnTrack,1359.0,-261.0,1871.0,pos,0 days 00:01:06.300000,0 days 02:10:22.611000,11302.178681544088,319.29467038602223,8,100.0,False,0,4550.8408785148895,0.7968175192491495
2024-09-01 14:18:06.710,OnTrack,1344.0,-421.0,1870.0,pos,0 days 00:01:06.480000,0 days 02:10:22.791000,11304.43573759283,319.8589343982075,8,100.0,False,0,4566.841578660938,0.7996191197746295
2024-09-01 14:18:06.755,OnTrack,1338.753945582151,-477.51732614869957,1869.6531918141895,car,0 days 00:01:06.525000,0 days 02:10:22.836000,11305.0,320.0,8,100.0,False,0,4570.852500000003,0.8003214015015925
2024-09-01 14:18:06.950,OnTrack,1313.0,-757.0,1868.0,pos,0 days 00:01:06.720000,0 days 02:10:23.031000,11349.5714432,321.3928576,8,100.0,False,0,4588.284808922259,0.803373665801976
2024-09-01 14:18:07.035,OnTrack,1304.897911198361,-845.7163609953667,1867.5151651738352,car,0 days 00:01:06.805000,0 days 02:10:23.116000,11369.0,322.0,8,100.0,False,0,4595.896944444447,0.8047064926585719
2024-09-01 14:18:07.350,OnTrack,1292.0,-989.0,1867.0,pos,0 days 00:01:07.120000,0 days 02:10:23.431000,11369.0,322.78750016,8,100.0,False,0,4624.143033600655,0.809652167379083
2024-09-01 14:18:07.435,OnTrack,1291.3127829403902,-995.6352561670876,1867.0812727597258,car,0 days 00:01:07.205000,0 days 02:10:23.516000,11369.0,323.0,8,100.0,False,0,4631.785833333337,0.8109903633049974
2024-09-01 14:18:07.530,OnTrack,1289.0,-1020.0,1867.0,pos,0 days 00:01:07.300000,0 days 02:10:23.611000,11395.1249472,323.4318173090909,8,100.0,False,0,4640.341308378658,0.8124883617153121
2024-09-01 14:18:07.690,OnTrack,1276.0,-1163.0,1866.0,pos,0 days 00:01:07.460000,0 days 02:10:23.771000,11439.1249472,324.15909003636364,8,100.0,False,0,4654.782257469484,0.8150168617304369
2024-09-01 14:18:07.875,OnTrack,1260.7653071432455,-1331.8630536018227,1865.403631950684,car,0 days 00:01:07.645000,0 days 02:10:23.956000,11490.0,325.0,8,100.0,False,0,4671.508055555559,0.8179454213734094
2024-09-01 14:18:08.010,OnTrack,1250.0,-1451.0,1865.0,pos,0 days 00:01:07.780000,0 days 02:10:24.091000,11506.874976,325.8437488,8,100.0,False,0,4683.729658778942,0.8200853308586389
2024-09-01 14:18:08.035,OnTrack,1247.9649879087247,-1473.4322450232357,1864.8883101490783,car,0 days 00:01:07.805000,0 days 02:10:24.116000,11510.0,326.0,8,100.0,False,0,4685.996944444447,0.8204823152814399
2024-09-01 14:18:08.190,OnTrack,1235.0,-1614.0,1864.0,pos,0 days 00:01:07.960000,0 days 02:10:24.271000,11521.977277672728,326.70454574545454,8,99.64772712727273,False,0,4700.090083335278,0.8229499163840058
2024-09-01 14:18:08.350,OnTrack,1221.0,-1758.0,1863.0,pos,0 days 00:01:08.120000,0 days 02:10:24.431000,11534.340914036364,327.4318184727273,8,99.28409076363636,False,0,4714.688159578151,0.8255059281647236
2024-09-01 14:18:08.475,OnTrack,1210.5563421041938,-1871.0587572671375,1862.3041450292235,car,0 days 00:01:08.245000,0 days 02:10:24.556000,11544.0,328.0,8,99.0,False,0,4726.085833333335,0.827501573885868
2024-09-01 14:18:08.530,OnTrack,1206.0,-1921.0,1862.0,pos,0 days 00:01:08.300000,0 days 02:10:24.611000,11550.285692342857,328.0,8,99.0,False,0,4731.0973233319,0.8283790475517241
2024-09-01 14:18:08.710,OnTrack,1191.0,-2085.0,1861.0,pos,0 days 00:01:08.480000,0 days 02:10:24.791000,11570.857150171429,328.0,8,99.0,False,0,4747.49305407945,0.8312498149218202
2024-09-01 14:18:08.755,OnTrack,1187.3266443193493,-2126.02311667414,1860.7937101734667,car,0 days 00:01:08.525000,0 days 02:10:24.836000,11576.0,328.0,8,99.0,False,0,4751.596944444446,0.8319683748159586
2024-09-01 14:18:08.970,OnTrack,1170.0,-2321.0,1860.0,pos,0 days 00:01:08.740000,0 days 02:10:25.051000,11586.7499904,328.8958325333333,8,99.0,False,0,4771.2419665557845,0.8354080683148576
2024-09-01 14:18:08.995,OnTrack,1167.9347123824143,-2343.3737117510855,1859.902420149421,car,0 days 00:01:08.765000,0 days 02:10:25.076000,11588.0,329.0,8,99.0,False,0,4773.530277777781,0.8358087341521954
2024-09-01 14:18:09.190,OnTrack,1151.0,-2522.0,1859.0,pos,0 days 00:01:08.960000,0 days 02:10:25.271000,11631.8750144,329.6964288,8,99.0,False,0,4791.404447740294,0.8389383649497493
2024-09-01 14:18:09.275,OnTrack,1142.7796971663406,-2609.7272694228272,1858.4625537609863,car,0 days 00:01:09.045000,0 days 02:10:25.356000,11651.0,330.0,8,99.0,False,0,4799.196944444448,0.8403027716733231
2024-09-01 14:18:09.436,OnTrack,1126.9319376349583,-2781.6624889156874,1857.2574899838173,car,0 days 00:01:09.206000,0 days 02:10:25.517000,11666.0,330.0,8,100.0,False,0,4813.95527777778,0.8428868432479715
2024-09-01 14:18:09.470,OnTrack,1124.0,-2814.0,1857.0,pos,0 days 00:01:09.240000,0 days 02:10:25.551000,11667.9125072,330.2125008,8,100.0,False,0,4817.0781167687,0.8434336285309962
2024-09-01 14:18:09.596,OnTrack,1114.613935536494,-2919.427413038869,1856.0500249647948,car,0 days 00:01:09.366000,0 days 02:10:25.677000,11675.0,331.0,8,100.0,False,0,4828.666388888892,0.8454626465717695
2024-09-01 14:18:09.769,OnTrack,1103.0,-3052.0,1855.0,pos,0 days 00:01:09.539000,0 days 02:10:25.850000,11691.682136685715,331.0,8,100.0,False,0,4844.568827326769,0.848247042221792
2024-09-01 14:18:09.876,OnTrack,1094.6726256191446,-3145.437858157649,1854.6794373619123,car,0 days 00:01:09.646000,0 days 02:10:25.957000,11702.0,331.0,8,100.0,False,0,4854.410833333336,0.8499703023884159
2024-09-01 14:18:10.089,OnTrack,1076.0,-3346.0,1854.0,pos,0 days 00:01:09.859000,0 days 02:10:26.170000,11702.0,331.6656248,8,99.3343752,False,0,4874.039918599336,0.853407205467279
2024-09-01 14:18:10.196,OnTrack,1066.1571652076043,-3444.2798794485143,1853.098592216259,car,0 days 00:01:09.966000,0 days 02:10:26.277000,11702.0,332.0,8,99.0,False,0,4883.921944444446,0.8551374728023186
2024-09-01 14:18:10.209,OnTrack,1065.0,-3456.0,1853.0,pos,0 days 00:01:09.979000,0 days 02:10:26.290000,11704.1124896,332.0812496,8,99.0,False,0,4885.123614001033,0.8553478759740835
2024-09-01 14:18:10.356,OnTrack,1052.7037570905939,-3586.065860295899,1852.271773874418,car,0 days 00:01:10.126000,0 days 02:10:26.437000,11728.0,333.0,8,99.0,False,0,4898.721944444445,0.8577288398924233
2024-09-01 14:18:10.429,OnTrack,1046.0,-3658.0,1852.0,pos,0 days 00:01:10.199000,0 days 02:10:26.510000,11734.257137371429,333.0,8,99.0,False,0,4905.473238051445,0.8589109398970729
2024-09-01 14:18:10.636,OnTrack,1023.2316628206811,-3898.420122645206,1851.1753135564375,car,0 days 00:01:10.406000,0 days 02:10:26.717000,11752.0,333.0,8,99.0,False,0,4924.621944444446,0.8622637323001069
2024-09-01 14:18:10.689,OnTrack,1018.0,-3953.0,1851.0,pos,0 days 00:01:10.459000,0 days 02:10:26.770000,11725.121461028572,333.0,8,88.21072731428572,False,0,4929.533029077265,0.8631236257524182
2024-09-01 14:18:10.916,OnTrack,1001.2552576659767,-4123.27607459767,1850.4512795790681,car,0 days 00:01:10.686000,0 days 02:10:26.997000,11610.0,333.0,8,42.0,False,0,4950.5219444444465,0.8667986247077905
2024-09-01 14:18:11.009,OnTrack,994.0,-4192.0,1850.0,pos,0 days 00:01:10.779000,0 days 02:10:27.090000,11426.79012608,329.28000256,8,22.47001344,False,0,4959.020847848378,0.8682867178552857
2024-09-01 14:18:11.116,OnTrack,983.8611924494327,-4284.175622611887,1849.216716520425,car,0 days 00:01:10.886000,0 days 02:10:27.197000,11216.0,325.0,8,0.0,True,0,4968.577500000002,0.869960014738887
2024-09-01 14:18:11.149,OnTrack,980.0,-4318.0,1849.0,pos,0 days 00:01:10.919000,0 days 02:10:27.230000,11078.844016,320.4625088,8,0.0,True,0,4971.442856109816,0.8704617167337789
2024-09-01 14:18:11.276,OnTrack,961.0895150069507,-4477.973084474019,1848.4687141982881,car,0 days 00:01:11.046000,0 days 02:10:27.357000,10551.0,303.0,8,0.0,True,0,4982.044166666668,0.8723179253343877
2024-09-01 14:18:11.449,OnTrack,927.0,-4724.0,1848.0,pos,0 days 00:01:11.219000,0 days 02:10:27.530000,10884.0248768,283.73409803636366,8,0.0,True,0,4995.070074577714,0.8745986624343485
2024-09-01 14:18:11.649,OnTrack,883.0,-4952.0,1847.0,pos,0 days 00:01:11.419000,0 days 02:10:27.730000,11269.0248768,261.46137076363635,8,0.0,True,0,5008.625289963509,0.8769720772350263
2024-09-01 14:18:11.716,OnTrack,871.6041310471214,-5004.850197615781,1846.7151808575763,car,0 days 00:01:11.486000,0 days 02:10:27.797000,11398.0,254.0,7,0.0,True,0,5013.088611111113,0.8777535707170852
2024-09-01 14:18:11.876,OnTrack,853.66242810275,-5077.8604331235365,1846.2284477127869,car,0 days 00:01:11.646000,0 days 02:10:27.957000,11171.0,237.0,6,0.0,True,0,5023.621944444447,0.8795978770244571
2024-09-01 14:18:12.110,OnTrack,825.0,-5163.0,1845.0,pos,0 days 00:01:11.880000,0 days 02:10:28.191000,11569.775218133333,230.17499626666665,6,0.0,True,0,5038.583905221924,0.882217602211092
2024-09-01 14:18:12.116,OnTrack,823.9292732505473,-5166.14673778384,1844.948867957015,car,0 days 00:01:11.886000,0 days 02:10:28.197000,11580.0,230.0,6,0.0,True,0,5038.95527777778,0.8822826267124037
2024-09-01 14:18:12.230,OnTrack,801.0,-5232.0,1844.0,pos,0 days 00:01:12,0 days 02:10:28.311000,11377.93477312,224.86999424,6,0.0,True,0,5045.873880725182,0.8834940213061468
2024-09-01 14:18:12.390,OnTrack,765.0,-5320.0,1844.0,pos,0 days 00:01:12.160000,0 days 02:10:28.471000,11094.33477312,217.66999424,6,0.0,True,0,5055.202087835166,0.8851273192057749
2024-09-01 14:18:12.516,OnTrack,732.9169012437562,-5384.449838931367,1843.7597746074862,car,0 days 00:01:12.286000,0 days 02:10:28.597000,10871.0,212.0,5,0.0,True,0,5062.5108333333355,0.8864070247837417
2024-09-01 14:18:12.676,OnTrack,686.481410651917,-5460.650747956535,1843.112896331267,car,0 days 00:01:12.446000,0 days 02:10:28.757000,10727.0,209.0,5,0.0,False,0,5071.799722222224,0.8880334383628165
2024-09-01 14:18:12.730,OnTrack,669.0,-5485.0,1843.0,pos,0 days 00:01:12.500000,0 days 02:10:28.811000,10677.3876176,207.9875024,5,0.0,False,0,5074.906981499961,0.8885774957569212
2024-09-01 14:18:12.836,OnTrack,632.0082551538105,-5530.784364588186,1842.9547292877603,car,0 days 00:01:12.606000,0 days 02:10:28.917000,10580.0,206.0,5,0.0,False,0,5080.955277777779,0.8896365062924307
2024-09-01 14:18:12.890,OnTrack,612.0,-5553.0,1843.0,pos,0 days 00:01:12.660000,0 days 02:10:28.971000,10522.76013568,204.92000256,5,1.88999552,False,0,5084.011716919169,0.8901716654683705
2024-09-01 14:18:13.036,OnTrack,554.4086589841149,-5609.135604811772,1843.3047756906115,car,0 days 00:01:12.806000,0 days 02:10:29.117000,10368.0,202.0,5,7.0,False,0,5092.177500000002,0.8916014317886816
2024-09-01 14:18:13.170,OnTrack,497.0,-5655.0,1843.0,pos,0 days 00:01:12.940000,0 days 02:10:29.251000,10477.20989568,198.6500032,5,15.03999232,False,0,5099.519203155903,0.8928869080010816
2024-09-01 14:18:13.236,OnTrack,467.1048345591453,-5675.401809666335,1842.3819041863585,car,0 days 00:01:13.006000,0 days 02:10:29.317000,10531.0,197.0,5,19.0,False,0,5103.121944444446,0.893517720515223
2024-09-01 14:18:13.290,OnTrack,442.0,-5691.0,1842.0,pos,0 days 00:01:13.060000,0 days 02:10:29.371000,10534.04701410969,197.0,5,25.432585342678802,False,0,5106.075825121747,0.8940349224865239
2024-09-01 14:18:13.490,OnTrack,345.0,-5740.0,1843.0,pos,0 days 00:01:13.260000,0 days 02:10:29.571000,10545.332278303242,197.0,5,49.25703197351082,False,0,5117.0386551208385,0.8959544303834199
2024-09-01 14:18:13.555,OnTrack,312.1728768602,-5752.884365271664,1843.2150080638528,car,0 days 00:01:13.325000,0 days 02:10:29.636000,10549.0,197.0,5,57.0,False,0,5120.578333333335,0.8965742010340567
2024-09-01 14:18:13.755,OnTrack,207.07800779517478,-5783.146446695778,1843.0280608403752,car,0 days 00:01:13.525000,0 days 02:10:29.836000,10724.0,196.0,5,75.0,False,0,5131.467222222223,0.8984807624066564
2024-09-01 14:18:13.790,OnTrack,188.0,-5787.0,1843.0,pos,0 days 00:01:13.560000,0 days 02:10:29.871000,10750.0312976,197.2031272,5,77.6250048,False,0,5133.422447197896,0.8988231073833934
2024-09-01 14:18:13.970,OnTrack,87.0,-5800.0,1843.0,pos,0 days 00:01:13.740000,0 days 02:10:30.051000,10883.9061072,203.3906184,5,91.1249856,False,0,5143.768735853977,0.9006346635947511
2024-09-01 14:18:14.075,OnTrack,26.805061952540875,-5802.197873193498,1843.0114509591929,car,0 days 00:01:13.845000,0 days 02:10:30.156000,10962.0,207.0,5,99.0,False,0,5149.867222222224,0.9017024620321923
2024-09-01 14:18:14.210,OnTrack,-51.0,-5798.0,1843.0,pos,0 days 00:01:13.980000,0 days 02:10:30.291000,11221.3121312,208.6874976,5,99.0,False,0,5157.691691536243,0.903072466915833
2024-09-01 14:18:14.250,OnTrack,-74.0,-5795.0,1843.0,pos,0 days 00:01:14.020000,0 days 02:10:30.331000,11298.145464533332,209.1874976,5,99.0,False,0,5160.026429777634,0.9034812617700729
2024-09-01 14:18:14.315,OnTrack,-112.0041822496427,-5789.416561352255,1843.1783264415765,car,0 days 00:01:14.085000,0 days 02:10:30.396000,11423.0,210.0,5,99.0,False,0,5163.867222222224,0.9041537552255346
2024-09-01 14:18:14.470,OnTrack,-204.0,-5772.0,1844.0,pos,0 days 00:01:14.240000,0 days 02:10:30.551000,11070.374854400001,214.57954734545456,5,99.0,False,0,5173.259997386252,0.9057983584988331
2024-09-01 14:18:14.670,OnTrack,-321.0,-5736.0,1844.0,pos,0 days 00:01:14.440000,0 days 02:10:30.751000,10615.374854400001,220.48863825454546,5,99.0,False,0,5185.765873654117,0.9079880420254188
2024-09-01 14:18:14.755,OnTrack,-375.18544805278134,-5714.4201394056745,1843.9764547254963,car,0 days 00:01:14.525000,0 days 02:10:30.836000,10422.0,223.0,6,99.0,False,0,5191.122777777779,0.908925995069399
2024-09-01 14:18:14.950,OnTrack,-509.0,-5650.0,1844.0,pos,0 days 00:01:14.720000,0 days 02:10:31.031000,10654.6072192,227.1785728,6,99.0,False,0,5203.4888197312885,0.9110911946743435
2024-09-01 14:18:15.035,OnTrack,-568.1562381870303,-5615.997568247209,1843.9926171872396,car,0 days 00:01:14.805000,0 days 02:10:31.116000,10756.0,229.0,6,99.0,False,0,5208.933888888891,0.9120445847431513
2024-09-01 14:18:15.050,OnTrack,-578.0,-5610.0,1844.0,pos,0 days 00:01:14.820000,0 days 02:10:31.131000,10770.09981952,229.26249664,6,99.0,False,0,5209.8990465345505,0.9122135764836733
2024-09-01 14:18:15.350,OnTrack,-734.0,-5494.0,1845.0,pos,0 days 00:01:15.120000,0 days 02:10:31.431000,11052.10006016,234.51250112,6,99.0,False,0,5229.486809133534,0.9156432442787945
2024-09-01 14:18:15.435,OnTrack,-776.0375833151882,-5456.8524674527125,1845.5915195955752,car,0 days 00:01:15.205000,0 days 02:10:31.516000,11132.0,236.0,6,99.0,False,0,5235.156111111113,0.9166358958036975
2024-09-01 14:18:15.510,OnTrack,-813.0,-5422.0,1846.0,pos,0 days 00:01:15.280000,0 days 02:10:31.591000,11217.3125728,238.50000213333334,6,99.0,False,0,5240.2062872183715,0.9175201431120478
2024-09-01 14:18:15.675,OnTrack,-890.9887908414905,-5339.948666719452,1845.9823963127203,car,0 days 00:01:15.445000,0 days 02:10:31.756000,11405.0,244.0,6,99.0,False,0,5251.42277777778,0.9194840650378668
2024-09-01 14:18:15.730,OnTrack,-915.0,-5313.0,1846.0,pos,0 days 00:01:15.500000,0 days 02:10:31.811000,11438.4696416728,244.3914577973427,6,99.0,False,0,5255.168767973642,0.9201399593428272
2024-09-01 14:18:15.956,OnTrack,-1006.1835236485797,-5200.293170748901,1846.8684865226478,car,0 days 00:01:15.726000,0 days 02:10:32.037000,11576.0,246.0,6,99.0,False,0,5270.624444444446,0.9228461303807833
2024-09-01 14:18:16.010,OnTrack,-1033.0,-5161.0,1847.0,pos,0 days 00:01:15.780000,0 days 02:10:32.091000,11611.63991552,247.07999744,6,99.26999936,False,0,5274.349120213078,0.9234982926921443
2024-09-01 14:18:16.156,OnTrack,-1118.8630120721903,-5024.460589307393,1846.9856402568298,car,0 days 00:01:15.926000,0 days 02:10:32.237000,11708.0,250.0,6,100.0,False,0,5284.513333333335,0.925277968866242
2024-09-01 14:18:16.209,OnTrack,-1145.0,-4981.0,1847.0,pos,0 days 00:01:15.979000,0 days 02:10:32.290000,11448.3003136,251.58999808,6,99.73500032,False,0,5288.252949050148,0.9259327470485521
2024-09-01 14:18:16.356,OnTrack,-1187.4649873122669,-4905.150562938593,1847.3430396659905,car,0 days 00:01:16.126000,0 days 02:10:32.437000,10728.0,256.0,6,99.0,False,0,5298.735555555557,0.9277681714753517
2024-09-01 14:18:16.516,OnTrack,-1213.1455669966153,-4846.582318615758,1847.9548368812568,car,0 days 00:01:16.286000,0 days 02:10:32.597000,10416.0,259.0,7,100.0,False,0,5310.246666666669,0.9297836792121001
2024-09-01 14:18:16.529,OnTrack,-1216.0,-4840.0,1848.0,pos,0 days 00:01:16.299000,0 days 02:10:32.610000,10426.688836266667,259.25277653333336,7,100.0,False,0,5311.190560197049,0.9299489477682616
2024-09-01 14:18:16.809,OnTrack,-1295.0,-4652.0,1849.0,pos,0 days 00:01:16.579000,0 days 02:10:32.890000,10656.91105848889,264.69722097777776,7,100.0,False,0,5331.851202165083,0.9335664685558565
2024-09-01 14:18:16.876,OnTrack,-1311.451114858913,-4608.162068209505,1849.3792235671835,car,0 days 00:01:16.646000,0 days 02:10:32.957000,10712.0,266.0,7,100.0,False,0,5336.846666666669,0.9344411362794508
2024-09-01 14:18:16.969,OnTrack,-1334.0,-4540.0,1850.0,pos,0 days 00:01:16.739000,0 days 02:10:33.050000,10776.63495552,267.85999872,7,100.0,False,0,5343.799877907106,0.9356585905212761
2024-09-01 14:18:17.076,OnTrack,-1365.1489077130764,-4429.803375981601,1850.801807801319,car,0 days 00:01:16.846000,0 days 02:10:33.157000,10851.0,270.0,7,100.0,False,0,5351.846666666668,0.9370675218437461
2024-09-01 14:18:17.249,OnTrack,-1412.0,-4249.0,1852.0,pos,0 days 00:01:17.019000,0 days 02:10:33.330000,10900.7374816,272.59499904,7,100.0,False,0,5365.012331714155,0.939372729352084
2024-09-01 14:18:17.476,OnTrack,-1431.3317722905886,-4162.477736156611,1852.7616576214093,car,0 days 00:01:17.246000,0 days 02:10:33.557000,10966.0,276.0,7,100.0,False,0,5382.513333333335,0.9424370212196391
2024-09-01 14:18:17.529,OnTrack,-1436.0,-4129.0,1853.0,pos,0 days 00:01:17.299000,0 days 02:10:33.610000,11025.7905528,276.828124,7,100.0,False,0,5386.622979796771,0.9431565889627008
2024-09-01 14:18:17.796,OnTrack,-1475.2863581493898,-3819.077591949018,1854.7974995009083,car,0 days 00:01:17.566000,0 days 02:10:33.877000,11327.0,281.0,7,100.0,False,0,5407.491111111113,0.9468104395518883
2024-09-01 14:18:17.849,OnTrack,-1481.0,-3770.0,1855.0,pos,0 days 00:01:17.619000,0 days 02:10:33.930000,11353.941634133333,281.7729157333333,7,100.0,False,0,5411.677815457586,0.9475434995423915
2024-09-01 14:18:18.169,OnTrack,-1490.0,-3628.0,1855.0,pos,0 days 00:01:17.939000,0 days 02:10:34.250000,11516.6083008,286.4395824,7,100.0,False,0,5437.2609546144395,0.9520229120337863
2024-09-01 14:18:18.276,OnTrack,-1492.4202430411378,-3549.9348794996254,1855.470256278937,car,0 days 00:01:18.046000,0 days 02:10:34.357000,11571.0,288.0,7,100.0,False,0,5445.891111111112,0.9535339865964845
2024-09-01 14:18:18.489,OnTrack,-1498.0,-3339.0,1857.0,pos,0 days 00:01:18.259000,0 days 02:10:34.570000,11619.5906104,290.6624992,7,100.0,False,0,5463.154489658061,0.9565566724769294
2024-09-01 14:18:18.596,OnTrack,-1499.123012326284,-3230.0874030922396,1857.6405211420288,car,0 days 00:01:18.366000,0 days 02:10:34.677000,11644.0,292.0,7,100.0,False,0,5471.846666666668,0.9580786063581099
2024-09-01 14:18:18.756,OnTrack,-1498.7771971016782,-3068.234729783376,1858.4335482028662,car,0 days 00:01:18.526000,0 days 02:10:34.837000,11644.0,293.0,8,100.0,False,0,5484.86888888889,0.960358698122076
2024-09-01 14:18:18.870,OnTrack,-1498.0,-2963.0,1859.0,pos,0 days 00:01:18.640000,0 days 02:10:34.951000,11200.21378742857,294.6285732571429,8,100.0,False,0,5494.225179020551,0.9619969131445529
2024-09-01 14:18:19.036,OnTrack,-1496.3977730566717,-2827.9139477126464,1859.8679192816821,car,0 days 00:01:18.806000,0 days 02:10:35.117000,10554.0,297.0,8,100.0,False,0,5507.96888888889,0.9644033318910911
2024-09-01 14:18:19.250,OnTrack,-1493.0,-2664.0,1861.0,pos,0 days 00:01:19.020000,0 days 02:10:35.331000,10650.2999424,299.6749984,8,100.0,False,0,5525.860912192897,0.9675360886725365
2024-09-01 14:18:19.436,OnTrack,-1488.25158363329,-2506.5284939802264,1861.9256254767188,car,0 days 00:01:19.206000,0 days 02:10:35.517000,10734.0,302.0,8,100.0,False,0,5541.524444444445,0.9702786536719593
2024-09-01 14:18:19.716,OnTrack,-1480.6059793781733,-2289.369912329754,1862.9440039723063,car,0 days 00:01:19.486000,0 days 02:10:35.797000,10780.0,305.0,8,99.0,False,0,5565.246666666668,0.974432233805123
2024-09-01 14:18:19.750,OnTrack,-1480.0,-2271.0,1863.0,pos,0 days 00:01:19.520000,0 days 02:10:35.831000,10791.98504512,305.34000128,8,99.0,False,0,5568.144706056359,0.9749396583929792
2024-09-01 14:18:20.110,OnTrack,-1470.0,-2050.0,1864.0,pos,0 days 00:01:19.880000,0 days 02:10:36.191000,10918.88504512,308.94000128,8,99.0,False,0,5599.061963928849,0.9803530343772399
2024-09-01 14:18:20.116,OnTrack,-1469.4841144794777,-2040.940204715152,1864.070870940895,car,0 days 00:01:19.886000,0 days 02:10:36.197000,10921.0,309.0,8,99.0,False,0,5599.580000000002,0.9804437385411772
2024-09-01 14:18:20.250,OnTrack,-1456.0,-1809.0,1866.0,pos,0 days 00:01:20.020000,0 days 02:10:36.331000,10956.832828464343,310.1197758895107,8,99.3732586298369,False,0,5611.170438722169,0.9824731359374272
2024-09-01 14:18:20.475,OnTrack,-1448.0921460064624,-1674.4368918423916,1867.4525724910902,car,0 days 00:01:20.245000,0 days 02:10:36.556000,11017.0,312.0,8,100.0,False,0,5630.6933333333345,0.9858914458427624
2024-09-01 14:18:20.630,OnTrack,-1443.0,-1602.0,1868.0,pos,0 days 00:01:20.400000,0 days 02:10:36.711000,11072.80002304,312.77500032,8,99.22499968,False,0,5644.161716890687,0.988249657052724
2024-09-01 14:18:20.675,OnTrack,-1440.1271545252678,-1560.8303409549721,1868.2232671773963,car,0 days 00:01:20.445000,0 days 02:10:36.756000,11089.0,313.0,8,99.0,False,0,5648.082222222223,0.9889361076265568
2024-09-01 14:18:20.915,OnTrack,-1417.1177040453524,-1231.1120622951046,1869.6999153422405,car,0 days 00:01:20.685000,0 days 02:10:36.996000,11149.0,315.0,8,100.0,False,0,5669.082222222224,0.9926130474165706
2024-09-01 14:18:20.990,OnTrack,-1411.0,-1145.0,1870.0,pos,0 days 00:01:20.760000,0 days 02:10:37.071000,11140.696421485714,315.2678573714286,8,100.0,False,0,5675.658698800425,0.9937645382931648
2024-09-01 14:18:21.195,OnTrack,-1400.5376690135918,-1004.6114134466061,1870.1732882381546,car,0 days 00:01:20.965000,0 days 02:10:37.276000,11118.0,316.0,8,100.0,False,0,5693.660000000001,0.9969164288004383
2024-09-01 14:18:21.270,OnTrack,-1399.0,-988.0,1870.0,pos,0 days 00:01:21.040000,0 days 02:10:37.351000,11163.0000384,316.37500032,8,100.0,False,0,5700.25839396976,0.9980717572450856
2024-09-01 14:18:21.395,OnTrack,-1399.163429415974,-1001.6837260778585,1869.429417467877,car,0 days 00:01:21.165000,0 days 02:10:37.476000,11238.0,317.0,8,100.0,False,0,5711.271111111112,1.0
