Date,Status,X,Y,Z,Source,Time,SessionTime,RPM,Speed,nGear,Throttle,Brake,DRS,Distance,RelativeDistance
2024-09-01 13:27:21.949,OnTrack,-1351.0,-417.0,1873.0,pos,0 days 00:00:00,0 days 01:19:38.030000,11243.0,315.0,8,100.0,False,0,,
2024-09-01 13:27:21.985,OnTrack,-1349.7179390926594,-402.1571578156854,1873.1726751340707,car,0 days 00:00:00.036000,0 days 01:19:38.066000,11243.0,315.0,8,100.0,False,0,26.162499999999998,0.004583871042472095
2024-09-01 13:27:22.265,OnTrack,-1335.3689667652186,-238.43494506334153,1873.9588580184845,car,0 days 00:00:00.316000,0 days 01:19:38.346000,11320.0,317.0,8,100.0,False,0,50.81805555555555,0.008903713838350666
2024-09-01 13:27:22.329,OnTrack,-1331.0,-189.0,1874.0,pos,0 days 00:00:00.380000,0 days 01:19:38.410000,11330.24,317.32,8,100.0,False,0,56.466775341653964,0.009893412951758622
2024-09-01 13:27:22.465,OnTrack,-1320.4905950645057,-70.41564724460513,1873.9582242028546,car,0 days 00:00:00.516000,0 days 01:19:38.546000,11352.0,318.0,8,100.0,False,0,68.48472222222222,0.011999049595649866
2024-09-01 13:27:22.509,OnTrack,-1317.0,-31.0,1874.0,pos,0 days 00:00:00.560000,0 days 01:19:38.590000,11353.257142857143,318.15714285714284,8,100.0,False,0,72.37623209624627,0.012680872029401729
2024-09-01 13:27:22.729,OnTrack,-1300.0,163.0,1875.0,pos,0 days 00:00:00.780000,0 days 01:19:38.810000,11359.542857142857,318.9428571428571,8,100.0,False,0,91.87319827444622,0.01609689032583015
2024-09-01 13:27:22.745,OnTrack,-1298.7972433745708,177.09790327554825,1875.124926345727,car,0 days 00:00:00.796000,0 days 01:19:38.826000,11360.0,319.0,8,100.0,False,0,93.29583333333332,0.016346146920209057
2024-09-01 13:27:22.849,OnTrack,-1291.0,269.0,1876.0,pos,0 days 00:00:00.900000,0 days 01:19:38.930000,11377.68,320.04,8,100.0,False,0,102.5606122387424,0.01796940737847608
2024-09-01 13:27:22.945,OnTrack,-1283.5172649072954,354.38064292241523,1876.5402008600763,car,0 days 00:00:00.996000,0 days 01:19:39.026000,11394.0,321.0,8,100.0,False,0,111.12916666666665,0.019470683958237495
2024-09-01 13:27:23.089,OnTrack,-1272.0,483.0,1877.0,pos,0 days 00:00:01.140000,0 days 01:19:39.170000,11436.0,321.6,8,100.0,False,0,123.99444140151547,0.021724778953384035
2024-09-01 13:27:23.185,OnTrack,-1264.4040381733591,568.6806353634929,1877.2812741034986,car,0 days 00:00:01.236000,0 days 01:19:39.266000,11464.0,322.0,8,100.0,False,0,132.59583333333333,0.02323180891616332
2024-09-01 13:27:23.945,OnTrack,-1205.9474837218618,1249.569876636314,1880.4010710448777,car,0 days 00:00:01.996000,0 days 01:19:40.026000,11582.0,326.0,8,100.0,False,0,201.41805555555555,0.035289991105289895
2024-09-01 13:27:24.009,OnTrack,-1201.0,1308.0,1881.0,pos,0 days 00:00:02.060000,0 days 01:19:40.090000,11590.0,326.0,8,100.0,False,0,207.21215052533864,0.036305161067996895
2024-09-01 13:27:24.185,OnTrack,-1187.3643522701082,1468.552240663345,1882.7899586663364,car,0 days 00:00:02.236000,0 days 01:19:40.266000,11612.0,326.0,8,100.0,False,0,223.1513888888889,0.039097838112382495
2024-09-01 13:27:24.229,OnTrack,-1184.0,1507.0,1883.0,pos,0 days 00:00:02.280000,0 days 01:19:40.310000,11614.2,326.24444444444447,8,100.0,False,0,227.14796369681082,0.039798068729911665
2024-09-01 13:27:24.389,OnTrack,-1171.0,1652.0,1883.0,pos,0 days 00:00:02.440000,0 days 01:19:40.470000,11622.2,327.1333333333333,8,100.0,False,0,241.7246245671387,0.0423520117269277
2024-09-01 13:27:24.545,OnTrack,-1152.6113350354458,1865.0121421363087,1884.436116962646,car,0 days 00:00:02.596000,0 days 01:19:40.626000,11630.0,328.0,8,100.0,False,0,255.95138888888889,0.044844650159896485
2024-09-01 13:27:24.609,OnTrack,-1146.0,1942.0,1885.0,pos,0 days 00:00:02.660000,0 days 01:19:40.690000,11630.8,328.0,8,100.0,False,0,261.78344261518953,0.0458664707884347
2024-09-01 13:27:24.705,OnTrack,-1138.9110517467661,2024.038398748633,1885.4483071615932,car,0 days 00:00:02.756000,0 days 01:19:40.786000,11632.0,328.0,8,100.0,False,0,270.5291666666667,0.047398788847680486
2024-09-01 13:27:24.865,OnTrack,-1133.7240066045078,2082.496355032225,1885.258293233695,car,0 days 00:00:02.916000,0 days 01:19:40.946000,11656.0,328.0,8,100.0,False,0,285.1069444444444,0.04995292753546447
2024-09-01 13:27:25.029,OnTrack,-1121.0,2232.0,1886.0,pos,0 days 00:00:03.080000,0 days 01:19:41.110000,11662.442857142858,328.0,8,100.0,False,0,300.0414220320905,0.05256956277095265
2024-09-01 13:27:25.145,OnTrack,-1104.6150942884635,2426.5366215874883,1887.49046374171,car,0 days 00:00:03.196000,0 days 01:19:41.226000,11667.0,328.0,8,100.0,False,0,310.61805555555554,0.054422670239086465
2024-09-01 13:27:25.189,OnTrack,-1099.0,2493.0,1888.0,pos,0 days 00:00:03.240000,0 days 01:19:41.270000,11663.857142857143,328.15714285714284,8,100.0,False,0,314.63588514891643,0.05512662485835428
2024-09-01 13:27:25.425,OnTrack,-1085.0136226682498,2654.14491914961,1888.917612555378,car,0 days 00:00:03.476000,0 days 01:19:41.506000,11647.0,329.0,8,100.0,False,0,336.2069444444444,0.05890604020704876
2024-09-01 13:27:25.548,OnTrack,-1080.0,2712.0,1889.0,pos,0 days 00:00:03.599000,0 days 01:19:41.629000,11662.99000832,328.38499968,8,100.0,False,0,347.4165189862816,0.06087004380535778
2024-09-01 13:27:25.625,OnTrack,-1075.6813427816164,2763.338160173901,1889.1032094971292,car,0 days 00:00:03.676000,0 days 01:19:41.706000,11673.0,328.0,8,100.0,False,0,354.4291666666666,0.06209871356677875
2024-09-01 13:27:25.825,OnTrack,-1059.467870316588,2955.59108991441,1889.8248319580644,car,0 days 00:00:03.876000,0 days 01:19:41.906000,11618.0,328.0,8,100.0,False,0,372.65138888888885,0.06529138692650875
2024-09-01 13:27:25.848,OnTrack,-1057.0,2984.0,1890.0,pos,0 days 00:00:03.899000,0 days 01:19:41.929000,11616.9458304,328.0,8,100.0,False,0,374.74759846405493,0.0656586589521392
2024-09-01 13:27:26.048,OnTrack,-1033.0,3256.0,1892.0,pos,0 days 00:00:04.099000,0 days 01:19:42.129000,11607.779163733334,328.0,8,100.0,False,0,392.9809308131423,0.06885327889147035
2024-09-01 13:27:26.305,OnTrack,-1017.7595282948121,3435.32958662103,1892.6954308069012,car,0 days 00:00:04.356000,0 days 01:19:42.386000,11596.0,328.0,8,100.0,False,0,416.38472222222214,0.07295380298986072
2024-09-01 13:27:26.449,OnTrack,-1010.0,3528.0,1893.0,pos,0 days 00:00:04.500000,0 days 01:19:42.530000,11603.92,327.28,8,100.0,False,0,429.46602406205926,0.0752457475938346
2024-09-01 13:27:26.505,OnTrack,-1005.9968603968655,3574.941200274594,1893.2444482167816,car,0 days 00:00:04.556000,0 days 01:19:42.586000,11607.0,327.0,8,100.0,False,0,434.5513888888888,0.07613674258934765
2024-09-01 13:27:26.629,OnTrack,-996.0,3691.0,1894.0,pos,0 days 00:00:04.680000,0 days 01:19:42.710000,11603.9,327.0,8,100.0,False,0,445.8131998110623,0.07810989840289555
2024-09-01 13:27:26.769,OnTrack,-985.0,3817.0,1895.0,pos,0 days 00:00:04.820000,0 days 01:19:42.850000,11600.4,327.0,8,100.0,False,0,458.53044505186034,0.08033805749317018
2024-09-01 13:27:26.825,OnTrack,-980.5396371130091,3867.433029746149,1895.2772174875936,car,0 days 00:00:04.876000,0 days 01:19:42.906000,11599.0,327.0,8,100.0,False,0,463.61805555555554,0.08122944594852671
2024-09-01 13:27:27.069,OnTrack,-961.0,4089.0,1896.0,pos,0 days 00:00:05.120000,0 days 01:19:43.150000,11590.6125,327.0,8,100.0,False,0,485.78662127003395,0.08511354901328495
2024-09-01 13:27:27.145,OnTrack,-955.265832657884,4157.469744003137,1896.4513000248428,car,0 days 00:00:05.196000,0 days 01:19:43.226000,11588.0,327.0,8,100.0,False,0,492.68472222222215,0.08632214930770576
2024-09-01 13:27:27.229,OnTrack,-949.0,4233.0,1897.0,pos,0 days 00:00:05.280000,0 days 01:19:43.310000,11580.3,326.76666666666665,8,100.0,False,0,500.30287014096893,0.08765690736377886
2024-09-01 13:27:27.489,OnTrack,-929.0,4468.0,1898.0,pos,0 days 00:00:05.540000,0 days 01:19:43.570000,11556.466666666667,326.0444444444444,8,100.0,False,0,523.8388629121288,0.09178059415669056
2024-09-01 13:27:27.505,OnTrack,-927.7568819050919,4482.546667827663,1898.0006092430265,car,0 days 00:00:05.556000,0 days 01:19:43.586000,11555.0,326.0,8,100.0,False,0,525.2847222222222,0.09203391981834468
2024-09-01 13:27:27.669,OnTrack,-915.0,4631.0,1898.0,pos,0 days 00:00:05.720000,0 days 01:19:43.750000,11547.711111111112,325.5444444444444,8,100.0,False,0,540.087497171073,0.0946274797394634
2024-09-01 13:27:27.865,OnTrack,-899.3492067098149,4807.04649706981,1899.966416207157,car,0 days 00:00:05.916000,0 days 01:19:43.946000,11539.0,325.0,8,100.0,False,0,557.7847222222222,0.09772816956054603
2024-09-01 13:27:27.869,OnTrack,-899.0,4811.0,1900.0,pos,0 days 00:00:05.920000,0 days 01:19:43.950000,11538.916666666666,325.01666666666665,8,100.0,False,0,558.1465847850759,0.0977915706622458
2024-09-01 13:27:28.105,OnTrack,-876.3115975136293,5072.060754740485,1900.9153564253163,car,0 days 00:00:06.156000,0 days 01:19:44.186000,11534.0,326.0,8,100.0,False,0,579.5180555555554,0.10153601656763862
2024-09-01 13:27:28.129,OnTrack,-874.0,5099.0,1901.0,pos,0 days 00:00:06.180000,0 days 01:19:44.210000,11530.04,325.88,8,100.0,False,0,581.6873815794215,0.10191609915693556
2024-09-01 13:27:28.305,OnTrack,-857.6896083464422,5290.867571670384,1901.8949461308907,car,0 days 00:00:06.356000,0 days 01:19:44.386000,11501.0,325.0,8,100.0,False,0,597.573611111111,0.10469948864663937
2024-09-01 13:27:28.489,OnTrack,-842.0,5476.0,1903.0,pos,0 days 00:00:06.540000,0 days 01:19:44.570000,11469.566666666668,325.0,8,100.0,False,0,614.1958088302571,0.10761182541824146
2024-09-01 13:27:28.545,OnTrack,-837.5341725651805,5528.201688637933,1903.2972959974657,car,0 days 00:00:06.596000,0 days 01:19:44.626000,11460.0,325.0,8,100.0,False,0,619.2402777777777,0.10849565514144029
2024-09-01 13:27:28.705,OnTrack,-825.5699932943203,5666.694198279021,1904.0462298300545,car,0 days 00:00:06.756000,0 days 01:19:44.786000,11436.0,323.0,8,100.0,False,0,633.5958333333333,0.11101085878825198
2024-09-01 13:27:28.969,OnTrack,-808.0,5868.0,1905.0,pos,0 days 00:00:07.020000,0 days 01:19:45.050000,11397.0,321.8,8,100.0,False,0,657.1762639646237,0.11514233143573574
2024-09-01 13:27:29.145,OnTrack,-797.5248267094673,5988.1259219830445,1905.469128068586,car,0 days 00:00:07.196000,0 days 01:19:45.226000,11371.0,321.0,8,100.0,False,0,672.8291666666667,0.11788484027191455
2024-09-01 13:27:29.309,OnTrack,-787.0,6111.0,1906.0,pos,0 days 00:00:07.360000,0 days 01:19:45.390000,11544.02,319.77,8,59.0,False,0,687.3657473963741,0.12043176092030304
2024-09-01 13:27:29.509,OnTrack,-772.0,6292.0,1907.0,pos,0 days 00:00:07.560000,0 days 01:19:45.590000,11755.02,318.27,8,9.0,False,0,705.0032177810125,0.12352198126463569
2024-09-01 13:27:29.545,OnTrack,-769.5176873512193,6323.34494219539,1907.2043092082333,car,0 days 00:00:07.596000,0 days 01:19:45.626000,11793.0,318.0,8,0.0,False,0,708.1625,0.12407551178651295
2024-09-01 13:27:29.669,OnTrack,-761.0,6432.0,1908.0,pos,0 days 00:00:07.720000,0 days 01:19:45.750000,11413.766666666666,315.93333333333334,8,0.0,False,0,719.0078305740328,0.12597569704267525
2024-09-01 13:27:29.785,OnTrack,-750.8574019763529,6553.994560957006,1909.001241881233,car,0 days 00:00:07.836000,0 days 01:19:45.866000,11059.0,314.0,8,0.0,False,0,729.0958333333334,0.12774319264610523
2024-09-01 13:27:30.009,OnTrack,-729.0,6808.0,1911.0,pos,0 days 00:00:08.060000,0 days 01:19:46.090000,10781.24,309.52,8,0.0,False,0,748.3979577597119,0.13112507317037736
2024-09-01 13:27:30.185,OnTrack,-715.9169476028962,6963.204417519037,1911.6646171310222,car,0 days 00:00:08.236000,0 days 01:19:46.266000,10563.0,306.0,8,0.0,True,0,763.0958333333334,0.13370025391486973
2024-09-01 13:27:30.389,OnTrack,-704.0,7105.0,1912.0,pos,0 days 00:00:08.440000,0 days 01:19:46.470000,10123.7625,290.0625,8,0.0,True,0,779.3335250130664,0.13654522227367788
2024-09-01 13:27:30.505,OnTrack,-697.8859804265246,7175.306919431783,1912.3218942999538,car,0 days 00:00:08.556000,0 days 01:19:46.586000,9874.0,281.0,8,0.0,True,0,788.0736111111112,0.13807655252015816
2024-09-01 13:27:30.745,OnTrack,-686.1841366159008,7311.116036712478,1912.9795113205282,car,0 days 00:00:08.796000,0 days 01:19:46.826000,9174.0,254.0,8,0.0,True,0,805.0069444444443,0.14104340264224868
2024-09-01 13:27:30.789,OnTrack,-684.0,7339.0,1913.0,pos,0 days 00:00:08.840000,0 days 01:19:46.870000,9196.0,250.975,8,0.0,True,0,808.027712346282,0.14157266439136526
2024-09-01 13:27:30.905,OnTrack,-678.1790681822825,7416.579309037512,1912.956357768317,car,0 days 00:00:08.956000,0 days 01:19:46.986000,9254.0,243.0,8,0.0,True,0,815.8069444444443,0.14293564563350328
2024-09-01 13:27:30.929,OnTrack,-677.0,7432.0,1913.0,pos,0 days 00:00:08.980000,0 days 01:19:47.010000,9272.15,239.85,8,0.0,True,0,817.3518886144495,0.14320633172401923
2024-09-01 13:27:31.065,OnTrack,-670.4375724516383,7513.069064027748,1913.745333531766,car,0 days 00:00:09.116000,0 days 01:19:47.146000,9375.0,222.0,8,0.0,True,0,825.673611111111,0.14466436145267417
2024-09-01 13:27:31.109,OnTrack,-668.0,7542.0,1914.0,pos,0 days 00:00:09.160000,0 days 01:19:47.190000,9410.2,218.0125,8,0.0,True,0,828.2176816059826,0.14511010215296846
2024-09-01 13:27:31.385,OnTrack,-649.2060069542376,7758.17640219534,1914.8638180205342,car,0 days 00:00:09.436000,0 days 01:19:47.466000,9631.0,193.0,6,0.0,True,0,842.8291666666665,0.14767014661573702
2024-09-01 13:27:31.429,OnTrack,-647.0,7782.0,1915.0,pos,0 days 00:00:09.480000,0 days 01:19:47.510000,9547.84,188.82,6,0.0,True,0,845.030765863052,0.14805588371285852
2024-09-01 13:27:31.585,OnTrack,-642.4763854997336,7824.3456239488905,1915.6117847077019,car,0 days 00:00:09.636000,0 days 01:19:47.666000,9253.0,174.0,6,0.0,True,0,852.4958333333332,0.14936382089803282
2024-09-01 13:27:31.729,OnTrack,-639.0,7853.0,1916.0,pos,0 days 00:00:09.780000,0 days 01:19:47.810000,9422.6,161.6,6,0.0,True,0,858.6237518729661,0.15043747931540313
2024-09-01 13:27:31.908,OnTrack,-631.0,7926.0,1916.0,pos,0 days 00:00:09.959000,0 days 01:19:47.989000,9633.4222976,146.1861056,6,0.0,True,0,865.4366756301096,0.15163115591071857
2024-09-01 13:27:31.945,OnTrack,-628.9605409687598,7940.950719189281,1916.060354437344,car,0 days 00:00:09.996000,0 days 01:19:48.026000,9677.0,143.0,5,0.0,True,0,866.7958333333332,0.15186929078460143
2024-09-01 13:27:32.105,OnTrack,-618.7325431669224,7999.262436526188,1916.6771935058578,car,0 days 00:00:10.156000,0 days 01:19:48.186000,9174.0,129.0,5,0.0,True,0,872.5291666666666,0.15287381484168722
2024-09-01 13:27:32.168,OnTrack,-614.0,8021.0,1917.0,pos,0 days 00:00:10.219000,0 days 01:19:48.249000,9190.875017142856,129.0,5,0.0,True,0,874.7714092246746,0.15326667296808383
2024-09-01 13:27:32.368,OnTrack,-596.0,8087.0,1918.0,pos,0 days 00:00:10.419000,0 days 01:19:48.449000,9244.446445714286,129.0,5,0.0,True,0,881.9415625328295,0.15452293892582245
2024-09-01 13:27:32.385,OnTrack,-594.2139644598072,8092.22896766666,1918.038809498144,car,0 days 00:00:10.436000,0 days 01:19:48.466000,9249.0,129.0,3,0.0,True,0,882.5624999999999,0.1546317319415873
2024-09-01 13:27:32.585,OnTrack,-570.3359868203001,8148.2786803455165,1917.900637061478,car,0 days 00:00:10.636000,0 days 01:19:48.666000,8501.0,129.0,2,0.0,True,0,889.7291666666665,0.15588738701294452
2024-09-01 13:27:32.668,OnTrack,-560.0,8168.0,1918.0,pos,0 days 00:00:10.719000,0 days 01:19:48.749000,8272.4533952,118.92142079999999,2,0.0,True,0,892.2169765704155,0.15632327042534663
2024-09-01 13:27:32.865,OnTrack,-535.1904771410412,8206.801273467481,1918.933208798563,car,0 days 00:00:10.916000,0 days 01:19:48.946000,7730.0,95.0,2,0.0,True,0,897.1180555555554,0.15718197712527407
2024-09-01 13:27:32.888,OnTrack,-532.0,8211.0,1919.0,pos,0 days 00:00:10.939000,0 days 01:19:48.969000,7686.0443221333335,94.10555306666667,2,0.0,True,0,897.660888955688,0.15727708570831295
2024-09-01 13:27:33.129,OnTrack,-494.0,8252.0,1919.0,pos,0 days 00:00:11.180000,0 days 01:19:49.210000,7225.466666666666,84.73333333333333,2,0.0,True,0,903.1071516348367,0.1582313127808269
2024-09-01 13:27:33.225,OnTrack,-477.51915882758806,8265.15292404982,1919.2634216985712,car,0 days 00:00:11.276000,0 days 01:19:49.306000,7042.0,81.0,2,0.0,True,0,905.2180555555555,0.15860115936871502
2024-09-01 13:27:33.409,OnTrack,-444.0,8285.0,1920.0,pos,0 days 00:00:11.460000,0 days 01:19:49.490000,6830.4,78.7,2,0.0,True,0,909.2196921524833,0.15930227685057471
2024-09-01 13:27:33.465,OnTrack,-433.1917491076354,8289.836842151515,1920.093091043952,car,0 days 00:00:11.516000,0 days 01:19:49.546000,6766.0,78.0,2,0.0,False,0,910.4180555555555,0.15951223932746725
2024-09-01 13:27:33.709,OnTrack,-383.0,8305.0,1920.0,pos,0 days 00:00:11.760000,0 days 01:19:49.790000,6601.3,75.96666666666667,2,0.0,False,0,915.5172205515256,0.1604056522186594
2024-09-01 13:27:33.825,OnTrack,-357.6772541356817,8309.4897097668,1919.9942791453443,car,0 days 00:00:11.876000,0 days 01:19:49.906000,6523.0,75.0,2,0.0,False,0,917.9180555555555,0.16082629696028294
2024-09-01 13:27:33.909,OnTrack,-340.0,8313.0,1920.0,pos,0 days 00:00:11.960000,0 days 01:19:49.990000,6539.8,75.0,2,4.5,False,0,919.6591643774925,0.16113135260522016
2024-09-01 13:27:33.949,OnTrack,-332.0,8315.0,1920.0,pos,0 days 00:00:12,0 days 01:19:50.030000,6547.8,75.0,2,6.642857142857142,False,0,920.4890235023224,0.16127675030083943
2024-09-01 13:27:34.105,OnTrack,-299.7263949309965,8321.875825290235,1920.025885044659,car,0 days 00:00:12.156000,0 days 01:19:50.186000,6579.0,75.0,2,15.0,False,0,923.7513888888889,0.1618483417858063
2024-09-01 13:27:34.289,OnTrack,-262.0,8332.0,1920.0,pos,0 days 00:00:12.340000,0 days 01:19:50.370000,6816.885714285714,76.31428571428572,2,19.6,False,0,927.6746426206355,0.16253572598736285
2024-09-01 13:27:34.385,OnTrack,-243.9408267465062,8340.26342985478,1919.906347781261,car,0 days 00:00:12.436000,0 days 01:19:50.466000,6941.0,77.0,2,22.0,False,0,929.7402777777777,0.1628976411400102
2024-09-01 13:27:34.469,OnTrack,-229.0,8349.0,1920.0,pos,0 days 00:00:12.520000,0 days 01:19:50.550000,6906.7,77.23333333333333,2,16.866666666666667,False,0,931.5532253654387,0.16321528348873832
2024-09-01 13:27:34.649,OnTrack,-200.0,8372.0,1921.0,pos,0 days 00:00:12.700000,0 days 01:19:50.730000,6833.2,77.73333333333333,2,5.866666666666667,False,0,935.454138708378,0.1638987534825039
2024-09-01 13:27:34.745,OnTrack,-187.24631442941507,8386.748486185144,1921.179506690073,car,0 days 00:00:12.796000,0 days 01:19:50.826000,6794.0,78.0,2,0.0,False,0,937.5402777777776,0.16426426107813852
2024-09-01 13:27:34.905,OnTrack,-170.35737115607054,8415.225151211684,1921.0032408803067,car,0 days 00:00:12.956000,0 days 01:19:50.986000,6898.0,78.0,2,0.0,False,0,941.0069444444443,0.16487164771730667
2024-09-01 13:27:34.909,OnTrack,-170.0,8416.0,1921.0,pos,0 days 00:00:12.960000,0 days 01:19:50.990000,6892.133333333333,77.95,2,0.0,False,0,941.0923678697177,0.16488661455784023
2024-09-01 13:27:35.009,OnTrack,-162.0,8436.0,1921.0,pos,0 days 00:00:13.060000,0 days 01:19:51.090000,6745.466666666666,76.7,2,0.0,False,0,943.2012857072197,0.165256113168687
2024-09-01 13:27:35.145,OnTrack,-153.27219588785235,8462.47573846189,1921.6445142881753,car,0 days 00:00:13.196000,0 days 01:19:51.226000,6546.0,75.0,2,0.0,False,0,946.0069444444443,0.1657476861391838
2024-09-01 13:27:35.209,OnTrack,-150.0,8477.0,1922.0,pos,0 days 00:00:13.260000,0 days 01:19:51.290000,6561.644444444444,74.64444444444445,2,2.488888888888889,False,0,947.3118945340275,0.16597632342260518
2024-09-01 13:27:35.505,OnTrack,-141.63927320906882,8565.33568256369,1922.9171275821277,car,0 days 00:00:13.556000,0 days 01:19:51.586000,6634.0,73.0,2,14.0,False,0,953.3069444444444,0.16702670223512445
2024-09-01 13:27:35.569,OnTrack,-141.0,8580.0,1923.0,pos,0 days 00:00:13.620000,0 days 01:19:51.650000,6687.12,73.64,2,15.6,False,0,954.6293458792086,0.16725839712832422
2024-09-01 13:27:35.705,OnTrack,-140.83444234952032,8600.24790678883,1923.066152527913,car,0 days 00:00:13.756000,0 days 01:19:51.786000,6800.0,75.0,2,19.0,False,0,957.473611111111,0.16775673425335538
2024-09-01 13:27:35.909,OnTrack,-143.0,8623.0,1923.0,pos,0 days 00:00:13.960000,0 days 01:19:51.990000,7018.45,76.7,2,31.75,False,0,961.8186172871734,0.1685180127240602
2024-09-01 13:27:35.945,OnTrack,-143.57776412886926,8629.447802657549,1922.9869675498892,car,0 days 00:00:13.996000,0 days 01:19:52.026000,7057.0,77.0,2,34.0,False,0,962.6069444444444,0.16865613369981589
2024-09-01 13:27:36.089,OnTrack,-147.0,8662.0,1923.0,pos,0 days 00:00:14.140000,0 days 01:19:52.170000,7435.0,80.6,2,34.0,False,0,965.8404241337258,0.16922266418864987
2024-09-01 13:27:36.105,OnTrack,-147.58531286548381,8666.113551931237,1923.0197268815007,car,0 days 00:00:14.156000,0 days 01:19:52.186000,7477.0,81.0,2,34.0,False,0,966.2069444444444,0.16928688136356743
2024-09-01 13:27:36.305,OnTrack,-158.23816991678493,8723.641255300843,1923.6068594461312,car,0 days 00:00:14.356000,0 days 01:19:52.386000,8042.0,85.0,2,49.0,False,0,970.9291666666666,0.17011425098422917
2024-09-01 13:27:36.389,OnTrack,-163.0,8746.0,1924.0,pos,0 days 00:00:14.440000,0 days 01:19:52.470000,8058.8,87.94,2,50.68,False,0,973.0242091314203,0.17048131852314685
2024-09-01 13:27:36.505,OnTrack,-169.03572620427315,8772.393747428008,1924.6635341579672,car,0 days 00:00:14.556000,0 days 01:19:52.586000,8082.0,92.0,2,53.0,False,0,976.0402777777776,0.17100975692659245
2024-09-01 13:27:36.749,OnTrack,-182.0,8824.0,1925.0,pos,0 days 00:00:14.800000,0 days 01:19:52.830000,8736.055555555555,99.45555555555555,2,57.74444444444445,False,0,982.8704030169164,0.1722064473537361
2024-09-01 13:27:36.849,OnTrack,-189.0,8852.0,1924.0,pos,0 days 00:00:14.900000,0 days 01:19:52.930000,9004.111111111111,102.5111111111111,2,59.68888888888889,False,0,985.8533420673658,0.17272908119739838
2024-09-01 13:27:36.865,OnTrack,-190.29738777817923,8857.048073267342,1923.8875821567947,car,0 days 00:00:14.916000,0 days 01:19:52.946000,9047.0,103.0,2,60.0,False,0,986.3402777777776,0.17281439607565935
2024-09-01 13:27:37.105,OnTrack,-215.0150266515727,8948.617103677754,1924.5350250083918,car,0 days 00:00:15.156000,0 days 01:19:53.186000,8462.0,115.0,2,68.0,False,0,994.0069444444442,0.17415765498920427
2024-09-01 13:27:37.189,OnTrack,-223.0,8978.0,1925.0,pos,0 days 00:00:15.240000,0 days 01:19:53.270000,8814.625,118.15,2,70.625,False,0,996.8977232696823,0.17466414165321573
2024-09-01 13:27:37.569,OnTrack,-250.0,9081.0,1926.0,pos,0 days 00:00:15.620000,0 days 01:19:53.650000,10409.833333333334,132.4,2,82.5,False,0,1011.1208545147994,0.17715614354324047
2024-09-01 13:27:37.585,OnTrack,-251.34426969348334,9086.27514336054,1926.0109541532515,car,0 days 00:00:15.636000,0 days 01:19:53.666000,10477.0,133.0,3,83.0,False,0,1011.7402777777775,0.17726467125879514
2024-09-01 13:27:37.745,OnTrack,-266.58166766078216,9146.458458436857,1926.0105290683773,car,0 days 00:00:15.796000,0 days 01:19:53.826000,9964.0,142.0,3,94.0,False,0,1018.0513888888886,0.17837042642240894
2024-09-01 13:27:37.829,OnTrack,-275.0,9180.0,1926.0,pos,0 days 00:00:15.880000,0 days 01:19:53.910000,9994.9,146.2,3,95.8,False,0,1021.5517404812633,0.17898371491940876
2024-09-01 13:27:37.849,OnTrack,-277.0,9188.0,1926.0,pos,0 days 00:00:15.900000,0 days 01:19:53.930000,10002.257142857143,147.2,3,96.22857142857143,False,0,1022.4069227290674,0.1791335494207655
2024-09-01 13:27:38.025,OnTrack,-295.7406431976879,9263.163592660103,1925.905209707419,car,0 days 00:00:16.076000,0 days 01:19:54.106000,10067.0,156.0,3,100.0,False,0,1030.1847222222218,0.18049627965949744
2024-09-01 13:27:38.225,OnTrack,-318.32476379509916,9356.504708297338,1925.9477160899528,car,0 days 00:00:16.276000,0 days 01:19:54.306000,10671.0,166.0,4,100.0,False,0,1039.4069444444442,0.18211208385984862
2024-09-01 13:27:38.249,OnTrack,-321.0,9368.0,1926.0,pos,0 days 00:00:16.300000,0 days 01:19:54.330000,10735.114285714286,166.77142857142857,4,100.0,False,0,1040.5425675025308,0.1823110537461793
2024-09-01 13:27:38.505,OnTrack,-348.769177064123,9492.92332761724,1927.1674999304475,car,0 days 00:00:16.556000,0 days 01:19:54.586000,11419.0,175.0,4,100.0,False,0,1053.0180555555553,0.18449685511940303
2024-09-01 13:27:38.648,OnTrack,-361.0,9549.0,1928.0,pos,0 days 00:00:16.699000,0 days 01:19:54.729000,11175.3040576,179.7666688,4,100.0,False,0,1060.217934193498,0.18575832918334106
2024-09-01 13:27:38.745,OnTrack,-367.20740860469357,9577.07960334339,1928.552568756601,car,0 days 00:00:16.796000,0 days 01:19:54.826000,11010.0,183.0,4,100.0,False,0,1065.2180555555553,0.18663438886878325
2024-09-01 13:27:38.868,OnTrack,-381.0,9662.0,1929.0,pos,0 days 00:00:16.919000,0 days 01:19:54.949000,10523.3809968,189.1500032,4,100.0,False,0,1071.7170068003843,0.18777305506725853
2024-09-01 13:27:38.905,OnTrack,-388.66774307165457,9714.54753660619,1929.0155084317503,car,0 days 00:00:16.956000,0 days 01:19:54.986000,10377.0,191.0,4,100.0,False,0,1073.7069444444442,0.18812170743392576
2024-09-01 13:27:38.948,OnTrack,-398.0,9780.0,1929.0,pos,0 days 00:00:16.999000,0 days 01:19:55.029000,10477.333482666667,192.43333546666668,4,100.0,False,0,1076.0399913152776,0.1885304751737038
2024-09-01 13:27:39.145,OnTrack,-420.5993262908516,9959.33743887788,1929.0401101403602,car,0 days 00:00:17.196000,0 days 01:19:55.226000,10937.0,199.0,4,100.0,False,0,1086.9736111111108,0.19044612937997307
2024-09-01 13:27:39.305,OnTrack,-419.9312861763208,9992.727467034214,1929.3068487334742,car,0 days 00:00:17.356000,0 days 01:19:55.386000,11225.0,205.0,4,100.0,False,0,1096.084722222222,0.19204246605983805
2024-09-01 13:27:39.448,OnTrack,-420.0,10032.0,1930.0,pos,0 days 00:00:17.499000,0 days 01:19:55.529000,11427.242947657143,210.10714514285715,4,100.0,False,0,1104.5014330359159,0.193517138471563
2024-09-01 13:27:39.585,OnTrack,-421.69940735053666,10084.51607397979,1931.0858375602731,car,0 days 00:00:17.636000,0 days 01:19:55.666000,11621.0,215.0,5,100.0,False,0,1112.8069444444443,0.19497232789300495
2024-09-01 13:27:39.729,OnTrack,-424.0,10153.0,1932.0,pos,0 days 00:00:17.780000,0 days 01:19:55.810000,11616.95,220.4,5,100.0,False,0,1121.7749349572744,0.1965435887442587
2024-09-01 13:27:39.905,OnTrack,-425.754273582385,10251.334272463486,1931.981124563671,car,0 days 00:00:17.956000,0 days 01:19:55.986000,11612.0,227.0,5,100.0,False,0,1132.984722222222,0.1985076296132913
2024-09-01 13:27:39.949,OnTrack,-426.0,10278.0,1932.0,pos,0 days 00:00:18,0 days 01:19:56.030000,11497.05,227.9625,5,100.0,False,0,1135.8131413149822,0.19900319037297706
2024-09-01 13:27:40.209,OnTrack,-426.0,10445.0,1933.0,pos,0 days 00:00:18.260000,0 days 01:19:56.290000,10817.8,233.65,5,100.0,False,0,1152.7325325954675,0.2019675977402727
2024-09-01 13:27:40.225,OnTrack,-425.9430837420845,10454.974430937964,1933.0795362685822,car,0 days 00:00:18.276000,0 days 01:19:56.306000,10776.0,234.0,6,100.0,False,0,1153.784722222222,0.20215194944830017
2024-09-01 13:27:40.409,OnTrack,-424.0,10576.0,1934.0,pos,0 days 00:00:18.460000,0 days 01:19:56.490000,11027.16,238.6,6,100.0,False,0,1165.9888728002109,0.20429021041083864
2024-09-01 13:27:40.425,OnTrack,-423.5643806964978,10589.098725795484,1934.0751501119485,car,0 days 00:00:18.476000,0 days 01:19:56.506000,11049.0,239.0,6,100.0,False,0,1167.0624999999998,0.2044783181463961
2024-09-01 13:27:40.689,OnTrack,-412.0,10833.0,1935.0,pos,0 days 00:00:18.740000,0 days 01:19:56.770000,11182.65,244.775,6,100.0,False,0,1185.0693799610688,0.2076332618872013
2024-09-01 13:27:40.745,OnTrack,-410.03233948902846,10866.993319878098,1935.0401103146526,car,0 days 00:00:18.796000,0 days 01:19:56.826000,11211.0,246.0,6,100.0,False,0,1188.9291666666666,0.20830952617807214
2024-09-01 13:27:40.945,OnTrack,-404.0322875837452,10945.805898607381,1934.962859933354,car,0 days 00:00:18.996000,0 days 01:19:57.026000,11489.0,250.0,6,100.0,False,0,1202.8180555555555,0.21074296623884195
2024-09-01 13:27:40.969,OnTrack,-403.0,10958.0,1935.0,pos,0 days 00:00:19.020000,0 days 01:19:57.050000,11515.228571428572,250.6,6,100.0,False,0,1204.5073351125282,0.21103894099828188
2024-09-01 13:27:41.225,OnTrack,-386.84909101652863,11137.213523543338,1935.9460933900584,car,0 days 00:00:19.276000,0 days 01:19:57.306000,11795.0,257.0,6,100.0,False,0,1222.8069444444445,0.2142451731743019
2024-09-01 13:27:41.249,OnTrack,-385.0,11155.0,1936.0,pos,0 days 00:00:19.300000,0 days 01:19:57.330000,11721.7,257.3,6,100.0,False,0,1224.5339215547815,0.2145477528347734
2024-09-01 13:27:41.465,OnTrack,-366.31490917116906,11309.892172713277,1936.0080984331205,car,0 days 00:00:19.516000,0 days 01:19:57.546000,11062.0,260.0,6,100.0,False,0,1240.1402777777778,0.2172821063701426
2024-09-01 13:27:41.489,OnTrack,-364.0,11327.0,1936.0,pos,0 days 00:00:19.540000,0 days 01:19:57.570000,10976.8,260.36,6,100.0,False,0,1241.8848217065738,0.21758776387219816
2024-09-01 13:27:41.649,OnTrack,-347.0,11442.0,1936.0,pos,0 days 00:00:19.700000,0 days 01:19:57.730000,10408.8,262.76,6,100.0,False,0,1253.5760885094087,0.21963616365613817
2024-09-01 13:27:41.665,OnTrack,-345.0728390142405,11453.64824891187,1936.0015525609006,car,0 days 00:00:19.716000,0 days 01:19:57.746000,10352.0,263.0,6,100.0,False,0,1254.7513888888889,0.21984208531407246
2024-09-01 13:27:41.829,OnTrack,-323.0,11574.0,1936.0,pos,0 days 00:00:19.880000,0 days 01:19:57.910000,10703.233333333334,265.73333333333335,6,100.0,False,0,1266.8687010971191,0.22196513152693056
2024-09-01 13:27:41.905,OnTrack,-311.857376443803,11629.249623948324,1935.9643899488792,car,0 days 00:00:19.956000,0 days 01:19:57.986000,10866.0,267.0,6,100.0,False,0,1272.551388888889,0.22296078209595507
2024-09-01 13:27:42.029,OnTrack,-292.0,11719.0,1936.0,pos,0 days 00:00:20.080000,0 days 01:19:58.110000,10921.518181818183,269.53636363636366,6,100.0,False,0,1281.9355324045678,0.2246049561511838
2024-09-01 13:27:42.309,OnTrack,-236.0,11924.0,1937.0,pos,0 days 00:00:20.360000,0 days 01:19:58.390000,11046.881818181819,275.26363636363635,6,100.0,False,0,1303.5015293485603,0.22838348453698826
2024-09-01 13:27:42.345,OnTrack,-227.8378379411073,11950.478683283169,1937.0495367200142,car,0 days 00:00:20.396000,0 days 01:19:58.426000,11063.0,276.0,7,100.0,False,0,1306.2847222222222,0.22887112131555276
2024-09-01 13:27:42.509,OnTrack,-188.0,12071.0,1937.0,pos,0 days 00:00:20.560000,0 days 01:19:58.590000,11162.22,278.46,7,100.0,False,0,1318.9858778623372,0.2310964613841492
2024-09-01 13:27:42.545,OnTrack,-178.64860783564475,12097.299664103897,1936.98444396818,car,0 days 00:00:20.596000,0 days 01:19:58.626000,11184.0,279.0,7,100.0,False,0,1321.7847222222224,0.2315868404233719
2024-09-01 13:27:42.789,OnTrack,-109.0,12274.0,1937.0,pos,0 days 00:00:20.840000,0 days 01:19:58.870000,11340.857142857143,281.6142857142857,7,100.0,False,0,1340.8832399307942,0.23493304748609384
2024-09-01 13:27:42.825,OnTrack,-97.66737116469415,12299.90044035454,1937.034303325168,car,0 days 00:00:20.876000,0 days 01:19:58.906000,11364.0,282.0,7,100.0,False,0,1343.7180555555556,0.23542972896733955
2024-09-01 13:27:42.969,OnTrack,-50.0,12403.0,1937.0,pos,0 days 00:00:21.020000,0 days 01:19:59.050000,11406.0,283.8,7,100.0,False,0,1355.0982669490172,0.23742362945329082
2024-09-01 13:27:43.065,OnTrack,-16.945635103523042,12471.092789835078,1936.3852036099893,car,0 days 00:00:21.116000,0 days 01:19:59.146000,11434.0,285.0,7,100.0,False,0,1362.7180555555558,0.2387586749704727
2024-09-01 13:27:43.129,OnTrack,6.0,12516.0,1936.0,pos,0 days 00:00:21.180000,0 days 01:19:59.210000,11466.457142857143,285.45714285714286,7,100.0,False,0,1367.8114447987418,0.23965107590539403
2024-09-01 13:27:43.329,OnTrack,84.0,12654.0,1936.0,pos,0 days 00:00:21.380000,0 days 01:19:59.410000,11567.885714285714,286.8857142857143,7,100.0,False,0,1383.7656765767629,0.24244637991120993
2024-09-01 13:27:43.345,OnTrack,90.67802915233355,12665.067615550872,1936.0568674087463,car,0 days 00:00:21.396000,0 days 01:19:59.426000,11576.0,287.0,7,100.0,False,0,1385.0402777777779,0.24266969983614192
2024-09-01 13:27:43.549,OnTrack,179.0,12804.0,1937.0,pos,0 days 00:00:21.600000,0 days 01:19:59.630000,11652.182592845169,287.0,7,100.0,False,0,1401.2864754046464,0.2455161585022511
2024-09-01 13:27:43.586,OnTrack,194.57655959962392,12827.355206989538,1937.049378739493,car,0 days 00:00:21.637000,0 days 01:19:59.667000,11666.0,287.0,7,100.0,False,0,1404.2533333333333,0.2460359748098072
2024-09-01 13:27:43.749,OnTrack,273.0,12936.0,1937.0,pos,0 days 00:00:21.800000,0 days 01:19:59.830000,11410.24682999248,290.41004226676694,7,100.0,False,0,1417.4376167334772,0.2483459625744958
2024-09-01 13:27:43.825,OnTrack,328.6707739967098,13005.091659970896,1937.2308886041128,car,0 days 00:00:21.876000,0 days 01:19:59.906000,11291.0,292.0,7,100.0,False,0,1423.638888888889,0.2494324731090273
2024-09-01 13:27:43.989,OnTrack,461.0,13161.0,1938.0,pos,0 days 00:00:22.040000,0 days 01:20:00.070000,10639.1,294.73333333333335,7,100.0,False,0,1437.1177415582592,0.25179407167326523
2024-09-01 13:27:44.065,OnTrack,502.5646173022549,13207.647401212043,1938.1636062415866,car,0 days 00:00:22.116000,0 days 01:20:00.146000,10337.0,296.0,8,100.0,False,0,1443.3722222222225,0.2528899047473691
2024-09-01 13:27:44.225,OnTrack,551.2116169818345,13255.113005139498,1938.0975920074097,car,0 days 00:00:22.276000,0 days 01:20:00.306000,10463.0,296.0,8,100.0,False,0,1456.527777777778,0.2551948591729303
2024-09-01 13:27:44.349,OnTrack,602.0,13300.0,1938.0,pos,0 days 00:00:22.400000,0 days 01:20:00.430000,10546.7,297.1625,8,100.0,False,0,1466.7844165058036,0.25699190109394293
2024-09-01 13:27:44.529,OnTrack,714.0,13399.0,1938.0,pos,0 days 00:00:22.580000,0 days 01:20:00.610000,10668.2,298.85,8,100.0,False,0,1481.7698327248368,0.2596174611690817
2024-09-01 13:27:44.545,OnTrack,723.996860463532,13407.585517764315,1938.0154850829638,car,0 days 00:00:22.596000,0 days 01:20:00.626000,10679.0,299.0,8,100.0,False,0,1483.1055555555558,0.25985149007321934
2024-09-01 13:27:44.829,OnTrack,911.0,13553.0,1939.0,pos,0 days 00:00:22.880000,0 days 01:20:00.910000,10779.977777777778,301.3666666666667,8,100.0,False,0,1506.9089911163906,0.2640220348980129
2024-09-01 13:27:44.905,OnTrack,984.5567472379583,13603.596019094868,1939.6379178903178,car,0 days 00:00:22.956000,0 days 01:20:00.986000,10807.0,302.0,8,100.0,False,0,1513.3055555555559,0.26514276214135724
2024-09-01 13:27:45.068,OnTrack,1149.0,13712.0,1941.0,pos,0 days 00:00:23.119000,0 days 01:20:01.149000,10810.26000128,303.63000064,8,100.0,False,0,1527.0619563236132,0.26755298926526894
2024-09-01 13:27:45.105,OnTrack,1176.8864452440368,13729.740129978709,1941.1277339629137,car,0 days 00:00:23.156000,0 days 01:20:01.186000,10811.0,304.0,8,100.0,False,0,1530.1944444444448,0.26810182525525333
2024-09-01 13:27:45.385,OnTrack,1316.196306607234,13808.060371033234,1940.9884837430363,car,0 days 00:00:23.436000,0 days 01:20:01.466000,10890.0,306.0,8,100.0,False,0,1553.994444444445,0.27227176814338855
2024-09-01 13:27:45.388,OnTrack,1318.0,13809.0,1941.0,pos,0 days 00:00:23.439000,0 days 01:20:01.469000,10890.575012266667,306.0,8,100.0,False,0,1554.2494104884167,0.27231644015354717
2024-09-01 13:27:45.625,OnTrack,1496.7804308664136,13899.791828214786,1942.8306308241106,car,0 days 00:00:23.676000,0 days 01:20:01.706000,10936.0,306.0,8,100.0,False,0,1574.3944444444448,0.2758460049046472
2024-09-01 13:27:45.668,OnTrack,1531.0,13916.0,1943.0,pos,0 days 00:00:23.719000,0 days 01:20:01.749000,10941.1062576,306.5375008,8,100.0,False,0,1578.0660451589597,0.27648929756378854
2024-09-01 13:27:45.785,OnTrack,1622.1941500096088,13956.687364218342,1942.9753122103841,car,0 days 00:00:23.836000,0 days 01:20:01.866000,10955.0,308.0,8,100.0,False,0,1588.0833333333337,0.27824440342854195
2024-09-01 13:27:45.828,OnTrack,1656.0,13971.0,1943.0,pos,0 days 00:00:23.879000,0 days 01:20:01.909000,10961.5843848,308.1343752,8,100.0,False,0,1591.7697893535797,0.2788902988514011
2024-09-01 13:27:46.028,OnTrack,1815.0,14034.0,1944.0,pos,0 days 00:00:24.079000,0 days 01:20:02.109000,10992.2093848,308.7593752,8,100.0,False,0,1608.9401146563891,0.28189867178767913
2024-09-01 13:27:46.105,OnTrack,1871.2463316862456,14054.62352448825,1944.4732366668704,car,0 days 00:00:24.156000,0 days 01:20:02.186000,11004.0,309.0,8,100.0,False,0,1615.5500000000004,0.2830567744927203
2024-09-01 13:27:46.265,OnTrack,1995.4525426054743,14094.720289624414,1945.585334000551,car,0 days 00:00:24.316000,0 days 01:20:02.346000,11025.0,309.0,8,100.0,False,0,1629.2833333333338,0.28546296002480953
2024-09-01 13:27:46.309,OnTrack,2043.0,14108.0,1946.0,pos,0 days 00:00:24.360000,0 days 01:20:02.390000,11025.66,309.22,8,100.0,False,0,1633.0665819365122,0.28612581425198896
2024-09-01 13:27:46.465,OnTrack,2249.4303343487386,14161.12604488938,1947.7651359830195,car,0 days 00:00:24.516000,0 days 01:20:02.546000,11028.0,310.0,8,100.0,False,0,1646.505555555556,0.2884804257001641
2024-09-01 13:27:46.489,OnTrack,2277.0,14168.0,1948.0,pos,0 days 00:00:24.540000,0 days 01:20:02.570000,11029.2,310.05,8,100.0,False,0,1648.5754903896138,0.28884309418924736
2024-09-01 13:27:46.929,OnTrack,2565.0,14225.0,1951.0,pos,0 days 00:00:24.980000,0 days 01:20:03.010000,11051.2,310.96666666666664,8,100.0,False,0,1686.5902955287092,0.29550358016965134
2024-09-01 13:27:46.945,OnTrack,2583.84711096948,14228.01108044832,1951.241457524124,car,0 days 00:00:24.996000,0 days 01:20:03.026000,11052.0,311.0,8,100.0,False,0,1687.9722222222226,0.29574570434559844
2024-09-01 13:27:47.105,OnTrack,2799.5617148832416,14262.303924739354,1953.9505407058678,car,0 days 00:00:25.156000,0 days 01:20:03.186000,11050.0,311.0,8,100.0,False,0,1701.794444444445,0.29816746389407656
2024-09-01 13:27:47.109,OnTrack,2804.0,14263.0,1954.0,pos,0 days 00:00:25.160000,0 days 01:20:03.190000,11050.42,311.02,8,100.0,False,0,1702.1405789946439,0.29822810932709926
2024-09-01 13:27:47.305,OnTrack,2929.5382446002372,14281.740003143479,1954.781762321189,car,0 days 00:00:25.356000,0 days 01:20:03.386000,11071.0,312.0,8,100.0,False,0,1719.1277777777782,0.30120439708991725
2024-09-01 13:27:47.449,OnTrack,3010.0,14291.0,1955.0,pos,0 days 00:00:25.500000,0 days 01:20:03.530000,11067.914285714285,311.48571428571427,8,100.0,False,0,1731.5759213016688,0.3033854074915111
2024-09-01 13:27:47.585,OnTrack,3140.1456532818765,14305.260700227464,1955.969998114082,car,0 days 00:00:25.636000,0 days 01:20:03.666000,11065.0,311.0,8,100.0,False,0,1743.3166666666673,0.305442476299754
2024-09-01 13:27:47.785,OnTrack,3366.8764160115925,14328.883419672788,1957.8542205920226,car,0 days 00:00:25.836000,0 days 01:20:03.866000,11082.0,311.0,8,100.0,False,0,1760.594444444445,0.3084696757353516
2024-09-01 13:27:47.809,OnTrack,3389.0,14331.0,1958.0,pos,0 days 00:00:25.860000,0 days 01:20:03.890000,11082.54,311.06,8,100.0,False,0,1762.6704490771765,0.30883340769980516
2024-09-01 13:27:48.169,OnTrack,3631.0,14350.0,1959.0,pos,0 days 00:00:26.220000,0 days 01:20:04.250000,11090.64,311.96,8,100.0,False,0,1793.8735560132243,0.31430043181138895
2024-09-01 13:27:48.185,OnTrack,3643.284569391155,14351.018235890962,1959.1000360599455,car,0 days 00:00:26.236000,0 days 01:20:04.266000,11091.0,312.0,8,100.0,False,0,1795.2611111111114,0.31454354212703306
2024-09-01 13:27:48.409,OnTrack,3838.0,14368.0,1961.0,pos,0 days 00:00:26.460000,0 days 01:20:04.490000,11083.3,312.0,8,100.0,False,0,1814.6833328253563,0.317946464619012
2024-09-01 13:27:48.505,OnTrack,3918.3098870832678,14374.624178294293,1961.5631591819365,car,0 days 00:00:26.556000,0 days 01:20:04.586000,11080.0,312.0,8,100.0,False,0,1822.9944444444448,0.3194026352403782
2024-09-01 13:27:48.589,OnTrack,3994.0,14381.0,1962.0,pos,0 days 00:00:26.640000,0 days 01:20:04.670000,11072.2,311.7,8,100.0,False,0,1830.257107824184,0.3206751096735405
2024-09-01 13:27:48.749,OnTrack,4162.0,14396.0,1963.0,pos,0 days 00:00:26.800000,0 days 01:20:04.830000,11057.342857142858,311.12857142857143,8,100.0,False,0,1844.0741863861285,0.32309596801321216
2024-09-01 13:27:48.785,OnTrack,4196.594233979653,14398.9532010722,1963.2561210843721,car,0 days 00:00:26.836000,0 days 01:20:04.866000,11054.0,311.0,8,100.0,False,0,1847.1833333333338,0.323640714450215
2024-09-01 13:27:48.945,OnTrack,4330.635713118425,14409.283774451469,1964.5058444707756,car,0 days 00:00:26.996000,0 days 01:20:05.026000,11031.0,311.0,8,100.0,False,0,1861.0055555555562,0.3260624739986931
2024-09-01 13:27:49.009,OnTrack,4386.0,14413.0,1965.0,pos,0 days 00:00:27.060000,0 days 01:20:05.090000,11021.857142857143,311.0,8,100.0,False,0,1866.5362962951647,0.32703150227656075
2024-09-01 13:27:49.149,OnTrack,4514.0,14421.0,1966.0,pos,0 days 00:00:27.200000,0 days 01:20:05.230000,11001.857142857143,311.0,8,100.0,False,0,1878.635193243237,0.3291513219943294
2024-09-01 13:27:49.225,OnTrack,4575.861209246651,14425.292945404002,1966.4421634618147,car,0 days 00:00:27.276000,0 days 01:20:05.306000,10991.0,311.0,8,100.0,False,0,1885.1944444444453,0.3303005532085298
2024-09-01 13:27:49.369,OnTrack,4703.0,14434.0,1967.0,pos,0 days 00:00:27.420000,0 days 01:20:05.450000,10981.64,310.28,8,100.0,False,0,1897.6005170428,0.332474192460681
2024-09-01 13:27:49.425,OnTrack,4772.04258218155,14437.94062008048,1967.0857554692143,car,0 days 00:00:27.476000,0 days 01:20:05.506000,10978.0,310.0,8,100.0,False,0,1902.4166666666674,0.3333180188838844
2024-09-01 13:27:49.629,OnTrack,5046.0,14452.0,1967.0,pos,0 days 00:00:27.680000,0 days 01:20:05.710000,10949.1,309.15,8,100.0,False,0,1919.9269361296558,0.33638595264928434
2024-09-01 13:27:49.665,OnTrack,5075.97042836036,14453.54843280599,1966.9880489576444,car,0 days 00:00:27.716000,0 days 01:20:05.746000,10944.0,309.0,8,100.0,False,0,1923.0166666666673,0.33692729718201814
2024-09-01 13:27:49.905,OnTrack,5169.002751195066,14458.379615257587,1966.9984783743885,car,0 days 00:00:27.956000,0 days 01:20:05.986000,10781.0,309.0,8,100.0,False,0,1943.6166666666675,0.340536575480152
2024-09-01 13:27:49.929,OnTrack,5183.0,14459.0,1967.0,pos,0 days 00:00:27.980000,0 days 01:20:06.010000,10785.895523946834,308.761193953813,8,92.9552216374835,False,0,1945.672806043362,0.34089682689909573
2024-09-01 13:27:50.106,OnTrack,5332.379031566558,14465.203993385998,1967.0001063353293,car,0 days 00:00:28.157000,0 days 01:20:06.187000,10822.0,307.0,8,41.0,False,0,1960.7575000000008,0.34353978119675044
2024-09-01 13:27:50.129,OnTrack,5353.0,14466.0,1967.0,pos,0 days 00:00:28.180000,0 days 01:20:06.210000,10789.2249088,306.3291648,8,37.0708224,False,0,1962.695270101836,0.3438792934091449
2024-09-01 13:27:50.346,OnTrack,5535.677075773765,14472.550092956417,1967.0018437144424,car,0 days 00:00:28.397000,0 days 01:20:06.427000,10480.0,300.0,8,0.0,False,0,1980.7575000000006,0.34704393488425894
2024-09-01 13:27:50.389,OnTrack,5571.0,14474.0,1967.0,pos,0 days 00:00:28.440000,0 days 01:20:06.470000,10445.47665904478,299.0752676529852,8,0.0,False,0,1984.3216556385726,0.3476684023404467
2024-09-01 13:27:50.549,OnTrack,5702.0,14480.0,1967.0,pos,0 days 00:00:28.600000,0 days 01:20:06.630000,10317.017907150013,295.63440822723254,8,0.0,False,0,1997.5040527218114,0.3499780596079184
2024-09-01 13:27:50.625,OnTrack,5763.074173568712,14482.477982708087,1967.035209143004,car,0 days 00:00:28.676000,0 days 01:20:06.706000,10256.0,294.0,8,0.0,True,0,2003.5425000000007,0.351036041972753
2024-09-01 13:27:50.749,OnTrack,5860.0,14486.0,1967.0,pos,0 days 00:00:28.800000,0 days 01:20:06.830000,9764.65,279.53333333333336,8,0.0,True,0,2012.9888496433246,0.3526911150195604
2024-09-01 13:27:50.865,OnTrack,5946.342393823355,14489.119212723679,1966.6171547959455,car,0 days 00:00:28.916000,0 days 01:20:06.946000,9305.0,266.0,8,0.0,True,0,2021.2758333333338,0.3541430582423439
2024-09-01 13:27:51.029,OnTrack,6061.0,14493.0,1966.0,pos,0 days 00:00:29.080000,0 days 01:20:07.110000,9398.844444444445,246.4111111111111,8,0.0,True,0,2031.9388214990995,0.35601129570739026
2024-09-01 13:27:51.189,OnTrack,6164.0,14496.0,1966.0,pos,0 days 00:00:29.240000,0 days 01:20:07.270000,9490.4,227.3,8,0.0,True,0,2041.480308351789,0.3576830375243486
2024-09-01 13:27:51.225,OnTrack,6185.823240792817,14496.716091008768,1966.0261603560398,car,0 days 00:00:29.276000,0 days 01:20:07.306000,9511.0,223.0,7,0.0,True,0,2043.575833333334,0.35805018960391594
2024-09-01 13:27:51.465,OnTrack,6323.011068064873,14503.05094991443,1966.0593895563218,car,0 days 00:00:29.516000,0 days 01:20:07.546000,9433.0,201.0,6,0.0,True,0,2056.975833333334,0.36039797257454664
2024-09-01 13:27:51.489,OnTrack,6337.0,14504.0,1966.0,pos,0 days 00:00:29.540000,0 days 01:20:07.570000,9428.8,198.72,6,0.0,True,0,2058.2375882225588,0.3606190417269371
2024-09-01 13:27:51.665,OnTrack,6440.389622953092,14512.78785028629,1965.2031349979807,car,0 days 00:00:29.716000,0 days 01:20:07.746000,9398.0,182.0,6,0.0,True,0,2067.0869444444447,0.362169516938787
2024-09-01 13:27:51.728,OnTrack,6470.0,14516.0,1965.0,pos,0 days 00:00:29.779000,0 days 01:20:07.809000,9466.5125696,177.6687456,6,0.0,True,0,2070.1561341259976,0.3627072625558008
2024-09-01 13:27:51.825,OnTrack,6503.209965043114,14520.574830831867,1964.9172089672668,car,0 days 00:00:29.876000,0 days 01:20:07.906000,9572.0,171.0,6,0.0,True,0,2074.6869444444446,0.3635010953400402
2024-09-01 13:27:52.008,OnTrack,6547.0,14530.0,1965.0,pos,0 days 00:00:30.059000,0 days 01:20:08.089000,9383.771362742857,152.04642194285714,6,0.0,True,0,2082.1107639650636,0.36480180556746894
2024-09-01 13:27:52.105,OnTrack,6577.945563951864,14537.043228713377,1964.7513928891885,car,0 days 00:00:30.156000,0 days 01:20:08.186000,9284.0,142.0,4,0.0,True,0,2085.7313888888893,0.36543616687636443
2024-09-01 13:27:52.268,OnTrack,6645.0,14556.0,1964.0,pos,0 days 00:00:30.319000,0 days 01:20:08.349000,9168.99439928889,135.20833066666665,4,0.0,True,0,2091.6189836867707,0.366467718727442
2024-09-01 13:27:52.465,OnTrack,6744.246233953033,14595.217899503792,1963.0593629038462,car,0 days 00:00:30.516000,0 days 01:20:08.546000,9030.0,127.0,3,0.0,True,0,2098.431388888889,0.3676613044679323
2024-09-01 13:27:52.488,OnTrack,6753.0,14599.0,1963.0,pos,0 days 00:00:30.539000,0 days 01:20:08.569000,8995.9311552,125.8499968,3,0.0,True,0,2099.2072593317894,0.3677972429316082
2024-09-01 13:27:52.625,OnTrack,6784.715177296675,14614.17528442801,1962.9671465538222,car,0 days 00:00:30.676000,0 days 01:20:08.706000,8793.0,119.0,3,0.0,True,0,2103.720277777778,0.3685879584430734
2024-09-01 13:27:52.809,OnTrack,6805.0,14630.0,1963.0,pos,0 days 00:00:30.860000,0 days 01:20:08.890000,8188.428571428572,112.42857142857143,3,0.0,True,0,2109.3597343268007,0.36957603456616356
2024-09-01 13:27:52.905,OnTrack,6824.320635060785,14644.987925054354,1962.5977743103026,car,0 days 00:00:30.956000,0 days 01:20:08.986000,7873.0,109.0,3,0.0,True,0,2112.1980555555556,0.3700733302561673
2024-09-01 13:27:53.029,OnTrack,6853.0,14671.0,1962.0,pos,0 days 00:00:31.080000,0 days 01:20:09.110000,7645.46,106.52,3,0.0,True,0,2115.822224542441,0.3707083125121447
2024-09-01 13:27:53.105,OnTrack,6868.851881443306,14690.406936345338,1961.8355619094307,car,0 days 00:00:31.156000,0 days 01:20:09.186000,7506.0,105.0,3,0.0,True,0,2118.031388888889,0.37109537508169066
2024-09-01 13:27:53.265,OnTrack,6897.665996784661,14737.71926844404,1961.9178932552297,car,0 days 00:00:31.316000,0 days 01:20:09.346000,7678.0,104.0,3,0.0,False,0,2122.6536111111113,0.37190522393391484
2024-09-01 13:27:53.349,OnTrack,6910.0,14761.0,1962.0,pos,0 days 00:00:31.400000,0 days 01:20:09.430000,7643.14,102.74,3,0.0,False,0,2125.02576602628,0.3723208437035814
2024-09-01 13:27:53.465,OnTrack,6923.772727578057,14789.831404689903,1962.0979191415247,car,0 days 00:00:31.516000,0 days 01:20:09.546000,7595.0,101.0,3,0.0,False,0,2128.2647222222226,0.3728883337184659
2024-09-01 13:27:53.705,OnTrack,6947.528294786545,14842.125517124377,1962.0090057696752,car,0 days 00:00:31.756000,0 days 01:20:09.786000,7658.0,101.0,3,23.0,False,0,2134.9980555555558,0.37406806545992705
2024-09-01 13:27:53.709,OnTrack,6948.0,14843.0,1962.0,pos,0 days 00:00:31.760000,0 days 01:20:09.790000,7658.285714285715,101.01428571428572,3,23.02857142857143,False,0,2135.11051974506,0.37408777005014526
2024-09-01 13:27:53.985,OnTrack,6991.375409102643,14905.928666315138,1961.0430693220535,car,0 days 00:00:32.036000,0 days 01:20:10.066000,7678.0,102.0,3,25.0,False,0,2142.931388888889,0.3754580464226388
2024-09-01 13:27:54.009,OnTrack,6997.0,14912.0,1961.0,pos,0 days 00:00:32.060000,0 days 01:20:10.090000,7707.76,102.36,3,24.88,False,0,2143.6260711522636,0.3755797600933813
2024-09-01 13:27:54.185,OnTrack,7045.909302405346,14957.774353363591,1960.9915036189739,car,0 days 00:00:32.236000,0 days 01:20:10.266000,7926.0,105.0,3,24.0,False,0,2148.7647222222226,0.3764800912481621
2024-09-01 13:27:54.209,OnTrack,7052.0,14963.0,1961.0,pos,0 days 00:00:32.260000,0 days 01:20:10.290000,7921.8,104.85,3,24.15,False,0,2149.45936953003,0.3766017987944207
2024-09-01 13:27:54.345,OnTrack,7080.100953991165,14985.234557690394,1961.0166342737264,car,0 days 00:00:32.396000,0 days 01:20:10.426000,7898.0,104.0,3,25.0,False,0,2153.386944444445,0.37728994010038636
2024-09-01 13:27:54.529,OnTrack,7114.0,15007.0,1961.0,pos,0 days 00:00:32.580000,0 days 01:20:10.610000,8267.314285714287,106.62857142857143,3,36.82857142857143,False,0,2158.8764300804824,0.3782517401670886
2024-09-01 13:27:54.625,OnTrack,7137.497399377881,15021.326796650963,1961.000261517496,car,0 days 00:00:32.676000,0 days 01:20:10.706000,8460.0,108.0,3,43.0,False,0,2161.786944444445,0.37876168464913995
2024-09-01 13:27:54.709,OnTrack,7160.0,15034.0,1961.0,pos,0 days 00:00:32.760000,0 days 01:20:10.790000,8399.1,108.84,3,47.62,False,0,2164.3435646810026,0.37920962416061454
2024-09-01 13:27:54.825,OnTrack,7192.132116588073,15049.54236217437,1960.991540362159,car,0 days 00:00:32.876000,0 days 01:20:10.906000,8315.0,110.0,3,54.0,False,0,2167.8980555555563,0.37983239827587867
2024-09-01 13:27:54.909,OnTrack,7216.0,15060.0,1961.0,pos,0 days 00:00:32.960000,0 days 01:20:10.990000,8430.08,111.26,3,55.68,False,0,2170.4974721089357,0.3802878360309234
2024-09-01 13:27:55.025,OnTrack,7249.701242496808,15073.96651892349,1961.036080747097,car,0 days 00:00:33.076000,0 days 01:20:11.106000,8589.0,113.0,3,58.0,False,0,2174.175833333334,0.38093231318334664
2024-09-01 13:27:55.069,OnTrack,7263.0,15079.0,1961.0,pos,0 days 00:00:33.120000,0 days 01:20:11.150000,8766.32,114.76,3,61.08,False,0,2175.6188141855605,0.3811851345170633
2024-09-01 13:27:55.225,OnTrack,7313.086213448985,15095.369093179535,1960.5113900912972,car,0 days 00:00:33.276000,0 days 01:20:11.306000,9395.0,121.0,3,72.0,False,0,2180.8980555555563,0.3821100981727592
2024-09-01 13:27:55.329,OnTrack,7347.0,15105.0,1960.0,pos,0 days 00:00:33.380000,0 days 01:20:11.410000,9577.0,123.6,3,72.0,False,0,2184.479606936748,0.38273761349672947
2024-09-01 13:27:55.385,OnTrack,7364.9376147007415,15109.760671219017,1959.6943243102703,car,0 days 00:00:33.436000,0 days 01:20:11.466000,9675.0,125.0,3,72.0,False,0,2186.453611111112,0.3830834741970672
2024-09-01 13:27:55.529,OnTrack,7417.0,15122.0,1959.0,pos,0 days 00:00:33.580000,0 days 01:20:11.610000,10300.5,131.3,3,81.0,False,0,2191.722315102299,0.38400659162302264
2024-09-01 13:27:55.545,OnTrack,7424.328361729063,15123.558357689068,1958.9585411454727,car,0 days 00:00:33.596000,0 days 01:20:11.626000,10370.0,132.0,3,82.0,False,0,2192.3202777777788,0.38411135927873635
2024-09-01 13:27:55.705,OnTrack,7515.833868928221,15141.579290482277,1958.974460314641,car,0 days 00:00:33.756000,0 days 01:20:11.786000,10572.0,137.0,3,83.0,False,0,2198.4091666666677,0.3851781794013779
2024-09-01 13:27:55.849,OnTrack,7587.0,15155.0,1959.0,pos,0 days 00:00:33.900000,0 days 01:20:11.930000,10500.0,141.11428571428573,3,91.74285714285715,False,0,2204.038633979145,0.38616450533346414
2024-09-01 13:27:55.985,OnTrack,7618.588051533054,15160.92596062451,1958.6019099660464,car,0 days 00:00:34.036000,0 days 01:20:12.066000,10432.0,145.0,3,100.0,False,0,2209.6869444444455,0.38715413273072297
2024-09-01 13:27:56.109,OnTrack,7647.0,15166.0,1958.0,pos,0 days 00:00:34.160000,0 days 01:20:12.190000,10513.375,154.3,3,100.0,False,0,2215.282102270131,0.38813444737707636
2024-09-01 13:27:56.305,OnTrack,7735.125131185522,15181.652544769557,1957.0095826437587,car,0 days 00:00:34.356000,0 days 01:20:12.386000,10642.0,169.0,4,100.0,False,0,2224.709166666668,0.3897861415004516
2024-09-01 13:27:56.309,OnTrack,7737.0,15182.0,1957.0,pos,0 days 00:00:34.360000,0 days 01:20:12.390000,10656.32,169.18,4,100.0,False,0,2224.9040508479566,0.3898202867065766
2024-09-01 13:27:56.505,OnTrack,7827.9312700385035,15200.521843230694,1957.0027484824627,car,0 days 00:00:34.556000,0 days 01:20:12.586000,11358.0,178.0,4,100.0,False,0,2234.598055555557,0.39151875082371973
2024-09-01 13:27:56.509,OnTrack,7830.0,15201.0,1957.0,pos,0 days 00:00:34.560000,0 days 01:20:12.590000,11366.84735378888,178.1370716784193,4,100.0,False,0,2234.800343774061,0.3915541932740602
2024-09-01 13:27:56.789,OnTrack,7993.0,15244.0,1956.0,pos,0 days 00:00:34.840000,0 days 01:20:12.870000,11986.162119010516,187.73208916776855,4,100.0,False,0,2249.4508242045763,0.39412107002527835
2024-09-01 13:27:56.826,OnTrack,8012.590927145273,15249.847695889304,1955.7774582909778,car,0 days 00:00:34.877000,0 days 01:20:12.907000,12068.0,189.0,4,100.0,False,0,2251.450555555557,0.39447143832465664
2024-09-01 13:27:56.949,OnTrack,8074.0,15269.0,1955.0,pos,0 days 00:00:35,0 days 01:20:13.030000,11481.553266285715,193.83214537142857,4,100.0,False,0,2258.197910640104,0.39565362678467886
2024-09-01 13:27:57.106,OnTrack,8155.907893282118,15294.072635558685,1954.3247548705326,car,0 days 00:00:35.157000,0 days 01:20:13.187000,10733.0,200.0,5,100.0,False,0,2267.0061111111127,0.39719689119271884
2024-09-01 13:27:57.329,OnTrack,8278.0,15331.0,1954.0,pos,0 days 00:00:35.380000,0 days 01:20:13.410000,11108.186670317697,205.59052985572725,5,100.0,False,0,2279.8318765507292,0.39944406385573644
2024-09-01 13:27:57.465,OnTrack,8353.471572160985,15354.24779592665,1954.0737756911064,car,0 days 00:00:35.516000,0 days 01:20:13.546000,11337.0,209.0,5,100.0,False,0,2287.848055555557,0.4008485600167112
2024-09-01 13:27:57.509,OnTrack,8378.0,15362.0,1954.0,pos,0 days 00:00:35.560000,0 days 01:20:13.590000,11353.316666666668,210.46666666666667,5,100.0,False,0,2290.474520295178,0.40130873682183393
2024-09-01 13:27:57.689,OnTrack,8478.0,15395.0,1953.0,pos,0 days 00:00:35.740000,0 days 01:20:13.770000,11420.066666666668,216.46666666666667,5,100.0,False,0,2301.3454555133208,0.40321340820839996
2024-09-01 13:27:57.705,OnTrack,8486.68774869387,15397.990696848912,1952.8965172050227,car,0 days 00:00:35.756000,0 days 01:20:13.786000,11426.0,217.0,5,100.0,False,0,2302.3147222222233,0.403383231184009
2024-09-01 13:27:57.865,OnTrack,8578.26628725844,15430.976197911441,1952.0121449743967,car,0 days 00:00:35.916000,0 days 01:20:13.946000,11426.0,218.0,5,100.0,False,0,2312.0036111111126,0.40508079897040206
2024-09-01 13:27:57.869,OnTrack,8581.0,15432.0,1952.0,pos,0 days 00:00:35.920000,0 days 01:20:13.950000,11424.3,218.0,5,100.0,False,0,2312.2450618573653,0.40512310299654375
2024-09-01 13:27:58.065,OnTrack,8741.983622542552,15493.986045376872,1951.9968936964046,car,0 days 00:00:36.116000,0 days 01:20:14.146000,11341.0,218.0,5,100.0,False,0,2324.1147222222235,0.4072027587033933
2024-09-01 13:27:58.109,OnTrack,8778.0,15508.0,1952.0,pos,0 days 00:00:36.160000,0 days 01:20:14.190000,11241.022222222222,219.5888888888889,5,100.0,False,0,2326.8497386385825,0.40768195459643236
2024-09-01 13:27:58.425,OnTrack,8988.252606644086,15589.766946308739,1951.2305691633649,car,0 days 00:00:36.476000,0 days 01:20:14.506000,10523.0,231.0,6,100.0,False,0,2347.2147222222234,0.41125005621246563
2024-09-01 13:27:58.488,OnTrack,9018.0,15601.0,1951.0,pos,0 days 00:00:36.539000,0 days 01:20:14.569000,10575.7625536,231.7875008,6,100.0,False,0,2351.3163709107293,0.4119686965813003
2024-09-01 13:27:58.745,OnTrack,9108.868697437714,15633.089333206168,1950.0761558231948,car,0 days 00:00:36.796000,0 days 01:20:14.826000,10791.0,235.0,6,100.0,False,0,2368.103611111112,0.4149099500638634
2024-09-01 13:27:58.788,OnTrack,9129.0,15640.0,1950.0,pos,0 days 00:00:36.839000,0 days 01:20:14.869000,10814.6500352,235.5375008,6,100.0,False,0,2370.9257478350814,0.41540441010426093
2024-09-01 13:27:58.905,OnTrack,9198.110772276921,15663.776281421611,1949.9624447590854,car,0 days 00:00:36.956000,0 days 01:20:14.986000,10879.0,237.0,6,100.0,False,0,2378.636944444446,0.4167554710059513
2024-09-01 13:27:59.008,OnTrack,9266.0,15687.0,1950.0,pos,0 days 00:00:37.059000,0 days 01:20:15.089000,10951.7437952,238.9312512,6,100.0,False,0,2385.488900090176,0.4179559862880828
2024-09-01 13:27:59.065,OnTrack,9302.709215742321,15699.437292140932,1950.0008553727312,car,0 days 00:00:37.116000,0 days 01:20:15.146000,10992.0,240.0,6,100.0,False,0,2389.3036111111123,0.4186243529726225
2024-09-01 13:27:59.265,OnTrack,9428.705067920437,15741.804389171637,1949.983207520225,car,0 days 00:00:37.316000,0 days 01:20:15.346000,11059.0,243.0,6,100.0,False,0,2402.8036111111123,0.42098965671169075
2024-09-01 13:27:59.289,OnTrack,9444.0,15747.0,1950.0,pos,0 days 00:00:37.340000,0 days 01:20:15.370000,11086.3,243.15,6,100.0,False,0,2404.4354612279385,0.42127556939190763
2024-09-01 13:27:59.425,OnTrack,9531.588835771361,15776.86117979299,1950.0738098993854,car,0 days 00:00:37.476000,0 days 01:20:15.506000,11241.0,244.0,6,100.0,False,0,2413.6480555555568,0.4228896867111398
2024-09-01 13:27:59.449,OnTrack,9547.0,15782.0,1950.0,pos,0 days 00:00:37.500000,0 days 01:20:15.530000,11198.314285714287,242.8,6,91.42857142857143,False,0,2415.2399897664004,0.4231686058178998
2024-09-01 13:27:59.705,OnTrack,9708.246642572845,15831.906370588596,1947.2948452971445,car,0 days 00:00:37.756000,0 days 01:20:15.786000,10743.0,230.0,6,0.0,True,0,2431.536944444446,0.4260239575094114
2024-09-01 13:27:59.729,OnTrack,9723.0,15836.0,1947.0,pos,0 days 00:00:37.780000,0 days 01:20:15.810000,10656.0,228.71428571428572,6,0.0,True,0,2433.0155300929805,0.42628301707704186
2024-09-01 13:27:59.909,OnTrack,9829.0,15862.0,1945.0,pos,0 days 00:00:37.960000,0 days 01:20:15.990000,10003.5,219.07142857142858,6,0.0,True,0,2443.8519752891884,0.42818164554673066
2024-09-01 13:27:59.985,OnTrack,9867.836194023732,15868.843391887605,1944.342124159483,car,0 days 00:00:38.036000,0 days 01:20:16.066000,9728.0,215.0,6,0.0,True,0,2448.259166666668,0.4289538193425782
2024-09-01 13:28:00.029,OnTrack,9890.0,15872.0,1944.0,pos,0 days 00:00:38.080000,0 days 01:20:16.110000,9784.414285714285,212.32857142857142,6,0.0,True,0,2450.7605125673654,0.42939207436566135
2024-09-01 13:28:00.265,OnTrack,10016.789063583135,15882.19512130087,1942.4773096067406,car,0 days 00:00:38.316000,0 days 01:20:16.346000,10087.0,198.0,6,0.0,True,0,2463.659166666668,0.4316520176819598
2024-09-01 13:28:00.349,OnTrack,10062.0,15882.0,1942.0,pos,0 days 00:00:38.400000,0 days 01:20:16.430000,10016.066666666668,195.66666666666666,6,0.0,True,0,2468.1276849727624,0.4324349364269598
2024-09-01 13:28:00.529,OnTrack,10156.0,15874.0,1941.0,pos,0 days 00:00:38.580000,0 days 01:20:16.610000,9864.066666666668,190.66666666666666,6,0.0,True,0,2477.5265044864304,0.43408168182981216
2024-09-01 13:28:00.625,OnTrack,10205.06968617905,15866.183097019035,1940.421973125352,car,0 days 00:00:38.676000,0 days 01:20:16.706000,9783.0,188.0,5,0.0,False,0,2482.4591666666684,0.43494592214821787
2024-09-01 13:28:00.729,OnTrack,10257.0,15855.0,1940.0,pos,0 days 00:00:38.780000,0 days 01:20:16.810000,9783.0,184.88,5,0.0,False,0,2487.744079077271,0.43587187941380656
2024-09-01 13:28:00.825,OnTrack,10303.306225605364,15842.113629401678,1940.0481925890078,car,0 days 00:00:38.876000,0 days 01:20:16.906000,9783.0,182.0,5,0.0,False,0,2492.5702777777797,0.4367174665124583
2024-09-01 13:28:00.929,OnTrack,10352.0,15825.0,1940.0,pos,0 days 00:00:38.980000,0 days 01:20:17.010000,9643.9,180.7,5,3.64,False,0,2497.7442383301754,0.4376239841598934
2024-09-01 13:28:01.069,OnTrack,10415.0,15797.0,1939.0,pos,0 days 00:00:39.120000,0 days 01:20:17.150000,9456.65,178.95,5,8.540000000000001,False,0,2504.6235161047925,0.43882928648895936
2024-09-01 13:28:01.225,OnTrack,10477.196828929074,15765.233220645809,1938.3480503518822,car,0 days 00:00:39.276000,0 days 01:20:17.306000,9248.0,177.0,5,14.0,False,0,2512.236944444446,0.44016321763850835
2024-09-01 13:28:01.389,OnTrack,10548.0,15714.0,1938.0,pos,0 days 00:00:39.440000,0 days 01:20:17.470000,9451.36,175.36,5,35.32,False,0,2520.208647733537,0.4415599213123179
2024-09-01 13:28:01.425,OnTrack,10566.493322057242,15697.671172823108,1937.8975371154227,car,0 days 00:00:39.476000,0 days 01:20:17.506000,9496.0,175.0,5,40.0,False,0,2521.9591666666684,0.44186662568104723
2024-09-01 13:28:01.625,OnTrack,10675.964544537685,15588.785905981305,1937.178102967297,car,0 days 00:00:39.676000,0 days 01:20:17.706000,9433.0,176.0,5,56.0,False,0,2531.736944444446,0.44357976748382916
2024-09-01 13:28:01.669,OnTrack,10693.0,15571.0,1937.0,pos,0 days 00:00:39.720000,0 days 01:20:17.750000,9479.09,176.77,5,60.07,False,0,2533.920188553777,0.4439622886286513
2024-09-01 13:28:01.989,OnTrack,10744.0,15497.0,1936.0,pos,0 days 00:00:40.040000,0 days 01:20:18.070000,9814.29,182.37,5,89.67,False,0,2550.200603020072,0.44681474234796303
2024-09-01 13:28:02.025,OnTrack,10752.550328189685,15479.731355754331,1936.045493866925,car,0 days 00:00:40.076000,0 days 01:20:18.106000,9852.0,183.0,5,93.0,False,0,2552.0702777777797,0.4471423237327962
2024-09-01 13:28:02.225,OnTrack,10819.412595653035,15340.869310220414,1936.8471105675253,car,0 days 00:00:40.276000,0 days 01:20:18.306000,10206.0,189.0,5,100.0,False,0,2562.5702777777797,0.4489820044187382
2024-09-01 13:28:02.289,OnTrack,10838.0,15298.0,1937.0,pos,0 days 00:00:40.340000,0 days 01:20:18.370000,10306.0,189.8,5,100.0,False,0,2565.9516626903414,0.44957444903925015
2024-09-01 13:28:02.465,OnTrack,10872.05881840735,15201.47326220286,1936.8521386674668,car,0 days 00:00:40.516000,0 days 01:20:18.546000,10581.0,192.0,5,100.0,False,0,2575.37027777778,0.4512246627787437
2024-09-01 13:28:02.665,OnTrack,10890.833758873143,15106.47057392988,1936.1412246754364,car,0 days 00:00:40.716000,0 days 01:20:18.746000,10883.0,201.0,5,100.0,False,0,2586.5369444444464,0.45318114858760256
2024-09-01 13:28:02.729,OnTrack,10897.0,15069.0,1936.0,pos,0 days 00:00:40.780000,0 days 01:20:18.810000,10993.133333333333,203.13333333333333,5,100.0,False,0,2590.2079751913097,0.4538243413840315
2024-09-01 13:28:02.905,OnTrack,10914.977937786804,14947.126671687356,1935.8570607347428,car,0 days 00:00:40.956000,0 days 01:20:18.986000,11296.0,209.0,5,100.0,False,0,2600.4702777777798,0.4556223756565669
2024-09-01 13:28:03.049,OnTrack,10927.0,14859.0,1936.0,pos,0 days 00:00:41.100000,0 days 01:20:19.130000,11404.9,211.7,5,100.0,False,0,2608.938683356083,0.4571061053882933
2024-09-01 13:28:03.065,OnTrack,10928.008561153876,14851.35607869178,1936.0299529076408,car,0 days 00:00:41.116000,0 days 01:20:19.146000,11417.0,212.0,5,100.0,False,0,2609.8925000000017,0.45727322139379306
2024-09-01 13:28:03.426,OnTrack,10941.52879072783,14718.064782036405,1936.2060773153735,car,0 days 00:00:41.477000,0 days 01:20:19.507000,10502.0,222.0,5,100.0,False,0,2632.1541666666685,0.46117363646079734
2024-09-01 13:28:03.449,OnTrack,10943.0,14701.0,1936.0,pos,0 days 00:00:41.500000,0 days 01:20:19.530000,10503.6531296,222.4312512,5,100.0,False,0,2633.596822600943,0.4614264008663921
2024-09-01 13:28:03.669,OnTrack,10961.0,14489.0,1933.0,pos,0 days 00:00:41.720000,0 days 01:20:19.750000,10519.4656296,226.5562512,5,100.0,False,0,2647.49177784996,0.46386090380007244
2024-09-01 13:28:03.746,OnTrack,10965.4604375365,14432.174889338983,1932.406863814308,car,0 days 00:00:41.797000,0 days 01:20:19.827000,10525.0,228.0,6,100.0,False,0,2652.4208333333354,0.4647245121974727
2024-09-01 13:28:04.105,OnTrack,10974.153330193316,14283.418928857904,1932.9750221361091,car,0 days 00:00:42.156000,0 days 01:20:20.186000,10651.0,235.0,6,100.0,False,0,2675.855555555557,0.46883045561200953
2024-09-01 13:28:04.129,OnTrack,10975.0,14270.0,1933.0,pos,0 days 00:00:42.180000,0 days 01:20:20.210000,10670.114285714286,235.25714285714287,6,100.0,False,0,2677.435999808927,0.46910736158992694
2024-09-01 13:28:04.269,OnTrack,10981.0,14179.0,1933.0,pos,0 days 00:00:42.320000,0 days 01:20:20.350000,10781.614285714286,236.75714285714287,6,100.0,False,0,2686.6764261572484,0.470726355293058
2024-09-01 13:28:04.385,OnTrack,10986.02231874189,14102.02568665944,1932.9925031393725,car,0 days 00:00:42.436000,0 days 01:20:20.466000,10874.0,238.0,6,100.0,False,0,2694.3666666666686,0.4720737445250036
2024-09-01 13:28:04.429,OnTrack,10988.0,14073.0,1933.0,pos,0 days 00:00:42.480000,0 days 01:20:20.510000,10891.6,238.36666666666667,6,100.0,False,0,2697.2926544537568,0.4725864000696901
2024-09-01 13:28:04.629,OnTrack,10998.0,13941.0,1933.0,pos,0 days 00:00:42.680000,0 days 01:20:20.710000,10971.6,240.03333333333333,6,100.0,False,0,2710.656839679871,0.47492790801672186
2024-09-01 13:28:04.745,OnTrack,11004.570329813081,13863.294252858603,1932.698872767565,car,0 days 00:00:42.796000,0 days 01:20:20.826000,11018.0,241.0,6,100.0,False,0,2718.4666666666685,0.47629624971845136
2024-09-01 13:28:04.945,OnTrack,11016.637073013959,13729.871603282165,1932.0222331357877,car,0 days 00:00:42.996000,0 days 01:20:21.026000,11117.0,244.0,6,100.0,False,0,2732.022222222224,0.4786712872177627
2024-09-01 13:28:04.968,OnTrack,11018.0,13715.0,1932.0,pos,0 days 00:00:43.019000,0 days 01:20:21.049000,11126.89002752,244.11500032,6,100.0,False,0,2733.582406232065,0.47894464344532645
2024-09-01 13:28:05.048,OnTrack,11023.0,13661.0,1932.0,pos,0 days 00:00:43.099000,0 days 01:20:21.129000,11161.29002752,244.51500032,6,100.0,False,0,2739.0077139858695,0.4798951990538946
2024-09-01 13:28:05.145,OnTrack,11031.935990856411,13567.704785297723,1931.9843292792775,car,0 days 00:00:43.196000,0 days 01:20:21.226000,11203.0,245.0,6,100.0,False,0,2745.6333333333355,0.48105605847731714
2024-09-01 13:28:05.308,OnTrack,11049.0,13392.0,1932.0,pos,0 days 00:00:43.359000,0 days 01:20:21.389000,11027.7749312,245.81500032,6,18.49996800000001,False,0,2756.861099142954,0.48302324932553004
2024-09-01 13:28:05.345,OnTrack,11051.743104633651,13363.488642081129,1932.0486489678524,car,0 days 00:00:43.396000,0 days 01:20:21.426000,10988.0,246.0,6,0.0,False,0,2759.300000000002,0.4834505634971146
2024-09-01 13:28:05.708,OnTrack,11062.0,13231.0,1933.0,pos,0 days 00:00:43.759000,0 days 01:20:21.789000,9955.26481792,211.51499392,6,0.0,False,0,2780.3801948283426,0.48714397561917105
2024-09-01 13:28:05.745,OnTrack,11062.798670971733,13213.896862485582,1933.054263505097,car,0 days 00:00:43.796000,0 days 01:20:21.826000,9850.0,208.0,6,0.0,True,0,2782.411111111113,0.48749980775823554
2024-09-01 13:28:05.969,OnTrack,11067.0,13086.0,1933.0,pos,0 days 00:00:44.020000,0 days 01:20:22.050000,9816.4,196.8,6,0.0,True,0,2794.5517780296605,0.48962694589580763
2024-09-01 13:28:06.025,OnTrack,11067.043987794215,13055.198427297539,1932.83524586557,car,0 days 00:00:44.076000,0 days 01:20:22.106000,9808.0,194.0,6,0.0,True,0,2797.500000000002,0.4901434970402559
2024-09-01 13:28:06.169,OnTrack,11065.0,12982.0,1932.0,pos,0 days 00:00:44.220000,0 days 01:20:22.250000,9448.9,185.0,6,0.0,True,0,2804.876153297824,0.4914358557791655
2024-09-01 13:28:06.185,OnTrack,11064.590958036839,12974.457070161734,1931.8542903994617,car,0 days 00:00:44.236000,0 days 01:20:22.266000,9409.0,184.0,6,0.0,True,0,2805.6777777777797,0.4915763065480372
2024-09-01 13:28:06.349,OnTrack,11055.0,12895.0,1930.0,pos,0 days 00:00:44.400000,0 days 01:20:22.430000,9279.166666666666,179.55833333333334,6,0.0,True,0,2813.688972953104,0.49297992950378533
2024-09-01 13:28:06.609,OnTrack,11004.0,12716.0,1928.0,pos,0 days 00:00:44.660000,0 days 01:20:22.690000,9073.333333333334,172.51666666666665,6,0.0,True,0,2825.8623654325424,0.495112801411101
2024-09-01 13:28:06.665,OnTrack,10995.804939314165,12690.593781679669,1927.665454175834,car,0 days 00:00:44.716000,0 days 01:20:22.746000,9029.0,171.0,5,0.0,False,0,2828.4777777777795,0.49557104175179684
2024-09-01 13:28:07.009,OnTrack,10946.0,12612.0,1927.0,pos,0 days 00:00:45.060000,0 days 01:20:23.090000,9023.266666666666,168.13333333333333,5,36.31111111111111,False,0,2844.534490327678,0.49838430117634647
2024-09-01 13:28:07.025,OnTrack,10940.282329952903,12605.13538688569,1927.09718253553,car,0 days 00:00:45.076000,0 days 01:20:23.106000,9023.0,168.0,5,38.0,False,0,2845.2777777777796,0.498514530849304
2024-09-01 13:28:07.225,OnTrack,10851.490269685148,12500.667922262175,1928.9679494162754,car,0 days 00:00:45.276000,0 days 01:20:23.306000,8924.0,167.0,5,51.0,False,0,2854.5555555555575,0.5001400688098983
2024-09-01 13:28:07.229,OnTrack,10850.0,12499.0,1929.0,pos,0 days 00:00:45.280000,0 days 01:20:23.310000,8931.016666666666,167.03333333333333,5,51.416666666666664,False,0,2854.741908928942,0.5001727193529245
2024-09-01 13:28:07.465,OnTrack,10794.806801258284,12447.525527473153,1930.02378110777,car,0 days 00:00:45.516000,0 days 01:20:23.546000,9345.0,169.0,5,76.0,False,0,2865.8222222222244,0.5021140753871948
2024-09-01 13:28:07.589,OnTrack,10754.0,12421.0,1930.0,pos,0 days 00:00:45.640000,0 days 01:20:23.670000,9442.65,170.55,5,77.55,False,0,2871.7041705659253,0.5031446379361105
2024-09-01 13:28:07.705,OnTrack,10692.584357347538,12381.111809223126,1929.6788627338644,car,0 days 00:00:45.756000,0 days 01:20:23.786000,9534.0,172.0,5,79.0,False,0,2877.2888888888906,0.5041231235013662
2024-09-01 13:28:07.849,OnTrack,10603.0,12325.0,1929.0,pos,0 days 00:00:45.900000,0 days 01:20:23.930000,9628.5,177.4,5,89.8,False,0,2884.396138172825,0.5053683681906833
2024-09-01 13:28:07.865,OnTrack,10593.59919143379,12319.43332405423,1928.9153718529128,car,0 days 00:00:45.916000,0 days 01:20:23.946000,9639.0,178.0,5,91.0,False,0,2885.200000000002,0.5055092109599808
2024-09-01 13:28:08.249,OnTrack,10408.0,12223.0,1927.0,pos,0 days 00:00:46.300000,0 days 01:20:24.330000,10146.84,188.56,5,99.64,False,0,2905.3330299771505,0.509036672521738
2024-09-01 13:28:08.265,OnTrack,10402.387318759822,12220.200896754577,1926.9796905994963,car,0 days 00:00:46.316000,0 days 01:20:24.346000,10168.0,189.0,5,100.0,False,0,2906.200000000002,0.5091885723318648
2024-09-01 13:28:08.425,OnTrack,10356.218623801546,12196.853226741436,1927.132015880507,car,0 days 00:00:46.476000,0 days 01:20:24.506000,10866.0,197.0,5,100.0,False,0,2914.9555555555576,0.510722612946174
2024-09-01 13:28:08.569,OnTrack,10309.0,12173.0,1927.0,pos,0 days 00:00:46.620000,0 days 01:20:24.650000,11053.2,198.8,5,100.0,False,0,2922.901969729,0.512114885772591
2024-09-01 13:28:08.585,OnTrack,10302.488300010193,12169.739381201529,1926.933313765635,car,0 days 00:00:46.636000,0 days 01:20:24.666000,11074.0,199.0,5,100.0,False,0,2923.800000000002,0.5122722275768723
2024-09-01 13:28:08.865,OnTrack,10159.132437111482,12098.08157868151,1925.0121594964626,car,0 days 00:00:46.916000,0 days 01:20:24.946000,11282.0,209.0,5,100.0,False,0,2940.0555555555575,0.5151203258239972
2024-09-01 13:28:08.869,OnTrack,10157.0,12097.0,1925.0,pos,0 days 00:00:46.920000,0 days 01:20:24.950000,11287.416666666666,209.1,5,100.0,False,0,2940.2914039309057,0.5151616482717057
2024-09-01 13:28:09.049,OnTrack,10062.0,12048.0,1925.0,pos,0 days 00:00:47.100000,0 days 01:20:25.130000,11531.166666666666,213.6,5,100.0,False,0,2950.983815430245,0.5170350409308941
2024-09-01 13:28:09.105,OnTrack,10032.244645602997,12032.208285751676,1925.011255418915,car,0 days 00:00:47.156000,0 days 01:20:25.186000,11607.0,215.0,5,100.0,False,0,2954.3888888888905,0.5176316359667117
2024-09-01 13:28:09.189,OnTrack,9987.0,12008.0,1925.0,pos,0 days 00:00:47.240000,0 days 01:20:25.270000,11635.77,218.15,5,100.0,False,0,2959.5900296835407,0.5185429158014528
2024-09-01 13:28:09.489,OnTrack,9822.0,11920.0,1925.0,pos,0 days 00:00:47.540000,0 days 01:20:25.570000,11738.52,229.4,5,100.0,False,0,2978.8980171446487,0.5219258235744634
2024-09-01 13:28:09.505,OnTrack,9813.825164105445,11915.535434408126,1925.0005492940745,car,0 days 00:00:47.556000,0 days 01:20:25.586000,11744.0,230.0,5,100.0,False,0,2979.9444444444466,0.5221091656785282
2024-09-01 13:28:09.709,OnTrack,9698.0,11852.0,1925.0,pos,0 days 00:00:47.760000,0 days 01:20:25.790000,11326.842826189379,234.57855434670194,5,100.0,False,0,2993.399767897372,0.5244666417432376
2024-09-01 13:28:09.906,OnTrack,9515.196693833605,11755.166714258641,1924.9983883553107,car,0 days 00:00:47.957000,0 days 01:20:25.987000,10924.0,239.0,6,100.0,False,0,3006.5663888888907,0.5267735349182106
2024-09-01 13:28:09.909,OnTrack,9513.0,11754.0,1925.0,pos,0 days 00:00:47.960000,0 days 01:20:25.990000,10927.612577066666,239.06250133333333,6,100.0,False,0,3006.768019170881,0.526808862093018
2024-09-01 13:28:10.146,OnTrack,9425.813860125114,11706.495633488435,1925.214748783045,car,0 days 00:00:48.197000,0 days 01:20:26.227000,11213.0,244.0,6,100.0,False,0,3022.8330555555576,0.5296235799173842
2024-09-01 13:28:10.229,OnTrack,9394.0,11689.0,1925.0,pos,0 days 00:00:48.280000,0 days 01:20:26.310000,11295.1107776,245.7785728,6,100.0,False,0,3028.5548603551006,0.5306260840867603
2024-09-01 13:28:10.426,OnTrack,9274.87423959069,11624.037981069323,1924.0011349953804,car,0 days 00:00:48.477000,0 days 01:20:26.507000,11490.0,250.0,6,100.0,False,0,3042.277500000002,0.5330303960024618
2024-09-01 13:28:10.429,OnTrack,9273.0,11623.0,1924.0,pos,0 days 00:00:48.480000,0 days 01:20:26.510000,11492.59505536,250.03000064,6,100.0,False,0,3042.486685101342,0.5330670468396735
2024-09-01 13:28:10.626,OnTrack,9153.86007900448,11555.52727122466,1924.9316108686717,car,0 days 00:00:48.677000,0 days 01:20:26.707000,11663.0,252.0,6,100.0,False,0,3056.2775000000015,0.5354833035837178
2024-09-01 13:28:10.649,OnTrack,9139.0,11547.0,1925.0,pos,0 days 00:00:48.700000,0 days 01:20:26.730000,11674.259442541404,252.67364186145156,6,100.0,False,0,3057.9090618846294,0.5357691657634386
2024-09-01 13:28:10.865,OnTrack,8984.362987324732,11457.806751669701,1924.4228422411104,car,0 days 00:00:48.916000,0 days 01:20:26.946000,11780.0,259.0,6,100.0,False,0,3073.472222222224,0.538495951047752
2024-09-01 13:28:10.969,OnTrack,8915.0,11418.0,1924.0,pos,0 days 00:00:49.020000,0 days 01:20:27.050000,11309.4,260.85714285714283,6,100.0,False,0,3081.0676429518003,0.5398267271256382
2024-09-01 13:28:11.145,OnTrack,8818.455492778072,11363.379535169213,1923.7049613350857,car,0 days 00:00:49.196000,0 days 01:20:27.226000,10513.0,264.0,7,100.0,False,0,3094.0055555555573,0.5420935488335942
2024-09-01 13:28:11.249,OnTrack,8761.0,11331.0,1924.0,pos,0 days 00:00:49.300000,0 days 01:20:27.330000,10664.233333333334,264.8666666666667,7,100.0,False,0,3101.6584820184,0.5434344003578442
2024-09-01 13:28:11.385,OnTrack,8675.564678619041,11282.631815853203,1925.0828977518152,car,0 days 00:00:49.436000,0 days 01:20:27.466000,10862.0,266.0,7,100.0,False,0,3111.7388888888904,0.545200565103185
2024-09-01 13:28:11.548,OnTrack,8566.0,11221.0,1926.0,pos,0 days 00:00:49.599000,0 days 01:20:27.629000,10912.646448457142,270.0750016,7,100.0,False,0,3124.0507801343333,0.5473577030585811
2024-09-01 13:28:11.665,OnTrack,8488.90493606469,11178.392680400413,1925.3349497632641,car,0 days 00:00:49.716000,0 days 01:20:27.746000,10949.0,273.0,7,100.0,False,0,3132.972222222224,0.54892080826809
2024-09-01 13:28:11.728,OnTrack,8447.0,11155.0,1925.0,pos,0 days 00:00:49.779000,0 days 01:20:27.809000,10983.96503552,273.94500096,7,100.0,False,0,3137.7861665801893,0.5497642483117612
2024-09-01 13:28:11.865,OnTrack,8354.758636152856,11102.409607639378,1924.979512369207,car,0 days 00:00:49.916000,0 days 01:20:27.946000,11060.0,276.0,7,100.0,False,0,3148.3055555555575,0.5516073260951798
2024-09-01 13:28:11.888,OnTrack,8340.0,11094.0,1925.0,pos,0 days 00:00:49.939000,0 days 01:20:27.969000,11073.0812864,276.359376,7,100.0,False,0,3150.084047404606,0.5519189315337322
2024-09-01 13:28:12.168,OnTrack,8151.0,10987.0,1925.0,pos,0 days 00:00:50.219000,0 days 01:20:28.249000,11232.3312864,280.734376,7,100.0,False,0,3171.953488595017,0.5557506256832887
2024-09-01 13:28:12.185,OnTrack,8134.009311125851,10977.24444903223,1924.9867268113535,car,0 days 00:00:50.236000,0 days 01:20:28.266000,11242.0,281.0,7,100.0,False,0,3173.283333333335,0.5559836247004682
2024-09-01 13:28:12.345,OnTrack,7953.253383111714,10872.767529691098,1924.9378935910536,car,0 days 00:00:50.396000,0 days 01:20:28.426000,11242.0,282.0,7,100.0,False,0,3185.816666666668,0.5581795610113068
2024-09-01 13:28:12.368,OnTrack,7933.0,10861.0,1925.0,pos,0 days 00:00:50.419000,0 days 01:20:28.449000,11274.0563392,282.5750016,7,100.0,False,0,3187.6323782166514,0.5584976876274731
2024-09-01 13:28:12.505,OnTrack,7861.681259032137,10819.161965387859,1925.8575007039958,car,0 days 00:00:50.556000,0 days 01:20:28.586000,11465.0,286.0,7,100.0,False,0,3198.527777777779,0.5604066453549233
2024-09-01 13:28:12.669,OnTrack,7811.0,10787.0,1927.0,pos,0 days 00:00:50.720000,0 days 01:20:28.750000,11540.3375,287.5375,7,100.0,False,0,3211.670390942534,0.5627093321741621
2024-09-01 13:28:12.825,OnTrack,7709.170613824975,10721.462541064871,1927.0730960492133,car,0 days 00:00:50.876000,0 days 01:20:28.906000,11612.0,289.0,7,100.0,False,0,3224.216666666668,0.5649075360913233
2024-09-01 13:28:12.909,OnTrack,7649.0,10682.0,1927.0,pos,0 days 00:00:50.960000,0 days 01:20:28.990000,11654.0,289.525,7,100.0,False,0,3230.9727349904197,0.5660912511778099
2024-09-01 13:28:12.985,OnTrack,7597.853633844337,10647.746152899916,1926.9840909962747,car,0 days 00:00:51.036000,0 days 01:20:29.066000,11692.0,290.0,7,100.0,False,0,3237.1055555555567,0.5671657684677176
2024-09-01 13:28:13.069,OnTrack,7543.0,10610.0,1927.0,pos,0 days 00:00:51.120000,0 days 01:20:29.150000,11707.0,291.2,7,100.0,False,0,3243.9263316713023,0.5683608208566006
2024-09-01 13:28:13.265,OnTrack,7413.691489745024,10515.974638166132,1927.0213504912974,car,0 days 00:00:51.316000,0 days 01:20:29.346000,11742.0,294.0,7,100.0,False,0,3259.9722222222235,0.571172184183769
2024-09-01 13:28:13.289,OnTrack,7398.0,10504.0,1927.0,pos,0 days 00:00:51.340000,0 days 01:20:29.370000,11595.45,294.3,7,100.0,False,0,3261.943097004692,0.5715174965905992
2024-09-01 13:28:13.425,OnTrack,7310.201687384122,10434.46414053506,1926.735869846986,car,0 days 00:00:51.476000,0 days 01:20:29.506000,10765.0,296.0,8,100.0,False,0,3273.1277777777786,0.5734771386093301
2024-09-01 13:28:13.569,OnTrack,7218.0,10359.0,1926.0,pos,0 days 00:00:51.620000,0 days 01:20:29.650000,10741.0,296.6,8,100.0,False,0,3284.981945786188,0.5755540799362808
2024-09-01 13:28:13.665,OnTrack,7156.173967734301,10308.409363115172,1925.133478275111,car,0 days 00:00:51.716000,0 days 01:20:29.746000,10725.0,297.0,8,100.0,False,0,3292.927777777779,0.5769462507599635
2024-09-01 13:28:13.829,OnTrack,7050.0,10222.0,1923.0,pos,0 days 00:00:51.880000,0 days 01:20:29.910000,10756.433333333332,299.73333333333335,8,100.0,False,0,3306.626887759865,0.5793464400979291
2024-09-01 13:28:13.905,OnTrack,7000.628536036291,10182.266225755686,1921.7607838857489,car,0 days 00:00:51.956000,0 days 01:20:29.986000,10771.0,301.0,8,100.0,False,0,3312.9944444444454,0.5804620849597638
2024-09-01 13:28:13.949,OnTrack,6972.0,10159.0,1921.0,pos,0 days 00:00:52,0 days 01:20:30.030000,10780.68,301.22,8,100.0,False,0,3316.6803139437616,0.581107877619649
2024-09-01 13:28:14.105,OnTrack,6870.294972855253,10073.612221348785,1918.1634695356593,car,0 days 00:00:52.156000,0 days 01:20:30.186000,10815.0,302.0,8,100.0,False,0,3329.772222222223,0.5834016805531737
2024-09-01 13:28:14.229,OnTrack,6793.0,10007.0,1916.0,pos,0 days 00:00:52.280000,0 days 01:20:30.310000,10834.22,303.86,8,100.0,False,0,3340.262079337635,0.5852395841277941
2024-09-01 13:28:14.305,OnTrack,6748.543972222815,9968.347344501812,1914.8029596194513,car,0 days 00:00:52.356000,0 days 01:20:30.386000,10846.0,305.0,8,100.0,False,0,3346.7166666666676,0.5863704774273129
2024-09-01 13:28:14.449,OnTrack,6652.0,9884.0,1912.0,pos,0 days 00:00:52.500000,0 days 01:20:30.530000,10907.714285714286,306.0285714285714,8,100.0,False,0,3358.978589458097,0.5885188605255894
2024-09-01 13:28:14.585,OnTrack,6512.763118570952,9762.716795137607,1907.252628406525,car,0 days 00:00:52.636000,0 days 01:20:30.666000,10966.0,307.0,8,100.0,False,0,3370.5944444444453,0.5905540475797884
2024-09-01 13:28:14.689,OnTrack,6420.0,9682.0,1904.0,pos,0 days 00:00:52.740000,0 days 01:20:30.770000,10986.8,307.65,8,100.0,False,0,3379.498006457241,0.5921140200627433
2024-09-01 13:28:14.905,OnTrack,6345.284752428567,9617.13060071602,1901.507488814559,car,0 days 00:00:52.956000,0 days 01:20:30.986000,11030.0,309.0,8,100.0,False,0,3398.061111111112,0.5953664186439667
2024-09-01 13:28:14.949,OnTrack,6329.0,9603.0,1901.0,pos,0 days 00:00:53,0 days 01:20:31.030000,11036.49,309.33,8,100.0,False,0,3401.857674797029,0.5960316057759601
2024-09-01 13:28:15.289,OnTrack,6107.0,9410.0,1894.0,pos,0 days 00:00:53.340000,0 days 01:20:31.370000,11086.64,311.88,8,100.0,False,0,3431.3374066508377,0.6011966813300744
2024-09-01 13:28:15.305,OnTrack,6096.124630709819,9400.520834822466,1893.6437421399555,car,0 days 00:00:53.356000,0 days 01:20:31.386000,11089.0,312.0,8,100.0,False,0,3432.7277777777786,0.6014402850356482
2024-09-01 13:28:15.469,OnTrack,5989.0,9307.0,1890.0,pos,0 days 00:00:53.520000,0 days 01:20:31.550000,11124.533333333333,312.68333333333334,8,100.0,False,0,3446.9877479101815,0.6039387413818093
2024-09-01 13:28:15.545,OnTrack,5939.314265897636,9263.567903474646,1888.185217322687,car,0 days 00:00:53.596000,0 days 01:20:31.626000,11141.0,313.0,8,100.0,False,0,3453.5944444444453,0.6050962853829487
2024-09-01 13:28:15.649,OnTrack,5871.0,9204.0,1886.0,pos,0 days 00:00:53.700000,0 days 01:20:31.730000,11145.333333333334,313.0,8,100.0,False,0,3462.6289819315,0.6066792057754586
2024-09-01 13:28:15.785,OnTrack,5781.906587238424,9126.95871758548,1884.5264572153455,car,0 days 00:00:53.836000,0 days 01:20:31.866000,11151.0,313.0,8,100.0,False,0,3474.4611111111117,0.6087522857302492
2024-09-01 13:28:15.829,OnTrack,5753.0,9102.0,1884.0,pos,0 days 00:00:53.880000,0 days 01:20:31.910000,11153.016666666666,313.3666666666667,8,100.0,False,0,3478.302067697132,0.6094252508394724
2024-09-01 13:28:16.025,OnTrack,5623.386326188695,8989.86416176037,1880.2831829229133,car,0 days 00:00:54.076000,0 days 01:20:32.106000,11162.0,315.0,8,100.0,False,0,3495.4611111111117,0.6124316471021332
2024-09-01 13:28:16.089,OnTrack,5581.0,8953.0,1879.0,pos,0 days 00:00:54.140000,0 days 01:20:32.170000,11166.0,315.0,8,100.0,False,0,3501.06249252603,0.6134130521691445
2024-09-01 13:28:16.185,OnTrack,5517.487713218421,8897.523134518657,1877.2327759363104,car,0 days 00:00:54.236000,0 days 01:20:32.266000,11172.0,315.0,8,100.0,False,0,3509.461111111112,0.6148845546833892
2024-09-01 13:28:16.269,OnTrack,5462.0,8849.0,1876.0,pos,0 days 00:00:54.320000,0 days 01:20:32.350000,11175.669267137026,315.0,8,100.0,False,0,3516.8084168587443,0.6161718591098302
2024-09-01 13:28:16.826,OnTrack,5094.989920595439,8529.732286939661,1875.9914703664522,car,0 days 00:00:54.877000,0 days 01:20:32.907000,11200.0,315.0,8,100.0,False,0,3565.5486111111118,0.6247115156807959
2024-09-01 13:28:16.829,OnTrack,5093.0,8528.0,1876.0,pos,0 days 00:00:54.880000,0 days 01:20:32.910000,11200.032143542858,315.0107145142857,8,100.0,False,0,3565.811702809924,0.6247576113681232
2024-09-01 13:28:17.106,OnTrack,4908.980299719274,8367.721846815502,1876.9773450593232,car,0 days 00:00:55.157000,0 days 01:20:33.187000,11203.0,316.0,8,100.0,False,0,3590.12638888889,0.6290177312123342
2024-09-01 13:28:17.109,OnTrack,4907.0,8366.0,1877.0,pos,0 days 00:00:55.160000,0 days 01:20:33.190000,11203.397857858556,316.0,8,100.0,False,0,3590.3897490675154,0.6290638739393879
2024-09-01 13:28:17.385,OnTrack,4724.968056256294,8208.032574063778,1880.3775527382475,car,0 days 00:00:55.436000,0 days 01:20:33.466000,11240.0,316.0,8,100.0,False,0,3614.6163888888896,0.6333085674026884
2024-09-01 13:28:17.429,OnTrack,4695.0,8182.0,1881.0,pos,0 days 00:00:55.480000,0 days 01:20:33.510000,11235.71,316.0,8,100.0,False,0,3618.4807584864893,0.6339856346514546
2024-09-01 13:28:17.629,OnTrack,4549.0,8055.0,1884.0,pos,0 days 00:00:55.680000,0 days 01:20:33.710000,11216.21,316.0,8,100.0,False,0,3636.054477122394,0.6370646851995168
2024-09-01 13:28:17.785,OnTrack,4407.037424082057,7931.596512864543,1887.1366429030463,car,0 days 00:00:55.836000,0 days 01:20:33.866000,11201.0,316.0,8,100.0,False,0,3649.7275000000004,0.6394603038763144
2024-09-01 13:28:17.968,OnTrack,4243.0,7789.0,1891.0,pos,0 days 00:00:56.019000,0 days 01:20:34.049000,11175.074990933334,314.98333297777776,8,100.0,False,0,3665.701326712612,0.6422590410652455
2024-09-01 13:28:18.145,OnTrack,4131.833993358459,7692.191020162494,1893.918079080534,car,0 days 00:00:56.196000,0 days 01:20:34.226000,11150.0,314.0,8,100.0,False,0,3681.127500000001,0.6449618251657029
2024-09-01 13:28:18.465,OnTrack,3967.0678742829305,7548.793078271566,1897.9621905662657,car,0 days 00:00:56.516000,0 days 01:20:34.546000,11122.0,314.0,8,100.0,False,0,3709.038611111112,0.6498520663118259
2024-09-01 13:28:18.468,OnTrack,3965.0,7547.0,1898.0,pos,0 days 00:00:56.519000,0 days 01:20:34.549000,11121.74499456,313.98499968,8,100.0,False,0,3709.2998892549413,0.6498978442503841
2024-09-01 13:28:18.665,OnTrack,3805.6430621031814,7409.030530614007,1900.5004823642075,car,0 days 00:00:56.716000,0 days 01:20:34.746000,11105.0,313.0,8,100.0,False,0,3726.4275000000007,0.6528987332679097
2024-09-01 13:28:18.825,OnTrack,3690.671501934081,7309.450452137741,1901.9812142854548,car,0 days 00:00:56.876000,0 days 01:20:34.906000,11094.0,312.0,8,100.0,False,0,3740.2941666666675,0.6553282798245823
2024-09-01 13:28:18.828,OnTrack,3689.0,7308.0,1902.0,pos,0 days 00:00:56.879000,0 days 01:20:34.909000,11093.649992533334,312.0,8,100.0,False,0,3740.554419360688,0.6553738780964541
2024-09-01 13:28:19.065,OnTrack,3600.0974360108903,7230.507243570267,1902.7023944033997,car,0 days 00:00:57.116000,0 days 01:20:35.146000,11066.0,312.0,8,100.0,False,0,3761.094166666667,0.6589725996595911
2024-09-01 13:28:19.129,OnTrack,3572.0,7206.0,1903.0,pos,0 days 00:00:57.180000,0 days 01:20:35.210000,10987.163636363637,310.6909090909091,8,85.45454545454545,False,0,3766.5765319219117,0.6599331521808628
2024-09-01 13:28:19.449,OnTrack,3365.0,7026.0,1906.0,pos,0 days 00:00:57.500000,0 days 01:20:35.530000,10592.98181818182,304.1454545454545,8,12.727272727272734,False,0,3793.4876033183737,0.6646481786842986
2024-09-01 13:28:19.505,OnTrack,3330.864578262749,6996.42355802786,1906.5239192675517,car,0 days 00:00:57.556000,0 days 01:20:35.586000,10524.0,303.0,8,0.0,False,0,3798.127500000001,0.6654611242376278
2024-09-01 13:28:19.689,OnTrack,3215.0,6896.0,1908.0,pos,0 days 00:00:57.740000,0 days 01:20:35.770000,10128.91111111111,295.3333333333333,8,0.0,False,0,3813.2386656353106,0.6681087165768039
2024-09-01 13:28:19.865,OnTrack,3060.1115612876556,6760.789896570775,1908.9233408784937,car,0 days 00:00:57.916000,0 days 01:20:35.946000,9751.0,288.0,8,0.0,True,0,3826.9275000000007,0.67050710554764
2024-09-01 13:28:19.889,OnTrack,3041.0,6744.0,1909.0,pos,0 days 00:00:57.940000,0 days 01:20:35.970000,9711.04,283.8,8,0.0,True,0,3828.69460593949,0.6708167160873441
2024-09-01 13:28:20.065,OnTrack,2934.6884606224075,6649.468239580444,1909.1631063248824,car,0 days 00:00:58.116000,0 days 01:20:36.146000,9418.0,253.0,8,0.0,True,0,3840.983055555556,0.672969746889139
2024-09-01 13:28:20.249,OnTrack,2863.0,6584.0,1909.0,pos,0 days 00:00:58.300000,0 days 01:20:36.330000,9129.12,231.84,8,0.0,True,0,3852.789947437358,0.6750384050754206
2024-09-01 13:28:20.265,OnTrack,2857.451010457688,6578.887844006307,1908.9907387469268,car,0 days 00:00:58.316000,0 days 01:20:36.346000,9104.0,230.0,7,0.0,True,0,3853.7608333333337,0.6752085117450473
2024-09-01 13:28:20.505,OnTrack,2785.9243485096135,6511.570939665505,1908.9474405842739,car,0 days 00:00:58.556000,0 days 01:20:36.586000,9150.0,203.0,7,0.0,True,0,3867.294166666667,0.6775796557402614
2024-09-01 13:28:20.629,OnTrack,2749.0,6473.0,1909.0,pos,0 days 00:00:58.680000,0 days 01:20:36.710000,9159.3,195.6727272727273,7,0.0,True,0,3873.7230156896003,0.6787060394907687
2024-09-01 13:28:20.945,OnTrack,2650.928051128957,6357.213470174302,1909.0118462539954,car,0 days 00:00:58.996000,0 days 01:20:37.026000,9183.0,177.0,5,0.0,True,0,3888.9275000000002,0.6813699819789164
2024-09-01 13:28:20.949,OnTrack,2650.0,6356.0,1909.0,pos,0 days 00:00:59,0 days 01:20:37.030000,9178.166666666666,176.86666666666667,5,0.0,True,0,3889.1149447047837,0.6814028237315899
2024-09-01 13:28:21.149,OnTrack,2612.0,6292.0,1908.0,pos,0 days 00:00:59.200000,0 days 01:20:37.230000,8936.5,170.2,5,0.0,True,0,3898.358147612908,0.6830223039093346
2024-09-01 13:28:21.305,OnTrack,2573.854120764181,6187.080406631561,1907.1504956195317,car,0 days 00:00:59.356000,0 days 01:20:37.386000,8748.0,165.0,5,0.0,False,0,3905.4275000000002,0.6842609087711109
2024-09-01 13:28:21.349,OnTrack,2565.0,6161.0,1907.0,pos,0 days 00:00:59.400000,0 days 01:20:37.430000,8745.36,164.45,5,2.86,False,0,3907.4035978997335,0.6846071363082223
2024-09-01 13:28:21.705,OnTrack,2547.3869808983004,6064.265682400221,1907.2023418397114,car,0 days 00:00:59.756000,0 days 01:20:37.786000,8724.0,160.0,5,26.0,False,0,3923.205277777778,0.6873757120488962
2024-09-01 13:28:21.769,OnTrack,2547.0,6025.0,1907.0,pos,0 days 00:00:59.820000,0 days 01:20:37.850000,8770.628571428571,160.22857142857143,5,33.542857142857144,False,0,3926.048778436845,0.6878739152148915
2024-09-01 13:28:21.929,OnTrack,2545.0,5885.0,1906.0,pos,0 days 00:00:59.980000,0 days 01:20:38.010000,8887.2,160.8,5,52.400000000000006,False,0,3933.194273371685,0.6891258608361411
2024-09-01 13:28:21.985,OnTrack,2544.5704643688377,5843.641491589314,1905.7032675534197,car,0 days 00:01:00.036000,0 days 01:20:38.066000,8928.0,161.0,5,59.0,False,0,3935.7275000000004,0.6895697016076864
2024-09-01 13:28:22.265,OnTrack,2545.206514231357,5731.530901688414,1905.0545295830207,car,0 days 00:01:00.316000,0 days 01:20:38.346000,9129.0,167.0,5,81.0,False,0,3948.7163888888895,0.6918454547525184
2024-09-01 13:28:22.389,OnTrack,2545.0,5694.0,1905.0,pos,0 days 00:01:00.440000,0 days 01:20:38.470000,9368.475,170.875,5,88.3625,False,0,3954.689200228613,0.6928919371965626
2024-09-01 13:28:22.585,OnTrack,2542.8838874755343,5628.392942404561,1905.068343222605,car,0 days 00:01:00.636000,0 days 01:20:38.666000,9747.0,177.0,5,100.0,False,0,3964.4497222222226,0.6946020556533583
2024-09-01 13:28:22.689,OnTrack,2540.0,5586.0,1905.0,pos,0 days 00:01:00.740000,0 days 01:20:38.770000,9830.942857142858,181.0857142857143,5,97.02857142857142,False,0,3969.806075829826,0.6955405299656425
2024-09-01 13:28:22.865,OnTrack,2531.3874916298864,5497.943150453609,1904.5331482805075,car,0 days 00:01:00.916000,0 days 01:20:38.946000,9973.0,188.0,5,92.0,False,0,3979.071944444445,0.6971639813493368
2024-09-01 13:28:22.989,OnTrack,2521.0,5432.0,1904.0,pos,0 days 00:01:01.040000,0 days 01:20:39.070000,10240.254764623012,191.0807465662595,5,81.21738701809173,False,0,3985.6695445903856,0.698319931593342
2024-09-01 13:28:23.026,OnTrack,2517.0257767107946,5412.723281227153,1903.8156276462496,car,0 days 00:01:01.077000,0 days 01:20:39.107000,10320.0,192.0,5,78.0,False,0,3987.6586111111114,0.6986684313325071
2024-09-01 13:28:23.169,OnTrack,2498.0,5339.0,1903.0,pos,0 days 00:01:01.220000,0 days 01:20:39.250000,10455.135060479999,194.50250112,5,78.0,False,0,3995.4566574054643,0.7000347089663931
2024-09-01 13:28:23.329,OnTrack,2471.0,5256.0,1902.0,pos,0 days 00:01:01.380000,0 days 01:20:39.410000,10606.33506048,197.30250112,5,78.0,False,0,4004.3520047358675,0.7015932421738681
2024-09-01 13:28:23.426,OnTrack,2453.8516566626918,5209.514219965162,1901.5819900141523,car,0 days 00:01:01.477000,0 days 01:20:39.507000,10698.0,199.0,5,78.0,False,0,4009.7697222222223,0.7025424679092527
2024-09-01 13:28:23.586,OnTrack,2416.7687914281605,5128.399357530448,1901.0879126719694,car,0 days 00:01:01.637000,0 days 01:20:39.667000,10988.0,202.0,5,85.0,False,0,4018.7475,0.7041154435645343
2024-09-01 13:28:23.609,OnTrack,2409.0,5114.0,1901.0,pos,0 days 00:01:01.660000,0 days 01:20:39.690000,11008.5563072,202.4312512,5,86.437504,False,0,4020.0471694065577,0.7043431556317108
2024-09-01 13:28:23.746,OnTrack,2349.9929288150665,5013.959797026157,1900.3745939961038,car,0 days 00:01:01.797000,0 days 01:20:39.827000,11131.0,205.0,5,95.0,False,0,4027.8586111111113,0.7057117802443993
2024-09-01 13:28:23.829,OnTrack,2315.0,4959.0,1900.0,pos,0 days 00:01:01.880000,0 days 01:20:39.910000,11241.603713807204,206.8906617744821,5,95.94533088724106,False,0,4032.672725891248,0.7065552501473444
2024-09-01 13:28:24.185,OnTrack,2216.2690534138837,4839.470309391164,1899.026566154369,car,0 days 00:01:02.236000,0 days 01:20:40.266000,11716.0,215.0,5,100.0,False,0,4054.076666666667,0.7103053850471144
2024-09-01 13:28:24.229,OnTrack,2200.0,4822.0,1899.0,pos,0 days 00:01:02.280000,0 days 01:20:40.310000,11594.175,216.7875,5,100.0,False,0,4056.8114599478977,0.7107845418451644
2024-09-01 13:28:24.289,OnTrack,2175.0,4795.0,1899.0,pos,0 days 00:01:02.340000,0 days 01:20:40.370000,11428.05,219.225,5,100.0,False,0,4060.5727609984046,0.7114435506924626
2024-09-01 13:28:24.505,OnTrack,2078.1715665257693,4697.478786517786,1899.2442304255294,car,0 days 00:01:02.556000,0 days 01:20:40.586000,10830.0,228.0,5,100.0,False,0,4074.3433333333337,0.7138562607837897
2024-09-01 13:28:24.628,OnTrack,2025.0,4641.0,1899.0,pos,0 days 00:01:02.679000,0 days 01:20:40.709000,10776.187472,230.3062512,5,100.0,False,0,4082.280207855257,0.7152468621899543
2024-09-01 13:28:24.808,OnTrack,1955.0,4554.0,1898.0,pos,0 days 00:01:02.859000,0 days 01:20:40.889000,10697.437472,233.6812512,5,100.0,False,0,4094.0249718120185,0.7173046350863544
2024-09-01 13:28:24.825,OnTrack,1948.8724984296134,4545.213546806233,1897.9573674455853,car,0 days 00:01:02.876000,0 days 01:20:40.906000,10690.0,234.0,6,100.0,False,0,4095.143333333334,0.7175005806187986
2024-09-01 13:28:24.968,OnTrack,1901.0,4467.0,1898.0,pos,0 days 00:01:03.019000,0 days 01:20:41.049000,10826.7438112,236.234376,6,100.0,False,0,4104.61372126896,0.7191598653591367
2024-09-01 13:28:25.145,OnTrack,1852.7163746882027,4362.778216915234,1898.0029093642927,car,0 days 00:01:03.196000,0 days 01:20:41.226000,10996.0,239.0,6,100.0,False,0,4116.387777777778,0.7212227705357521
2024-09-01 13:28:25.148,OnTrack,1852.0,4361.0,1898.0,pos,0 days 00:01:03.199000,0 days 01:20:41.229000,11000.1438384,239.0,6,100.0,False,0,4116.586657102105,0.7212576157216376
2024-09-01 13:28:25.305,OnTrack,1819.155219220536,4268.4873347006105,1897.6877770138774,car,0 days 00:01:03.356000,0 days 01:20:41.386000,11217.0,239.0,6,100.0,False,0,4127.01,0.7230838654942289
2024-09-01 13:28:25.468,OnTrack,1789.0,4152.0,1897.0,pos,0 days 00:01:03.519000,0 days 01:20:41.549000,11261.8250176,243.6571446857143,6,100.0,False,0,4138.109455419273,0.725028575376068
2024-09-01 13:28:25.585,OnTrack,1766.3628414578168,4042.8237195251486,1896.2777502411545,car,0 days 00:01:03.636000,0 days 01:20:41.666000,11294.0,247.0,6,100.0,False,0,4146.221111111111,0.7264497997862857
2024-09-01 13:28:25.649,OnTrack,1756.0,3987.0,1896.0,pos,0 days 00:01:03.700000,0 days 01:20:41.730000,11387.6,248.6,6,100.0,False,0,4150.693366618812,0.7272333733177252
2024-09-01 13:28:25.825,OnTrack,1740.5050790993362,3878.4648151630277,1896.134385475139,car,0 days 00:01:03.876000,0 days 01:20:41.906000,11645.0,253.0,6,100.0,False,0,4163.087777777777,0.7294049693960843
2024-09-01 13:28:25.985,OnTrack,1733.213343001099,3792.5138209196875,1896.0217779821005,car,0 days 00:01:04.036000,0 days 01:20:42.066000,11778.0,255.0,6,100.0,False,0,4174.421111111111,0.7313906564856726
2024-09-01 13:28:25.989,OnTrack,1733.0,3790.0,1896.0,pos,0 days 00:01:04.040000,0 days 01:20:42.070000,11769.171428571428,255.07142857142858,6,100.0,False,0,4174.706276768425,0.731440619700154
2024-09-01 13:28:26.229,OnTrack,1718.0,3618.0,1894.0,pos,0 days 00:01:04.280000,0 days 01:20:42.310000,11239.457142857143,259.35714285714283,6,100.0,False,0,4192.014788979571,0.7344732040446527
2024-09-01 13:28:26.265,OnTrack,1715.5887675282993,3592.8356864468096,1893.9524888648584,car,0 days 00:01:04.316000,0 days 01:20:42.346000,11160.0,260.0,6,100.0,False,0,4194.6433333333325,0.7349337452141533
2024-09-01 13:28:26.329,OnTrack,1711.0,3546.0,1894.0,pos,0 days 00:01:04.380000,0 days 01:20:42.410000,11094.222222222223,261.06666666666666,6,100.0,False,0,4199.336607295244,0.7357560428771593
2024-09-01 13:28:26.625,OnTrack,1681.683652307701,3240.546402722575,1893.225611401372,car,0 days 00:01:04.676000,0 days 01:20:42.706000,10790.0,266.0,7,100.0,False,0,4221.243333333333,0.7395942696185398
2024-09-01 13:28:26.669,OnTrack,1678.0,3203.0,1893.0,pos,0 days 00:01:04.720000,0 days 01:20:42.750000,10796.6,266.0,7,100.0,False,0,4224.492099416133,0.7401634784009846
2024-09-01 13:28:26.825,OnTrack,1668.2824561140037,3108.0608142692063,1892.0074032048228,car,0 days 00:01:04.876000,0 days 01:20:42.906000,10820.0,266.0,7,100.0,False,0,4236.021111111111,0.742183449843199
2024-09-01 13:28:26.985,OnTrack,1661.3364315094466,3040.9379996538387,1891.092052010378,car,0 days 00:01:05.036000,0 days 01:20:43.066000,10910.0,270.0,7,100.0,False,0,4248.021111111112,0.7442859420557042
2024-09-01 13:28:27.049,OnTrack,1658.0,3004.0,1891.0,pos,0 days 00:01:05.100000,0 days 01:20:43.130000,10954.2,271.8,7,100.0,False,0,4252.906112698711,0.7451418318720376
2024-09-01 13:28:27.305,OnTrack,1641.2953812628202,2808.1356883083663,1891.0386732414606,car,0 days 00:01:05.356000,0 days 01:20:43.386000,11131.0,279.0,7,100.0,False,0,4272.821111111111,0.7486310926282147
2024-09-01 13:28:27.309,OnTrack,1641.0,2805.0,1891.0,pos,0 days 00:01:05.360000,0 days 01:20:43.390000,11132.833333333334,279.05,7,100.0,False,0,4273.133550732307,0.7486858344507515
2024-09-01 13:28:27.389,OnTrack,1635.0,2743.0,1890.0,pos,0 days 00:01:05.440000,0 days 01:20:43.470000,11169.5,280.05,7,100.0,False,0,4279.384843170761,0.7497811089232467
2024-09-01 13:28:27.545,OnTrack,1624.2657159985226,2621.984536723638,1889.0204188438167,car,0 days 00:01:05.596000,0 days 01:20:43.626000,11241.0,282.0,7,100.0,False,0,4291.621111111111,0.7519249970944726
2024-09-01 13:28:27.549,OnTrack,1624.0,2619.0,1889.0,pos,0 days 00:01:05.600000,0 days 01:20:43.630000,11243.611111111111,282.0444444444444,7,100.0,False,0,4291.936471268627,0.7519802506174154
2024-09-01 13:28:27.889,OnTrack,1599.0,2353.0,1887.0,pos,0 days 00:01:05.940000,0 days 01:20:43.970000,11465.555555555555,285.8222222222222,7,100.0,False,0,4318.950537163291,0.7567133225483846
2024-09-01 13:28:27.905,OnTrack,1597.3726398268416,2335.359904870462,1886.9214030688706,car,0 days 00:01:05.956000,0 days 01:20:43.986000,11476.0,286.0,7,100.0,False,0,4320.221111111111,0.7569359368676098
2024-09-01 13:28:28.065,OnTrack,1579.0034162867269,2133.4366360942163,1886.257326114098,car,0 days 00:01:06.116000,0 days 01:20:44.146000,11535.0,286.0,7,100.0,False,0,4332.932222222223,0.7591630212112265
2024-09-01 13:28:28.129,OnTrack,1573.0,2067.0,1886.0,pos,0 days 00:01:06.180000,0 days 01:20:44.210000,11566.466666666667,287.3333333333333,7,100.0,False,0,4338.066463477037,0.7600625797325073
2024-09-01 13:28:28.305,OnTrack,1564.104737064221,1967.9332912390355,1885.235381422689,car,0 days 00:01:06.356000,0 days 01:20:44.386000,11653.0,291.0,7,100.0,False,0,4352.332222222222,0.7625620502881096
2024-09-01 13:28:28.509,OnTrack,1554.0,1857.0,1884.0,pos,0 days 00:01:06.560000,0 days 01:20:44.590000,11151.345454545455,292.8545454545455,7,100.0,False,0,4368.998800408623,0.7654821628586108
2024-09-01 13:28:28.745,OnTrack,1527.3351879781346,1567.6437029758072,1882.0254818338199,car,0 days 00:01:06.796000,0 days 01:20:44.826000,10571.0,295.0,8,100.0,False,0,4388.387777777778,0.7688792606858681
2024-09-01 13:28:28.749,OnTrack,1527.0,1564.0,1882.0,pos,0 days 00:01:06.800000,0 days 01:20:44.830000,10572.483333333334,295.03333333333336,8,100.0,False,0,4388.716839782614,0.7689369148777514
2024-09-01 13:28:28.985,OnTrack,1517.0730696784365,1454.9796039826533,1881.133074363741,car,0 days 00:01:07.036000,0 days 01:20:45.066000,10660.0,297.0,8,100.0,False,0,4408.187777777779,0.7723483728365017
2024-09-01 13:28:29.029,OnTrack,1515.0,1432.0,1881.0,pos,0 days 00:01:07.080000,0 days 01:20:45.110000,10667.0125,297.55,8,100.0,False,0,4411.84451837275,0.7729890618885082
2024-09-01 13:28:29.305,OnTrack,1494.2940122677653,1203.2348952601262,1880.0137453970424,car,0 days 00:01:07.356000,0 days 01:20:45.386000,10711.0,301.0,8,100.0,False,0,4434.943333333334,0.7770361517695685
2024-09-01 13:28:29.309,OnTrack,1494.0,1200.0,1880.0,pos,0 days 00:01:07.360000,0 days 01:20:45.390000,10711.175,301.025,8,100.0,False,0,4435.278548226603,0.7770948839947863
2024-09-01 13:28:29.465,OnTrack,1483.1921415213128,1081.9015583422743,1879.4462770015928,car,0 days 00:01:07.516000,0 days 01:20:45.546000,10718.0,302.0,8,100.0,False,0,4448.365555555555,0.7793878282442963
2024-09-01 13:28:29.529,OnTrack,1477.0,1016.0,1879.0,pos,0 days 00:01:07.580000,0 days 01:20:45.610000,10746.925273491877,302.6832741769735,8,100.0,False,0,4453.76143716335,0.7803332281659621
2024-09-01 13:28:29.709,OnTrack,1453.0,764.0,1877.0,pos,0 days 00:01:07.760000,0 days 01:20:45.790000,10828.277605187783,304.60498279971137,8,100.0,False,0,4469.025084631978,0.7830075364940632
2024-09-01 13:28:29.746,OnTrack,1448.7090562637597,718.5726639575752,1876.6621741295467,car,0 days 00:01:07.797000,0 days 01:20:45.827000,10845.0,305.0,8,100.0,False,0,4472.1725,0.7835589878524619
2024-09-01 13:28:30.149,OnTrack,1422.0,424.0,1875.0,pos,0 days 00:01:08.200000,0 days 01:20:46.230000,10975.059111563636,307.7477277090909,8,100.0,False,0,4506.636571802459,0.7895973580671193
2024-09-01 13:28:30.186,OnTrack,1419.9273367825936,400.8084184077499,1874.81931603798,car,0 days 00:01:08.237000,0 days 01:20:46.267000,10987.0,308.0,8,100.0,False,0,4509.816944444444,0.7901545837931724
2024-09-01 13:28:30.386,OnTrack,1408.2895338701467,271.37251552340126,1873.5727838229611,car,0 days 00:01:08.437000,0 days 01:20:46.467000,11016.0,310.0,8,100.0,False,0,4527.0391666666665,0.793172049468527
2024-09-01 13:28:30.549,OnTrack,1397.0,149.0,1873.0,pos,0 days 00:01:08.600000,0 days 01:20:46.630000,11042.89501056,310.0,8,100.0,False,0,4541.0665797329775,0.7956297600296529
2024-09-01 13:28:30.586,OnTrack,1394.1161402756272,118.21882585129497,1872.9843971786095,car,0 days 00:01:08.637000,0 days 01:20:46.667000,11049.0,310.0,8,100.0,False,0,4544.261388888889,0.7961895151438816
2024-09-01 13:28:30.709,OnTrack,1384.0,11.0,1873.0,pos,0 days 00:01:08.760000,0 days 01:20:46.790000,11063.266462241212,311.15674018171984,8,100.0,False,0,4554.927752882281,0.7980583440798693
2024-09-01 13:28:30.905,OnTrack,1368.3069076910735,-157.54901781663284,1872.02200224341,car,0 days 00:01:08.956000,0 days 01:20:46.986000,11086.0,313.0,8,100.0,False,0,4571.996666666666,0.8010489489388352
2024-09-01 13:28:30.909,OnTrack,1368.0,-161.0,1872.0,pos,0 days 00:01:08.960000,0 days 01:20:46.990000,11087.083333333334,313.0,8,100.0,False,0,4572.34464646492,0.8011099176734966
2024-09-01 13:28:31.108,OnTrack,1353.0,-334.0,1871.0,pos,0 days 00:01:09.159000,0 days 01:20:47.189000,11140.979184,313.0,8,100.0,False,0,4589.643471892808,0.8041408048191316
2024-09-01 13:28:31.145,OnTrack,1350.012418771088,-366.1989515302902,1870.8033808954656,car,0 days 00:01:09.196000,0 days 01:20:47.226000,11151.0,313.0,8,100.0,False,0,4592.863333333334,0.8047049492861359
2024-09-01 13:28:31.288,OnTrack,1338.0,-490.0,1870.0,pos,0 days 00:01:09.339000,0 days 01:20:47.369000,11165.89584,313.5958336,8,100.0,False,0,4605.327732669114,0.8068888078308886
2024-09-01 13:28:31.385,OnTrack,1330.146650769349,-572.6048973580291,1869.4566677749926,car,0 days 00:01:09.436000,0 days 01:20:47.466000,11176.0,314.0,8,100.0,False,0,4613.796666666666,0.808372630145728
2024-09-01 13:28:31.648,OnTrack,1309.0,-803.0,1868.0,pos,0 days 00:01:09.699000,0 days 01:20:47.729000,11189.1500032,314.4870371555556,8,100.0,False,0,4636.803712733804,0.8124036414114699
2024-09-01 13:28:32.465,OnTrack,1232.578226694973,-1642.2714855038548,1864.0559492136958,car,0 days 00:01:10.516000,0 days 01:20:48.546000,11230.0,316.0,8,100.0,False,0,4708.596666666666,0.8249823186245184
2024-09-01 13:28:32.489,OnTrack,1231.0,-1659.0,1864.0,pos,0 days 00:01:10.540000,0 days 01:20:48.570000,11233.9,316.06,8,100.0,False,0,4710.70932034452,0.8253524717833025
2024-09-01 13:28:32.849,OnTrack,1211.0,-1870.0,1863.0,pos,0 days 00:01:10.900000,0 days 01:20:48.930000,11292.4,316.96,8,100.0,False,0,4742.4103074274835,0.8309067283225238
2024-09-01 13:28:32.865,OnTrack,1209.8987244066118,-1882.3808625934164,1862.878472765663,car,0 days 00:01:10.916000,0 days 01:20:48.946000,11295.0,317.0,8,100.0,False,0,4743.818888888889,0.8311535226186307
2024-09-01 13:28:33.069,OnTrack,1194.0,-2063.0,1861.0,pos,0 days 00:01:11.120000,0 days 01:20:49.150000,11283.1,317.0,8,100.0,False,0,4761.778804537941,0.8343002378510792
2024-09-01 13:28:33.105,OnTrack,1191.2255157685013,-2093.0811282424,1860.7951636529795,car,0 days 00:01:11.156000,0 days 01:20:49.186000,11281.0,317.0,8,100.0,False,0,4764.952222222222,0.8348562450150981
2024-09-01 13:28:33.309,OnTrack,1174.0,-2274.0,1860.0,pos,0 days 00:01:11.360000,0 days 01:20:49.390000,11279.0875,317.6375,8,100.0,False,0,4782.9679453232575,0.8380127381419794
2024-09-01 13:28:33.425,OnTrack,1159.4577153466848,-2433.164277468272,1858.7540333478187,car,0 days 00:01:11.476000,0 days 01:20:49.506000,11278.0,318.0,8,100.0,False,0,4793.2188888888895,0.8398087822267769
2024-09-01 13:28:33.509,OnTrack,1150.0,-2537.0,1858.0,pos,0 days 00:01:11.560000,0 days 01:20:49.590000,11282.2,318.0,8,100.0,False,0,4800.639298280728,0.8411088949734387
2024-09-01 13:28:33.625,OnTrack,1142.1535059513035,-2621.258913900886,1857.7950495134519,car,0 days 00:01:11.676000,0 days 01:20:49.706000,11288.0,318.0,8,100.0,False,0,4810.885555555556,0.842904117984076
2024-09-01 13:28:33.785,OnTrack,1135.234410428008,-2693.487834274065,1858.0089969704893,car,0 days 00:01:11.836000,0 days 01:20:49.866000,11251.0,318.0,8,100.0,False,0,4825.01888888889,0.8453803865899155
2024-09-01 13:28:33.789,OnTrack,1135.0,-2696.0,1858.0,pos,0 days 00:01:11.840000,0 days 01:20:49.870000,11250.86,317.99,8,100.0,False,0,4825.371958934381,0.8454422471750084
2024-09-01 13:28:34.089,OnTrack,1111.0,-2959.0,1856.0,pos,0 days 00:01:12.140000,0 days 01:20:50.170000,11240.36,317.24,8,100.0,False,0,4851.8018380161975,0.8500729650872559
2024-09-01 13:28:34.185,OnTrack,1103.2863760321093,-3044.6713383376796,1855.558093395306,car,0 days 00:01:12.236000,0 days 01:20:50.266000,11237.0,317.0,8,100.0,False,0,4860.241111111111,0.8515515905840277
2024-09-01 13:28:34.329,OnTrack,1092.0,-3169.0,1855.0,pos,0 days 00:01:12.380000,0 days 01:20:50.410000,11196.68,316.28,8,100.0,False,0,4872.884778219174,0.8537668582200452
2024-09-01 13:28:34.385,OnTrack,1087.4872900378552,-3217.520450449893,1854.6835118717258,car,0 days 00:01:12.436000,0 days 01:20:50.466000,11181.0,316.0,8,100.0,False,0,4877.796666666667,0.8546274588208408
2024-09-01 13:28:34.489,OnTrack,1079.0,-3308.0,1854.0,pos,0 days 00:01:12.540000,0 days 01:20:50.570000,11167.48,315.74,8,100.0,False,0,4886.911045473334,0.8562243680260773
2024-09-01 13:28:34.649,OnTrack,1066.0,-3448.0,1853.0,pos,0 days 00:01:12.700000,0 days 01:20:50.730000,11146.68,315.34,8,100.0,False,0,4900.9135683342265,0.8586777176319483
2024-09-01 13:28:34.785,OnTrack,1054.9310085871855,-3566.5014863224346,1852.489471089475,car,0 days 00:01:12.836000,0 days 01:20:50.866000,11129.0,315.0,8,100.0,False,0,4912.796666666668,0.8607597277739808
2024-09-01 13:28:34.945,OnTrack,1041.9367424189443,-3705.2290736838127,1852.081294996618,car,0 days 00:01:12.996000,0 days 01:20:51.026000,11134.0,314.0,8,100.0,False,0,4926.752222222223,0.8632048483470423
2024-09-01 13:28:34.969,OnTrack,1040.0,-3726.0,1852.0,pos,0 days 00:01:13.020000,0 days 01:20:51.050000,11129.68,313.88,8,100.0,False,0,4928.8423568074795,0.8635710559877581
2024-09-01 13:28:35.145,OnTrack,1025.7542066603319,-3878.041770659259,1851.2354326430802,car,0 days 00:01:13.196000,0 days 01:20:51.226000,11098.0,313.0,8,100.0,False,0,4944.141111111112,0.866251515303126
2024-09-01 13:28:35.189,OnTrack,1022.0,-3916.0,1851.0,pos,0 days 00:01:13.240000,0 days 01:20:51.270000,11064.45,312.45,8,90.83333333333333,False,0,4947.957320146682,0.8669201444513409
2024-09-01 13:28:35.389,OnTrack,1004.0,-4088.0,1850.0,pos,0 days 00:01:13.440000,0 days 01:20:51.470000,10911.95,309.95,8,49.166666666666664,False,0,4965.260128383152,0.8699517294156448
2024-09-01 13:28:35.529,OnTrack,992.0,-4207.0,1850.0,pos,0 days 00:01:13.580000,0 days 01:20:51.610000,10805.2,308.2,8,20.0,False,0,4977.145744119172,0.8720341806261291
2024-09-01 13:28:35.625,OnTrack,983.6849807509531,-4288.438710601324,1849.5435988485826,car,0 days 00:01:13.676000,0 days 01:20:51.706000,10732.0,307.0,8,0.0,True,0,4985.074444444444,0.8734233498502267
2024-09-01 13:28:35.709,OnTrack,976.0,-4359.0,1849.0,pos,0 days 00:01:13.760000,0 days 01:20:51.790000,10485.6,300.93333333333334,8,0.0,True,0,4991.864276727958,0.8746129806419186
2024-09-01 13:28:35.985,OnTrack,948.3621872280797,-4576.224450096728,1848.0014770093665,car,0 days 00:01:14.036000,0 days 01:20:52.066000,9676.0,281.0,8,0.0,True,0,5013.174444444446,0.8783466857811765
2024-09-01 13:28:35.989,OnTrack,948.0,-4579.0,1848.0,pos,0 days 00:01:14.040000,0 days 01:20:52.070000,9671.329190689865,280.50310539253877,8,0.0,True,0,5013.4714836424955,0.8783987293312354
2024-09-01 13:28:36.146,OnTrack,935.1771717561347,-4677.965070489129,1848.2633227635902,car,0 days 00:01:14.197000,0 days 01:20:52.227000,9488.0,261.0,8,0.0,True,0,5024.8469444444445,0.8803917974770483
2024-09-01 13:28:36.269,OnTrack,918.0,-4778.0,1848.0,pos,0 days 00:01:14.320000,0 days 01:20:52.350000,9470.574990933334,251.26249493333333,8,0.0,True,0,5033.326457414504,0.8818774733091639
2024-09-01 13:28:36.386,OnTrack,890.0648179781849,-4914.536603593164,1846.7792702582594,car,0 days 00:01:14.437000,0 days 01:20:52.467000,9454.0,242.0,8,0.0,True,0,5040.980277777779,0.8832184814516387
2024-09-01 13:28:36.469,OnTrack,872.0,-4999.0,1846.0,pos,0 days 00:01:14.520000,0 days 01:20:52.550000,9442.681809454545,235.7749952,8,0.0,True,0,5046.137496525435,0.8841220658062332
2024-09-01 13:28:36.789,OnTrack,844.0,-5103.0,1846.0,pos,0 days 00:01:14.840000,0 days 01:20:52.870000,9399.045445818181,211.7749952,8,0.0,True,0,5064.446031412597,0.8873298618081196
2024-09-01 13:28:36.826,OnTrack,838.240672360615,-5119.810412799402,1845.84075273925,car,0 days 00:01:14.877000,0 days 01:20:52.907000,9394.0,209.0,6,0.0,True,0,5066.524722222223,0.8876940644114066
2024-09-01 13:28:37.066,OnTrack,785.6034655449927,-5270.41517750522,1844.012465863595,car,0 days 00:01:15.117000,0 days 01:20:53.147000,9054.0,201.0,6,0.0,True,0,5079.924722222223,0.8900418473820373
2024-09-01 13:28:37.069,OnTrack,785.0,-5272.0,1844.0,pos,0 days 00:01:15.120000,0 days 01:20:53.150000,9073.9129248,200.8874976,6,0.0,True,0,5080.089473033724,0.8900707129902193
2024-09-01 13:28:37.226,OnTrack,757.3142760214762,-5337.239459318957,1843.8956131979567,car,0 days 00:01:15.277000,0 days 01:20:53.307000,10116.0,195.0,6,0.0,True,0,5088.59138888889,0.8915603139799577
2024-09-01 13:28:37.309,OnTrack,741.0,-5369.0,1844.0,pos,0 days 00:01:15.360000,0 days 01:20:53.390000,10055.876955571468,193.4874705804143,6,0.0,True,0,5092.9985770522435,0.8923324872126657
2024-09-01 13:28:37.529,OnTrack,683.0,-5465.0,1844.0,pos,0 days 00:01:15.580000,0 days 01:20:53.610000,9896.514792016067,189.478359547574,6,0.0,True,0,5104.418058795351,0.8943332681656428
2024-09-01 13:28:37.665,OnTrack,640.8727561930498,-5520.418613847005,1843.3286432716177,car,0 days 00:01:15.716000,0 days 01:20:53.746000,9798.0,187.0,5,0.0,False,0,5111.395,0.8955556818781331
2024-09-01 13:28:37.748,OnTrack,613.0,-5552.0,1843.0,pos,0 days 00:01:15.799000,0 days 01:20:53.829000,9738.71424,185.8142848,5,2.0750016,False,0,5115.636743820127,0.8962988679905712
2024-09-01 13:28:37.928,OnTrack,547.0,-5615.0,1843.0,pos,0 days 00:01:15.979000,0 days 01:20:54.009000,9610.142811428572,183.24285622857144,5,6.575001599999999,False,0,5124.772661107237,0.8978995509030911
2024-09-01 13:28:37.945,OnTrack,540.4816531846468,-5620.500529408629,1843.006860347554,car,0 days 00:01:15.996000,0 days 01:20:54.026000,9598.0,183.0,5,7.0,False,0,5125.628333333334,0.8980494712524101
2024-09-01 13:28:38.145,OnTrack,460.2631442418833,-5679.200688782193,1843.0002524368626,car,0 days 00:01:16.196000,0 days 01:20:54.226000,9714.0,180.0,5,39.0,False,0,5135.628333333334,0.8998015480961643
2024-09-01 13:28:38.148,OnTrack,459.0,-5680.0,1843.0,pos,0 days 00:01:16.199000,0 days 01:20:54.229000,9714.80251712,180.01500032,5,39.24750528,False,0,5135.778402818458,0.8998278414231483
2024-09-01 13:28:38.408,OnTrack,344.0,-5740.0,1843.0,pos,0 days 00:01:16.459000,0 days 01:20:54.489000,9784.35251712,181.31500032,5,60.69750528,False,0,5148.851851168644,0.9021184100353862
2024-09-01 13:28:38.545,OnTrack,281.1462520557575,-5763.687643038176,1842.9993559580207,car,0 days 00:01:16.596000,0 days 01:20:54.626000,9821.0,182.0,5,72.0,False,0,5155.850555555556,0.903344636824645
2024-09-01 13:28:38.588,OnTrack,259.0,-5770.0,1843.0,pos,0 days 00:01:16.639000,0 days 01:20:54.669000,9858.471484342857,182.92142994285715,5,73.84285988571429,False,0,5158.068197006316,0.9037331846480078
2024-09-01 13:28:38.825,OnTrack,109.84345355697148,-5795.18336329801,1843.01460221664,car,0 days 00:01:16.876000,0 days 01:20:54.906000,10065.0,188.0,5,84.0,False,0,5170.472777777778,0.9059065625206235
2024-09-01 13:28:38.949,OnTrack,42.0,-5801.0,1843.0,pos,0 days 00:01:17,0 days 01:20:55.030000,10378.1,191.1,5,93.92,False,0,5177.088885609278,0.9070657554533588
2024-09-01 13:28:39.025,OnTrack,10.327605487594209,-5801.867199204724,1842.9767736730491,car,0 days 00:01:17.076000,0 days 01:20:55.106000,10570.0,193.0,5,100.0,False,0,5181.195000000001,0.9077851782475379
2024-09-01 13:28:39.169,OnTrack,-43.0,-5798.0,1843.0,pos,0 days 00:01:17.220000,0 days 01:20:55.250000,10729.6,196.6,5,100.0,False,0,5189.093866961204,0.9091691204369999
2024-09-01 13:28:39.265,OnTrack,-89.24138037335798,-5791.53964766502,1843.1723469973792,car,0 days 00:01:17.316000,0 days 01:20:55.346000,10836.0,199.0,5,100.0,False,0,5194.461666666667,0.9101096001935852
2024-09-01 13:28:39.569,OnTrack,-265.0,-5755.0,1844.0,pos,0 days 00:01:17.620000,0 days 01:20:55.650000,11267.3,205.96666666666667,5,100.0,False,0,5212.0434376118565,0.913190061568111
2024-09-01 13:28:39.745,OnTrack,-361.9296904749466,-5720.393307719354,1844.0012551372636,car,0 days 00:01:17.796000,0 days 01:20:55.826000,11517.0,210.0,5,100.0,False,0,5222.461666666667,0.9150154153560971
2024-09-01 13:28:39.749,OnTrack,-365.0,-5719.0,1844.0,pos,0 days 00:01:17.800000,0 days 01:20:55.830000,11520.8,210.12,5,100.0,False,0,5222.6995057254335,0.9150570865868376
2024-09-01 13:28:39.945,OnTrack,-558.6357925905309,-5620.237018375192,1843.9819899090712,car,0 days 00:01:17.996000,0 days 01:20:56.026000,11707.0,216.0,5,100.0,False,0,5234.461666666667,0.9171179075686022
2024-09-01 13:28:39.969,OnTrack,-579.0,-5609.0,1844.0,pos,0 days 00:01:18.020000,0 days 01:20:56.050000,11647.06,216.66,5,100.0,False,0,5235.930584437579,0.9173752732497815
2024-09-01 13:28:40.345,OnTrack,-723.3408473046279,-5503.04474481868,1844.9244953078417,car,0 days 00:01:18.396000,0 days 01:20:56.426000,10708.0,227.0,6,100.0,False,0,5259.68388888889,0.9215370347189603
2024-09-01 13:28:40.369,OnTrack,-731.0,-5496.0,1845.0,pos,0 days 00:01:18.420000,0 days 01:20:56.450000,10712.8,227.48,6,100.0,False,0,5261.217203340407,0.9218056831934299
2024-09-01 13:28:40.545,OnTrack,-799.1906363466471,-5434.524089388897,1845.5689270744801,car,0 days 00:01:18.596000,0 days 01:20:56.626000,10748.0,231.0,6,100.0,False,0,5272.517222222223,0.9237855333351115
2024-09-01 13:28:40.749,OnTrack,-898.0,-5334.0,1846.0,pos,0 days 00:01:18.800000,0 days 01:20:56.830000,11006.4,236.1,6,100.0,False,0,5285.915080062599,0.9261329409829151
2024-09-01 13:28:40.785,OnTrack,-916.7889363983131,-5312.026954527619,1846.0173786495197,car,0 days 00:01:18.836000,0 days 01:20:56.866000,11052.0,237.0,6,100.0,False,0,5288.317222222223,0.9265538147482433
2024-09-01 13:28:41.009,OnTrack,-1030.0,-5166.0,1846.0,pos,0 days 00:01:19.060000,0 days 01:20:57.090000,11169.274259018151,241.9639897997101,6,100.0,False,0,5303.514886655309,0.9292165623414791
2024-09-01 13:28:41.146,OnTrack,-1073.6609372567034,-5102.671877388432,1846.3604957214352,car,0 days 00:01:19.197000,0 days 01:20:57.227000,11241.0,245.0,6,100.0,False,0,5312.885277777777,0.9308583268717389
2024-09-01 13:28:41.289,OnTrack,-1112.0,-5039.0,1847.0,pos,0 days 00:01:19.340000,0 days 01:20:57.370000,11421.09626668552,246.1966529347875,6,100.0,False,0,5322.651103939351,0.932569374659521
2024-09-01 13:28:41.385,OnTrack,-1143.6014013852775,-4983.5727369677015,1847.5157692563312,car,0 days 00:01:19.436000,0 days 01:20:57.466000,11542.0,247.0,6,100.0,False,0,5329.283333333333,0.9337313922138873
2024-09-01 13:28:41.469,OnTrack,-1172.0,-4931.0,1848.0,pos,0 days 00:01:19.520000,0 days 01:20:57.550000,11357.39090909091,249.1,6,100.0,False,0,5335.177762964948,0.9347641415803565
2024-09-01 13:28:41.649,OnTrack,-1227.0,-4817.0,1849.0,pos,0 days 00:01:19.700000,0 days 01:20:57.730000,10961.8,253.6,6,100.0,False,0,5348.083908534643,0.937025397459835
2024-09-01 13:28:41.825,OnTrack,-1275.6395835969493,-4701.223016192769,1849.528156589814,car,0 days 00:01:19.876000,0 days 01:20:57.906000,10575.0,258.0,6,100.0,False,0,5360.816666666666,0.939256274527859
2024-09-01 13:28:41.969,OnTrack,-1312.0,-4604.0,1850.0,pos,0 days 00:01:20.020000,0 days 01:20:58.050000,10551.0,259.8,6,100.0,False,0,5371.2399214588195,0.9410825088636473
2024-09-01 13:28:42.065,OnTrack,-1334.5228770419337,-4538.358980519858,1850.5119531573303,car,0 days 00:01:20.116000,0 days 01:20:58.146000,10535.0,261.0,7,100.0,False,0,5378.216666666666,0.9423048882359916
2024-09-01 13:28:42.149,OnTrack,-1353.0,-4480.0,1851.0,pos,0 days 00:01:20.200000,0 days 01:20:58.230000,10563.35,262.05,7,100.0,False,0,5384.351674728596,0.9433797887921468
2024-09-01 13:28:42.305,OnTrack,-1384.0328841717874,-4368.712709554422,1851.8048457026844,car,0 days 00:01:20.356000,0 days 01:20:58.386000,10616.0,264.0,7,100.0,False,0,5395.816666666666,0.945388543480999
2024-09-01 13:28:42.349,OnTrack,-1392.0,-4337.0,1852.0,pos,0 days 00:01:20.400000,0 days 01:20:58.430000,10658.114285714286,264.62857142857143,7,100.0,False,0,5399.065846522538,0.9459578247596656
2024-09-01 13:28:42.585,OnTrack,-1429.0001721607277,-4165.525868138955,1852.8367712089075,car,0 days 00:01:20.636000,0 days 01:20:58.666000,10884.0,268.0,7,100.0,False,0,5416.661111111111,0.9490406503242024
2024-09-01 13:28:42.629,OnTrack,-1435.0,-4133.0,1853.0,pos,0 days 00:01:20.680000,0 days 01:20:58.710000,10908.943314277487,268.8979593139896,7,100.0,False,0,5419.991465711531,0.9496241540418912
2024-09-01 13:28:42.849,OnTrack,-1461.0,-3966.0,1854.0,pos,0 days 00:01:20.900000,0 days 01:20:58.930000,11033.659885664927,273.38775588393736,7,100.0,False,0,5436.891469194989,0.9525851645181644
2024-09-01 13:28:43.026,OnTrack,-1476.3751835006804,-3824.168506747665,1854.9606338960343,car,0 days 00:01:21.077000,0 days 01:20:59.107000,11134.0,277.0,7,100.0,False,0,5450.5936111111105,0.9549858850742715
2024-09-01 13:28:43.049,OnTrack,-1478.0,-3806.0,1855.0,pos,0 days 00:01:21.100000,0 days 01:20:59.130000,11145.4041984,277.1916672,7,100.0,False,0,5452.373560969641,0.9552977459672891
2024-09-01 13:28:43.229,OnTrack,-1488.0,-3667.0,1855.0,pos,0 days 00:01:21.280000,0 days 01:20:59.310000,11234.6541984,278.6916672,7,100.0,False,0,5466.314904376298,0.957740376462652
2024-09-01 13:28:43.266,OnTrack,-1489.5999201684135,-3638.143957957929,1855.3377430300434,car,0 days 00:01:21.317000,0 days 01:20:59.347000,11253.0,279.0,7,100.0,False,0,5469.19361111111,0.9582447480036543
2024-09-01 13:28:43.329,OnTrack,-1492.0,-3589.0,1856.0,pos,0 days 00:01:21.380000,0 days 01:20:59.410000,11282.29502976,279.94500096,7,100.0,False,0,5474.108877947316,0.9591059405241132
2024-09-01 13:28:43.466,OnTrack,-1495.7889952136377,-3484.305742529843,1856.0365715928417,car,0 days 00:01:21.517000,0 days 01:20:59.547000,11346.0,282.0,7,100.0,False,0,5484.860277777777,0.9609896683922027
2024-09-01 13:28:43.529,OnTrack,-1497.0,-3432.0,1856.0,pos,0 days 00:01:21.580000,0 days 01:20:59.610000,11384.9812896,283.1812512,7,100.0,False,0,5489.835533458461,0.9618613714191911
2024-09-01 13:28:43.626,OnTrack,-1498.3074377633025,-3342.3485055352844,1856.3480711880932,car,0 days 00:01:21.677000,0 days 01:20:59.707000,11445.0,285.0,7,100.0,False,0,5497.526944444443,0.9632089657276247
2024-09-01 13:28:43.826,OnTrack,-1499.0965359628535,-3136.2236629354393,1858.2386606588486,car,0 days 00:01:21.877000,0 days 01:20:59.907000,11529.0,287.0,7,100.0,False,0,5513.471388888887,0.9660025549173884
2024-09-01 13:28:43.929,OnTrack,-1499.0,-3049.0,1859.0,pos,0 days 00:01:21.980000,0 days 01:21:00.010000,11561.616686933334,288.2875008,7,100.0,False,0,5521.7424874401595,0.9674517149417977
2024-09-01 13:28:44.066,OnTrack,-1498.4797859663558,-2961.260141287755,1859.559694354676,car,0 days 00:01:22.117000,0 days 01:21:00.147000,11605.0,290.0,7,100.0,False,0,5532.80472222222,0.96938990348198
2024-09-01 13:28:44.288,OnTrack,-1496.0,-2823.0,1860.0,pos,0 days 00:01:22.339000,0 days 01:21:00.369000,10853.543701009217,292.78661173915,7,100.0,False,0,5550.8654497554435,0.9725542817312115
2024-09-01 13:28:44.305,OnTrack,-1495.677997788605,-2808.035262655988,1860.0546401888384,car,0 days 00:01:22.356000,0 days 01:21:00.386000,10796.0,293.0,7,100.0,False,0,5552.256666666665,0.9727980336246906
2024-09-01 13:28:44.528,OnTrack,-1490.0,-2572.0,1861.0,pos,0 days 00:01:22.579000,0 days 01:21:00.609000,10688.40246912,295.23000064,7,100.0,False,0,5570.620720498309,0.9760155569722786
2024-09-01 13:28:44.705,OnTrack,-1484.547666920794,-2397.034453371108,1861.8039071016901,car,0 days 00:01:22.756000,0 days 01:21:00.786000,10603.0,297.0,8,100.0,False,0,5585.256666666666,0.9785798872090798
2024-09-01 13:28:44.905,OnTrack,-1478.23160791983,-2232.3667536503103,1862.771521901676,car,0 days 00:01:22.956000,0 days 01:21:00.986000,10623.0,298.0,8,100.0,False,0,5601.812222222221,0.9814805477615173
2024-09-01 13:28:44.948,OnTrack,-1477.0,-2203.0,1863.0,pos,0 days 00:01:22.999000,0 days 01:21:01.029000,10640.558359466666,298.71666773333334,8,100.0,False,0,5605.397969972219,0.9821087983215487
2024-09-01 13:28:45.145,OnTrack,-1471.9413599110374,-2095.680511379896,1864.1395245598096,car,0 days 00:01:23.196000,0 days 01:21:01.226000,10721.0,302.0,8,100.0,False,0,5621.945555555555,0.9850080624736094
2024-09-01 13:28:45.305,OnTrack,-1467.1419109193992,-2003.731167252353,1864.981853434715,car,0 days 00:01:23.356000,0 days 01:21:01.386000,10802.0,304.0,8,100.0,False,0,5635.456666666666,0.9873753129647262
2024-09-01 13:28:45.309,OnTrack,-1467.0,-2001.0,1865.0,pos,0 days 00:01:23.360000,0 days 01:21:01.390000,10803.211111111112,304.03333333333336,8,100.0,False,0,5635.7955194476,0.9874346825758178
2024-09-01 13:28:45.529,OnTrack,-1457.0,-1815.0,1866.0,pos,0 days 00:01:23.580000,0 days 01:21:01.610000,10869.822222222223,305.8666666666667,8,100.0,False,0,5654.521902433147,0.9907156887754429
2024-09-01 13:28:45.665,OnTrack,-1447.3820572199872,-1657.4731458215952,1867.1431969407327,car,0 days 00:01:23.716000,0 days 01:21:01.746000,10911.0,307.0,8,100.0,False,0,5666.156666666666,0.9927541888750517
2024-09-01 13:28:45.769,OnTrack,-1440.0,-1543.0,1868.0,pos,0 days 00:01:23.820000,0 days 01:21:01.850000,10952.6,308.04,8,100.0,False,0,5675.0733550688155,0.9943164612022897
2024-09-01 13:28:45.865,OnTrack,-1434.3413411891606,-1459.7025397998352,1868.5577787298337,car,0 days 00:01:23.916000,0 days 01:21:01.946000,10991.0,309.0,8,100.0,False,0,5683.323333333333,0.9957619207901633
2024-09-01 13:28:46.069,OnTrack,-1426.0,-1354.0,1869.0,pos,0 days 00:01:24.120000,0 days 01:21:02.150000,11032.528571428571,310.45714285714286,8,100.0,False,0,5700.928044742162,0.9988464015102019
2024-09-01 13:28:46.145,OnTrack,-1424.1731737223527,-1339.4141045077567,1868.9063784219916,car,0 days 00:01:24.196000,0 days 01:21:02.226000,11048.0,311.0,8,100.0,False,0,5707.512222222222,1.0
