Date,Status,X,Y,Z,Source,Time,SessionTime,RPM,Speed,nGear,Throttle,Brake,DRS,Distance,RelativeDistance
2024-09-01 14:06:07.489,OnTrack,-1373.0,-665.0,1871.0,pos,0 days 00:00:00,0 days 01:58:23.570000,11398.0,320.0,8,100.0,False,0,,
2024-09-01 14:06:07.513,OnTrack,-1370.1458336931828,-631.4742144421174,1871.2398461066757,car,0 days 00:00:00.024000,0 days 01:58:23.594000,11398.0,320.0,8,100.0,False,0,13.155555555555555,0.0022833001806439514
2024-09-01 14:06:07.749,OnTrack,-1347.0,-363.0,1873.0,pos,0 days 00:00:00.260000,0 days 01:58:23.830000,11427.5,321.475,8,100.0,False,0,34.25840729104427,0.005945946351401512
2024-09-01 14:06:07.833,OnTrack,-1340.9170179381672,-294.24954222685045,1873.3643835522516,car,0 days 00:00:00.344000,0 days 01:58:23.914000,11438.0,322.0,8,100.0,False,0,41.777777777777786,0.007251020843936874
2024-09-01 14:06:08.089,OnTrack,-1326.0,-131.0,1874.0,pos,0 days 00:00:00.600000,0 days 01:58:24.170000,11502.8,322.8,8,100.0,False,0,64.73000850379452,0.011234648319156984
2024-09-01 14:06:08.153,OnTrack,-1321.7483232060604,-84.48321515058979,1874.2002152863993,car,0 days 00:00:00.664000,0 days 01:58:24.234000,11519.0,323.0,8,100.0,False,0,70.4888888888889,0.012234169211153065
2024-09-01 14:06:08.349,OnTrack,-1305.0,102.0,1875.0,pos,0 days 00:00:00.860000,0 days 01:58:24.430000,11561.14,324.47,8,100.0,False,0,88.19376985969288,0.01530705790431394
2024-09-01 14:06:08.530,OnTrack,-1283.0,354.0,1876.0,pos,0 days 00:00:01.041000,0 days 01:58:24.611000,11600.05498624,325.82749952,8,100.0,False,0,104.61982130791132,0.01815799081099347
2024-09-01 14:06:08.553,OnTrack,-1280.8990798501022,378.057537786371,1876.1272342760703,car,0 days 00:00:01.064000,0 days 01:58:24.634000,11605.0,326.0,8,100.0,False,0,106.71111111111111,0.018520958559885566
2024-09-01 14:06:08.753,OnTrack,-1271.7341225514926,482.04273807994554,1877.2017378236135,car,0 days 00:00:01.264000,0 days 01:58:24.834000,11671.0,328.0,8,100.0,False,0,124.93333333333332,0.021683637864155902
2024-09-01 14:06:08.870,OnTrack,-1264.0,572.0,1878.0,pos,0 days 00:00:01.381000,0 days 01:58:24.951000,11680.2625152,328.4875008,8,100.0,False,0,135.62235871876047,0.023538842951496122
2024-09-01 14:06:08.993,OnTrack,-1249.4563980465537,742.8161779717823,1879.0635149587356,car,0 days 00:00:01.504000,0 days 01:58:25.074000,11690.0,329.0,8,100.0,False,0,146.86666666666665,0.02549042380722276
2024-09-01 14:06:09.130,OnTrack,-1233.0,936.0,1880.0,pos,0 days 00:00:01.641000,0 days 01:58:25.211000,11711.40624,329.0,8,100.0,False,0,159.3846080606216,0.027663058609714054
2024-09-01 14:06:09.153,OnTrack,-1231.0630813610035,958.5841119039476,1880.0724771904581,car,0 days 00:00:01.664000,0 days 01:58:25.234000,11715.0,329.0,8,100.0,False,0,161.48888888888888,0.028028281102600666
2024-09-01 14:06:09.313,OnTrack,-1224.1205073938395,1037.7935499911484,1879.9086862336812,car,0 days 00:00:01.824000,0 days 01:58:25.394000,11733.0,330.0,8,100.0,False,0,176.15555555555554,0.030573852249940206
2024-09-01 14:06:09.470,OnTrack,-1217.0,1118.0,1880.0,pos,0 days 00:00:01.981000,0 days 01:58:25.551000,11756.877112533333,330.3270837333333,8,100.0,False,0,190.564149497732,0.03307463186445855
2024-09-01 14:06:09.790,OnTrack,-1182.0,1522.0,1883.0,pos,0 days 00:00:02.301000,0 days 01:58:25.871000,11805.5437792,330.9937504,8,100.0,False,0,220.0118740614544,0.038185628092018566
2024-09-01 14:06:09.793,OnTrack,-1181.69006635557,1525.6037162996693,1883.020543281264,car,0 days 00:00:02.304000,0 days 01:58:25.874000,11806.0,331.0,8,100.0,False,0,220.28888888888886,0.03823370724784373
2024-09-01 14:06:09.953,OnTrack,-1167.3384819881621,1693.3702762059463,1883.6221072781882,car,0 days 00:00:02.464000,0 days 01:58:26.034000,11806.0,333.0,8,100.0,False,0,235.08888888888887,0.040802419951068175
2024-09-01 14:06:10.190,OnTrack,-1152.0,1873.0,1884.0,pos,0 days 00:00:02.701000,0 days 01:58:26.271000,11847.4750336,333.6583338666667,8,100.0,False,0,257.0755300328969,0.04461845808673376
2024-09-01 14:06:10.313,OnTrack,-1145.6239272521866,1945.7585747937817,1884.739992521344,car,0 days 00:00:02.824000,0 days 01:58:26.394000,11869.0,334.0,8,100.0,False,0,268.4888888888889,0.04659937970023686
2024-09-01 14:06:10.490,OnTrack,-1136.0,2057.0,1886.0,pos,0 days 00:00:03.001000,0 days 01:58:26.571000,11868.367857371428,334.0,8,100.0,False,0,284.89821434541835,0.04944740961588088
2024-09-01 14:06:10.593,OnTrack,-1128.4952704535176,2147.3635119100954,1886.4907505232295,car,0 days 00:00:03.104000,0 days 01:58:26.674000,11868.0,334.0,8,100.0,False,0,294.4666666666667,0.051108126171812505
2024-09-01 14:06:10.750,OnTrack,-1116.0,2298.0,1887.0,pos,0 days 00:00:03.261000,0 days 01:58:26.831000,11891.0594032,334.9812512,8,100.0,False,0,309.1058634020676,0.053648929592030485
2024-09-01 14:06:10.913,OnTrack,-1104.4347585630055,2431.19279901656,1887.4536122950958,car,0 days 00:00:03.424000,0 days 01:58:26.994000,11915.0,336.0,8,100.0,False,0,324.33333333333337,0.056291834690031205
2024-09-01 14:06:11.010,OnTrack,-1095.0,2539.0,1888.0,pos,0 days 00:00:03.521000,0 days 01:58:27.091000,11920.4562464,336.0,8,100.0,False,0,333.38872991975063,0.057863504436265346
2024-09-01 14:06:11.230,OnTrack,-1066.0,2873.0,1890.0,pos,0 days 00:00:03.741000,0 days 01:58:27.311000,11932.8312608,336.0,8,100.0,False,0,353.91994743608444,0.06142693681781068
2024-09-01 14:06:11.233,OnTrack,-1065.7134031707715,2876.2969548326264,1890.0155540130502,car,0 days 00:00:03.744000,0 days 01:58:27.314000,11933.0,336.0,8,100.0,False,0,354.20000000000005,0.06147554320824991
2024-09-01 14:06:11.530,OnTrack,-1053.0,3022.0,1890.0,pos,0 days 00:00:04.041000,0 days 01:58:27.611000,11944.1374976,336.0,8,100.0,False,0,381.92391477187084,0.06628735213106182
2024-09-01 14:06:11.553,OnTrack,-1051.7557821769449,3036.492144201527,1890.0544402548246,car,0 days 00:00:04.064000,0 days 01:58:27.634000,11945.0,336.0,8,100.0,False,0,384.0666666666667,0.06665925172646861
2024-09-01 14:06:11.753,OnTrack,-1035.7462747253562,3224.0516965648276,1891.2747163250801,car,0 days 00:00:04.264000,0 days 01:58:27.834000,11950.0,335.0,8,100.0,False,0,402.67777777777786,0.06988942723540326
2024-09-01 14:06:11.869,OnTrack,-1026.0,3338.0,1892.0,pos,0 days 00:00:04.380000,0 days 01:58:27.950000,11944.2,335.48333333333335,8,100.0,False,0,413.4921698042875,0.07176639116622384
2024-09-01 14:06:11.993,OnTrack,-1016.8438258604381,3444.4515433625525,1892.5313413848205,car,0 days 00:00:04.504000,0 days 01:58:28.074000,11938.0,336.0,8,100.0,False,0,425.0777777777779,0.0737772086240673
2024-09-01 14:06:12.069,OnTrack,-1010.0,3524.0,1893.0,pos,0 days 00:00:04.580000,0 days 01:58:28.150000,11919.76,336.38,8,100.0,False,0,432.1923573758701,0.0750120269343187
2024-09-01 14:06:12.193,OnTrack,-994.872275864087,3700.146306857776,1894.2780227330422,car,0 days 00:00:04.704000,0 days 01:58:28.274000,11890.0,337.0,8,100.0,False,0,443.8000000000001,0.07702666876290602
2024-09-01 14:06:12.269,OnTrack,-986.0,3803.0,1895.0,pos,0 days 00:00:04.780000,0 days 01:58:28.350000,11911.714294346055,336.5279501229119,8,100.0,False,0,450.8943124761157,0.07825796947763858
2024-09-01 14:06:12.354,OnTrack,-978.2265415315322,3892.21932220857,1895.5142824495044,car,0 days 00:00:04.865000,0 days 01:58:28.435000,11936.0,336.0,8,100.0,False,0,458.82666666666677,0.0796347221111348
2024-09-01 14:06:12.689,OnTrack,-960.0,4101.0,1896.0,pos,0 days 00:00:05.200000,0 days 01:58:28.770000,11892.263880533334,336.93055573333334,8,100.0,False,0,490.19309411129404,0.08507873161328224
2024-09-01 14:06:12.714,OnTrack,-958.3321901049867,4121.3748367248545,1896.1051360935767,car,0 days 00:00:05.225000,0 days 01:58:28.795000,11889.0,337.0,8,100.0,False,0,492.5266666666668,0.08548375036104452
2024-09-01 14:06:12.909,OnTrack,-943.0,4305.0,1897.0,pos,0 days 00:00:05.420000,0 days 01:58:28.990000,11901.67500416,335.04999936,8,100.0,False,0,510.6731605134201,0.08863328612206746
2024-09-01 14:06:12.914,OnTrack,-942.5687569428494,4309.685406804001,1897.0053510510306,car,0 days 00:00:05.425000,0 days 01:58:28.995000,11902.0,335.0,8,100.0,False,0,511.13777777777796,0.08871392586997918
2024-09-01 14:06:12.989,OnTrack,-936.0,4379.0,1897.0,pos,0 days 00:00:05.500000,0 days 01:58:29.070000,11887.714275815253,334.81202994493754,8,100.0,False,0,518.1048943803942,0.08992315025659987
2024-09-01 14:06:13.249,OnTrack,-915.0,4620.0,1898.0,pos,0 days 00:00:05.760000,0 days 01:58:29.330000,11838.190474235113,334.1604009767778,8,100.0,False,0,542.2257591367747,0.09410960780473998
2024-09-01 14:06:13.313,OnTrack,-910.0718756414838,4679.119620736348,1898.5373905190534,car,0 days 00:00:05.824000,0 days 01:58:29.394000,11826.0,334.0,8,100.0,False,0,548.1561111111113,0.09513888959197446
2024-09-01 14:06:13.469,OnTrack,-898.0,4823.0,1900.0,pos,0 days 00:00:05.980000,0 days 01:58:29.550000,11812.133333333333,333.56666666666666,8,100.0,False,0,562.599845998476,0.09764576832759472
2024-09-01 14:06:13.673,OnTrack,-881.2668204408061,5011.433404775354,1900.977193909922,car,0 days 00:00:06.184000,0 days 01:58:29.754000,11794.0,333.0,8,100.0,False,0,581.4561111111112,0.10091849317422946
2024-09-01 14:06:13.689,OnTrack,-880.0,5026.0,1901.0,pos,0 days 00:00:06.200000,0 days 01:58:29.770000,11792.1,332.9,8,100.0,False,0,582.9330940124642,0.10117484079187476
2024-09-01 14:06:13.833,OnTrack,-868.9458657882768,5156.940529622268,1900.947843325877,car,0 days 00:00:06.344000,0 days 01:58:29.914000,11775.0,332.0,8,100.0,False,0,596.2116666666668,0.10347949202549228
2024-09-01 14:06:13.869,OnTrack,-866.0,5192.0,1901.0,pos,0 days 00:00:06.380000,0 days 01:58:29.950000,11769.375,331.775,8,100.0,False,0,599.5264319652218,0.10405480822350618
2024-09-01 14:06:13.993,OnTrack,-854.8172896900036,5323.9176891137995,1901.6139537804545,car,0 days 00:00:06.504000,0 days 01:58:30.074000,11750.0,331.0,8,100.0,False,0,610.9227777777779,0.10603277702479345
2024-09-01 14:06:14.169,OnTrack,-838.0,5520.0,1903.0,pos,0 days 00:00:06.680000,0 days 01:58:30.250000,11680.48,329.24,8,100.0,False,0,627.0139459580629,0.10882558703252446
2024-09-01 14:06:14.193,OnTrack,-835.8351817566671,5545.07558585182,1903.1599219666582,car,0 days 00:00:06.704000,0 days 01:58:30.274000,11671.0,329.0,8,100.0,False,0,629.2005555555558,0.10920509864401584
2024-09-01 14:06:14.889,OnTrack,-782.0,6169.0,1906.0,pos,0 days 00:00:07.400000,0 days 01:58:30.970000,11549.2,325.1333333333333,8,100.0,False,0,692.0369659404669,0.12011109091298514
2024-09-01 14:06:14.913,OnTrack,-780.0914474203244,6192.4075808477955,1906.1400577248369,car,0 days 00:00:07.424000,0 days 01:58:30.994000,11545.0,325.0,8,100.0,False,0,694.2005555555558,0.12048660713790699
2024-09-01 14:06:15.073,OnTrack,-767.0576586892535,6354.887493170442,1907.21409839396,car,0 days 00:00:07.584000,0 days 01:58:31.154000,11529.0,325.0,8,100.0,False,0,708.6450000000002,0.12299360902543835
2024-09-01 14:06:15.190,OnTrack,-758.0,6466.0,1908.0,pos,0 days 00:00:07.701000,0 days 01:58:31.271000,11531.34000384,325.58500096,8,100.0,False,0,719.2655699342682,0.12483693287041389
2024-09-01 14:06:15.273,OnTrack,-752.0677081219594,6536.329510926401,1908.5103860631962,car,0 days 00:00:07.784000,0 days 01:58:31.354000,11533.0,326.0,8,100.0,False,0,726.7561111111113,0.1261370036998046
2024-09-01 14:06:15.513,OnTrack,-736.1681748404245,6719.963926152084,1909.8935612325763,car,0 days 00:00:08.024000,0 days 01:58:31.594000,11352.0,319.0,8,0.0,False,0,748.022777777778,0.12982808186344694
2024-09-01 14:06:15.530,OnTrack,-735.0,6734.0,1910.0,pos,0 days 00:00:08.041000,0 days 01:58:31.611000,11315.9813856,318.8937504,8,0.0,False,0,749.5222893090175,0.13008833958769872
2024-09-01 14:06:15.673,OnTrack,-724.7948708140622,6858.919936053493,1910.8788715501933,car,0 days 00:00:08.184000,0 days 01:58:31.754000,11013.0,318.0,8,0.0,False,0,762.1561111111113,0.13228108678724684
2024-09-01 14:06:15.710,OnTrack,-722.0,6892.0,1911.0,pos,0 days 00:00:08.221000,0 days 01:58:31.791000,10942.171061028572,317.6035693714286,8,0.0,False,0,765.4450924054113,0.13285192787044522
2024-09-01 14:06:15.890,OnTrack,-708.0,7050.0,1911.0,pos,0 days 00:00:08.401000,0 days 01:58:31.971000,10597.600122514286,315.6750006857143,8,0.0,False,0,781.39404222463,0.13562005422204768
2024-09-01 14:06:15.953,OnTrack,-703.6843928363638,7100.342666852256,1911.1903041977598,car,0 days 00:00:08.464000,0 days 01:58:32.034000,10477.0,315.0,8,0.0,True,0,786.6561111111112,0.1365333476810981
2024-09-01 14:06:16.193,OnTrack,-688.3514868207789,7288.749262884873,1912.8870345620412,car,0 days 00:00:08.704000,0 days 01:58:32.274000,9439.0,271.0,8,0.0,True,0,804.7227777777779,0.13966902850350274
2024-09-01 14:06:16.210,OnTrack,-687.0,7305.0,1913.0,pos,0 days 00:00:08.721000,0 days 01:58:32.291000,9468.608221866667,268.37917653333335,8,0.0,True,0,805.9028438974301,0.13987384274892134
2024-09-01 14:06:16.410,OnTrack,-670.0,7507.0,1914.0,pos,0 days 00:00:08.921000,0 days 01:58:32.491000,9816.9415552,237.5458432,8,0.0,True,0,818.9165260351197,0.14213251914235434
2024-09-01 14:06:16.433,OnTrack,-668.5932285511025,7524.133580363192,1914.0532531321187,car,0 days 00:00:08.944000,0 days 01:58:32.514000,9857.0,234.0,8,0.0,True,0,820.3227777777779,0.1423765905420366
2024-09-01 14:06:16.633,OnTrack,-662.6604457406567,7603.010551489547,1913.9871770232073,car,0 days 00:00:09.144000,0 days 01:58:32.714000,9625.0,209.0,8,0.0,True,0,831.9338888888891,0.14439183436701375
2024-09-01 14:06:16.730,OnTrack,-660.0,7636.0,1914.0,pos,0 days 00:00:09.241000,0 days 01:58:32.811000,9860.2248448,202.3312544,8,0.0,True,0,837.3725045045885,0.14533576957106795
2024-09-01 14:06:16.793,OnTrack,-657.6321991629411,7663.019659007831,1914.0958707553027,car,0 days 00:00:09.304000,0 days 01:58:32.874000,10013.0,198.0,8,0.0,True,0,840.733888888889,0.1459191770554175
2024-09-01 14:06:17.050,OnTrack,-645.0,7798.0,1915.0,pos,0 days 00:00:09.561000,0 days 01:58:33.131000,10361.5561632,172.83542293333332,8,0.0,True,0,852.3354367778132,0.14793276107158954
2024-09-01 14:06:17.270,OnTrack,-635.0,7895.0,1916.0,pos,0 days 00:00:09.781000,0 days 01:58:33.351000,10659.9315104,151.2937312,8,0.0,True,0,860.7553253119677,0.14939413097952306
2024-09-01 14:06:17.273,OnTrack,-634.8369788807647,7896.241413043128,1916.0173574381079,car,0 days 00:00:09.784000,0 days 01:58:33.354000,10664.0,151.0,5,0.0,True,0,860.8672222222224,0.1494135519940381
2024-09-01 14:06:17.433,OnTrack,-625.0289367148762,7959.770361334371,1916.9522600053772,car,0 days 00:00:09.944000,0 days 01:58:33.514000,9841.0,131.0,4,0.0,True,0,866.6894444444446,0.1504240666010123
2024-09-01 14:06:17.450,OnTrack,-624.0,7966.0,1917.0,pos,0 days 00:00:09.961000,0 days 01:58:33.531000,9876.6998656,130.06500352,4,0.0,True,0,867.283142425744,0.15052710981360976
2024-09-01 14:06:17.630,OnTrack,-613.0,8026.0,1917.0,pos,0 days 00:00:10.141000,0 days 01:58:33.711000,10254.7004032,120.16498944,4,0.0,True,0,873.2605006459434,0.15156455008333605
2024-09-01 14:06:17.633,OnTrack,-612.7757031410184,8026.958439437112,1917.0070067317768,car,0 days 00:00:10.144000,0 days 01:58:33.714000,10261.0,120.0,3,0.0,True,0,873.3561111111113,0.15158114439525755
2024-09-01 14:06:17.830,OnTrack,-595.0,8087.0,1918.0,pos,0 days 00:00:10.341000,0 days 01:58:33.911000,9804.94455552,110.14999040000001,3,0.0,True,0,879.3790968481221,0.1526265038529602
2024-09-01 14:06:17.833,OnTrack,-594.7199539118131,8087.820586270901,1918.0089882068428,car,0 days 00:00:10.344000,0 days 01:58:33.914000,9798.0,110.0,2,0.0,True,0,879.4672222222224,0.15264179903998235
2024-09-01 14:06:18.073,OnTrack,-570.3589494926578,8146.562931829689,1917.9718712099025,car,0 days 00:00:10.584000,0 days 01:58:34.154000,8576.0,101.0,2,0.0,True,0,886.2005555555558,0.15381044761217005
2024-09-01 14:06:18.090,OnTrack,-568.0,8151.0,1918.0,pos,0 days 00:00:10.601000,0 days 01:58:34.171000,8524.5751936,100.2562528,2,0.0,True,0,886.6563948476577,0.1538895638405654
2024-09-01 14:06:18.233,OnTrack,-543.768127838613,8191.558804525111,1918.6109759966453,car,0 days 00:00:10.744000,0 days 01:58:34.314000,8092.0,94.0,2,0.0,True,0,890.3783333333336,0.15453554969656375
2024-09-01 14:06:18.329,OnTrack,-528.0,8215.0,1919.0,pos,0 days 00:00:10.840000,0 days 01:58:34.410000,7830.4,91.25714285714285,2,0.0,True,0,892.7463631926075,0.15494654891150508
2024-09-01 14:06:18.513,OnTrack,-506.08394743472115,8240.989005044905,1919.0710300818077,car,0 days 00:00:11.024000,0 days 01:58:34.594000,7329.0,86.0,2,0.0,True,0,897.0672222222224,0.15569648441678982
2024-09-01 14:06:18.589,OnTrack,-496.0,8250.0,1919.0,pos,0 days 00:00:11.100000,0 days 01:58:34.670000,7189.92,84.48,2,0.0,True,0,898.8168857971299,0.1560001589472786
2024-09-01 14:06:18.713,OnTrack,-475.1686932781934,8266.576920638618,1918.888781887902,car,0 days 00:00:11.224000,0 days 01:58:34.794000,6963.0,82.0,2,0.0,False,0,901.622777777778,0.1564871542428574
2024-09-01 14:06:18.789,OnTrack,-461.0,8276.0,1919.0,pos,0 days 00:00:11.300000,0 days 01:58:34.870000,6875.962632488002,80.7385888766377,2,0.0,False,0,903.3046599153561,0.1567790645139468
2024-09-01 14:06:18.954,OnTrack,-428.9745726817272,8291.354410290372,1919.86860502346,car,0 days 00:00:11.465000,0 days 01:58:35.035000,6687.0,78.0,2,0.0,False,0,906.8444444444447,0.15739343542519998
2024-09-01 14:06:18.989,OnTrack,-422.0,8294.0,1920.0,pos,0 days 00:00:11.500000,0 days 01:58:35.070000,6703.53753024,77.5624992,2,1.4000025600000001,False,0,907.5723855251798,0.15751977809420561
2024-09-01 14:06:19.209,OnTrack,-377.0,8307.0,1920.0,pos,0 days 00:00:11.720000,0 days 01:58:35.290000,6807.48753024,74.8124992,2,10.20000256,False,0,911.9825062881432,0.15828520601492035
2024-09-01 14:06:19.354,OnTrack,-346.58797144377377,8312.395727329364,1919.9659541539988,car,0 days 00:00:11.865000,0 days 01:58:35.435000,6876.0,73.0,2,16.0,False,0,914.9555555555557,0.15880121340819836
2024-09-01 14:06:19.509,OnTrack,-314.0,8318.0,1920.0,pos,0 days 00:00:12.020000,0 days 01:58:35.590000,6980.6250432,75.5833344,2,20.305557333333333,False,0,918.3011579543308,0.1593818817447978
2024-09-01 14:06:19.714,OnTrack,-271.89505853331,8329.536084037914,1920.025053113816,car,0 days 00:00:12.225000,0 days 01:58:35.795000,7119.0,79.0,2,26.0,False,0,922.8555555555557,0.16017235059437898
2024-09-01 14:06:19.749,OnTrack,-265.0,8332.0,1920.0,pos,0 days 00:00:12.260000,0 days 01:58:35.830000,7091.2641113905465,79.0,2,20.276721398049247,False,0,923.6285128972075,0.1603065063607676
2024-09-01 14:06:19.873,OnTrack,-241.46447143602947,8341.91844347276,1919.8124686426208,car,0 days 00:00:12.384000,0 days 01:58:35.954000,6993.0,79.0,2,0.0,False,0,926.3447222222223,0.16077793618494207
2024-09-01 14:06:19.989,OnTrack,-221.0,8354.0,1920.0,pos,0 days 00:00:12.500000,0 days 01:58:36.070000,6836.883333333333,77.55,2,0.0,False,0,928.8262985932848,0.1612086427219941
2024-09-01 14:06:20.113,OnTrack,-201.28338780633098,8370.712922076396,1920.913682872483,car,0 days 00:00:12.624000,0 days 01:58:36.194000,6670.0,76.0,2,0.0,False,0,931.4113888888891,0.16165731530856847
2024-09-01 14:06:20.129,OnTrack,-199.0,8373.0,1921.0,pos,0 days 00:00:12.640000,0 days 01:58:36.210000,6643.15,75.8,2,0.0,False,0,931.7397868261954,0.16171431260270844
2024-09-01 14:06:20.389,OnTrack,-170.0,8416.0,1921.0,pos,0 days 00:00:12.900000,0 days 01:58:36.470000,6206.8375,72.55,2,0.0,False,0,936.9404332356656,0.16261694547412633
2024-09-01 14:06:20.433,OnTrack,-165.8714276427445,8426.072218657207,1921.1102850900486,car,0 days 00:00:12.944000,0 days 01:58:36.514000,6133.0,72.0,2,0.0,False,0,937.811388888889,0.1627681099910439
2024-09-01 14:06:20.593,OnTrack,-152.93791824681674,8466.677755806284,1921.8891206292355,car,0 days 00:00:13.104000,0 days 01:58:36.674000,6195.0,71.0,2,0.0,False,0,940.9669444444446,0.16331579348032
2024-09-01 14:06:20.629,OnTrack,-151.0,8474.0,1922.0,pos,0 days 00:00:13.140000,0 days 01:58:36.710000,6218.972727272727,70.91818181818182,2,1.7181818181818183,False,0,941.6691375812183,0.1634376672931948
2024-09-01 14:06:20.849,OnTrack,-146.0,8505.0,1922.0,pos,0 days 00:00:13.360000,0 days 01:58:36.930000,6365.472727272727,70.41818181818182,2,12.218181818181819,False,0,945.8893549527294,0.16417013526431434
2024-09-01 14:06:21.033,OnTrack,-142.46983893652094,8540.547017561315,1921.9427530220428,car,0 days 00:00:13.544000,0 days 01:58:37.114000,6488.0,70.0,2,21.0,False,0,949.5225000000002,0.16480070998293472
2024-09-01 14:06:21.069,OnTrack,-142.0,8548.0,1922.0,pos,0 days 00:00:13.580000,0 days 01:58:37.150000,6554.87,70.63,2,22.44,False,0,950.257785577308,0.16492832737502447
2024-09-01 14:06:21.349,OnTrack,-142.0,8605.0,1923.0,pos,0 days 00:00:13.860000,0 days 01:58:37.430000,7074.97,75.53,2,33.64,False,0,956.2283841977428,0.16596459443733294
2024-09-01 14:06:21.433,OnTrack,-142.65827182976264,8621.516735453442,1923.0211103844633,car,0 days 00:00:13.944000,0 days 01:58:37.514000,7231.0,77.0,2,37.0,False,0,958.0780555555557,0.16628562648554945
2024-09-01 14:06:21.550,OnTrack,-145.0,8648.0,1923.0,pos,0 days 00:00:14.061000,0 days 01:58:37.631000,7532.56799488,79.04750336000001,2,41.68000768,False,0,960.6894739069861,0.16673886861343815
2024-09-01 14:06:21.810,OnTrack,-160.0,8734.0,1924.0,pos,0 days 00:00:14.321000,0 days 01:58:37.891000,8202.71733504,83.59749888,2,52.07999744,False,0,966.8241100007572,0.16780360629341984
2024-09-01 14:06:21.833,OnTrack,-161.5191167974056,8741.308966454719,1924.0920898951385,car,0 days 00:00:14.344000,0 days 01:58:37.914000,8262.0,84.0,2,53.0,False,0,967.4113888888891,0.16790553539749278
2024-09-01 14:06:22.170,OnTrack,-183.0,8829.0,1925.0,pos,0 days 00:00:14.681000,0 days 01:58:38.251000,9381.758878254546,98.55226996363636,2,63.72272523636364,False,0,976.8709638911349,0.1695473550242072
2024-09-01 14:06:22.273,OnTrack,-188.44466255570555,8849.6072160578,1925.0894676009175,car,0 days 00:00:14.784000,0 days 01:58:38.354000,9724.0,103.0,2,67.0,False,0,980.0002777777779,0.1700904839656259
2024-09-01 14:06:22.550,OnTrack,-204.0,8907.0,1925.0,pos,0 days 00:00:15.061000,0 days 01:58:38.631000,11206.8166528,114.2531328,2,74.7906304,False,0,988.8694148966242,0.1716298262077759
2024-09-01 14:06:22.593,OnTrack,-207.42338232015624,8919.575827483763,1924.9696312258905,car,0 days 00:00:15.104000,0 days 01:58:38.674000,11437.0,116.0,2,76.0,False,0,990.311388888889,0.1718800976207252
2024-09-01 14:06:22.753,OnTrack,-222.28971266693608,8974.195832421276,1924.879380836773,car,0 days 00:00:15.264000,0 days 01:58:38.834000,11239.0,125.0,2,79.0,False,0,995.8669444444446,0.1728443291159296
2024-09-01 14:06:22.830,OnTrack,-229.0,8999.0,1925.0,pos,0 days 00:00:15.341000,0 days 01:58:38.911000,11083.45961216,129.23501056,2,85.54501632,False,0,998.7002284712956,0.17333607862076844
2024-09-01 14:06:22.953,OnTrack,-238.2491876240689,9033.501797747984,1925.494175067407,car,0 days 00:00:15.464000,0 days 01:58:39.034000,10835.0,136.0,3,96.0,False,0,1003.4225000000001,0.17415568394940753
2024-09-01 14:06:23.090,OnTrack,-254.0,9095.0,1926.0,pos,0 days 00:00:15.601000,0 days 01:58:39.171000,11305.93728,141.70833066666665,3,98.28333226666666,False,0,1008.8892444737437,0.17510450124501475
2024-09-01 14:06:23.193,OnTrack,-274.7329932995974,9177.805451940936,1926.005063321783,car,0 days 00:00:15.704000,0 days 01:58:39.274000,11660.0,146.0,3,100.0,False,0,1013.1558333333335,0.17584501752900558
2024-09-01 14:06:23.230,OnTrack,-282.0,9207.0,1926.0,pos,0 days 00:00:15.741000,0 days 01:58:39.311000,11400.998656,148.312512,3,100.0,False,0,1014.7236987185065,0.176117138862238
2024-09-01 14:06:23.353,OnTrack,-301.18097129918874,9284.716727451036,1926.107810798819,car,0 days 00:00:15.864000,0 days 01:58:39.434000,10540.0,156.0,3,100.0,False,0,1020.0891666666669,0.17704837843502066
2024-09-01 14:06:23.633,OnTrack,-323.92950026294994,9380.56147363866,1926.8500779987442,car,0 days 00:00:16.144000,0 days 01:58:39.714000,11103.0,171.0,4,100.0,False,0,1033.3891666666668,0.1793567486345399
2024-09-01 14:06:23.690,OnTrack,-328.0,9398.0,1927.0,pos,0 days 00:00:16.201000,0 days 01:58:39.771000,11171.25742336,173.56499712,4,100.0,False,0,1036.274702958919,0.179857567129778
2024-09-01 14:06:24.033,OnTrack,-354.40176238715316,9518.064535079158,1927.874615348034,car,0 days 00:00:16.544000,0 days 01:58:40.114000,11582.0,189.0,4,100.0,False,0,1054.3891666666668,0.18300154368641244
2024-09-01 14:06:24.070,OnTrack,-358.0,9537.0,1928.0,pos,0 days 00:00:16.581000,0 days 01:58:40.151000,11443.7117824,189.0,4,100.0,False,0,1056.3233111065492,0.18333723702375007
2024-09-01 14:06:24.273,OnTrack,-380.3802264037128,9663.608534449428,1928.808642085793,car,0 days 00:00:16.784000,0 days 01:58:40.354000,10685.0,189.0,5,100.0,False,0,1066.989166666667,0.18518842071753597
2024-09-01 14:06:24.330,OnTrack,-386.0,9697.0,1929.0,pos,0 days 00:00:16.841000,0 days 01:58:40.411000,10799.56987136,192.98999552,5,100.0,False,0,1070.129672935131,0.18573349222742516
2024-09-01 14:06:24.473,OnTrack,-397.22757211526545,9766.780629773226,1929.332727554041,car,0 days 00:00:16.984000,0 days 01:58:40.554000,11087.0,203.0,5,100.0,False,0,1078.2669444444448,0.18714581065280086
2024-09-01 14:06:24.633,OnTrack,-405.8614982591007,9834.70707627104,1929.5789116535836,car,0 days 00:00:17.144000,0 days 01:58:40.714000,11325.0,210.0,5,100.0,False,0,1087.600277777778,0.1887657195647442
2024-09-01 14:06:24.749,OnTrack,-412.0,9913.0,1930.0,pos,0 days 00:00:17.260000,0 days 01:58:40.830000,11517.228571428572,214.14285714285714,5,100.0,False,0,1094.5951906855014,0.1899797683244751
2024-09-01 14:06:24.913,OnTrack,-420.39246176592866,10058.217472725413,1930.9186856050471,car,0 days 00:00:17.424000,0 days 01:58:40.994000,11789.0,220.0,5,100.0,False,0,1104.711388888889,0.1917355525699736
2024-09-01 14:06:24.929,OnTrack,-421.0,10070.0,1931.0,pos,0 days 00:00:17.440000,0 days 01:58:41.010000,11791.72,220.4,5,100.0,False,0,1105.7023238547406,0.19190754089665282
2024-09-01 14:06:25.113,OnTrack,-424.36387723043356,10155.003626813066,1931.6821829004111,car,0 days 00:00:17.624000,0 days 01:58:41.194000,11823.0,225.0,5,100.0,False,0,1117.2113888888891,0.19390507343418348
2024-09-01 14:06:25.209,OnTrack,-425.0,10212.0,1932.0,pos,0 days 00:00:17.720000,0 days 01:58:41.290000,11610.650838926817,228.11221994808497,5,100.0,False,0,1123.4053066642057,0.19498010014176342
2024-09-01 14:06:25.469,OnTrack,-426.0,10471.0,1933.0,pos,0 days 00:00:17.980000,0 days 01:58:41.550000,11035.538527686947,236.54114897414846,5,100.0,False,0,1140.715387170821,0.19798446660738375
2024-09-01 14:06:25.514,OnTrack,-425.87020162572287,10505.155879736067,1933.160163053853,car,0 days 00:00:18.025000,0 days 01:58:41.595000,10936.0,238.0,6,100.0,False,0,1143.7219444444447,0.19850628970614922
2024-09-01 14:06:25.889,OnTrack,-421.0,10659.0,1934.0,pos,0 days 00:00:18.400000,0 days 01:58:41.970000,11313.556882618182,241.40909149090908,6,100.0,False,0,1168.8467303099792,0.20286698947767573
2024-09-01 14:06:25.954,OnTrack,-419.64030041043753,10697.060792245473,1933.979821186214,car,0 days 00:00:18.465000,0 days 01:58:42.035000,11379.0,242.0,6,100.0,False,0,1173.2997222222223,0.20363985818661726
2024-09-01 14:06:26.029,OnTrack,-417.0,10754.0,1934.0,pos,0 days 00:00:18.540000,0 days 01:58:42.110000,11448.3750592,245.37500288,6,100.0,False,0,1178.4903694458494,0.20454075558265022
2024-09-01 14:06:26.154,OnTrack,-407.6124881355708,10893.389430862851,1934.4420213541644,car,0 days 00:00:18.665000,0 days 01:58:42.235000,11564.0,251.0,6,100.0,False,0,1187.2441666666668,0.20606007923958025
2024-09-01 14:06:26.269,OnTrack,-398.0,11020.0,1935.0,pos,0 days 00:00:18.780000,0 days 01:58:42.350000,11719.9688368,253.8750016,6,100.0,False,0,1195.3753480596006,0.20747134065419182
2024-09-01 14:06:26.314,OnTrack,-395.07890558058,11056.863916647817,1935.1852882905196,car,0 days 00:00:18.825000,0 days 01:58:42.395000,11781.0,255.0,6,100.0,False,0,1198.5775,0.20802711148979716
2024-09-01 14:06:26.554,OnTrack,-385.74729756670274,11152.59549295388,1935.8603831045016,car,0 days 00:00:19.065000,0 days 01:58:42.635000,11937.0,259.0,6,100.0,False,0,1215.8441666666668,0.21102394297689234
2024-09-01 14:06:26.669,OnTrack,-379.0,11206.0,1936.0,pos,0 days 00:00:19.180000,0 days 01:58:42.750000,11727.803970957517,261.3115583319611,6,100.0,False,0,1224.2169338675983,0.21247713442757976
2024-09-01 14:06:26.753,OnTrack,-372.00751564104127,11260.865000063372,1936.027264756105,car,0 days 00:00:19.264000,0 days 01:58:42.834000,11575.0,263.0,6,100.0,False,0,1230.3822222222225,0.21354719216511792
2024-09-01 14:06:26.889,OnTrack,-358.0,11365.0,1936.0,pos,0 days 00:00:19.400000,0 days 01:58:42.970000,11034.4,266.4,6,100.0,False,0,1240.461686813454,0.21529660086357721
2024-09-01 14:06:26.913,OnTrack,-355.36390940486217,11382.998618454625,1935.9971900432008,car,0 days 00:00:19.424000,0 days 01:58:42.994000,10939.0,267.0,6,100.0,False,0,1242.2488888888888,0.21560679063887442
2024-09-01 14:06:27.129,OnTrack,-329.0,11541.0,1936.0,pos,0 days 00:00:19.640000,0 days 01:58:43.210000,10899.4,269.7,6,100.0,False,0,1258.434699743011,0.21841602698704815
2024-09-01 14:06:27.153,OnTrack,-325.6561670969171,11558.735446716802,1936.0018629718388,car,0 days 00:00:19.664000,0 days 01:58:43.234000,10895.0,270.0,6,100.0,False,0,1260.248888888889,0.21873090068333662
2024-09-01 14:06:27.289,OnTrack,-305.0,11660.0,1936.0,pos,0 days 00:00:19.800000,0 days 01:58:43.370000,11006.35,273.4,6,100.0,False,0,1270.5930812553513,0.22052625597633183
2024-09-01 14:06:27.313,OnTrack,-301.0560322039636,11677.774640239932,1935.991972042654,car,0 days 00:00:19.824000,0 days 01:58:43.394000,11026.0,274.0,7,100.0,False,0,1272.4266666666667,0.22084449612082457
2024-09-01 14:06:27.449,OnTrack,-277.0,11778.0,1936.0,pos,0 days 00:00:19.960000,0 days 01:58:43.530000,11085.257142857143,275.45714285714286,7,100.0,False,0,1282.8538617145755,0.22265425749775447
2024-09-01 14:06:27.593,OnTrack,-248.2966514026616,11884.687165820975,1936.5207426293023,car,0 days 00:00:20.104000,0 days 01:58:43.674000,11148.0,277.0,7,100.0,False,0,1293.9711111111112,0.22458378585922714
2024-09-01 14:06:27.753,OnTrack,-211.9372189142632,12003.218708746692,1937.0144737832097,car,0 days 00:00:20.264000,0 days 01:58:43.834000,11299.0,280.0,7,100.0,False,0,1306.4155555555556,0.22674366440848492
2024-09-01 14:06:27.769,OnTrack,-208.0,12015.0,1937.0,pos,0 days 00:00:20.280000,0 days 01:58:43.850000,11309.72,280.08,7,100.0,False,0,1307.6621581942468,0.22696002684320649
2024-09-01 14:06:27.953,OnTrack,-158.95978946515882,12149.494773733913,1936.1662250577651,car,0 days 00:00:20.464000,0 days 01:58:44.034000,11433.0,281.0,7,100.0,False,0,1322.0266666666666,0.2294531549100092
2024-09-01 14:06:28.009,OnTrack,-143.0,12190.0,1936.0,pos,0 days 00:00:20.520000,0 days 01:58:44.090000,11433.0,281.7,7,100.0,False,0,1326.420400149783,0.23021573862708106
2024-09-01 14:06:28.130,OnTrack,-107.0,12277.0,1936.0,pos,0 days 00:00:20.641000,0 days 01:58:44.211000,11433.0,283.2124992,7,100.0,False,0,1335.9586852796194,0.23187121931491805
2024-09-01 14:06:28.193,OnTrack,-87.05587957924075,12322.485693272207,1936.0128011046127,car,0 days 00:00:20.704000,0 days 01:58:44.274000,11433.0,284.0,7,100.0,False,0,1340.9599999999998,0.23273925584566565
2024-09-01 14:06:28.310,OnTrack,-48.0,12407.0,1936.0,pos,0 days 00:00:20.821000,0 days 01:58:44.391000,11556.5814528,286.9250048,7,100.0,False,0,1350.3133289203142,0.23436263522506082
2024-09-01 14:06:28.353,OnTrack,-33.15122030776626,12437.823299161497,1935.9940060196163,car,0 days 00:00:20.864000,0 days 01:58:44.434000,11602.0,288.0,7,100.0,False,0,1353.7599999999998,0.23496084521061653
2024-09-01 14:06:28.470,OnTrack,9.0,12521.0,1936.0,pos,0 days 00:00:20.981000,0 days 01:58:44.551000,11635.1500544,288.4875008,7,100.0,False,0,1363.1440402662156,0.23658955490246777
2024-09-01 14:06:28.593,OnTrack,57.24995367046224,12607.35932163002,1936.0962105724784,car,0 days 00:00:21.104000,0 days 01:58:44.674000,11670.0,289.0,7,100.0,False,0,1373.0266666666666,0.2383048000359853
2024-09-01 14:06:28.670,OnTrack,89.0,12661.0,1936.0,pos,0 days 00:00:21.181000,0 days 01:58:44.751000,11694.200060342857,289.55000137142855,7,100.0,False,0,1379.226928486776,0.23938092782656858
2024-09-01 14:06:28.873,OnTrack,176.9521930116824,12801.216671999808,1934.6497606392202,car,0 days 00:00:21.384000,0 days 01:58:44.954000,11758.0,291.0,7,100.0,False,0,1395.6599999999999,0.2422330791474479
2024-09-01 14:06:29.050,OnTrack,260.0,12919.0,1936.0,pos,0 days 00:00:21.561000,0 days 01:58:45.131000,11108.789520457143,294.16071314285716,7,100.0,False,0,1410.167291867469,0.24475098893862038
2024-09-01 14:06:29.090,OnTrack,280.0,12945.0,1937.0,pos,0 days 00:00:21.601000,0 days 01:58:45.171000,10962.075234742857,294.8749988571429,7,100.0,False,0,1413.4680917412818,0.24532388127420582
2024-09-01 14:06:29.153,OnTrack,316.02183595118674,12989.777260616365,1938.149462930356,car,0 days 00:00:21.664000,0 days 01:58:45.234000,10731.0,296.0,7,100.0,False,0,1418.6822222222222,0.24622885446357484
2024-09-01 14:06:29.430,OnTrack,507.0,13207.0,1938.0,pos,0 days 00:00:21.941000,0 days 01:58:45.511000,10750.236124444444,299.8472248888889,7,100.0,False,0,1441.814703836108,0.2502437665837569
2024-09-01 14:06:29.513,OnTrack,551.2741975396938,13253.27648515187,1937.8152457623069,car,0 days 00:00:22.024000,0 days 01:58:45.594000,10756.0,301.0,8,100.0,False,0,1448.7822222222221,0.2514530607045921
2024-09-01 14:06:29.713,OnTrack,636.9871042307616,13332.684068213794,1937.7606616442995,car,0 days 00:00:22.224000,0 days 01:58:45.794000,10798.0,303.0,8,100.0,False,0,1465.6155555555554,0.25437468213506137
2024-09-01 14:06:29.790,OnTrack,678.0,13368.0,1938.0,pos,0 days 00:00:22.301000,0 days 01:58:45.871000,10815.111153777778,303.42777884444445,8,100.0,False,0,1472.1228582998967,0.2555041004609476
2024-09-01 14:06:29.990,OnTrack,808.0,13476.0,1939.0,pos,0 days 00:00:22.501000,0 days 01:58:46.071000,10859.555598222223,304.53888995555553,8,100.0,False,0,1489.0824241204896,0.25844763101260493
2024-09-01 14:06:30.073,OnTrack,859.4230113825145,13516.227310883578,1939.008347001853,car,0 days 00:00:22.584000,0 days 01:58:46.154000,10878.0,305.0,8,100.0,False,0,1496.1155555555554,0.25966831304373333
2024-09-01 14:06:30.170,OnTrack,930.0,13567.0,1939.0,pos,0 days 00:00:22.681000,0 days 01:58:46.251000,10925.2874688,305.0,8,100.0,False,0,1504.3257717557785,0.26109329187141794
2024-09-01 14:06:30.233,OnTrack,991.7760787393122,13608.461452804982,1939.2494257677558,car,0 days 00:00:22.744000,0 days 01:58:46.314000,10956.0,305.0,8,100.0,False,0,1509.671111111111,0.262021037892032
2024-09-01 14:06:30.450,OnTrack,1244.0,13768.0,1941.0,pos,0 days 00:00:22.961000,0 days 01:58:46.531000,10996.687488,307.7124992,8,100.0,False,0,1528.2282923833006,0.2652418532481072
2024-09-01 14:06:30.473,OnTrack,1265.272670478198,13780.930242741182,1941.1626981004636,car,0 days 00:00:22.984000,0 days 01:58:46.554000,11001.0,308.0,8,100.0,False,0,1530.2044444444446,0.2655848374983074
2024-09-01 14:06:30.833,OnTrack,1460.42662417634,13883.502773024244,1942.7659675063537,car,0 days 00:00:23.344000,0 days 01:58:46.914000,11096.0,311.0,8,100.0,False,0,1561.3044444444445,0.2709826054084615
2024-09-01 14:06:30.910,OnTrack,1504.0,13903.0,1943.0,pos,0 days 00:00:23.421000,0 days 01:58:46.991000,11120.25506048,311.77000192,8,100.0,False,0,1567.9894794917618,0.2721428712495118
2024-09-01 14:06:31.033,OnTrack,1587.601753193338,13940.182683759012,1943.337540132305,car,0 days 00:00:23.544000,0 days 01:58:47.114000,11159.0,313.0,8,100.0,False,0,1578.6933333333334,0.27400064998845114
2024-09-01 14:06:31.230,OnTrack,1743.0,14006.0,1944.0,pos,0 days 00:00:23.741000,0 days 01:58:47.311000,11181.1625216,313.98500096,8,100.0,False,0,1595.9133346882345,0.27698938216614555
2024-09-01 14:06:31.409,OnTrack,1891.0,14060.0,1945.0,pos,0 days 00:00:23.920000,0 days 01:58:47.490000,11201.3,314.88,8,100.0,False,0,1611.5928221549698,0.2797107401820814
2024-09-01 14:06:31.433,OnTrack,1913.530988196215,14067.36591140573,1945.1407155510649,car,0 days 00:00:23.944000,0 days 01:58:47.514000,11204.0,315.0,8,100.0,False,0,1613.6933333333336,0.28007530840823874
2024-09-01 14:06:31.593,OnTrack,2082.550581476212,14117.909865501924,1946.0859484499124,car,0 days 00:00:24.104000,0 days 01:58:47.674000,11255.0,315.0,8,100.0,False,0,1627.6933333333336,0.28250517177615375
2024-09-01 14:06:31.709,OnTrack,2193.0,14148.0,1947.0,pos,0 days 00:00:24.220000,0 days 01:58:47.790000,11254.275,315.725,8,100.0,False,0,1637.865319586188,0.2842706386886356
2024-09-01 14:06:31.753,OnTrack,2227.956416795806,14156.90488594701,1947.426070027701,car,0 days 00:00:24.264000,0 days 01:58:47.834000,11254.0,316.0,8,100.0,False,0,1641.737777777778,0.2849427489960304
2024-09-01 14:06:31.989,OnTrack,2382.0,14190.0,1950.0,pos,0 days 00:00:24.500000,0 days 01:58:48.070000,11274.228571428572,318.5285714285714,8,100.0,False,0,1662.6494545466392,0.28857221452048293
2024-09-01 14:06:32.033,OnTrack,2415.711066264843,14196.583071679905,1950.3719705050098,car,0 days 00:00:24.544000,0 days 01:58:48.114000,11278.0,319.0,8,100.0,False,0,1666.548888888889,0.2892490068536131
2024-09-01 14:06:32.269,OnTrack,2625.0,14235.0,1952.0,pos,0 days 00:00:24.780000,0 days 01:58:48.350000,11323.582563605247,318.2647973612057,8,100.0,False,0,1687.4015099701448,0.2928682225743528
2024-09-01 14:06:32.354,OnTrack,2701.4563780881726,14247.462389099466,1952.7799977667978,car,0 days 00:00:24.865000,0 days 01:58:48.435000,11340.0,318.0,8,100.0,False,0,1694.903888888889,0.2941703479819867
2024-09-01 14:06:32.489,OnTrack,2818.0,14265.0,1954.0,pos,0 days 00:00:25,0 days 01:58:48.570000,11329.8749952,318.0,8,100.0,False,0,1706.8220723573845,0.29623888779785723
2024-09-01 14:06:32.669,OnTrack,2975.0,14286.0,1955.0,pos,0 days 00:00:25.180000,0 days 01:58:48.750000,11316.3749952,318.0,8,100.0,False,0,1722.7282533060065,0.2989995911128918
2024-09-01 14:06:32.674,OnTrack,2980.838877961829,14286.70846051331,1955.034297614632,car,0 days 00:00:25.185000,0 days 01:58:48.755000,11316.0,318.0,8,100.0,False,0,1723.1705555555557,0.2990763578295865
2024-09-01 14:06:32.909,OnTrack,3310.0,14324.0,1957.0,pos,0 days 00:00:25.420000,0 days 01:58:48.990000,11337.821434514286,318.83928594285715,8,100.0,False,0,1743.9884467221304,0.3026895457683652
2024-09-01 14:06:32.954,OnTrack,3351.6968448534385,14328.41597925308,1957.238139733815,car,0 days 00:00:25.465000,0 days 01:58:49.035000,11342.0,319.0,8,100.0,False,0,1747.9816666666666,0.30338261568716923
2024-09-01 14:06:33.249,OnTrack,3487.0,14339.0,1958.0,pos,0 days 00:00:25.760000,0 days 01:58:49.330000,11370.223236632602,319.67198182458577,8,100.0,False,0,1774.208820149888,0.30793464422242384
2024-09-01 14:06:33.393,OnTrack,3634.861288802861,14350.65810480746,1959.084811799224,car,0 days 00:00:25.904000,0 days 01:58:49.474000,11384.0,320.0,8,100.0,False,0,1787.0038888888887,0.3101553777094847
2024-09-01 14:06:33.589,OnTrack,3858.0,14369.0,1961.0,pos,0 days 00:00:26.100000,0 days 01:58:49.670000,11351.333333333334,319.4555555555556,8,100.0,False,0,1804.385318419676,0.3131721276308316
2024-09-01 14:06:33.753,OnTrack,3953.3350157799186,14377.435643769015,1962.337282442664,car,0 days 00:00:26.264000,0 days 01:58:49.834000,11324.0,319.0,8,100.0,False,0,1818.903888888889,0.31569199495494826
2024-09-01 14:06:33.849,OnTrack,4017.0,14383.0,1963.0,pos,0 days 00:00:26.360000,0 days 01:58:49.930000,11316.4,318.6,8,100.0,False,0,1827.3938143419443,0.3171655205874274
2024-09-01 14:06:33.993,OnTrack,4161.3868662572595,14395.048705305442,1963.8250669524837,car,0 days 00:00:26.504000,0 days 01:58:50.074000,11305.0,318.0,8,100.0,False,0,1840.1038888888888,0.3193715023406481
2024-09-01 14:06:34.029,OnTrack,4198.0,14398.0,1964.0,pos,0 days 00:00:26.540000,0 days 01:58:50.110000,11303.875,317.775,8,100.0,False,0,1843.2735486421461,0.31992163377801913
2024-09-01 14:06:34.153,OnTrack,4311.983007369722,14406.78243904099,1964.507345088441,car,0 days 00:00:26.664000,0 days 01:58:50.234000,11300.0,317.0,8,100.0,False,0,1854.1927777777778,0.3218167934124864
2024-09-01 14:06:34.269,OnTrack,4413.0,14414.0,1965.0,pos,0 days 00:00:26.780000,0 days 01:58:50.350000,11302.9,318.16,8,100.0,False,0,1864.4772913551576,0.3236017907552364
2024-09-01 14:06:34.353,OnTrack,4489.227108288083,14419.158186964207,1965.453554687013,car,0 days 00:00:26.864000,0 days 01:58:50.434000,11305.0,319.0,8,100.0,False,0,1871.915,0.32489269188218833
2024-09-01 14:06:34.449,OnTrack,4577.0,14425.0,1966.0,pos,0 days 00:00:26.960000,0 days 01:58:50.530000,11288.6,317.8,8,100.0,False,0,1880.3607343677866,0.3263585476361473
2024-09-01 14:06:34.593,OnTrack,4704.372109825936,14433.676830250539,1966.7095311782177,car,0 days 00:00:27.104000,0 days 01:58:50.674000,11264.0,316.0,8,100.0,False,0,1892.9816666666668,0.3285490577120034
2024-09-01 14:06:34.689,OnTrack,4788.0,14439.0,1967.0,pos,0 days 00:00:27.200000,0 days 01:58:50.770000,11248.945454545454,316.2181818181818,8,100.0,False,0,1901.4194559795258,0.3300135345089677
2024-09-01 14:06:34.930,OnTrack,4998.0,14450.0,1967.0,pos,0 days 00:00:27.441000,0 days 01:58:51.011000,11211.152282763636,316.76590894545456,8,100.0,False,0,1922.6644259184156,0.33370084695232227
2024-09-01 14:06:35.033,OnTrack,5088.555055507734,14454.160138612273,1966.9913826337513,car,0 days 00:00:27.544000,0 days 01:58:51.114000,11195.0,317.0,8,100.0,False,0,1931.726111111111,0.3352736081595586
2024-09-01 14:06:35.130,OnTrack,5174.0,14458.0,1967.0,pos,0 days 00:00:27.641000,0 days 01:58:51.211000,11144.0750336,315.96071497142856,8,73.67144594285713,False,0,1940.2428545134467,0.3367517883600777
2024-09-01 14:06:35.313,OnTrack,5334.48731404786,14465.305560281287,1967.0006323703958,car,0 days 00:00:27.824000,0 days 01:58:51.394000,11048.0,314.0,8,24.0,False,0,1956.1483333333333,0.339512369812477
2024-09-01 14:06:35.390,OnTrack,5401.0,14468.0,1967.0,pos,0 days 00:00:27.901000,0 days 01:58:51.471000,10893.22961408,310.91999232,8,14.759976960000001,False,0,1962.7082114534724,0.34065091320834223
2024-09-01 14:06:35.513,OnTrack,5505.575711142934,14471.577623947253,1967.0014969604395,car,0 days 00:00:28.024000,0 days 01:58:51.594000,10646.0,306.0,8,0.0,True,0,1973.1483333333333,0.3424629181878024
2024-09-01 14:06:35.590,OnTrack,5572.0,14474.0,1967.0,pos,0 days 00:00:28.101000,0 days 01:58:51.671000,10505.4746496,306.0,8,0.0,True,0,1979.7744391840906,0.3436129561791369
2024-09-01 14:06:35.673,OnTrack,5645.654214473358,14477.15936918659,1966.9938338290967,car,0 days 00:00:28.184000,0 days 01:58:51.754000,10354.0,306.0,8,0.0,True,0,1986.7483333333332,0.3448233568880627
2024-09-01 14:06:35.850,OnTrack,5795.0,14484.0,1967.0,pos,0 days 00:00:28.361000,0 days 01:58:51.931000,9858.4001792,275.0250112,8,0.0,True,0,2000.1731687289998,0.3471533937272212
2024-09-01 14:06:35.873,OnTrack,5811.330050915643,14484.620273036484,1967.0081799940826,car,0 days 00:00:28.384000,0 days 01:58:51.954000,9794.0,271.0,8,0.0,True,0,2001.8038888888887,0.3474364242400665
2024-09-01 14:06:36.110,OnTrack,5963.0,14489.0,1967.0,pos,0 days 00:00:28.621000,0 days 01:58:52.191000,9728.8249472,244.3374784,8,0.0,True,0,2017.2959690951611,0.35012525553906815
2024-09-01 14:06:36.273,OnTrack,6114.673614882014,14494.522963577043,1966.4348386854638,car,0 days 00:00:28.784000,0 days 01:58:52.354000,9684.0,226.0,8,0.0,True,0,2026.915,0.3517947505983903
2024-09-01 14:06:36.410,OnTrack,6228.0,14499.0,1966.0,pos,0 days 00:00:28.921000,0 days 01:58:52.491000,9941.445713066667,207.73334186666668,8,0.0,True,0,2034.513276575831,0.3531135201634545
2024-09-01 14:06:36.513,OnTrack,6277.78627339077,14501.064663466635,1965.929760142257,car,0 days 00:00:29.024000,0 days 01:58:52.594000,10135.0,194.0,6,0.0,True,0,2039.8483333333331,0.35403948151922604
2024-09-01 14:06:36.750,OnTrack,6332.0,14504.0,1966.0,pos,0 days 00:00:29.261000,0 days 01:58:52.831000,10335.7095376,171.781232,6,0.0,True,0,2050.776260150261,0.3559361507377767
2024-09-01 14:06:36.833,OnTrack,6360.576732004293,14505.727802283436,1965.7774128183632,car,0 days 00:00:29.344000,0 days 01:58:52.914000,10406.0,164.0,6,0.0,True,0,2054.426111111111,0.35656962496264233
2024-09-01 14:06:37.033,OnTrack,6451.43199659954,14513.79914686132,1965.0302303958038,car,0 days 00:00:29.544000,0 days 01:58:53.114000,10159.0,154.0,4,0.0,True,0,2062.9816666666666,0.35805454146525706
2024-09-01 14:06:37.050,OnTrack,6460.0,14515.0,1965.0,pos,0 days 00:00:29.561000,0 days 01:58:53.131000,10110.9751808,152.36072045714286,4,0.0,True,0,2063.6522015438577,0.3581709206177568
2024-09-01 14:06:37.270,OnTrack,6575.0,14537.0,1965.0,pos,0 days 00:00:29.781000,0 days 01:58:53.351000,9489.4744576,131.14641005714287,4,0.0,True,0,2071.4391864228105,0.3595224427108908
2024-09-01 14:06:37.313,OnTrack,6595.051020140279,14541.93451011522,1964.982040030219,car,0 days 00:00:29.824000,0 days 01:58:53.394000,9368.0,127.0,4,0.0,True,0,2072.8594444444443,0.3597689450637304
2024-09-01 14:06:37.633,OnTrack,6705.527378660938,14578.905621747894,1964.2921470832143,car,0 days 00:00:30.144000,0 days 01:58:53.714000,8091.0,113.0,3,0.0,True,0,2082.9038888888886,0.3615122756070599
2024-09-01 14:06:37.710,OnTrack,6721.0,14585.0,1964.0,pos,0 days 00:00:30.221000,0 days 01:58:53.791000,8029.01484544,111.0749952,3,0.0,True,0,2085.237922908851,0.36191737444738664
2024-09-01 14:06:37.833,OnTrack,6736.45996245425,14591.4948237015,1963.4387725780139,car,0 days 00:00:30.344000,0 days 01:58:53.914000,7930.0,108.0,3,0.0,True,0,2088.9038888888886,0.36255364562188064
2024-09-01 14:06:37.969,OnTrack,6753.0,14600.0,1963.0,pos,0 days 00:00:30.480000,0 days 01:58:54.050000,7800.8,105.28,3,0.0,True,0,2092.8481741145297,0.36323822234919445
2024-09-01 14:06:38.033,OnTrack,6765.645283952095,14606.861113766585,1962.9860191906037,car,0 days 00:00:30.544000,0 days 01:58:54.114000,7740.0,104.0,3,0.0,False,0,2094.6816666666664,0.3635564463768932
2024-09-01 14:06:38.209,OnTrack,6809.0,14633.0,1963.0,pos,0 days 00:00:30.720000,0 days 01:58:54.290000,7484.8,102.24,3,0.0,False,0,2099.6763863344872,0.3644233382593105
2024-09-01 14:06:38.233,OnTrack,6814.459513508358,14636.975255719302,1962.896892009313,car,0 days 00:00:30.744000,0 days 01:58:54.314000,7450.0,102.0,3,0.0,False,0,2100.348333333333,0.3645399625020016
2024-09-01 14:06:38.389,OnTrack,6846.0,14664.0,1962.0,pos,0 days 00:00:30.900000,0 days 01:58:54.470000,7476.742857142857,100.32857142857142,3,6.685714285714286,False,0,2104.6523736320223,0.3652869789202742
2024-09-01 14:06:38.513,OnTrack,6866.206811186319,14684.749062076626,1962.2894779712437,car,0 days 00:00:31.024000,0 days 01:58:54.594000,7498.0,99.0,3,12.0,False,0,2108.0483333333327,0.36587638735435485
2024-09-01 14:06:38.669,OnTrack,6891.0,14722.0,1963.0,pos,0 days 00:00:31.180000,0 days 01:58:54.750000,7664.6916220195135,99.4859814053047,3,23.663553727312895,False,0,2112.3446271987505,0.36662205928873887
2024-09-01 14:06:38.834,OnTrack,6924.101193181821,14791.907978620515,1962.4705635530363,car,0 days 00:00:31.345000,0 days 01:58:54.915000,7841.0,100.0,3,36.0,False,0,2116.9649999999992,0.36742397890415784
2024-09-01 14:06:38.929,OnTrack,6941.0,14829.0,1962.0,pos,0 days 00:00:31.440000,0 days 01:58:55.010000,7945.02507008,101.90000128,3,42.65000448,False,0,2119.6839697488754,0.3678958878321052
2024-09-01 14:06:39.034,OnTrack,6954.73773725778,14857.27614755355,1961.5913515455832,car,0 days 00:00:31.545000,0 days 01:58:55.115000,8060.0,104.0,3,50.0,False,0,2122.742777777777,0.36842677965917037
2024-09-01 14:06:39.194,OnTrack,6967.218360964825,14877.289686675429,1961.1890347288781,car,0 days 00:00:31.705000,0 days 01:58:55.275000,8414.0,108.0,3,56.0,False,0,2127.5427777777772,0.369259875671027
2024-09-01 14:06:39.349,OnTrack,6987.0,14900.0,1961.0,pos,0 days 00:00:31.860000,0 days 01:58:55.430000,7937.3748032,111.8750016,3,40.9843688,False,0,2132.476964666823,0.3701162613833226
2024-09-01 14:06:39.514,OnTrack,7021.761310723988,14936.955775234797,1960.9889586569727,car,0 days 00:00:32.025000,0 days 01:58:55.595000,7430.0,116.0,4,25.0,False,0,2137.8538888888884,0.3710494893261263
2024-09-01 14:06:39.589,OnTrack,7040.0,14954.0,1961.0,pos,0 days 00:00:32.100000,0 days 01:58:55.670000,7467.12503168,116.37500032,4,25.75000064,False,0,2140.2656445641323,0.3714680776666718
2024-09-01 14:06:39.714,OnTrack,7071.845436219577,14979.386683968032,1961.0010491479825,car,0 days 00:00:32.225000,0 days 01:58:55.795000,7529.0,117.0,4,27.0,False,0,2144.3538888888884,0.3721776401755154
2024-09-01 14:06:39.749,OnTrack,7081.0,14986.0,1961.0,pos,0 days 00:00:32.260000,0 days 01:58:55.830000,7616.514279799101,118.01695095957638,4,29.062150556918777,False,0,2145.550176999161,0.37238526993670285
2024-09-01 14:06:39.969,OnTrack,7141.0,15024.0,1961.0,pos,0 days 00:00:32.480000,0 days 01:58:56.050000,8166.60303265973,124.40920244536807,4,42.02421606977415,False,0,2153.6063032197058,0.37378350465031723
2024-09-01 14:06:40.089,OnTrack,7177.0,15043.0,1961.0,pos,0 days 00:00:32.600000,0 days 01:58:56.170000,8466.651443310982,127.89588507398173,4,49.094433622240714,False,0,2158.390819028189,0.37461391320004894
2024-09-01 14:06:40.949,OnTrack,7515.0,15142.0,1959.0,pos,0 days 00:00:33.460000,0 days 01:58:57.030000,10616.998386311625,152.88377724571288,4,99.76432608158444,False,0,2196.832326077094,0.38128588532759045
2024-09-01 14:06:40.953,OnTrack,7516.240304348314,15142.262004716038,1958.9988763982851,car,0 days 00:00:33.464000,0 days 01:58:57.034000,10627.0,153.0,4,100.0,False,0,2197.0113888888886,0.3813169637680858
2024-09-01 14:06:41.113,OnTrack,7561.6911516126665,15151.22335598383,1959.0599301300472,car,0 days 00:00:33.624000,0 days 01:58:57.194000,10890.0,162.0,4,100.0,False,0,2204.2113888888885,0.38256660778587065
2024-09-01 14:06:41.209,OnTrack,7594.0,15157.0,1959.0,pos,0 days 00:00:33.720000,0 days 01:58:57.290000,11090.64,166.32,4,100.0,False,0,2208.698389764345,0.3833453791472331
2024-09-01 14:06:41.313,OnTrack,7638.423135201582,15164.648280449399,1958.7403133231037,car,0 days 00:00:33.824000,0 days 01:58:57.394000,11308.0,171.0,4,100.0,False,0,2213.7113888888885,0.38421544364267013
2024-09-01 14:06:41.490,OnTrack,7726.0,15180.0,1958.0,pos,0 days 00:00:34.001000,0 days 01:58:57.571000,11605.35989248,178.96499712,4,100.0,False,0,2222.5434110511796,0.3857483441510105
2024-09-01 14:06:41.513,OnTrack,7737.096179150078,15182.08043626076,1957.8982619947801,car,0 days 00:00:34.024000,0 days 01:58:57.594000,11644.0,180.0,4,100.0,False,0,2223.7113888888885,0.38595106033403803
2024-09-01 14:06:41.710,OnTrack,7833.0,15202.0,1957.0,pos,0 days 00:00:34.221000,0 days 01:58:57.791000,11658.7750144,185.74583893333335,4,100.0,False,0,2233.8936023443457,0.3877183022968742
2024-09-01 14:06:41.753,OnTrack,7856.247652288547,15207.505902463574,1956.8030389506052,car,0 days 00:00:34.264000,0 days 01:58:57.834000,11662.0,187.0,4,100.0,False,0,2236.1780555555547,0.38811479580927655
2024-09-01 14:06:41.930,OnTrack,7958.0,15234.0,1956.0,pos,0 days 00:00:34.441000,0 days 01:58:58.011000,11033.018084571428,194.58571154285715,4,100.0,False,0,2245.8530641136476,0.38979400644353185
2024-09-01 14:06:42.033,OnTrack,8014.639698603846,15250.47333121004,1955.5457717525667,car,0 days 00:00:34.544000,0 days 01:58:58.114000,10667.0,199.0,4,100.0,False,0,2251.6558333333323,0.3908011447549159
2024-09-01 14:06:42.230,OnTrack,8116.0,15282.0,1955.0,pos,0 days 00:00:34.741000,0 days 01:58:58.311000,11000.805880888889,205.01945031111111,4,100.0,False,0,2263.066254473744,0.3927815564935994
2024-09-01 14:06:42.393,OnTrack,8200.2215831368,15307.761382563256,1955.124323493591,car,0 days 00:00:34.904000,0 days 01:58:58.474000,11277.0,210.0,5,100.0,False,0,2272.6558333333323,0.39444593980678844
2024-09-01 14:06:42.430,OnTrack,8227.0,15316.0,1955.0,pos,0 days 00:00:34.941000,0 days 01:58:58.511000,11346.8378624,210.6937536,5,100.0,False,0,2274.83409324704,0.3948240022332253
2024-09-01 14:06:42.553,OnTrack,8345.754004042015,15352.764810488368,1953.8940958562616,car,0 days 00:00:35.064000,0 days 01:58:58.634000,11579.0,213.0,5,100.0,False,0,2282.122499999999,0.3960889902746167
2024-09-01 14:06:42.650,OnTrack,8433.0,15380.0,1953.0,pos,0 days 00:00:35.161000,0 days 01:58:58.731000,11663.874944,217.2437472,5,100.0,False,0,2288.008936003694,0.39711064993268486
2024-09-01 14:06:42.713,OnTrack,8471.640756770372,15392.229997295675,1952.6918648521648,car,0 days 00:00:35.224000,0 days 01:58:58.794000,11719.0,220.0,5,100.0,False,0,2291.9002777777764,0.3977860377061763
2024-09-01 14:06:42.913,OnTrack,8523.857607092039,15410.350836791662,1952.8715114946763,car,0 days 00:00:35.424000,0 days 01:58:58.994000,11175.0,228.0,5,100.0,False,0,2304.5669444444434,0.3999844855152423
2024-09-01 14:06:42.990,OnTrack,8552.0,15421.0,1953.0,pos,0 days 00:00:35.501000,0 days 01:58:59.071000,11064.312224,229.4437536,5,100.0,False,0,2309.5233660331237,0.40084473031911927
2024-09-01 14:06:43.230,OnTrack,8696.0,15476.0,1953.0,pos,0 days 00:00:35.741000,0 days 01:58:59.311000,10719.312224,233.9437536,5,100.0,False,0,2325.170099266808,0.40356040345569555
2024-09-01 14:06:43.233,OnTrack,8697.902540527488,15476.741213444284,1952.9924149426881,car,0 days 00:00:35.744000,0 days 01:58:59.314000,10715.0,234.0,6,100.0,False,0,2325.3669444444436,0.40359456823328754
2024-09-01 14:06:43.450,OnTrack,8830.0,15529.0,1952.0,pos,0 days 00:00:35.961000,0 days 01:58:59.531000,10926.5749376,237.6166656,6,100.0,False,0,2339.6985305515586,0.406081982239416
2024-09-01 14:06:43.473,OnTrack,8843.427098314049,15534.27882715662,1951.8820763381143,car,0 days 00:00:35.984000,0 days 01:58:59.554000,10949.0,238.0,6,100.0,False,0,2341.23361111111,0.4063484133835911
2024-09-01 14:06:43.650,OnTrack,8955.0,15577.0,1951.0,pos,0 days 00:00:36.161000,0 days 01:58:59.731000,11060.116626488889,240.94999893333335,6,100.0,False,0,2353.1681941642737,0.40841979953874985
2024-09-01 14:06:43.833,OnTrack,9124.796115946072,15638.493356655388,1950.178652223325,car,0 days 00:00:36.344000,0 days 01:58:59.914000,11175.0,244.0,6,100.0,False,0,2365.6336111111104,0.41058331811052884
2024-09-01 14:06:43.890,OnTrack,9171.0,15655.0,1950.0,pos,0 days 00:00:36.401000,0 days 01:58:59.971000,11195.6624768,244.7124992,6,100.0,False,0,2369.5212083038555,0.41125805596823317
2024-09-01 14:06:43.993,OnTrack,9233.863202022098,15677.276246415699,1949.8074985327175,car,0 days 00:00:36.504000,0 days 01:59:00.074000,11233.0,246.0,6,100.0,False,0,2376.5669444444434,0.41248092569309097
2024-09-01 14:06:44.313,OnTrack,9377.284228814557,15725.143973945793,1949.981642358133,car,0 days 00:00:36.824000,0 days 01:59:00.394000,11402.0,250.0,6,100.0,False,0,2398.7891666666656,0.41633785167390847
2024-09-01 14:06:44.330,OnTrack,9392.0,15730.0,1950.0,pos,0 days 00:00:36.841000,0 days 01:59:00.411000,11368.485840457142,250.0,6,94.77859108571428,False,0,2399.9806018307836,0.41654463914966106
2024-09-01 14:06:44.509,OnTrack,9577.0,15791.0,1950.0,pos,0 days 00:00:37.020000,0 days 01:59:00.590000,11015.6,250.0,6,39.8,False,0,2412.5357061330415,0.41872372400854735
2024-09-01 14:06:44.593,OnTrack,9639.41880261726,15811.417560133254,1949.5185594153604,car,0 days 00:00:37.104000,0 days 01:59:00.674000,10850.0,250.0,6,14.0,True,0,2418.23361111111,0.41971266190712375
2024-09-01 14:06:44.873,OnTrack,9746.524449008808,15842.242130464541,1946.1853865629864,car,0 days 00:00:37.384000,0 days 01:59:00.954000,10309.0,228.0,6,0.0,True,0,2435.9669444444435,0.4227904888398161
2024-09-01 14:06:44.889,OnTrack,9754.0,15844.0,1946.0,pos,0 days 00:00:37.400000,0 days 01:59:00.970000,10343.2,227.06666666666666,6,0.0,True,0,2436.9408310269037,0.42295951822061784
2024-09-01 14:06:45.113,OnTrack,9881.08443777055,15870.49335537281,1944.0320136153784,car,0 days 00:00:37.624000,0 days 01:59:01.194000,10822.0,214.0,6,0.0,True,0,2450.23361111111,0.42526663531950093
2024-09-01 14:06:45.129,OnTrack,9890.0,15872.0,1944.0,pos,0 days 00:00:37.640000,0 days 01:59:01.210000,10818.49751132259,213.36318387683465,6,0.0,True,0,2451.1610202273077,0.4254275979936809
2024-09-01 14:06:45.229,OnTrack,9947.0,15879.0,1944.0,pos,0 days 00:00:37.740000,0 days 01:59:01.310000,10796.606957088783,209.38308310705133,6,0.0,True,0,2456.8946452404193,0.42642273552116094
2024-09-01 14:06:45.314,OnTrack,10015.37701714442,15879.801723119243,1943.3523119198883,car,0 days 00:00:37.825000,0 days 01:59:01.395000,10778.0,206.0,5,0.0,True,0,2461.7352777777764,0.4272628837840225
2024-09-01 14:06:45.474,OnTrack,10160.34257499983,15872.64818589511,1941.144098326125,car,0 days 00:00:37.985000,0 days 01:59:01.555000,10538.0,204.0,5,0.0,True,0,2470.8019444444435,0.4288365095841961
2024-09-01 14:06:45.489,OnTrack,10170.0,15872.0,1941.0,pos,0 days 00:00:38,0 days 01:59:01.570000,10518.446345142856,203.51785508571427,5,0.0,True,0,2471.637113514347,0.42898146292198003
2024-09-01 14:06:45.754,OnTrack,10244.723159998073,15859.44833248623,1940.120063470064,car,0 days 00:00:38.265000,0 days 01:59:01.835000,10173.0,195.0,5,0.0,False,0,2485.96861111111,0.43146886156610403
2024-09-01 14:06:45.789,OnTrack,10255.0,15856.0,1940.0,pos,0 days 00:00:38.300000,0 days 01:59:01.870000,10135.9582656,194.4166656,5,0.729168,False,0,2487.8367530807195,0.4317930994045339
2024-09-01 14:06:45.994,OnTrack,10350.859182894766,15823.47229332121,1938.7081677131766,car,0 days 00:00:38.505000,0 days 01:59:02.075000,9919.0,191.0,5,5.0,False,0,2498.701944444443,0.4336788801531124
2024-09-01 14:06:46.149,OnTrack,10432.0,15789.0,1938.0,pos,0 days 00:00:38.660000,0 days 01:59:02.230000,9760.770768,188.4166656,5,15.3333376,False,0,2506.7812287444103,0.43508113422164535
2024-09-01 14:06:46.234,OnTrack,10470.550336582839,15767.61464220738,1937.9745365104934,car,0 days 00:00:38.745000,0 days 01:59:02.315000,9674.0,187.0,5,21.0,False,0,2511.16861111111,0.435842615628351
2024-09-01 14:06:46.269,OnTrack,10486.0,15758.0,1938.0,pos,0 days 00:00:38.780000,0 days 01:59:02.350000,9692.125033142856,186.6249993142857,5,24.750006857142857,False,0,2512.9675619504164,0.4361548445387161
2024-09-01 14:06:46.514,OnTrack,10592.961366677351,15676.504640159288,1938.232194425542,car,0 days 00:00:39.025000,0 days 01:59:02.595000,9819.0,184.0,5,51.0,False,0,2525.479722222221,0.43832647595999746
2024-09-01 14:06:46.589,OnTrack,10622.0,15650.0,1938.0,pos,0 days 00:00:39.100000,0 days 01:59:02.670000,9859.053788432106,184.26881737202757,5,54.76344320838579,False,0,2529.3127626534197,0.4389917448551051
2024-09-01 14:06:46.793,OnTrack,10688.243559942011,15578.229927108187,1936.3680249983938,car,0 days 00:00:39.304000,0 days 01:59:02.874000,9968.0,185.0,5,65.0,False,0,2539.8172222222206,0.4408149163912461
2024-09-01 14:06:46.889,OnTrack,10716.0,15541.0,1936.0,pos,0 days 00:00:39.400000,0 days 01:59:02.970000,10093.6,186.6,5,70.6,False,0,2544.847441179082,0.4416879695895225
2024-09-01 14:06:47.149,OnTrack,10785.0,15424.0,1937.0,pos,0 days 00:00:39.660000,0 days 01:59:03.230000,10433.766666666666,190.93333333333334,5,85.76666666666667,False,0,2558.7026710343,0.4440927064094679
2024-09-01 14:06:47.153,OnTrack,10785.942804762222,15422.097474337592,1936.997790212385,car,0 days 00:00:39.664000,0 days 01:59:03.234000,10439.0,191.0,5,86.0,False,0,2558.9172222222205,0.4441299442717587
2024-09-01 14:06:47.353,OnTrack,10828.140474188605,15323.765158395556,1936.029889817981,car,0 days 00:00:39.864000,0 days 01:59:03.434000,10739.0,195.0,5,100.0,False,0,2569.750555555554,0.44601019568740724
2024-09-01 14:06:47.389,OnTrack,10835.0,15305.0,1936.0,pos,0 days 00:00:39.900000,0 days 01:59:03.470000,10782.1,196.1,5,100.0,False,0,2571.7506077649236,0.44635732808722617
2024-09-01 14:06:47.589,OnTrack,10869.0,15197.0,1937.0,pos,0 days 00:00:40.100000,0 days 01:59:03.670000,11021.544444444444,202.2111111111111,5,100.0,False,0,2583.177807089501,0.4483406518755586
2024-09-01 14:06:47.713,OnTrack,10884.502666488359,15134.392696924231,1937.14291322282,car,0 days 00:00:40.224000,0 days 01:59:03.794000,11170.0,206.0,5,100.0,False,0,2590.350555555554,0.44958556607162503
2024-09-01 14:06:47.789,OnTrack,10894.0,15084.0,1937.0,pos,0 days 00:00:40.300000,0 days 01:59:03.870000,11319.783333333333,206.95,5,100.0,False,0,2594.7443074652656,0.45034815298684755
2024-09-01 14:06:47.953,OnTrack,10917.80417134145,14925.176402138779,1936.284833041553,car,0 days 00:00:40.464000,0 days 01:59:04.034000,11643.0,209.0,5,100.0,False,0,2604.2838888888873,0.45200385866159765
2024-09-01 14:06:48.010,OnTrack,10925.0,14872.0,1936.0,pos,0 days 00:00:40.521000,0 days 01:59:04.091000,11722.7999104,210.70999808,5,100.0,False,0,2607.650991407727,0.4525882585949221
2024-09-01 14:06:48.153,OnTrack,10937.837814924116,14766.57658368135,1935.324746161899,car,0 days 00:00:40.664000,0 days 01:59:04.234000,11923.0,215.0,5,100.0,False,0,2616.2283333333316,0.454076956376287
2024-09-01 14:06:48.393,OnTrack,10947.194314989796,14657.358123084627,1934.2618633794214,car,0 days 00:00:40.904000,0 days 01:59:04.474000,11477.0,223.0,5,100.0,False,0,2631.0949999999984,0.45665723985745393
2024-09-01 14:06:48.450,OnTrack,10949.0,14635.0,1934.0,pos,0 days 00:00:40.961000,0 days 01:59:04.531000,11408.6000768,224.66249813333334,5,100.0,False,0,2634.726546069719,0.45728753705486175
2024-09-01 14:06:48.690,OnTrack,10957.0,14533.0,1933.0,pos,0 days 00:00:41.201000,0 days 01:59:04.771000,11120.6000768,231.66249813333334,5,100.0,False,0,2650.445801179316,0.4600157972092703
2024-09-01 14:06:48.873,OnTrack,10967.494709351933,14383.624109984166,1932.8928501084094,car,0 days 00:00:41.384000,0 days 01:59:04.954000,10901.0,237.0,6,100.0,False,0,2662.694999999999,0.4621417886021765
2024-09-01 14:06:49.030,OnTrack,10976.0,14256.0,1933.0,pos,0 days 00:00:41.541000,0 days 01:59:05.111000,11007.36763008,240.14000384,6,100.0,False,0,2673.3118151387225,0.46398446075857
2024-09-01 14:06:49.273,OnTrack,10982.967464682699,14138.853637284848,1933.0104445979046,car,0 days 00:00:41.784000,0 days 01:59:05.354000,11172.0,245.0,6,100.0,False,0,2689.917222222221,0.46686652292867786
2024-09-01 14:06:49.330,OnTrack,10985.0,14108.0,1933.0,pos,0 days 00:00:41.841000,0 days 01:59:05.411000,11202.054511709091,245.51818123636363,6,100.0,False,0,2693.8371056338688,0.46754686443642507
2024-09-01 14:06:49.530,OnTrack,10995.0,13971.0,1933.0,pos,0 days 00:00:42.041000,0 days 01:59:05.611000,11307.509057163636,247.33636305454544,6,100.0,False,0,2707.662943437276,0.46994649992279897
2024-09-01 14:06:49.713,OnTrack,11005.207353989912,13845.621595226896,1933.2136362600368,car,0 days 00:00:42.224000,0 days 01:59:05.794000,11404.0,249.0,6,100.0,False,0,2720.3505555555544,0.47214858305940743
2024-09-01 14:06:49.790,OnTrack,11010.0,13793.0,1933.0,pos,0 days 00:00:42.301000,0 days 01:59:05.871000,11441.73009408,249.38500096,6,100.0,False,0,2725.689982646868,0.47307530293760996
2024-09-01 14:06:49.913,OnTrack,11018.439127065085,13707.73394148037,1932.1397186903332,car,0 days 00:00:42.424000,0 days 01:59:05.994000,11502.0,250.0,6,100.0,False,0,2734.2394444444435,0.4745591617974184
2024-09-01 14:06:49.950,OnTrack,11021.0,13682.0,1932.0,pos,0 days 00:00:42.461000,0 days 01:59:06.031000,11506.625024,250.4625024,6,100.0,False,0,2736.8225592197155,0.4750074915093865
2024-09-01 14:06:50.073,OnTrack,11029.287346977962,13596.543044455935,1932.3711985356795,car,0 days 00:00:42.584000,0 days 01:59:06.154000,11522.0,252.0,6,100.0,False,0,2745.4394444444433,0.47650305249175035
2024-09-01 14:06:50.233,OnTrack,11039.8596114583,13485.735020612057,1933.0785219900943,car,0 days 00:00:42.744000,0 days 01:59:06.314000,11555.0,250.0,6,1.0,True,0,2756.5505555555546,0.4784315154821592
2024-09-01 14:06:50.250,OnTrack,11041.0,13474.0,1933.0,pos,0 days 00:00:42.761000,0 days 01:59:06.331000,11471.7003136,248.38500608,6,0.91500032,True,0,2757.686336438353,0.4786286435079513
2024-09-01 14:06:50.370,OnTrack,11049.0,13392.0,1932.0,pos,0 days 00:00:42.881000,0 days 01:59:06.451000,10883.7003136,236.98500608,6,0.31500032,True,0,2765.409564249288,0.47996909981794084
2024-09-01 14:06:50.433,OnTrack,11052.867332945812,13350.767300754382,1932.0211437449568,car,0 days 00:00:42.944000,0 days 01:59:06.514000,10575.0,231.0,6,0.0,True,0,2769.3838888888877,0.4806588902360812
2024-09-01 14:06:50.570,OnTrack,11060.0,13265.0,1933.0,pos,0 days 00:00:43.081000,0 days 01:59:06.651000,9991.38027264,224.83500288,6,0.0,True,0,2777.9615314543057,0.4821476401969939
2024-09-01 14:06:50.633,OnTrack,11062.472499475918,13226.46769075845,1933.2102915031446,car,0 days 00:00:43.144000,0 days 01:59:06.714000,9723.0,222.0,6,0.0,True,0,2781.717222222221,0.48279948415543494
2024-09-01 14:06:50.810,OnTrack,11067.0,13124.0,1933.0,pos,0 days 00:00:43.321000,0 days 01:59:06.891000,9985.84490496,199.875008,6,0.0,True,0,2791.430776018426,0.4844853847655542
2024-09-01 14:06:50.833,OnTrack,11067.393060214576,13111.854173568869,1932.9223024315866,car,0 days 00:00:43.344000,0 days 01:59:06.914000,10020.0,197.0,6,0.0,True,0,2792.661666666666,0.4846990202009876
2024-09-01 14:06:50.993,OnTrack,11068.661733817109,13034.22333858463,1932.0888929595228,car,0 days 00:00:43.504000,0 days 01:59:07.074000,9857.0,191.0,6,0.0,True,0,2801.1505555555545,0.4861723659256598
2024-09-01 14:06:51.109,OnTrack,11063.0,12966.0,1931.0,pos,0 days 00:00:43.620000,0 days 01:59:07.190000,9592.52,185.2,6,0.0,True,0,2807.037328632348,0.48719408408669757
2024-09-01 14:06:51.193,OnTrack,11053.86682487686,12904.161824676354,1929.905006344094,car,0 days 00:00:43.704000,0 days 01:59:07.274000,9401.0,181.0,5,0.0,True,0,2811.20611111111,0.48791762493197977
2024-09-01 14:06:51.349,OnTrack,11033.0,12794.0,1928.0,pos,0 days 00:00:43.860000,0 days 01:59:07.430000,9231.566666666668,178.4,5,0.43333333333333335,True,0,2818.8566293916574,0.48924546165451305
2024-09-01 14:06:51.553,OnTrack,11017.34009595439,12744.73099597866,1927.9449701373403,car,0 days 00:00:44.064000,0 days 01:59:07.634000,9010.0,175.0,5,1.0,False,0,2828.70611111111,0.4909549541418735
2024-09-01 14:06:51.609,OnTrack,11011.0,12731.0,1928.0,pos,0 days 00:00:44.120000,0 days 01:59:07.690000,9006.64,173.88,5,4.359999999999999,False,0,2831.385173139799,0.49141993661929373
2024-09-01 14:06:51.753,OnTrack,10985.224482907592,12675.393437588717,1927.900326166486,car,0 days 00:00:44.264000,0 days 01:59:07.834000,8998.0,171.0,5,13.0,False,0,2838.20611111111,0.492603789998673
2024-09-01 14:06:51.809,OnTrack,10969.0,12648.0,1928.0,pos,0 days 00:00:44.320000,0 days 01:59:07.890000,8973.142140671065,170.30174552446812,5,16.351621482553053,False,0,2840.8194847598375,0.4930573714912242
2024-09-01 14:06:52.089,OnTrack,10847.0,12496.0,1930.0,pos,0 days 00:00:44.600000,0 days 01:59:08.170000,8848.852844026389,166.81047314680868,5,33.10972889531833,False,0,2853.672271946229,0.49528812268835426
2024-09-01 14:06:52.154,OnTrack,10824.930327452821,12472.515883225049,1930.2712123082115,car,0 days 00:00:44.665000,0 days 01:59:08.235000,8820.0,166.0,5,37.0,False,0,2856.696666666666,0.49581304168416174
2024-09-01 14:06:52.489,OnTrack,10751.0,12418.0,1930.0,pos,0 days 00:00:45,0 days 01:59:08.570000,9424.522842763636,172.85227403636364,5,72.78409774545455,False,0,2872.777395714233,0.4986040398585939
2024-09-01 14:06:52.594,OnTrack,10721.210477979086,12400.031094000424,1929.752927511774,car,0 days 00:00:45.105000,0 days 01:59:08.675000,9614.0,175.0,5,84.0,False,0,2878.0855555555545,0.4995253329406985
2024-09-01 14:06:53.329,OnTrack,10366.0,12202.0,1927.0,pos,0 days 00:00:45.840000,0 days 01:59:09.410000,10931.19748311579,200.14473903157895,5,99.47368555789474,False,0,2919.050609753682,0.5066352961236045
2024-09-01 14:06:53.354,OnTrack,10349.399405728578,12193.482215160617,1926.8725781283588,car,0 days 00:00:45.865000,0 days 01:59:09.435000,10976.0,201.0,5,100.0,False,0,2920.518888888888,0.5068901331010696
2024-09-01 14:06:53.709,OnTrack,10106.0,12071.0,1925.0,pos,0 days 00:00:46.220000,0 days 01:59:09.790000,11703.799444358874,213.85515322916487,5,100.0,False,0,2941.622197575599,0.5105528585810439
2024-09-01 14:06:53.713,OnTrack,10103.679811252674,12069.811775209973,1924.9819852522055,car,0 days 00:00:46.224000,0 days 01:59:09.794000,11712.0,214.0,5,100.0,False,0,2941.8594444444434,0.5105940355435981
2024-09-01 14:06:53.873,OnTrack,10022.38192801248,12027.354689146796,1924.3460341500415,car,0 days 00:00:46.384000,0 days 01:59:09.954000,11827.0,214.0,5,100.0,False,0,2951.370555555555,0.512244799863388
2024-09-01 14:06:54.109,OnTrack,9909.0,11966.0,1924.0,pos,0 days 00:00:46.620000,0 days 01:59:10.190000,11164.233333333334,221.86666666666667,5,100.0,False,0,2966.034154803567,0.514789838624426
2024-09-01 14:06:54.233,OnTrack,9831.135960397909,11923.934445220402,1924.281477119275,car,0 days 00:00:46.744000,0 days 01:59:10.314000,10816.0,226.0,5,100.0,False,0,2973.9705555555547,0.5161672935858793
2024-09-01 14:06:54.433,OnTrack,9702.800787086584,11854.734771921057,1924.969194686967,car,0 days 00:00:46.944000,0 days 01:59:10.514000,10862.0,235.0,6,100.0,False,0,2987.02611111111,0.5184332375996096
2024-09-01 14:06:54.450,OnTrack,9694.0,11850.0,1925.0,pos,0 days 00:00:46.961000,0 days 01:59:10.531000,10880.558263466666,235.47222044444445,6,100.0,False,0,2988.1562128140895,0.518629379937473
2024-09-01 14:06:54.770,OnTrack,9565.0,11781.0,1925.0,pos,0 days 00:00:47.281000,0 days 01:59:10.851000,11229.8915968,244.36110933333333,6,100.0,False,0,3009.94626629488,0.5224112979901788
2024-09-01 14:06:54.793,OnTrack,9553.42271577008,11774.829402093152,1925.011435700363,car,0 days 00:00:47.304000,0 days 01:59:10.874000,11255.0,245.0,6,100.0,False,0,3011.52611111111,0.5226854984934608
2024-09-01 14:06:54.953,OnTrack,9456.531206525653,11723.199607620427,1925.2094569427234,car,0 days 00:00:47.464000,0 days 01:59:11.034000,11489.0,248.0,6,100.0,False,0,3022.5483333333323,0.5245985337799464
2024-09-01 14:06:55.090,OnTrack,9367.0,11675.0,1925.0,pos,0 days 00:00:47.601000,0 days 01:59:11.171000,11570.343712,250.5687488,6,100.0,False,0,3032.1222353761914,0.526260196198657
2024-09-01 14:06:55.270,OnTrack,9256.0,11614.0,1924.0,pos,0 days 00:00:47.781000,0 days 01:59:11.351000,11677.218864,253.9437536,6,100.0,False,0,3044.91105305186,0.5284798447407322
2024-09-01 14:06:55.273,OnTrack,9254.238612083274,11613.017350422955,1923.9896251899822,car,0 days 00:00:47.784000,0 days 01:59:11.354000,11679.0,254.0,6,100.0,False,0,3045.1261111111103,0.528517170576457
2024-09-01 14:06:55.433,OnTrack,9162.620243372065,11561.106386609594,1923.9402538104111,car,0 days 00:00:47.944000,0 days 01:59:11.514000,11937.0,260.0,6,100.0,False,0,3056.6816666666655,0.530522772086482
2024-09-01 14:06:55.510,OnTrack,9107.0,11529.0,1924.0,pos,0 days 00:00:48.021000,0 days 01:59:11.591000,11532.748992,261.28333653333334,6,100.0,False,0,3062.291845167545,0.5314964840312499
2024-09-01 14:06:55.673,OnTrack,8952.919483481413,11439.352914040363,1923.9719746543226,car,0 days 00:00:48.184000,0 days 01:59:11.754000,10677.0,264.0,6,100.0,False,0,3074.281666666666,0.5335774574632894
2024-09-01 14:06:55.730,OnTrack,8904.0,11411.0,1924.0,pos,0 days 00:00:48.241000,0 days 01:59:11.811000,10718.3249536,265.1083320888889,6,100.0,False,0,3078.5185184628317,0.5343128125329172
2024-09-01 14:06:56.033,OnTrack,8752.83927405065,11325.8077053123,1924.7859138726037,car,0 days 00:00:48.544000,0 days 01:59:12.114000,10938.0,271.0,7,100.0,False,0,3101.3816666666658,0.5382809786968964
2024-09-01 14:06:56.130,OnTrack,8708.0,11301.0,1925.0,pos,0 days 00:00:48.641000,0 days 01:59:12.211000,10993.236074666667,272.6166656,7,100.0,False,0,3108.7885531926318,0.5395665302854499
2024-09-01 14:06:56.350,OnTrack,8561.0,11219.0,1925.0,pos,0 days 00:00:48.861000,0 days 01:59:12.431000,11118.513998222223,276.28333653333334,7,100.0,False,0,3125.740518026825,0.5425087415972205
2024-09-01 14:06:56.393,OnTrack,8516.123274792273,11193.850693621185,1924.8378196141937,car,0 days 00:00:48.904000,0 days 01:59:12.474000,11143.0,277.0,7,100.0,False,0,3129.0816666666656,0.5430886369319854
2024-09-01 14:06:56.570,OnTrack,8317.0,11082.0,1924.0,pos,0 days 00:00:49.081000,0 days 01:59:12.651000,11259.033291377778,279.94999893333335,7,100.0,False,0,3142.932688764343,0.5454926434465087
2024-09-01 14:06:56.753,OnTrack,8252.728299893266,11045.32355949666,1924.4467608004209,car,0 days 00:00:49.264000,0 days 01:59:12.834000,11379.0,283.0,7,100.0,False,0,3157.3816666666658,0.5480004321685564
2024-09-01 14:06:56.850,OnTrack,8221.0,11027.0,1925.0,pos,0 days 00:00:49.361000,0 days 01:59:12.931000,11446.8999552,284.8187488,7,100.0,False,0,3165.0776686983863,0.549336163126862
2024-09-01 14:06:56.913,OnTrack,8185.804245958542,11006.842778004564,1925.4041085822494,car,0 days 00:00:49.424000,0 days 01:59:12.994000,11491.0,286.0,7,100.0,False,0,3170.092777777777,0.550206593829584
2024-09-01 14:06:57.070,OnTrack,8069.0,10940.0,1926.0,pos,0 days 00:00:49.581000,0 days 01:59:13.151000,11550.43578697143,287.6821449142857,7,100.0,False,0,3182.6549646318635,0.5523869079479875
2024-09-01 14:06:57.193,OnTrack,7983.772594766131,10890.759996121511,1925.1956492815,car,0 days 00:00:49.704000,0 days 01:59:13.274000,11597.0,289.0,7,100.0,False,0,3192.5705555555546,0.554107874459181
2024-09-01 14:06:57.250,OnTrack,7945.0,10868.0,1925.0,pos,0 days 00:00:49.761000,0 days 01:59:13.331000,11634.36662471111,289.7916657777778,7,100.0,False,0,3197.1900083246055,0.5549096343922759
2024-09-01 14:06:57.553,OnTrack,7735.595676729239,10739.484030557742,1927.8894787763543,car,0 days 00:00:50.064000,0 days 01:59:13.634000,11833.0,294.0,7,100.0,False,0,3221.9705555555547,0.5592105875318025
2024-09-01 14:06:57.570,OnTrack,7724.0,10732.0,1928.0,pos,0 days 00:00:50.081000,0 days 01:59:13.651000,11786.63267456,294.16999936,7,100.0,False,0,3223.3688442535313,0.5594532768521584
2024-09-01 14:06:57.789,OnTrack,7575.0,10632.0,1928.0,pos,0 days 00:00:50.300000,0 days 01:59:13.870000,11189.31,296.36,7,100.0,False,0,3241.449481064746,0.5625913823561689
2024-09-01 14:06:57.953,OnTrack,7457.130542913387,10548.65543472568,1927.0935540098583,car,0 days 00:00:50.464000,0 days 01:59:14.034000,10742.0,298.0,7,100.0,False,0,3255.0816666666656,0.5649574072432205
2024-09-01 14:06:57.989,OnTrack,7432.0,10530.0,1927.0,pos,0 days 00:00:50.500000,0 days 01:59:14.070000,10748.9,298.45,7,100.0,False,0,3258.0855219637842,0.5654787613824338
2024-09-01 14:06:58.189,OnTrack,7300.0,10426.0,1927.0,pos,0 days 00:00:50.700000,0 days 01:59:14.270000,10787.233333333334,300.95,7,100.0,False,0,3274.8141862655943,0.568382216281085
2024-09-01 14:06:58.193,OnTrack,7297.376784164711,10423.89934450257,1926.9743583874078,car,0 days 00:00:50.704000,0 days 01:59:14.274000,10788.0,301.0,8,100.0,False,0,3275.1483333333326,0.5684402114038988
2024-09-01 14:06:58.289,OnTrack,7234.0,10373.0,1926.0,pos,0 days 00:00:50.800000,0 days 01:59:14.370000,10798.56,301.0,8,100.0,False,0,3283.1586149533878,0.5698304892521313
2024-09-01 14:06:58.393,OnTrack,7164.394884681415,10315.953200930344,1924.8294973427383,car,0 days 00:00:50.904000,0 days 01:59:14.474000,10810.0,301.0,8,100.0,False,0,3291.8705555555543,0.5713425482044638
2024-09-01 14:06:58.549,OnTrack,7064.0,10233.0,1923.0,pos,0 days 00:00:51.060000,0 days 01:59:14.630000,10867.65987231345,303.47619083554696,8,100.0,False,0,3305.118988737726,0.5736419683810087
2024-09-01 14:06:58.834,OnTrack,6882.6346787219945,10084.547688538354,1918.3922309569741,car,0 days 00:00:51.345000,0 days 01:59:14.915000,10973.0,308.0,8,100.0,False,0,3329.6005555555544,0.5778910299809948
2024-09-01 14:06:58.849,OnTrack,6868.0,10072.0,1918.0,pos,0 days 00:00:51.360000,0 days 01:59:14.930000,10974.406256,308.0,8,100.0,False,0,3330.884269365089,0.5781138334924716
2024-09-01 14:06:58.994,OnTrack,6697.488830645088,9923.291890654096,1913.4210765306252,car,0 days 00:00:51.505000,0 days 01:59:15.075000,10988.0,308.0,8,100.0,False,0,3343.289444444443,0.5802668963851783
2024-09-01 14:06:59.049,OnTrack,6647.0,9879.0,1912.0,pos,0 days 00:00:51.560000,0 days 01:59:15.130000,11008.625024,308.5892864,8,100.0,False,0,3348.0200816530273,0.5810879536751808
2024-09-01 14:06:59.274,OnTrack,6580.834988227641,9821.225848412789,1909.4576199857268,car,0 days 00:00:51.785000,0 days 01:59:15.355000,11093.0,311.0,8,100.0,False,0,3367.4783333333316,0.5844651603152982
2024-09-01 14:06:59.309,OnTrack,6569.0,9811.0,1909.0,pos,0 days 00:00:51.820000,0 days 01:59:15.390000,11104.3750208,311.0,8,100.0,False,0,3370.500001211656,0.5849896060358372
2024-09-01 14:06:59.514,OnTrack,6438.27044607915,9697.964801386148,1904.7070648368176,car,0 days 00:00:52.025000,0 days 01:59:15.595000,11171.0,311.0,8,100.0,False,0,3388.211666666665,0.5880636722554009
2024-09-01 14:06:59.589,OnTrack,6384.0,9651.0,1903.0,pos,0 days 00:00:52.100000,0 days 01:59:15.670000,11196.446450285714,312.33928685714284,8,100.0,False,0,3394.75279446916,0.589198961314839
2024-09-01 14:06:59.794,OnTrack,6247.974691435491,9533.030513852262,1898.7446541463669,car,0 days 00:00:52.305000,0 days 01:59:15.875000,11266.0,316.0,8,100.0,False,0,3412.7894444444432,0.5923294323901851
2024-09-01 14:06:59.829,OnTrack,6225.0,9513.0,1898.0,pos,0 days 00:00:52.340000,0 days 01:59:15.910000,11279.500024685714,316.37500068571427,8,100.0,False,0,3415.88146815731,0.5928660891868007
2024-09-01 14:07:00.009,OnTrack,6105.0,9408.0,1894.0,pos,0 days 00:00:52.520000,0 days 01:59:16.090000,11348.928596114285,318.3035721142857,8,100.0,False,0,3431.829729469605,0.5956340960399923
2024-09-01 14:07:00.074,OnTrack,6061.63376028316,9370.19370057346,1892.5983251128728,car,0 days 00:00:52.585000,0 days 01:59:16.155000,11374.0,319.0,8,100.0,False,0,3437.6005555555544,0.5966356902477677
2024-09-01 14:07:00.249,OnTrack,5945.0,9269.0,1889.0,pos,0 days 00:00:52.760000,0 days 01:59:16.330000,11390.84100583337,319.73221764492916,8,100.0,False,0,3453.1572851179712,0.5993357421969304
2024-09-01 14:07:00.313,OnTrack,5902.15842999297,9231.93027771003,1887.7287196833256,car,0 days 00:00:52.824000,0 days 01:59:16.394000,11397.0,320.0,8,100.0,False,0,3458.8449999999984,0.6003229114854293
2024-09-01 14:07:00.349,OnTrack,5878.0,9211.0,1887.0,pos,0 days 00:00:52.860000,0 days 01:59:16.430000,11406.0,320.0,8,100.0,False,0,3462.0427493020543,0.600877918191775
2024-09-01 14:07:00.473,OnTrack,5794.4233048041915,9138.272181086264,1884.3299966106647,car,0 days 00:00:52.984000,0 days 01:59:16.554000,11437.0,320.0,8,100.0,False,0,3473.06722222222,0.6027913441131524
2024-09-01 14:07:00.589,OnTrack,5716.0,9070.0,1882.0,pos,0 days 00:00:53.100000,0 days 01:59:16.670000,11433.375,321.45,8,100.0,False,0,3483.4404453422007,0.6045917380321845
2024-09-01 14:07:00.633,OnTrack,5686.2576002662145,9044.199156938917,1881.2517562870587,car,0 days 00:00:53.144000,0 days 01:59:16.714000,11432.0,322.0,8,100.0,False,0,3487.3783333333317,0.6052752044447989
2024-09-01 14:07:00.789,OnTrack,5581.0,8953.0,1879.0,pos,0 days 00:00:53.300000,0 days 01:59:16.870000,11432.0,322.0,8,100.0,False,0,3501.331212826967,0.6076968894989787
2024-09-01 14:07:00.793,OnTrack,5578.311185272612,8950.662033641396,1878.9434148645994,car,0 days 00:00:53.304000,0 days 01:59:16.874000,11432.0,322.0,8,100.0,False,0,3501.6894444444424,0.6077590647764453
2024-09-01 14:07:00.993,OnTrack,5444.2949744812095,8833.581468107022,1876.295715869476,car,0 days 00:00:53.504000,0 days 01:59:17.074000,11440.0,323.0,8,100.0,False,0,3519.633888888887,0.6108735325059554
2024-09-01 14:07:01.070,OnTrack,5392.0,8788.0,1876.0,pos,0 days 00:00:53.581000,0 days 01:59:17.151000,11455.95003977143,323.0,8,100.0,False,0,3526.540496245683,0.6120722548068733
2024-09-01 14:07:01.270,OnTrack,5257.0,8671.0,1877.0,pos,0 days 00:00:53.781000,0 days 01:59:17.351000,11497.3786112,323.0,8,100.0,False,0,3544.486362581226,0.6151869693221759
2024-09-01 14:07:01.273,OnTrack,5255.126288488038,8669.37700383026,1876.9966009114073,car,0 days 00:00:53.784000,0 days 01:59:17.354000,11498.0,323.0,8,100.0,False,0,3544.7561111111095,0.6152337873272696
2024-09-01 14:07:01.433,OnTrack,5163.13887524585,8589.615386456682,1875.4048274113527,car,0 days 00:00:53.944000,0 days 01:59:17.514000,11490.0,324.0,8,100.0,False,0,3559.156111111109,0.6177330753628393
2024-09-01 14:07:01.550,OnTrack,5067.0,8506.0,1875.0,pos,0 days 00:00:54.061000,0 days 01:59:17.631000,11499.36001536,323.41499904,8,100.0,False,0,3569.6529530130333,0.6195549247640022
2024-09-01 14:07:01.633,OnTrack,4968.898098030369,8420.570672848626,1876.0812339143395,car,0 days 00:00:54.144000,0 days 01:59:17.714000,11506.0,323.0,8,100.0,False,0,3577.100555555554,0.6208475430923495
2024-09-01 14:07:01.730,OnTrack,4850.0,8317.0,1878.0,pos,0 days 00:00:54.241000,0 days 01:59:17.811000,11492.42000896,323.48499968,8,100.0,False,0,3585.8248567497676,0.6223617473696693
2024-09-01 14:07:01.833,OnTrack,4755.6455453930885,8234.826281267928,1879.7463668547762,car,0 days 00:00:54.344000,0 days 01:59:17.914000,11478.0,324.0,8,100.0,False,0,3595.1005555555544,0.6239716531368117
2024-09-01 14:07:02.073,OnTrack,4626.8386924557135,8122.801881732693,1882.817686440403,car,0 days 00:00:54.584000,0 days 01:59:18.154000,11534.0,324.0,8,100.0,False,0,3616.700555555554,0.6277205851901663
2024-09-01 14:07:02.090,OnTrack,4619.0,8116.0,1883.0,pos,0 days 00:00:54.601000,0 days 01:59:18.171000,11530.445467927273,323.9613637818182,8,100.0,False,0,3618.2284699221377,0.6279857725579286
2024-09-01 14:07:02.513,OnTrack,4401.548595869611,7927.636141576941,1887.665607116443,car,0 days 00:00:55.024000,0 days 01:59:18.594000,11442.0,323.0,8,100.0,False,0,3656.178333333332,0.6345724141950886
2024-09-01 14:07:02.530,OnTrack,4387.0,7915.0,1888.0,pos,0 days 00:00:55.041000,0 days 01:59:18.611000,11440.406256,323.0,8,100.0,False,0,3657.70422218216,0.6348372500106083
2024-09-01 14:07:02.673,OnTrack,4239.811058249389,7787.046443161921,1891.467381163444,car,0 days 00:00:55.184000,0 days 01:59:18.754000,11427.0,323.0,8,100.0,False,0,3670.5338888888873,0.6370639883786966
2024-09-01 14:07:02.790,OnTrack,4134.0,7695.0,1894.0,pos,0 days 00:00:55.301000,0 days 01:59:18.871000,11421.1499904,322.1642843428571,8,100.0,False,0,3680.9865819417555,0.6388781752319269
2024-09-01 14:07:02.953,OnTrack,4067.361226499305,7636.966991633801,1895.601324702584,car,0 days 00:00:55.464000,0 days 01:59:19.034000,11413.0,321.0,8,100.0,False,0,3695.500555555554,0.6413972447181451
2024-09-01 14:07:03.070,OnTrack,4026.0,7601.0,1896.0,pos,0 days 00:00:55.581000,0 days 01:59:19.151000,11387.510672457143,320.5821421714286,8,100.0,False,0,3705.9098714074485,0.6432039029519718
2024-09-01 14:07:03.233,OnTrack,3923.290706169897,7511.85092824299,1896.2448735583127,car,0 days 00:00:55.744000,0 days 01:59:19.314000,11352.0,320.0,8,100.0,False,0,3720.389444444443,0.6457170018166607
2024-09-01 14:07:03.330,OnTrack,3851.0,7449.0,1897.0,pos,0 days 00:00:55.841000,0 days 01:59:19.411000,11340.221436342857,319.65357165714283,8,100.0,False,0,3728.9860350846684,0.6472090404370638
2024-09-01 14:07:03.513,OnTrack,3711.4289638427294,7327.245474714933,1900.6735017557808,car,0 days 00:00:56.024000,0 days 01:59:19.594000,11318.0,319.0,8,100.0,False,0,3745.2005555555543,0.6500232596742435
2024-09-01 14:07:03.630,OnTrack,3624.0,7251.0,1903.0,pos,0 days 00:00:56.141000,0 days 01:59:19.711000,11312.515616,319.3656256,8,100.0,False,0,3755.6036925633503,0.6518288454975751
2024-09-01 14:07:03.833,OnTrack,3480.9666502703085,7126.703020843911,1904.9126370568279,car,0 days 00:00:56.344000,0 days 01:59:19.914000,11303.0,320.0,8,100.0,False,0,3773.6449999999986,0.6549601249296898
2024-09-01 14:07:04.030,OnTrack,3357.0,7019.0,1906.0,pos,0 days 00:00:56.541000,0 days 01:59:20.111000,11255.71995392,317.04499712,8,100.0,False,0,3790.9934137291384,0.6579711445733948
2024-09-01 14:07:04.033,OnTrack,3355.2573431201017,7017.482183067084,1906.0240708225542,car,0 days 00:00:56.544000,0 days 01:59:20.114000,11255.0,317.0,8,100.0,False,0,3791.2561111111095,0.6580167387694876
2024-09-01 14:07:04.269,OnTrack,3225.0,6904.0,1908.0,pos,0 days 00:00:56.780000,0 days 01:59:20.350000,11449.7,312.7857142857143,8,22.457142857142856,False,0,3811.7540054185342,0.6615743875192737
2024-09-01 14:07:04.313,OnTrack,3199.03489258143,6881.5381431688475,1908.094839970722,car,0 days 00:00:56.824000,0 days 01:59:20.394000,11486.0,312.0,8,8.0,True,0,3815.5227777777764,0.6622285019405403
2024-09-01 14:07:04.469,OnTrack,3099.0,6795.0,1908.0,pos,0 days 00:00:56.980000,0 days 01:59:20.550000,11213.0,300.3,8,8.0,True,0,3828.540979153421,0.6644879627004561
2024-09-01 14:07:04.473,OnTrack,3096.2475049159025,6792.6004849708315,1908.0079275998983,car,0 days 00:00:56.984000,0 days 01:59:20.554000,11206.0,300.0,8,8.0,True,0,3828.8561111111094,0.6645426575290307
2024-09-01 14:07:04.793,OnTrack,2864.81676560217,6586.176787690955,1909.958774762587,car,0 days 00:00:57.304000,0 days 01:59:20.874000,9962.0,249.0,8,0.0,True,0,3850.9894444444426,0.6683841558059249
2024-09-01 14:07:04.809,OnTrack,2855.0,6577.0,1910.0,pos,0 days 00:00:57.320000,0 days 01:59:20.890000,9962.0,246.9,8,0.09999999999999999,True,0,3852.024256651095,0.6685637595397547
2024-09-01 14:07:04.953,OnTrack,2779.154391740911,6503.353812800649,1909.8639370437973,car,0 days 00:00:57.464000,0 days 01:59:21.034000,9962.0,228.0,8,1.0,True,0,3861.1227777777763,0.6701429140531778
2024-09-01 14:07:05.149,OnTrack,2708.0,6430.0,1909.0,pos,0 days 00:00:57.660000,0 days 01:59:21.230000,9969.800997508775,209.4726309166586,8,0.0248753114030843,True,0,3872.5071327440087,0.6721188017031627
2024-09-01 14:07:05.154,OnTrack,2706.590547269064,6428.55361150394,1908.9827725726361,car,0 days 00:00:57.665000,0 days 01:59:21.235000,9970.0,209.0,8,0.0,True,0,3872.791944444443,0.6721682340972798
2024-09-01 14:07:05.314,OnTrack,2672.0803659477115,6393.4450945553135,1908.570231851916,car,0 days 00:00:57.825000,0 days 01:59:21.395000,10333.0,203.0,6,0.0,True,0,3881.8141666666647,0.6737341460454916
2024-09-01 14:07:05.549,OnTrack,2631.0,6327.0,1908.0,pos,0 days 00:00:58.060000,0 days 01:59:21.630000,9865.9373728,192.22916373333334,6,0.0,True,0,3894.347482063811,0.6759094491856381
2024-09-01 14:07:05.554,OnTrack,2629.7962945669633,6324.504316536558,1907.980904308524,car,0 days 00:00:58.065000,0 days 01:59:21.635000,9856.0,192.0,5,0.0,True,0,3894.614166666665,0.6759557354104425
2024-09-01 14:07:05.754,OnTrack,2575.3474728730685,6198.697287924106,1907.0983983959263,car,0 days 00:00:58.265000,0 days 01:59:21.835000,9554.0,192.0,5,0.0,True,0,3905.280833333332,0.677807059881235
2024-09-01 14:07:05.789,OnTrack,2568.0,6179.0,1907.0,pos,0 days 00:00:58.300000,0 days 01:59:21.870000,9549.1874912,190.1041632,5,0.43750079999999997,True,0,3907.0788062877227,0.6781191190682618
2024-09-01 14:07:05.994,OnTrack,2548.593999290317,6100.599446855896,1907.0016782161624,car,0 days 00:00:58.505000,0 days 01:59:22.075000,9521.0,179.0,5,3.0,False,0,3917.214166666665,0.6798782291329339
2024-09-01 14:07:06.169,OnTrack,2547.0,6041.0,1907.0,pos,0 days 00:00:58.680000,0 days 01:59:22.250000,9275.12491008,177.24999936,5,23.125007359999998,False,0,3925.8210630770945,0.6813720564400155
2024-09-01 14:07:06.194,OnTrack,2546.7868772083757,6030.244139363755,1906.9481559731603,car,0 days 00:00:58.705000,0 days 01:59:22.275000,9240.0,177.0,5,26.0,False,0,3927.0474999999983,0.6815849188794456
2024-09-01 14:07:06.354,OnTrack,2545.520312571823,5948.5262703965245,1906.3264288965056,car,0 days 00:00:58.865000,0 days 01:59:22.435000,9537.0,176.0,5,48.0,False,0,3934.8697222222204,0.6829425568246934
2024-09-01 14:07:06.489,OnTrack,2545.0,5877.0,1906.0,pos,0 days 00:00:59,0 days 01:59:22.570000,9627.16075702857,176.48214308571428,5,66.80358034285715,False,0,3941.457188706974,0.6840858885031699
2024-09-01 14:07:06.529,OnTrack,2545.0,5857.0,1906.0,pos,0 days 00:00:59.040000,0 days 01:59:22.610000,9653.875042742857,176.62500022857142,5,72.37500891428571,False,0,3943.41466865406,0.6844256319900879
2024-09-01 14:07:06.634,OnTrack,2545.6681909214312,5805.656415878743,1906.0287805749563,car,0 days 00:00:59.145000,0 days 01:59:22.715000,9724.0,177.0,5,87.0,False,0,3948.6363888888873,0.6853319224698099
2024-09-01 14:07:06.749,OnTrack,2546.0,5746.0,1906.0,pos,0 days 00:00:59.260000,0 days 01:59:22.830000,9929.85011456,181.60000256,5,94.47500416,False,0,3954.4944453852872,0.6863486565332226
2024-09-01 14:07:06.834,OnTrack,2544.8396884468125,5695.834690023464,1905.8765320107846,car,0 days 00:00:59.345000,0 days 01:59:22.915000,10082.0,185.0,5,100.0,False,0,3958.914166666665,0.687115750735938
2024-09-01 14:07:07.073,OnTrack,2536.516519853608,5544.285375593865,1905.1393153254862,car,0 days 00:00:59.584000,0 days 01:59:23.154000,10717.0,193.0,5,100.0,False,0,3971.7272222222205,0.6893396060449025
2024-09-01 14:07:07.109,OnTrack,2535.0,5525.0,1905.0,pos,0 days 00:00:59.620000,0 days 01:59:23.190000,10718.35,194.35,5,94.375,False,0,3973.702056251634,0.6896823615353157
2024-09-01 14:07:07.233,OnTrack,2529.4274326399836,5467.930371337342,1904.4734717701897,car,0 days 00:00:59.744000,0 days 01:59:23.314000,10723.0,199.0,5,75.0,False,0,3980.571666666665,0.6908746625852679
2024-09-01 14:07:07.473,OnTrack,2507.458280942791,5367.305272014679,1903.2896784752725,car,0 days 00:00:59.984000,0 days 01:59:23.554000,10928.0,202.0,5,75.0,False,0,3994.038333333331,0.6932119597296432
2024-09-01 14:07:07.529,OnTrack,2496.0,5332.0,1903.0,pos,0 days 00:01:00.040000,0 days 01:59:23.610000,10960.9,203.4,5,76.16666666666667,False,0,3997.2398846808474,0.6937676263253453
2024-09-01 14:07:07.713,OnTrack,2445.167370505546,5192.691425552632,1902.0702494491265,car,0 days 00:01:00.224000,0 days 01:59:23.794000,11069.0,208.0,5,80.0,False,0,4007.904999999998,0.6956186815416734
2024-09-01 14:07:07.730,OnTrack,2441.0,5182.0,1902.0,pos,0 days 00:01:00.241000,0 days 01:59:23.811000,11089.339209142858,208.24285622857144,5,81.21428114285715,False,0,4008.8966713382642,0.6957907976743779
2024-09-01 14:07:07.993,OnTrack,2393.8094621329055,5081.9562350176,1901.1778505759219,car,0 days 00:01:00.504000,0 days 01:59:24.074000,11404.0,212.0,5,100.0,False,0,4024.393888888887,0.69848052061944
2024-09-01 14:07:08.030,OnTrack,2385.0,5067.0,1901.0,pos,0 days 00:01:00.541000,0 days 01:59:24.111000,11471.062848,212.9250048,5,100.0,False,0,4026.6099611204913,0.6988651458148849
2024-09-01 14:07:08.210,OnTrack,2328.0,4977.0,1900.0,pos,0 days 00:01:00.721000,0 days 01:59:24.291000,11797.312384,217.4249984,5,100.0,False,0,4037.520792329897,0.7007588478912591
2024-09-01 14:07:08.233,OnTrack,2319.797697297219,4965.333192313483,1899.946033742447,car,0 days 00:01:00.744000,0 days 01:59:24.314000,11839.0,218.0,5,100.0,False,0,4038.9272222222203,0.7010029502108945
2024-09-01 14:07:08.430,OnTrack,2244.0,4870.0,1900.0,pos,0 days 00:01:00.941000,0 days 01:59:24.511000,11962.945954133333,222.10417066666668,5,100.0,False,0,4051.093729988005,0.7031145896062899
2024-09-01 14:07:08.473,OnTrack,2226.2337809806477,4849.959015008378,1899.8989034597969,car,0 days 00:01:00.984000,0 days 01:59:24.554000,11990.0,223.0,5,100.0,False,0,4053.7938888888866,0.7035832336920614
2024-09-01 14:07:08.690,OnTrack,2131.0,4751.0,1899.0,pos,0 days 00:01:01.201000,0 days 01:59:24.771000,11003.425290971429,229.97499794285716,5,100.0,False,0,4067.7099495464586,0.7059985284075984
2024-09-01 14:07:08.753,OnTrack,2102.1787307124105,4722.044137543399,1898.976007603838,car,0 days 00:01:01.264000,0 days 01:59:24.834000,10717.0,232.0,5,100.0,False,0,4071.8383333333313,0.7067150575884853
2024-09-01 14:07:08.890,OnTrack,2040.0,4658.0,1899.0,pos,0 days 00:01:01.401000,0 days 01:59:24.971000,10895.0999168,235.8055537777778,5,100.0,False,0,4080.95093495078,0.7082966559353882
2024-09-01 14:07:09.090,OnTrack,1959.0,4559.0,1898.0,pos,0 days 00:01:01.601000,0 days 01:59:25.171000,11155.0999168,241.36110933333333,5,100.0,False,0,4094.478768757538,0.7106445693506942
2024-09-01 14:07:09.113,OnTrack,1950.4216135550664,4546.8236660831435,1897.9480872163886,car,0 days 00:01:01.624000,0 days 01:59:25.194000,11185.0,242.0,6,100.0,False,0,4096.038333333331,0.7109152499815955
2024-09-01 14:07:09.310,OnTrack,1884.0,4435.0,1898.0,pos,0 days 00:01:01.821000,0 days 01:59:25.391000,11380.593047771428,244.11071634285713,6,100.0,False,0,4109.42459944102,0.7132385926707552
2024-09-01 14:07:09.393,OnTrack,1860.8606052564978,4384.140654347934,1897.7458328225339,car,0 days 00:01:01.904000,0 days 01:59:25.474000,11463.0,245.0,6,100.0,False,0,4115.093888888887,0.7142225640101465
2024-09-01 14:07:09.570,OnTrack,1820.0,4269.0,1897.0,pos,0 days 00:01:02.081000,0 days 01:59:25.651000,11552.132110628572,246.89642788571427,6,100.0,False,0,4127.25939632767,0.7163340297871178
2024-09-01 14:07:09.673,OnTrack,1799.9328689058023,4198.476285962706,1897.0177385005456,car,0 days 00:01:02.184000,0 days 01:59:25.754000,11604.0,248.0,6,100.0,False,0,4134.382777777776,0.7175703757614961
2024-09-01 14:07:09.730,OnTrack,1790.0,4159.0,1897.0,pos,0 days 00:01:02.241000,0 days 01:59:25.811000,11626.6218496,248.7124992,6,100.0,False,0,4138.338027928481,0.718256855579506
2024-09-01 14:07:09.993,OnTrack,1754.7583149600916,3975.9916451284307,1896.0291638726399,car,0 days 00:01:02.504000,0 days 01:59:26.074000,11731.0,252.0,6,100.0,False,0,4156.782777777776,0.72145815715016
2024-09-01 14:07:10.010,OnTrack,1753.0,3964.0,1896.0,pos,0 days 00:01:02.521000,0 days 01:59:26.091000,11736.988613818181,252.38636218181819,6,100.0,False,0,4157.993574540333,0.7216683050572549
2024-09-01 14:07:10.210,OnTrack,1736.0,3821.0,1896.0,pos,0 days 00:01:02.721000,0 days 01:59:26.291000,11807.443159272727,256.93181672727275,6,100.0,False,0,4172.425387360374,0.7241731145789709
2024-09-01 14:07:10.410,OnTrack,1722.0,3675.0,1895.0,pos,0 days 00:01:02.921000,0 days 01:59:26.491000,11877.897704727273,261.47727127272725,6,100.0,False,0,4187.107049096284,0.7267212882955572
2024-09-01 14:07:10.433,OnTrack,1720.4837124382161,3658.107343574471,1894.8236540852276,car,0 days 00:01:02.944000,0 days 01:59:26.514000,11886.0,262.0,6,100.0,False,0,4188.804999999998,0.727015987488518
2024-09-01 14:07:10.550,OnTrack,1713.0,3572.0,1894.0,pos,0 days 00:01:03.061000,0 days 01:59:26.631000,11520.7400256,264.1937536,6,100.0,False,0,4197.472899715931,0.7285204026311257
2024-09-01 14:07:10.710,OnTrack,1703.0,3454.0,1894.0,pos,0 days 00:01:03.221000,0 days 01:59:26.791000,11021.2400256,267.1937536,6,100.0,False,0,4209.40586100507,0.7305915073102133
2024-09-01 14:07:10.753,OnTrack,1700.0658810068692,3422.1543628581326,1893.8357815375887,car,0 days 00:01:03.264000,0 days 01:59:26.834000,10887.0,268.0,7,100.0,False,0,4212.62722222222,0.7311506121399544
2024-09-01 14:07:10.889,OnTrack,1690.0,3321.0,1893.0,pos,0 days 00:01:03.400000,0 days 01:59:26.970000,10925.945454545454,269.54545454545456,7,100.0,False,0,4222.855583069452,0.7329258635211334
2024-09-01 14:07:11.129,OnTrack,1671.0,3140.0,1893.0,pos,0 days 00:01:03.640000,0 days 01:59:27.210000,10994.672727272728,272.27272727272725,7,100.0,False,0,4241.081459125843,0.7360891769909608
2024-09-01 14:07:11.193,OnTrack,1666.2448216857993,3090.331391544064,1892.6635017628614,car,0 days 00:01:03.704000,0 days 01:59:27.274000,11013.0,273.0,7,100.0,False,0,4245.993888888886,0.7369417865001519
2024-09-01 14:07:11.389,OnTrack,1653.0,2942.0,1891.0,pos,0 days 00:01:03.900000,0 days 01:59:27.470000,11185.48,278.88,7,100.0,False,0,4261.18163416625,0.7395777969209153
2024-09-01 14:07:11.393,OnTrack,1652.7516868055943,2939.2470559878075,1890.9776089938357,car,0 days 00:01:03.904000,0 days 01:59:27.474000,11189.0,279.0,7,100.0,False,0,4261.493888888886,0.739631992371772
2024-09-01 14:07:11.669,OnTrack,1633.0,2725.0,1890.0,pos,0 days 00:01:04.180000,0 days 01:59:27.750000,11367.952647014887,282.4413970579786,7,100.0,False,0,4283.2439163181825,0.7434069634361715
2024-09-01 14:07:11.794,OnTrack,1615.9942215738586,2538.4684423480867,1888.5668515058762,car,0 days 00:01:04.305000,0 days 01:59:27.875000,11449.0,284.0,7,100.0,False,0,4293.12833333333,0.7451225193517647
2024-09-01 14:07:11.849,OnTrack,1610.0,2472.0,1888.0,pos,0 days 00:01:04.360000,0 days 01:59:27.930000,11475.95003136,284.27500032,7,100.0,False,0,4297.471590918855,0.7458763423877993
2024-09-01 14:07:11.994,OnTrack,1604.4057263191119,2406.1960029982133,1887.2692565307088,car,0 days 00:01:04.505000,0 days 01:59:28.075000,11547.0,285.0,7,100.0,False,0,4308.961666666664,0.7478705791130972
2024-09-01 14:07:12.109,OnTrack,1602.0,2377.0,1887.0,pos,0 days 00:01:04.620000,0 days 01:59:28.190000,11641.395885866667,287.8750016,7,100.0,False,0,4318.2178318252045,0.7494770945878192
2024-09-01 14:07:12.234,OnTrack,1594.39949463186,2294.0574413200484,1886.6241947978033,car,0 days 00:01:04.745000,0 days 01:59:28.315000,11744.0,291.0,7,100.0,False,0,4328.361666666664,0.7512376754943508
2024-09-01 14:07:12.429,OnTrack,1578.0,2118.0,1886.0,pos,0 days 00:01:04.940000,0 days 01:59:28.510000,11778.937511466667,292.6250005333333,7,100.0,False,0,4344.214829863594,0.7539891769599079
2024-09-01 14:07:12.474,OnTrack,1574.814752135376,2083.5230196470125,1885.8814821067745,car,0 days 00:01:04.985000,0 days 01:59:28.555000,11787.0,293.0,7,100.0,False,0,4347.894999999997,0.7546279134314893
2024-09-01 14:07:12.669,OnTrack,1560.0,1923.0,1885.0,pos,0 days 00:01:05.180000,0 days 01:59:28.750000,11571.03742912,295.4375008,7,100.0,False,0,4363.973917845404,0.7574185972506514
2024-09-01 14:07:12.829,OnTrack,1540.0,1709.0,1883.0,pos,0 days 00:01:05.340000,0 days 01:59:28.910000,11393.83742912,297.4375008,7,100.0,False,0,4377.265396469502,0.7597254884659458
2024-09-01 14:07:12.874,OnTrack,1535.6463601413618,1662.4370707782577,1882.5428413655166,car,0 days 00:01:05.385000,0 days 01:59:28.955000,11344.0,298.0,7,100.0,False,0,4381.006111111108,0.7603747331429074
2024-09-01 14:07:13.034,OnTrack,1527.2419616914497,1572.3166284079477,1881.6150388730885,car,0 days 00:01:05.545000,0 days 01:59:29.115000,10830.0,300.0,7,100.0,False,0,4394.339444444441,0.7626888887313978
2024-09-01 14:07:13.189,OnTrack,1520.0,1492.0,1881.0,pos,0 days 00:01:05.700000,0 days 01:59:29.270000,10850.15000832,302.32500096,7,100.0,False,0,4407.430386387618,0.7649609744656283
2024-09-01 14:07:13.389,OnTrack,1505.0,1324.0,1880.0,pos,0 days 00:01:05.900000,0 days 01:59:29.470000,10876.15000832,305.32500096,7,100.0,False,0,4424.501370903676,0.7679238430320436
2024-09-01 14:07:13.434,OnTrack,1501.6236056648302,1286.952653898812,1879.7586530356757,car,0 days 00:01:05.945000,0 days 01:59:29.515000,10882.0,306.0,8,100.0,False,0,4428.339444444442,0.7685899854820487
2024-09-01 14:07:13.569,OnTrack,1491.0,1172.0,1879.0,pos,0 days 00:01:06.080000,0 days 01:59:29.650000,10917.77501696,306.67500032,8,100.0,False,0,4439.84517013725,0.7705869384379225
2024-09-01 14:07:13.634,OnTrack,1484.5821742211301,1102.4127040217397,1878.6073164429854,car,0 days 00:01:06.145000,0 days 01:59:29.715000,10935.0,307.0,8,100.0,False,0,4445.394999999998,0.7715501761723261
2024-09-01 14:07:13.909,OnTrack,1455.0,780.0,1877.0,pos,0 days 00:01:06.420000,0 days 01:59:29.990000,11023.709677715342,308.97132617145206,8,100.0,False,0,4468.998251896389,0.7756467959685198
2024-09-01 14:07:13.913,OnTrack,1454.7073669264776,776.7835913294664,1876.9827443702932,car,0 days 00:01:06.424000,0 days 01:59:29.994000,11025.0,309.0,8,100.0,False,0,4469.342499999997,0.7757065442439792
2024-09-01 14:07:14.153,OnTrack,1444.1555463759896,659.3783815090512,1876.2256163472505,car,0 days 00:01:06.664000,0 days 01:59:30.234000,11099.0,311.0,8,100.0,False,0,4490.07583333333,0.7793050561840819
2024-09-01 14:07:14.210,OnTrack,1441.0,625.0,1876.0,pos,0 days 00:01:06.721000,0 days 01:59:30.291000,11116.52748032,311.85499904,8,100.0,False,0,4495.050490317459,0.7801684659536303
2024-09-01 14:07:14.553,OnTrack,1409.9178309235278,291.66046240010536,1874.1203492732159,car,0 days 00:01:07.064000,0 days 01:59:30.634000,11222.0,317.0,8,100.0,False,0,4525.298055555552,0.7854182838636776
2024-09-01 14:07:14.590,OnTrack,1407.0,260.0,1874.0,pos,0 days 00:01:07.101000,0 days 01:59:30.671000,11227.704196266666,317.0,8,100.0,False,0,4528.558146840649,0.7859841107486573
2024-09-01 14:07:14.793,OnTrack,1395.354685660225,130.6192381568947,1873.8545572483938,car,0 days 00:01:07.304000,0 days 01:59:30.874000,11259.0,317.0,8,100.0,False,0,4546.4313888888855,0.7890862204714351
2024-09-01 14:07:14.970,OnTrack,1380.0,-37.0,1873.0,pos,0 days 00:01:07.481000,0 days 01:59:31.051000,11296.0593616,318.1062496,8,100.0,False,0,4562.0859270676365,0.7918032482473046
2024-09-01 14:07:15.113,OnTrack,1359.1656406004006,-259.8683139046245,1871.1817085359494,car,0 days 00:01:07.624000,0 days 01:59:31.194000,11326.0,319.0,8,100.0,False,0,4574.786944444441,0.7940076580229583
2024-09-01 14:07:15.130,OnTrack,1357.0,-283.0,1871.0,pos,0 days 00:01:07.641000,0 days 01:59:31.211000,11331.241646933333,319.14166613333333,8,100.0,False,0,4576.299877493458,0.7942702452082376
2024-09-01 14:07:15.353,OnTrack,1341.5968274213374,-447.7763378337639,1870.1550384840064,car,0 days 00:01:07.864000,0 days 01:59:31.434000,11400.0,321.0,8,100.0,False,0,4596.186944444441,0.7977218777424854
2024-09-01 14:07:15.513,OnTrack,1334.9517344944807,-521.3467801543942,1870.043416780209,car,0 days 00:01:08.024000,0 days 01:59:31.594000,11416.0,321.0,8,100.0,False,0,4610.453611111107,0.8001980242221701
2024-09-01 14:07:15.530,OnTrack,1334.0,-532.0,1870.0,pos,0 days 00:01:08.041000,0 days 01:59:31.611000,11421.6312288,321.0,8,100.0,False,0,4611.968683910714,0.8004609827861336
2024-09-01 14:07:15.673,OnTrack,1323.893109459729,-645.3542272668358,1869.3885345239396,car,0 days 00:01:08.184000,0 days 01:59:31.754000,11469.0,321.0,8,100.0,False,0,4624.720277777775,0.8026741707018551
2024-09-01 14:07:15.730,OnTrack,1318.0,-710.0,1869.0,pos,0 days 00:01:08.241000,0 days 01:59:31.811000,11476.362491733333,321.47499946666665,8,100.0,False,0,4629.8203601815485,0.8035593495165892
2024-09-01 14:07:15.913,OnTrack,1292.3391762793747,-985.6564050958367,1867.2949149826254,car,0 days 00:01:08.424000,0 days 01:59:31.994000,11500.0,323.0,8,100.0,False,0,4646.253611111108,0.8064115319772671
2024-09-01 14:07:15.950,OnTrack,1288.0,-1032.0,1867.0,pos,0 days 00:01:08.461000,0 days 01:59:32.031000,11501.29500672,323.09250048,8,100.0,False,0,4649.58071109843,0.8069889890044518
2024-09-01 14:07:16.313,OnTrack,1269.0900871934787,-1234.924085538156,1865.9922492496935,car,0 days 00:01:08.824000,0 days 01:59:32.394000,11514.0,324.0,8,100.0,False,0,4682.253611111107,0.8126597520661913
2024-09-01 14:07:16.330,OnTrack,1268.0,-1247.0,1866.0,pos,0 days 00:01:08.841000,0 days 01:59:32.411000,11514.8499968,324.0,8,100.0,False,0,4683.782642137978,0.812925133243377
2024-09-01 14:07:16.490,OnTrack,1255.0,-1391.0,1866.0,pos,0 days 00:01:09.001000,0 days 01:59:32.571000,11522.8499968,324.0,8,100.0,False,0,4698.167486988316,0.8154217909258755
2024-09-01 14:07:16.593,OnTrack,1246.291098431586,-1484.7515152130402,1865.2683812103242,car,0 days 00:01:09.104000,0 days 01:59:32.674000,11528.0,324.0,8,100.0,False,0,4707.4536111111065,0.8170335061284384
2024-09-01 14:07:16.730,OnTrack,1235.0,-1606.0,1864.0,pos,0 days 00:01:09.241000,0 days 01:59:32.811000,11537.704162133334,325.14166613333333,8,100.0,False,0,4719.858982240694,0.8191866030479509
2024-09-01 14:07:16.833,OnTrack,1226.7579505188576,-1697.9613325299758,1863.5739771912563,car,0 days 00:01:09.344000,0 days 01:59:32.914000,11545.0,326.0,8,100.0,False,0,4729.186944444441,0.8208055797376781
2024-09-01 14:07:17.030,OnTrack,1211.0,-1875.0,1863.0,pos,0 days 00:01:09.541000,0 days 01:59:33.111000,11545.0,325.17916586666666,8,100.0,False,0,4746.969274714322,0.8238919106604602
2024-09-01 14:07:17.073,OnTrack,1207.4077996955175,-1913.6077352020898,1862.6413006194157,car,0 days 00:01:09.584000,0 days 01:59:33.154000,11545.0,325.0,8,100.0,False,0,4750.853611111107,0.824566082568975
2024-09-01 14:07:17.230,OnTrack,1194.0,-2055.0,1861.0,pos,0 days 00:01:09.741000,0 days 01:59:33.311000,11550.669451377778,325.43611164444445,8,100.0,False,0,4765.06545420516,0.8270327137778889
2024-09-01 14:07:17.410,OnTrack,1179.0,-2218.0,1860.0,pos,0 days 00:01:09.921000,0 days 01:59:33.491000,11557.169442133334,325.93611093333334,8,100.0,False,0,4781.373401073734,0.8298631482565927
2024-09-01 14:07:17.433,OnTrack,1177.1713937861496,-2238.1089604088365,1859.8938177877299,car,0 days 00:01:09.944000,0 days 01:59:33.514000,11558.0,326.0,8,100.0,False,0,4783.453611111107,0.8302241929828343
2024-09-01 14:07:17.629,OnTrack,1161.0,-2416.0,1859.0,pos,0 days 00:01:10.140000,0 days 01:59:33.710000,11552.283333333333,325.18333333333334,8,100.0,False,0,4801.150614125154,0.833295714364671
2024-09-01 14:07:17.673,OnTrack,1156.4498681436673,-2465.29673209604,1858.8016895765322,car,0 days 00:01:10.184000,0 days 01:59:33.754000,11551.0,325.0,8,100.0,False,0,4805.120277777775,0.8339846958141316
2024-09-01 14:07:17.849,OnTrack,1136.0,-2686.0,1858.0,pos,0 days 00:01:10.360000,0 days 01:59:33.930000,11551.977777777778,325.0,8,100.0,False,0,4820.995946781548,0.8367401034250894
2024-09-01 14:07:18.033,OnTrack,1117.303858337813,-2893.0629512598225,1857.091019235828,car,0 days 00:01:10.544000,0 days 01:59:34.114000,11553.0,325.0,8,100.0,False,0,4837.620277777775,0.8396254500610771
2024-09-01 14:07:18.194,OnTrack,1104.3214457569618,-3037.7711089084405,1856.2070058403103,car,0 days 00:01:10.705000,0 days 01:59:34.275000,11500.0,326.0,8,100.0,False,0,4852.199722222219,0.8421558827739418
2024-09-01 14:07:18.229,OnTrack,1102.0,-3063.0,1856.0,pos,0 days 00:01:10.740000,0 days 01:59:34.310000,11495.9166592,325.7812496,8,100.0,False,0,4855.360599039197,0.8427044898302323
2024-09-01 14:07:18.569,OnTrack,1083.0,-3260.0,1854.0,pos,0 days 00:01:11.080000,0 days 01:59:34.650000,11456.249992533334,323.6562496,8,100.0,False,0,4885.868428115628,0.8479994795664776
2024-09-01 14:07:18.674,OnTrack,1073.0104924618295,-3367.0184316405494,1853.6562379824513,car,0 days 00:01:11.185000,0 days 01:59:34.755000,11444.0,323.0,8,100.0,False,0,4895.266388888886,0.8496306053247661
2024-09-01 14:07:18.849,OnTrack,1055.0,-3563.0,1853.0,pos,0 days 00:01:11.360000,0 days 01:59:34.930000,11428.444438755556,322.5138887111111,8,100.0,False,0,4910.929548455499,0.8523491294431033
2024-09-01 14:07:19.034,OnTrack,1043.220154068754,-3693.883290366671,1851.385112162507,car,0 days 00:01:11.545000,0 days 01:59:35.115000,11412.0,322.0,8,100.0,False,0,4927.466388888885,0.8552192910709706
2024-09-01 14:07:19.129,OnTrack,1037.0,-3759.0,1851.0,pos,0 days 00:01:11.640000,0 days 01:59:35.210000,11401.7083264,321.6041664,8,100.0,False,0,4935.940843807855,0.8566901316117315
2024-09-01 14:07:19.274,OnTrack,1024.6046854591486,-3880.5769485953388,1851.6834451441553,car,0 days 00:01:11.785000,0 days 01:59:35.355000,11386.0,321.0,8,100.0,False,0,4948.866388888886,0.858933510790498
2024-09-01 14:07:19.469,OnTrack,1007.0,-4061.0,1851.0,pos,0 days 00:01:11.980000,0 days 01:59:35.550000,11345.04998656,321.0,8,99.02499968,False,0,4966.254662289185,0.8619514485452606
2024-09-01 14:07:19.474,OnTrack,1006.6215946224587,-4065.4006724698493,1850.8819828980395,car,0 days 00:01:11.985000,0 days 01:59:35.555000,11344.0,321.0,8,99.0,False,0,4966.699722222218,0.8620286938901037
2024-09-01 14:07:19.509,OnTrack,1004.0,-4096.0,1850.0,pos,0 days 00:01:12.020000,0 days 01:59:35.590000,11321.999959771429,320.4999990857143,8,86.62497737142857,False,0,4969.813562374238,0.8625691371843135
2024-09-01 14:07:19.709,OnTrack,985.0,-4272.0,1849.0,pos,0 days 00:01:12.220000,0 days 01:59:35.790000,11196.285674057142,317.6428562285714,8,15.910691657142848,False,0,4987.471540635265,0.8656338853648785
2024-09-01 14:07:19.754,OnTrack,980.6220799364307,-4310.423855769889,1849.0269879110738,car,0 days 00:01:12.265000,0 days 01:59:35.835000,11168.0,317.0,8,0.0,False,0,4991.355277777774,0.8663079532658209
2024-09-01 14:07:19.909,OnTrack,965.0,-4444.0,1849.0,pos,0 days 00:01:12.420000,0 days 01:59:35.990000,10739.1664896,305.3749952,8,0.0,False,0,5004.411568988215,0.8685740249610409
2024-09-01 14:07:19.994,OnTrack,954.6923056499916,-4525.418559636005,1848.8106064462054,car,0 days 00:01:12.505000,0 days 01:59:36.075000,10504.0,299.0,8,0.0,True,0,5011.288611111108,0.8697676158706142
2024-09-01 14:07:20.189,OnTrack,929.0,-4711.0,1848.0,pos,0 days 00:01:12.700000,0 days 01:59:36.270000,10273.89992448,283.39999488,8,0.0,True,0,5026.178990814266,0.8723520150259749
2024-09-01 14:07:20.389,OnTrack,903.0,-4857.0,1847.0,pos,0 days 00:01:12.900000,0 days 01:59:36.470000,10037.89992448,267.39999488,8,0.0,True,0,5040.599788410406,0.8748549127270447
2024-09-01 14:07:20.394,OnTrack,902.0864262734347,-4861.302746659033,1846.9775703876562,car,0 days 00:01:12.905000,0 days 01:59:36.475000,10032.0,267.0,8,0.0,True,0,5040.955277777774,0.8749166120550055
2024-09-01 14:07:20.629,OnTrack,845.0,-5098.0,1846.0,pos,0 days 00:01:13.140000,0 days 01:59:36.710000,10646.539751755046,249.30125514945468,8,0.0,True,0,5057.222698394814,0.8777400127298491
2024-09-01 14:07:20.633,OnTrack,843.9983993089102,-5101.640701915336,1845.979227137145,car,0 days 00:01:13.144000,0 days 01:59:36.714000,10657.0,249.0,8,0.0,True,0,5057.486111111108,0.8777857310805609
2024-09-01 14:07:20.993,OnTrack,763.6715442912067,-5322.710432335617,1843.48695003885,car,0 days 00:01:13.504000,0 days 01:59:37.074000,12126.0,219.0,6,0.0,True,0,5079.386111111107,0.8815867316346564
2024-09-01 14:07:21.110,OnTrack,743.0,-5366.0,1843.0,pos,0 days 00:01:13.621000,0 days 01:59:37.191000,11566.488367542857,213.98570605714286,6,0.0,True,0,5086.172826957585,0.8827646453649283
2024-09-01 14:07:21.273,OnTrack,719.1554935588409,-5411.122245648621,1842.8648026152655,car,0 days 00:01:13.784000,0 days 01:59:37.354000,10787.0,207.0,5,0.0,True,0,5095.486111111108,0.8843810745077588
2024-09-01 14:07:21.410,OnTrack,692.0,-5452.0,1843.0,pos,0 days 00:01:13.921000,0 days 01:59:37.491000,10603.191752533334,204.14583466666667,5,1.1416661333333333,True,0,5103.197162810133,0.8857194175114417
2024-09-01 14:07:21.513,OnTrack,661.3299327632409,-5493.092125124665,1843.1272564075002,car,0 days 00:01:14.024000,0 days 01:59:37.594000,10465.0,202.0,5,2.0,False,0,5108.952777777774,0.8867183716521341
2024-09-01 14:07:21.673,OnTrack,601.5833660641723,-5564.157145764104,1843.06187255783,car,0 days 00:01:14.184000,0 days 01:59:37.754000,10475.0,200.0,5,5.0,False,0,5117.8416666666635,0.8882611420444613
2024-09-01 14:07:21.690,OnTrack,595.0,-5571.0,1843.0,pos,0 days 00:01:14.201000,0 days 01:59:37.771000,10451.28508928,199.66000128,5,5.2549990399999995,False,0,5118.776895485918,0.888423461919356
2024-09-01 14:07:21.870,OnTrack,523.0,-5635.0,1842.0,pos,0 days 00:01:14.381000,0 days 01:59:37.951000,10200.18473216,196.05999616,5,7.95500288,False,0,5128.568441109561,0.8901228989212243
2024-09-01 14:07:21.873,OnTrack,521.7600654395674,-5635.973670353906,1841.9900068874215,car,0 days 00:01:14.384000,0 days 01:59:37.954000,10196.0,196.0,5,8.0,False,0,5128.730555555552,0.8901510357750617
2024-09-01 14:07:22.050,OnTrack,443.0,-5690.0,1842.0,pos,0 days 00:01:14.561000,0 days 01:59:38.131000,10130.027296581819,194.39090967272728,5,21.67726778181818,False,0,5138.24898679111,0.8918030705878689
2024-09-01 14:07:22.313,OnTrack,283.33246860655686,-5762.524969218409,1842.9166014527054,car,0 days 00:01:14.824000,0 days 01:59:38.394000,10032.0,192.0,5,42.0,False,0,5152.197222222218,0.894223949610805
2024-09-01 14:07:22.350,OnTrack,260.0,-5770.0,1843.0,pos,0 days 00:01:14.861000,0 days 01:59:38.431000,10034.96001536,191.25999616000001,5,44.7750144,False,0,5154.137688490965,0.8945607401753123
2024-09-01 14:07:22.513,OnTrack,159.7017848214992,-5791.9950129227855,1843.0716400168008,car,0 days 00:01:15.024000,0 days 01:59:38.594000,10048.0,188.0,5,57.0,False,0,5162.641666666663,0.8960367048217891
2024-09-01 14:07:22.770,OnTrack,22.0,-5801.0,1843.0,pos,0 days 00:01:15.281000,0 days 01:59:38.851000,10245.5687008,188.8031248,5,68.2437472,False,0,5176.082794527075,0.8983695694083232
2024-09-01 14:07:22.833,OnTrack,-4.791866545933551,-5801.130751909611,1843.1530656332366,car,0 days 00:01:15.344000,0 days 01:59:38.914000,10294.0,189.0,5,71.0,False,0,5179.441666666663,0.8989525408632872
2024-09-01 14:07:23.113,OnTrack,-104.13557499600246,-5791.476940356111,1844.146358003008,car,0 days 00:01:15.624000,0 days 01:59:39.194000,10571.0,196.0,5,81.0,False,0,5194.6861111111075,0.901598392086128
2024-09-01 14:07:23.190,OnTrack,-139.0,-5785.0,1844.0,pos,0 days 00:01:15.701000,0 days 01:59:39.271000,10672.062752,196.0,5,86.2937632,False,0,5198.86344037111,0.902323416325028
2024-09-01 14:07:23.273,OnTrack,-182.51868133412802,-5776.016705425008,1843.5510956376093,car,0 days 00:01:15.784000,0 days 01:59:39.354000,10781.0,196.0,5,92.0,False,0,5203.397222222218,0.9031103070706084
2024-09-01 14:07:23.350,OnTrack,-225.0,-5766.0,1843.0,pos,0 days 00:01:15.861000,0 days 01:59:39.431000,10937.475390171428,197.9250048,5,94.20000548571429,False,0,5207.686601412638,0.9038547788824582
2024-09-01 14:07:23.553,OnTrack,-333.71258905713466,-5731.636113585852,1842.6656315100513,car,0 days 00:01:16.064000,0 days 01:59:39.634000,11350.0,203.0,5,100.0,False,0,5219.1861111111075,0.9058506529799792
2024-09-01 14:07:23.570,OnTrack,-343.0,-5728.0,1843.0,pos,0 days 00:01:16.081000,0 days 01:59:39.651000,11373.658244266666,203.0,5,100.0,False,0,5220.140786064937,0.906016347958449
2024-09-01 14:07:23.610,OnTrack,-365.0,-5719.0,1844.0,pos,0 days 00:01:16.121000,0 days 01:59:39.691000,11429.324910933334,203.0,5,100.0,False,0,5222.380006037016,0.9064049907143674
2024-09-01 14:07:23.793,OnTrack,-462.50486776728866,-5676.117312752793,1845.3156098819857,car,0 days 00:01:16.304000,0 days 01:59:39.874000,11684.0,203.0,5,100.0,False,0,5232.71944444444,0.908199520902297
2024-09-01 14:07:23.910,OnTrack,-531.0,-5638.0,1845.0,pos,0 days 00:01:16.421000,0 days 01:59:39.991000,11764.437632,210.312512,5,100.0,False,0,5239.722367772564,0.9094149599639632
2024-09-01 14:07:24.033,OnTrack,-613.7951936327343,-5583.076733399426,1844.9200979010989,car,0 days 00:01:16.544000,0 days 01:59:40.114000,11849.0,218.0,5,100.0,False,0,5247.252777777774,0.9107219504937517
2024-09-01 14:07:24.209,OnTrack,-724.0,-5502.0,1845.0,pos,0 days 00:01:16.720000,0 days 01:59:40.290000,11634.133333333333,220.2,5,100.0,False,0,5257.99590444061,0.9125865454891015
2024-09-01 14:07:24.273,OnTrack,-751.1044533902852,-5481.001240508951,1844.9879211802674,car,0 days 00:01:16.784000,0 days 01:59:40.354000,11556.0,221.0,5,100.0,False,0,5261.986111111107,0.9132790924190336
2024-09-01 14:07:24.433,OnTrack,-797.1612070112119,-5439.949705087569,1844.918142306818,car,0 days 00:01:16.944000,0 days 01:59:40.514000,10668.0,231.0,5,100.0,False,0,5272.252777777773,0.9150609922221713
2024-09-01 14:07:24.509,OnTrack,-828.0,-5407.0,1845.0,pos,0 days 00:01:17.020000,0 days 01:59:40.590000,10727.190042953778,232.6573212027058,5,100.0,False,0,5277.225084788903,0.9159239941264834
2024-09-01 14:07:24.754,OnTrack,-978.1745602135846,-5233.33296579546,1845.8250311346235,car,0 days 00:01:17.265000,0 days 01:59:40.835000,10918.0,238.0,5,100.0,False,0,5293.4744444444395,0.9187442601107024
2024-09-01 14:07:24.809,OnTrack,-1007.0,-5198.0,1846.0,pos,0 days 00:01:17.320000,0 days 01:59:40.890000,10976.57506816,238.27500032,5,100.0,False,0,5297.116114618846,0.9193763144646181
2024-09-01 14:07:24.954,OnTrack,-1059.9699494974857,-5127.812098916995,1846.3243854325735,car,0 days 00:01:17.465000,0 days 01:59:41.035000,11131.0,239.0,5,100.0,False,0,5306.752222222218,0.921048773384241
2024-09-01 14:07:25.229,OnTrack,-1118.0,-5027.0,1847.0,pos,0 days 00:01:17.740000,0 days 01:59:41.310000,11450.196502857143,245.8750016,5,100.0,False,0,5325.540651612848,0.9243097245497374
2024-09-01 14:07:25.234,OnTrack,-1119.4218550743494,-5024.500843087893,1847.0238459855996,car,0 days 00:01:17.745000,0 days 01:59:41.315000,11456.0,246.0,5,100.0,False,0,5325.885555555551,0.9243695866537248
2024-09-01 14:07:25.409,OnTrack,-1178.0,-4918.0,1848.0,pos,0 days 00:01:17.920000,0 days 01:59:41.490000,11629.25006336,249.50000128,5,100.0,False,0,5338.020939309599,0.9264758241136928
2024-09-01 14:07:25.434,OnTrack,-1187.3131010759007,-4899.1954501182845,1848.1147774201486,car,0 days 00:01:17.945000,0 days 01:59:41.515000,11654.0,250.0,5,100.0,False,0,5339.77444444444,0.9267801653917357
2024-09-01 14:07:25.674,OnTrack,-1277.503293765122,-4694.936469278671,1848.9318354825707,car,0 days 00:01:18.185000,0 days 01:59:41.755000,11837.0,257.0,5,100.0,False,0,5356.907777777773,0.929753855322946
2024-09-01 14:07:25.689,OnTrack,-1282.0,-4684.0,1849.0,pos,0 days 00:01:18.200000,0 days 01:59:41.770000,11839.333343288888,257.2916679111111,5,100.0,False,0,5357.993819155702,0.9299423504772509
2024-09-01 14:07:26.034,OnTrack,-1346.5876451285242,-4499.688824378343,1850.9455545950652,car,0 days 00:01:18.545000,0 days 01:59:42.115000,11893.0,264.0,5,100.0,False,0,5383.307777777773,0.934335883388157
2024-09-01 14:07:26.069,OnTrack,-1353.0,-4478.0,1851.0,pos,0 days 00:01:18.580000,0 days 01:59:42.150000,11744.124727771428,264.25000045714285,5,100.0,False,0,5385.885887390501,0.9347833443957597
2024-09-01 14:07:26.229,OnTrack,-1385.0,-4364.0,1851.0,pos,0 days 00:01:18.740000,0 days 01:59:42.310000,11063.5532992,265.3928576,5,100.0,False,0,5397.681263715713,0.93683056959886
2024-09-01 14:07:26.314,OnTrack,-1399.9480614797067,-4302.882304536227,1851.468782586992,car,0 days 00:01:18.825000,0 days 01:59:42.395000,10702.0,266.0,7,100.0,False,0,5403.996666666661,0.9379266814762981
2024-09-01 14:07:26.389,OnTrack,-1412.0,-4249.0,1852.0,pos,0 days 00:01:18.900000,0 days 01:59:42.470000,10787.12507264,267.50000128,7,100.0,False,0,5409.608495238249,0.9389006798100923
2024-09-01 14:07:26.514,OnTrack,-1430.8355528564189,-4157.360035924379,1852.674786356605,car,0 days 00:01:19.025000,0 days 01:59:42.595000,10929.0,270.0,7,100.0,False,0,5418.996666666661,0.9405301065133499
2024-09-01 14:07:26.589,OnTrack,-1441.0,-4101.0,1853.0,pos,0 days 00:01:19.100000,0 days 01:59:42.670000,10970.7187856,270.0,7,100.0,False,0,5424.610158246001,0.9415043934815455
2024-09-01 14:07:26.674,OnTrack,-1451.2452464427395,-4035.7048742238917,1853.3257972637853,car,0 days 00:01:19.185000,0 days 01:59:42.755000,11018.0,270.0,7,100.0,False,0,5430.996666666661,0.9426128465429914
2024-09-01 14:07:26.869,OnTrack,-1470.0,-3888.0,1854.0,pos,0 days 00:01:19.380000,0 days 01:59:42.950000,11137.4375392,273.90000128,7,100.0,False,0,5445.943963905922,0.945207124400921
2024-09-01 14:07:27.074,OnTrack,-1483.9179668061074,-3739.271378309784,1854.843305543235,car,0 days 00:01:19.585000,0 days 01:59:43.155000,11263.0,278.0,7,100.0,False,0,5461.885555555551,0.9479739736563277
2024-09-01 14:07:27.109,OnTrack,-1486.0,-3703.0,1855.0,pos,0 days 00:01:19.620000,0 days 01:59:43.190000,11283.226161133294,278.52763898608595,7,100.0,False,0,5464.6072934977055,0.9484463630365211
2024-09-01 14:07:27.273,OnTrack,-1494.894218509521,-3482.8025561918375,1855.7630852666432,car,0 days 00:01:19.784000,0 days 01:59:43.354000,11378.0,281.0,7,100.0,False,0,5477.418611111107,0.9506699167053444
2024-09-01 14:07:27.330,OnTrack,-1497.0,-3421.0,1856.0,pos,0 days 00:01:19.841000,0 days 01:59:43.411000,11393.437482666666,282.6624981333333,7,100.0,False,0,5481.936784706249,0.9514540984559671
2024-09-01 14:07:27.513,OnTrack,-1499.1150445209128,-3338.8546895072545,1856.5906221189293,car,0 days 00:01:20.024000,0 days 01:59:43.594000,11443.0,288.0,7,100.0,False,0,5496.6186111111065,0.9540023007527707
2024-09-01 14:07:27.630,OnTrack,-1499.0,-3293.0,1857.0,pos,0 days 00:01:20.141000,0 days 01:59:43.711000,11496.903659885715,288.8357156571429,7,100.0,False,0,5506.026536826412,0.9556351560430341
2024-09-01 14:07:27.793,OnTrack,-1499.0113615341606,-3163.736642828711,1857.7789009417675,car,0 days 00:01:20.304000,0 days 01:59:43.874000,11572.0,290.0,7,100.0,False,0,5519.174166666662,0.9579170806233005
2024-09-01 14:07:27.830,OnTrack,-1499.0,-3132.0,1858.0,pos,0 days 00:01:20.341000,0 days 01:59:43.911000,11580.838934755555,290.41111324444444,7,100.0,False,0,5522.171967420298,0.958437383925841
2024-09-01 14:07:28.110,OnTrack,-1498.0,-2905.0,1860.0,pos,0 days 00:01:20.621000,0 days 01:59:44.191000,11647.727823644444,293.5222243555556,7,100.0,False,0,5545.031690543166,0.9624049556270509
2024-09-01 14:07:28.153,OnTrack,-1497.506779454954,-2869.0463876256003,1860.2514645509882,car,0 days 00:01:20.664000,0 days 01:59:44.234000,11658.0,294.0,7,100.0,False,0,5548.574166666662,0.9630197936959219
2024-09-01 14:07:28.350,OnTrack,-1494.0,-2708.0,1861.0,pos,0 days 00:01:20.861000,0 days 01:59:44.431000,11316.122583466667,296.4625024,7,100.0,False,0,5564.9187321700265,0.9658565837660015
2024-09-01 14:07:28.610,OnTrack,-1488.0,-2547.0,1861.0,pos,0 days 00:01:21.121000,0 days 01:59:44.691000,10864.9146944,299.7124992,7,100.0,False,0,5586.652743372851,0.9696287750274013
2024-09-01 14:07:28.633,OnTrack,-1487.6155348176806,-2531.673324605213,1861.042876598346,car,0 days 00:01:21.144000,0 days 01:59:44.714000,10825.0,300.0,8,100.0,False,0,5588.574166666662,0.9699622604613934
2024-09-01 14:07:28.793,OnTrack,-1485.1520296718656,-2407.9739860138934,1861.7248790004794,car,0 days 00:01:21.304000,0 days 01:59:44.874000,10809.0,301.0,8,100.0,False,0,5601.9519444444395,0.9722841299018455
2024-09-01 14:07:28.830,OnTrack,-1484.0,-2371.0,1862.0,pos,0 days 00:01:21.341000,0 days 01:59:44.911000,10816.9781664,301.4625024,8,100.0,False,0,5605.060792764836,0.9728237068054267
2024-09-01 14:07:29.030,OnTrack,-1474.0,-2135.0,1864.0,pos,0 days 00:01:21.541000,0 days 01:59:45.111000,10860.1031664,303.9625024,8,100.0,False,0,5621.9880971117545,0.9757616380018642
2024-09-01 14:07:29.113,OnTrack,-1470.4682885644697,-2061.439794254741,1864.6386227918815,car,0 days 00:01:21.624000,0 days 01:59:45.194000,10878.0,305.0,8,100.0,False,0,5629.063055555551,0.9769895795984429
2024-09-01 14:07:29.353,OnTrack,-1462.5487502210108,-1921.3417953637759,1865.8006934737564,car,0 days 00:01:21.864000,0 days 01:59:45.434000,11007.0,309.0,8,100.0,False,0,5649.66305555555,0.9805649499826606
2024-09-01 14:07:29.390,OnTrack,-1461.0,-1895.0,1866.0,pos,0 days 00:01:21.901000,0 days 01:59:45.471000,11018.305614222223,309.30833493333336,8,100.0,False,0,5652.854439255216,0.9811188518644305
2024-09-01 14:07:29.590,OnTrack,-1451.0,-1724.0,1867.0,pos,0 days 00:01:22.101000,0 days 01:59:45.671000,11079.416725333333,310.9750016,8,100.0,False,0,5670.170032842984,0.9841241751896178
2024-09-01 14:07:29.710,OnTrack,-1445.0,-1621.0,1867.0,pos,0 days 00:01:22.221000,0 days 01:59:45.791000,11116.083392,311.9750016,8,100.0,False,0,5680.601917158298,0.9859347504436257
2024-09-01 14:07:29.713,OnTrack,-1444.8468982312495,-1618.5173992363182,1867.0042920930453,car,0 days 00:01:22.224000,0 days 01:59:45.794000,11117.0,312.0,8,100.0,False,0,5680.86305555555,0.9859800740597283
2024-09-01 14:07:29.910,OnTrack,-1433.0,-1447.0,1868.0,pos,0 days 00:01:22.421000,0 days 01:59:45.991000,11161.3250432,313.97000192,8,100.0,False,0,5698.045509842999,0.9889622895057246
2024-09-01 14:07:29.913,OnTrack,-1432.7555935373175,-1443.6488914421268,1868.0197545581354,car,0 days 00:01:22.424000,0 days 01:59:45.994000,11162.0,314.0,8,100.0,False,0,5698.307499999994,0.98900776095467
2024-09-01 14:07:30.153,OnTrack,-1407.4198068223013,-1103.6585998617693,1869.675317689357,car,0 days 00:01:22.664000,0 days 01:59:46.234000,11199.0,315.0,8,100.0,False,0,5719.307499999994,0.9926525560065426
2024-09-01 14:07:30.210,OnTrack,-1402.0,-1032.0,1870.0,pos,0 days 00:01:22.721000,0 days 01:59:46.291000,11221.7999744,315.47499946666665,8,100.0,False,0,5724.315316372752,0.993521720974929
2024-09-01 14:07:30.393,OnTrack,-1389.4126037327524,-868.4683692592298,1870.7351626722016,car,0 days 00:01:22.904000,0 days 01:59:46.474000,11295.0,317.0,8,100.0,False,0,5740.440833333329,0.9963204926143001
2024-09-01 14:07:30.609,OnTrack,-1384.0,-806.0,1871.0,pos,0 days 00:01:23.120000,0 days 01:59:46.690000,11386.8,317.9,8,100.0,False,0,5759.518436039345,0.9996316331830849
2024-09-01 14:07:30.633,OnTrack,-1384.0298205821996,-807.7843822626035,1870.9891326178981,car,0 days 00:01:23.144000,0 days 01:59:46.714000,11397.0,318.0,8,100.0,False,0,5761.640833333328,1.0
