Date,Status,X,Y,Z,Source,Time,SessionTime,RPM,Speed,nGear,Throttle,Brake,DRS,Distance,RelativeDistance
2024-09-01 14:17:07.950,OnTrack,-1370.0,-639.0,1871.0,pos,0 days 00:00:00,0 days 02:09:24.031000,11395.0,320.0,8,100.0,False,0,,
2024-09-01 14:17:08.115,OnTrack,-1358.110081732117,-492.8126771555462,1872.6245168678972,car,0 days 00:00:00.165000,0 days 02:09:24.196000,11395.0,320.0,8,100.0,False,0,28.0,0.004872756519813482
2024-09-01 14:17:08.170,OnTrack,-1354.0,-444.0,1873.0,pos,0 days 00:00:00.220000,0 days 02:09:24.251000,11408.19995392,320.54999808,8,100.0,False,0,32.91071702632495,0.005727353962920053
2024-09-01 14:17:08.315,OnTrack,-1342.812549030652,-315.1109514163309,1873.5924902778156,car,0 days 00:00:00.365000,0 days 02:09:24.396000,11443.0,322.0,8,100.0,False,0,45.888888888888886,0.007985906518583205
2024-09-01 14:17:08.450,OnTrack,-1332.0,-195.0,1874.0,pos,0 days 00:00:00.500000,0 days 02:09:24.531000,11453.499985066666,322.74999893333336,8,100.0,False,0,58.01326618426782,0.010095875751252358
2024-09-01 14:17:08.670,OnTrack,-1314.0,0.0,1875.0,pos,0 days 00:00:00.720000,0 days 02:09:24.751000,11470.611116088889,323.97222257777776,8,100.0,False,0,77.8377815524391,0.013545877055266614
2024-09-01 14:17:08.675,OnTrack,-1313.6033592114973,4.383368107857919,1875.0226200418076,car,0 days 00:00:00.725000,0 days 02:09:24.756000,11471.0,324.0,8,100.0,False,0,78.28888888888889,0.013624381920081663
2024-09-01 14:17:08.875,OnTrack,-1297.9799059880124,181.80794084921064,1875.8604638642146,car,0 days 00:00:00.925000,0 days 02:09:24.956000,11471.0,325.0,8,100.0,False,0,96.34444444444443,0.016766536421945515
2024-09-01 14:17:08.910,OnTrack,-1295.0,216.0,1876.0,pos,0 days 00:00:00.960000,0 days 02:09:24.991000,11491.8542048,325.0,8,100.0,False,0,99.50271911899856,0.017316161547366777
2024-09-01 14:17:09.115,OnTrack,-1275.9809810387565,434.4794766938199,1876.831528433606,car,0 days 00:00:01.165000,0 days 02:09:25.196000,11614.0,325.0,8,100.0,False,0,118.01111111111109,0.020537121824182134
2024-09-01 14:17:09.150,OnTrack,-1273.0,469.0,1877.0,pos,0 days 00:00:01.200000,0 days 02:09:25.231000,11619.3295552,325.2386368,8,100.0,False,0,121.18169684651272,0.02108888940681806
2024-09-01 14:17:09.490,OnTrack,-1250.0,741.0,1879.0,pos,0 days 00:00:01.540000,0 days 02:09:25.571000,11671.102243490908,327.55681687272727,8,100.0,False,0,152.15600919596406,0.026479256637086928
2024-09-01 14:17:09.555,OnTrack,-1245.6473252415747,793.0398866031444,1879.3395238509581,car,0 days 00:00:01.605000,0 days 02:09:25.636000,11681.0,328.0,8,100.0,False,0,158.09999999999997,0.02751367163508969
2024-09-01 14:17:10.469,OnTrack,-1173.0,1636.0,1883.0,pos,0 days 00:00:02.519000,0 days 02:09:26.550000,11789.171545028208,330.9771984870149,8,100.0,False,0,242.1356346247322,0.04213814258202996
2024-09-01 14:17:10.476,OnTrack,-1172.3899122885405,1642.4732419320403,1883.0455846364089,car,0 days 00:00:02.526000,0 days 02:09:26.557000,11790.0,331.0,8,100.0,False,0,242.7808333333333,0.04225042458966965
2024-09-01 14:17:10.649,OnTrack,-1158.0,1801.0,1884.0,pos,0 days 00:00:02.699000,0 days 02:09:26.730000,11824.5999872,331.86499968,8,100.0,False,0,258.7329249034525,0.045026519525489646
2024-09-01 14:17:10.676,OnTrack,-1156.1942635176583,1825.4992361812915,1884.0080706823173,car,0 days 00:00:02.726000,0 days 02:09:26.757000,11830.0,332.0,8,100.0,False,0,261.2252777777777,0.04546025626541979
2024-09-01 14:17:10.709,OnTrack,-1154.0,1856.0,1884.0,pos,0 days 00:00:02.759000,0 days 02:09:26.790000,11829.764286171428,332.1178569142857,8,100.0,False,0,264.2727759080163,0.045990603279106916
2024-09-01 14:17:10.956,OnTrack,-1130.7473733277486,2125.090581411255,1885.2401619476013,car,0 days 00:00:03.006000,0 days 02:09:27.037000,11828.0,333.0,8,100.0,False,0,287.12527777777774,0.049967556046247266
2024-09-01 14:17:11.069,OnTrack,-1120.0,2243.0,1886.0,pos,0 days 00:00:03.119000,0 days 02:09:27.150000,11846.833322666667,333.31388871111113,8,100.0,False,0,297.60121547648305,0.0517906522506232
2024-09-01 14:17:11.316,OnTrack,-1101.5664888618142,2450.6325644060444,1887.2901440044027,car,0 days 00:00:03.366000,0 days 02:09:27.397000,11888.0,334.0,8,100.0,False,0,320.5252777777777,0.05578005846631049
2024-09-01 14:17:11.469,OnTrack,-1091.0,2577.0,1888.0,pos,0 days 00:00:03.519000,0 days 02:09:27.550000,11879.8718784,334.0,8,100.0,False,0,334.7212907171032,0.05825054827364816
2024-09-01 14:17:11.636,OnTrack,-1078.572822195058,2731.158090429551,1888.8172777347286,car,0 days 00:00:03.686000,0 days 02:09:27.717000,11871.0,334.0,8,100.0,False,0,350.2141666666666,0.060946727284144464
2024-09-01 14:17:11.669,OnTrack,-1076.0,2762.0,1889.0,pos,0 days 00:00:03.719000,0 days 02:09:27.750000,11869.703573942857,334.0,8,100.0,False,0,353.2757258721359,0.06147952130483181
2024-09-01 14:17:11.829,OnTrack,-1063.0,2910.0,1890.0,pos,0 days 00:00:03.879000,0 days 02:09:27.910000,11863.417859657144,334.0,8,100.0,False,0,368.12012189321484,0.06406284728677486
2024-09-01 14:17:11.916,OnTrack,-1055.6455982011569,2990.2058943351776,1890.5775140650571,car,0 days 00:00:03.966000,0 days 02:09:27.997000,11860.0,334.0,8,100.0,False,0,376.19194444444435,0.0654675624997492
2024-09-01 14:17:12.009,OnTrack,-1048.0,3076.0,1891.0,pos,0 days 00:00:04.059000,0 days 02:09:28.090000,11869.2999936,334.0,8,100.0,False,0,384.8205211419932,0.06696916797688104
2024-09-01 14:17:12.169,OnTrack,-1036.0,3224.0,1891.0,pos,0 days 00:00:04.219000,0 days 02:09:28.250000,11885.2999936,334.0,8,100.0,False,0,399.6653669535759,0.06955257223452445
2024-09-01 14:17:12.276,OnTrack,-1027.3764028675278,3323.209151802415,1891.3852754622492,car,0 days 00:00:04.326000,0 days 02:09:28.357000,11896.0,334.0,8,100.0,False,0,409.5919444444444,0.07128006491981242
2024-09-01 14:17:12.389,OnTrack,-1018.0,3428.0,1892.0,pos,0 days 00:00:04.439000,0 days 02:09:28.470000,11881.404174933334,334.0,8,100.0,False,0,420.0741398035008,0.07310425012616245
2024-09-01 14:17:12.516,OnTrack,-1007.7935575149966,3545.565413246684,1892.5752263579327,car,0 days 00:00:04.566000,0 days 02:09:28.597000,11865.0,334.0,8,100.0,False,0,431.8586111111111,0.07515506653318792
2024-09-01 14:17:12.589,OnTrack,-1002.0,3613.0,1893.0,pos,0 days 00:00:04.639000,0 days 02:09:28.670000,11858.962412276705,334.0,8,100.0,False,0,438.63663371303636,0.07633462559836557
2024-09-01 14:17:12.830,OnTrack,-983.0,3835.0,1895.0,pos,0 days 00:00:04.880000,0 days 02:09:28.911000,11839.030068767106,334.0,8,100.0,False,0,461.0136213269124,0.08022882603726915
2024-09-01 14:17:12.915,OnTrack,-976.4031941476997,3913.377174423894,1895.4310712782612,car,0 days 00:00:04.965000,0 days 02:09:28.996000,11832.0,334.0,8,100.0,False,0,468.8769444444444,0.08159725671542464
2024-09-01 14:17:13.150,OnTrack,-958.0,4130.0,1896.0,pos,0 days 00:00:05.200000,0 days 02:09:29.231000,11801.645825066667,332.0416661333333,8,100.0,False,0,490.54841907489595,0.08536867883326411
2024-09-01 14:17:13.155,OnTrack,-957.5928246455678,4134.593999743203,1896.0157707467836,car,0 days 00:00:05.205000,0 days 02:09:29.236000,11801.0,332.0,8,100.0,False,0,491.01027777777773,0.08544905472632483
2024-09-01 14:17:13.370,OnTrack,-940.0,4332.0,1897.0,pos,0 days 00:00:05.420000,0 days 02:09:29.451000,11799.208334933333,332.8958325333333,8,100.0,False,0,510.9035212097094,0.08891101657036704
2024-09-01 14:17:13.395,OnTrack,-938.107525297643,4355.080933078996,1897.1706456026252,car,0 days 00:00:05.445000,0 days 02:09:29.476000,11799.0,333.0,8,100.0,False,0,513.2102777777777,0.08931245453846266
2024-09-01 14:17:13.530,OnTrack,-928.0,4479.0,1898.0,pos,0 days 00:00:05.580000,0 days 02:09:29.611000,11786.17501824,331.65000192,8,100.0,False,0,525.6264409434348,0.09147320239619564
2024-09-01 14:17:13.595,OnTrack,-922.3833891880223,4537.496372405515,1897.9975685011111,car,0 days 00:00:05.645000,0 days 02:09:29.676000,11780.0,331.0,8,100.0,False,0,531.5991666666666,0.09251261804651477
2024-09-01 14:17:13.610,OnTrack,-921.0,4552.0,1898.0,pos,0 days 00:00:05.660000,0 days 02:09:29.691000,11776.32504704,331.0,8,100.0,False,0,532.9780815978482,0.09275258650084274
2024-09-01 14:17:13.970,OnTrack,-885.0,4973.0,1900.0,pos,0 days 00:00:06.020000,0 days 02:09:30.051000,11688.12504704,331.0,8,100.0,False,0,566.0860081270321,0.09851426024557797
2024-09-01 14:17:13.995,OnTrack,-883.4298242697213,4991.573789616181,1900.1351893836306,car,0 days 00:00:06.045000,0 days 02:09:30.076000,11682.0,331.0,8,100.0,False,0,568.3769444444445,0.098912945062619
2024-09-01 14:17:14.195,OnTrack,-874.8044237132701,5091.53922454978,1900.9505359424238,car,0 days 00:00:06.245000,0 days 02:09:30.276000,11650.0,329.0,8,100.0,False,0,586.6547222222222,0.10209377223527501
2024-09-01 14:17:14.210,OnTrack,-874.0,5101.0,1901.0,pos,0 days 00:00:06.260000,0 days 02:09:30.291000,11645.80005376,328.92500096,8,100.0,False,0,588.0235976204219,0.10233199353961037
2024-09-01 14:17:14.395,OnTrack,-860.4745093283306,5262.251469082482,1901.5233152177227,car,0 days 00:00:06.445000,0 days 02:09:30.476000,11594.0,328.0,8,100.0,False,0,604.8769444444445,0.10526493124023299
2024-09-01 14:17:14.510,OnTrack,-851.0,5372.0,1902.0,pos,0 days 00:00:06.560000,0 days 02:09:30.591000,11578.347213511111,327.0416661333333,8,100.0,False,0,615.2939964547239,0.10707777974381605
2024-09-01 14:17:14.670,OnTrack,-838.0,5516.0,1903.0,pos,0 days 00:00:06.720000,0 days 02:09:30.751000,11556.569435733334,325.7083328,8,100.0,False,0,629.719369659452,0.10958818443431896
2024-09-01 14:17:14.755,OnTrack,-829.8981638270288,5607.918985883329,1903.5328319249095,car,0 days 00:00:06.805000,0 days 02:09:30.836000,11545.0,325.0,8,100.0,False,0,637.3769444444445,0.11092080934358793
2024-09-01 14:17:14.995,OnTrack,-805.2720908554343,5895.869535875058,1904.9179703794603,car,0 days 00:00:07.045000,0 days 02:09:31.076000,11501.0,324.0,8,100.0,False,0,658.9769444444445,0.11467979294458691
2024-09-01 14:17:15.010,OnTrack,-804.0,5911.0,1905.0,pos,0 days 00:00:07.060000,0 days 02:09:31.091000,11497.250048,323.92500096,8,100.0,False,0,660.3236083561211,0.11491414885014475
2024-09-01 14:17:15.395,OnTrack,-781.1318524073267,6189.023415199359,1906.8690159056448,car,0 days 00:00:07.445000,0 days 02:09:31.476000,11401.0,322.0,8,100.0,False,0,694.7547222222222,0.12090609294212634
2024-09-01 14:17:15.430,OnTrack,-779.0,6214.0,1907.0,pos,0 days 00:00:07.480000,0 days 02:09:31.511000,11401.0,321.7812496,8,100.0,False,0,697.8792435227351,0.12144984406849672
2024-09-01 14:17:15.555,OnTrack,-770.5943149304914,6310.353615988906,1907.4099983701315,car,0 days 00:00:07.605000,0 days 02:09:31.636000,11401.0,321.0,8,100.0,False,0,709.0213888888889,0.12338887840698369
2024-09-01 14:17:15.650,OnTrack,-762.0,6410.0,1908.0,pos,0 days 00:00:07.700000,0 days 02:09:31.731000,11389.60002304,320.05000192,8,100.0,False,0,717.4457824916517,0.1248549505088886
2024-09-01 14:17:15.755,OnTrack,-749.2607173460906,6560.877545208866,1909.1931228192616,car,0 days 00:00:07.805000,0 days 02:09:31.836000,11377.0,319.0,8,100.0,False,0,726.7436111111111,0.1264730239026593
2024-09-01 14:17:15.830,OnTrack,-741.0,6659.0,1910.0,pos,0 days 00:00:07.880000,0 days 02:09:31.911000,11344.187472,319.4687504,8,100.0,False,0,733.4000315880253,0.12763142091257013
2024-09-01 14:17:15.915,OnTrack,-734.732590642659,6732.8916760283155,1910.5660516763205,car,0 days 00:00:07.965000,0 days 02:09:31.996000,11307.0,320.0,8,100.0,False,0,740.9658333333334,0.1289480748333582
2024-09-01 14:17:16.130,OnTrack,-726.0,6835.0,1911.0,pos,0 days 00:00:08.180000,0 days 02:09:32.211000,11133.6564048,319.3281256,8,79.1718936,False,0,760.1936002040578,0.1322942257755288
2024-09-01 14:17:16.235,OnTrack,-718.7890475914339,6921.870008349384,1911.268584730649,car,0 days 00:00:08.285000,0 days 02:09:32.316000,11049.0,319.0,8,69.0,True,0,769.321388888889,0.1338827076264392
2024-09-01 14:17:16.470,OnTrack,-699.0,7163.0,1912.0,pos,0 days 00:00:08.520000,0 days 02:09:32.551000,10361.6248128,301.3749952,8,8.291650133333334,True,0,788.9655170299479,0.1373013166791319
2024-09-01 14:17:16.475,OnTrack,-698.6411896459871,7167.395850112361,1912.0140760523664,car,0 days 00:00:08.525000,0 days 02:09:32.556000,10347.0,301.0,8,7.0,True,0,789.3880555555558,0.1373748497989722
2024-09-01 14:17:16.675,OnTrack,-686.8965320912586,7312.185194164125,1912.51465922643,car,0 days 00:00:08.725000,0 days 02:09:32.756000,9417.0,301.0,8,1.0,True,0,806.1102777777779,0.140284968276083
2024-09-01 14:17:16.829,OnTrack,-679.0,7409.0,1913.0,pos,0 days 00:00:08.879000,0 days 02:09:32.910000,9047.937903710788,269.89278897042016,8,0.6159603576595085,True,0,816.7944704735722,0.14214430647670356
2024-09-01 14:17:17.049,OnTrack,-667.0,7552.0,1914.0,pos,0 days 00:00:09.099000,0 days 02:09:33.130000,8520.705899364533,225.4538791347837,8,0.06733184117016922,True,0,829.1823635080594,0.1443001345677946
2024-09-01 14:17:17.076,OnTrack,-665.5623914077912,7568.42408186028,1914.1272770361538,car,0 days 00:00:09.126000,0 days 02:09:33.157000,8456.0,220.0,8,0.0,True,0,830.6158333333335,0.1445495970476896
2024-09-01 14:17:17.309,OnTrack,-654.0,7697.0,1915.0,pos,0 days 00:00:09.359000,0 days 02:09:33.390000,8598.12996096,193.7875072,8,0.0,True,0,842.2908942957883,0.14658137309854752
2024-09-01 14:17:17.469,OnTrack,-647.0,7776.0,1915.0,pos,0 days 00:00:09.519000,0 days 02:09:33.550000,8695.72996096,175.7875072,8,0.0,True,0,849.7424613924643,0.14787814710401737
2024-09-01 14:17:17.476,OnTrack,-646.6598560910787,7779.307878265939,1914.9979803612634,car,0 days 00:00:09.526000,0 days 02:09:33.557000,8700.0,175.0,7,0.0,True,0,850.060277777778,0.14793345574200453
2024-09-01 14:17:17.529,OnTrack,-644.0,7804.0,1915.0,pos,0 days 00:00:09.579000,0 days 02:09:33.610000,8733.65495936,169.96500608,7,0.0,True,0,852.4442909046228,0.1483483384386886
2024-09-01 14:17:17.676,OnTrack,-637.145823911188,7870.0856009953595,1915.4275608018959,car,0 days 00:00:09.726000,0 days 02:09:33.757000,8827.0,156.0,7,0.0,True,0,858.7269444444446,0.1494416899028992
2024-09-01 14:17:17.789,OnTrack,-632.0,7916.0,1916.0,pos,0 days 00:00:09.839000,0 days 02:09:33.870000,8789.99252096,146.67750528,7,0.0,True,0,863.0084710792721,0.15018679121806386
2024-09-01 14:17:17.969,OnTrack,-622.0,7981.0,1917.0,pos,0 days 00:00:10.019000,0 days 02:09:34.050000,8731.04252096,131.82750528,7,0.0,True,0,868.9659553230447,0.15122355443915417
2024-09-01 14:17:18.076,OnTrack,-611.599844516969,8026.232716316064,1917.4810241490395,car,0 days 00:00:10.126000,0 days 02:09:34.157000,8696.0,123.0,7,0.0,True,0,872.3936111111112,0.15182005915661764
2024-09-01 14:17:18.249,OnTrack,-592.0,8097.0,1918.0,pos,0 days 00:00:10.299000,0 days 02:09:34.330000,8687.3500032,114.3500032,7,0.0,True,0,877.8507881336159,0.15276975540362428
2024-09-01 14:17:18.276,OnTrack,-589.4797021623376,8105.16598610408,1918.0489255377377,car,0 days 00:00:10.326000,0 days 02:09:34.357000,8686.0,113.0,5,0.0,True,0,878.671388888889,0.15291256210649648
2024-09-01 14:17:18.676,OnTrack,-561.0904838503006,8162.420667032218,1918.0140184679124,car,0 days 00:00:10.726000,0 days 02:09:34.757000,8099.0,99.0,2,0.0,True,0,889.671388888889,0.15482685931070891
2024-09-01 14:17:18.729,OnTrack,-555.0,8173.0,1918.0,pos,0 days 00:00:10.779000,0 days 02:09:34.810000,7922.4439632,96.0187536,2,0.0,True,0,891.0172971848122,0.15506108371871
2024-09-01 14:17:18.789,OnTrack,-547.0,8187.0,1918.0,pos,0 days 00:00:10.839000,0 days 02:09:34.870000,7722.5689632,92.6437536,2,0.0,True,0,892.5155849568172,0.1553218262726241
2024-09-01 14:17:18.836,OnTrack,-539.986763332961,8197.953786019149,1918.0356750086503,car,0 days 00:00:10.886000,0 days 02:09:34.917000,7566.0,90.0,2,0.0,True,0,893.671388888889,0.15552296738496799
2024-09-01 14:17:19.076,OnTrack,-496.2621105199885,8248.438208582062,1918.6908668597584,car,0 days 00:00:11.126000,0 days 02:09:35.157000,7131.0,85.0,2,0.0,True,0,899.3380555555557,0.15650912049016832
2024-09-01 14:17:19.169,OnTrack,-480.0,8263.0,1919.0,pos,0 days 00:00:11.219000,0 days 02:09:35.250000,6888.812666666667,83.06250133333333,2,0.0,True,0,901.4375322226135,0.1568744861550827
2024-09-01 14:17:19.316,OnTrack,-457.10500724748476,8279.096211258062,1919.4760356664888,car,0 days 00:00:11.366000,0 days 02:09:35.397000,6506.0,80.0,2,0.0,True,0,904.671388888889,0.15743726458918042
2024-09-01 14:17:19.476,OnTrack,-433.56896507709473,8289.51218057632,1919.9010955169153,car,0 days 00:00:11.526000,0 days 02:09:35.557000,6375.0,77.0,2,0.0,True,0,908.0936111111113,0.15803282371937985
2024-09-01 14:17:19.550,OnTrack,-421.0,8294.0,1920.0,pos,0 days 00:00:11.600000,0 days 02:09:35.631000,6338.663027919592,75.40859976290184,2,0.0,True,0,909.5993432590499,0.15829486179584273
2024-09-01 14:17:19.755,OnTrack,-381.0245732028901,8305.345419863075,1920.0016555914774,car,0 days 00:00:11.805000,0 days 02:09:35.836000,6238.0,71.0,2,0.0,False,0,913.5961111111112,0.15899040738903247
2024-09-01 14:17:19.770,OnTrack,-378.0,8306.0,1920.0,pos,0 days 00:00:11.820000,0 days 02:09:35.851000,6267.9058672,71.0,2,2.3437200000000002,False,0,913.8894747583247,0.1590414605899123
2024-09-01 14:17:19.850,OnTrack,-362.0,8309.0,1920.0,pos,0 days 00:00:11.900000,0 days 02:09:35.931000,6427.4058672,71.0,2,14.843720000000001,False,0,915.4607252688982,0.1593149006316858
2024-09-01 14:17:19.915,OnTrack,-349.7289449449996,8310.96153963778,1920.0029588536636,car,0 days 00:00:11.965000,0 days 02:09:35.996000,6557.0,71.0,2,25.0,False,0,916.7516666666668,0.1595395593142813
2024-09-01 14:17:20.070,OnTrack,-318.0,8317.0,1920.0,pos,0 days 00:00:12.120000,0 days 02:09:36.151000,6544.821423542857,72.66071497142858,2,28.8750016,False,0,919.8951255560518,0.16008660609278189
2024-09-01 14:17:20.195,OnTrack,-280.29166049984553,8328.427408104682,1919.962061482776,car,0 days 00:00:12.245000,0 days 02:09:36.276000,6535.0,74.0,2,32.0,False,0,922.5072222222224,0.16054118148779853
2024-09-01 14:17:20.330,OnTrack,-240.0,8343.0,1920.0,pos,0 days 00:00:12.380000,0 days 02:09:36.411000,6842.1245632,76.5312464,2,34.5312464,False,0,925.3986347232279,0.16104436538478942
2024-09-01 14:17:20.355,OnTrack,-234.2211829935419,8345.371382421386,1920.0302895916855,car,0 days 00:00:12.405000,0 days 02:09:36.436000,6899.0,77.0,2,35.0,False,0,925.9294444444446,0.16113674061799793
2024-09-01 14:17:20.755,OnTrack,-194.0008943468223,8377.833518247358,1920.9855086747693,car,0 days 00:00:12.805000,0 days 02:09:36.836000,6127.0,72.0,2,0.0,True,0,933.9294444444446,0.16252895676651608
2024-09-01 14:17:20.790,OnTrack,-191.0,8382.0,1921.0,pos,0 days 00:00:12.840000,0 days 02:09:36.871000,6083.1040864,71.3437488,2,0.729168,True,0,934.5776764936317,0.16264176665737423
2024-09-01 14:17:20.990,OnTrack,-171.0,8414.0,1921.0,pos,0 days 00:00:13.040000,0 days 02:09:37.071000,5832.270753066667,67.5937488,2,4.895834666666667,True,0,938.1119203942465,0.16325682058627894
2024-09-01 14:17:21.190,OnTrack,-154.0,8463.0,1922.0,pos,0 days 00:00:13.240000,0 days 02:09:37.271000,5581.437419733334,63.8437488,2,9.062501333333334,True,0,941.5432568968904,0.1638539658475265
2024-09-01 14:17:21.235,OnTrack,-151.30341763187047,8472.711001432219,1922.1270868289894,car,0 days 00:00:13.285000,0 days 02:09:37.316000,5525.0,63.0,2,10.0,False,0,942.3294444444446,0.16399078372246012
2024-09-01 14:17:21.475,OnTrack,-144.68721268699665,8509.626876005315,1921.7515489528969,car,0 days 00:00:13.525000,0 days 02:09:37.556000,6785.0,64.0,2,25.0,False,0,946.5961111111112,0.1647332990016698
2024-09-01 14:17:21.670,OnTrack,-143.0,8536.0,1922.0,pos,0 days 00:00:13.720000,0 days 02:09:37.751000,6432.374884266666,64.81250026666666,2,29.062501333333334,False,0,950.1066534321074,0.16534422821533817
2024-09-01 14:17:21.715,OnTrack,-142.6256928523353,8542.759391636073,1922.2700988605043,car,0 days 00:00:13.765000,0 days 02:09:37.796000,6351.0,65.0,2,30.0,False,0,950.9294444444445,0.1654874160821171
2024-09-01 14:17:21.830,OnTrack,-142.0,8566.0,1923.0,pos,0 days 00:00:13.880000,0 days 02:09:37.911000,6371.1250112,66.4375008,2,33.83333546666667,False,0,953.060880112652,0.16585834347671785
2024-09-01 14:17:21.955,OnTrack,-142.663172731128,8611.895403735225,1923.0177230516151,car,0 days 00:00:14.005000,0 days 02:09:38.036000,6393.0,68.0,2,38.0,False,0,955.4627777777778,0.16627633856627738
2024-09-01 14:17:21.990,OnTrack,-143.0,8624.0,1923.0,pos,0 days 00:00:14.040000,0 days 02:09:38.071000,6498.125192228571,69.00000182857143,2,40.250004114285716,False,0,956.1589182731683,0.16639748582119238
2024-09-01 14:17:22.235,OnTrack,-146.4964376513853,8668.990103805492,1923.4593640086953,car,0 days 00:00:14.285000,0 days 02:09:38.316000,7234.0,76.0,2,56.0,False,0,961.3738888888889,0.16730503160934912
2024-09-01 14:17:22.470,OnTrack,-153.0,8698.0,1924.0,pos,0 days 00:00:14.520000,0 days 02:09:38.551000,7981.19338530909,84.01136581818182,2,59.20454632727273,False,0,967.1248672891809,0.1683058572341823
2024-09-01 14:17:22.650,OnTrack,-161.0,8741.0,1924.0,pos,0 days 00:00:14.700000,0 days 02:09:38.731000,8553.510753163637,90.14772072727273,2,61.65908829090909,False,0,971.8351628098602,0.1691255759202051
2024-09-01 14:17:22.675,OnTrack,-162.36919114405788,8747.364709441177,1923.999803881979,car,0 days 00:00:14.725000,0 days 02:09:38.756000,8633.0,91.0,2,62.0,False,0,972.4961111111112,0.16924059878249725
2024-09-01 14:17:22.870,OnTrack,-175.0,8798.0,1924.0,pos,0 days 00:00:14.920000,0 days 02:09:38.951000,9183.062680533334,97.50000213333334,2,67.68750186666666,False,0,977.7747851350457,0.17015923068485786
2024-09-01 14:17:22.915,OnTrack,-178.23076121143941,8810.201582268588,1923.9633696834717,car,0 days 00:00:14.965000,0 days 02:09:38.996000,9310.0,99.0,2,69.0,False,0,979.0961111111112,0.17038917710502471
2024-09-01 14:17:23.070,OnTrack,-190.0,8854.0,1924.0,pos,0 days 00:00:15.120000,0 days 02:09:39.151000,9510.215761232474,106.38933389434435,2,71.99092086199653,False,0,984.0570119946842,0.17125250789518826
2024-09-01 14:17:23.230,OnTrack,-203.0,8903.0,1925.0,pos,0 days 00:00:15.280000,0 days 02:09:39.311000,9716.890010071465,114.01703024868324,2,75.07832176732417,False,0,989.8439653023501,0.17225959412589487
2024-09-01 14:17:23.796,OnTrack,-263.9576353908368,9134.71947647244,1925.911983950879,car,0 days 00:00:15.846000,0 days 02:09:39.877000,10448.0,141.0,3,86.0,False,0,1013.6019444444446,0.1763941244031175
2024-09-01 14:17:23.929,OnTrack,-279.0,9194.0,1926.0,pos,0 days 00:00:15.979000,0 days 02:09:40.010000,10469.0583232,148.38888533333332,3,91.17221973333334,False,0,1019.4270813637481,0.17740785561391545
2024-09-01 14:17:24.156,OnTrack,-303.9729665284463,9295.233564914663,1926.3436451766624,car,0 days 00:00:16.206000,0 days 02:09:40.237000,10505.0,161.0,4,100.0,False,0,1029.7019444444447,0.17919595940201027
2024-09-01 14:17:24.409,OnTrack,-329.0,9401.0,1927.0,pos,0 days 00:00:16.459000,0 days 02:09:40.490000,11109.0373472,172.859372,4,100.0,False,0,1041.972974603272,0.1813314501952693
2024-09-01 14:17:24.476,OnTrack,-334.78833719834665,9426.370079598371,1927.2193317275091,car,0 days 00:00:16.526000,0 days 02:09:40.557000,11269.0,176.0,4,100.0,False,0,1045.3463888888891,0.18191851542577905
2024-09-01 14:17:24.769,OnTrack,-359.0,9541.0,1928.0,pos,0 days 00:00:16.819000,0 days 02:09:40.850000,11133.4875296,187.9031224,4,100.0,False,0,1060.6782114327589,0.1845866667922528
2024-09-01 14:17:24.796,OnTrack,-361.5913781660779,9554.343098109013,1927.99759149071,car,0 days 00:00:16.846000,0 days 02:09:40.877000,11121.0,189.0,4,100.0,False,0,1062.146388888889,0.18484216933766714
2024-09-01 14:17:24.869,OnTrack,-369.0,9594.0,1928.0,pos,0 days 00:00:16.919000,0 days 02:09:40.950000,11122.2166656,192.041664,4,100.0,False,0,1066.1659036218455,0.18554167350272072
2024-09-01 14:17:25.156,OnTrack,-401.07397161716216,9804.016063448404,1929.8041817070425,car,0 days 00:00:17.206000,0 days 02:09:41.237000,11127.0,204.0,5,100.0,False,0,1082.5463888888892,0.1883923205163884
2024-09-01 14:17:25.189,OnTrack,-404.0,9828.0,1930.0,pos,0 days 00:00:17.239000,0 days 02:09:41.270000,11165.44492544,205.15499776,5,100.0,False,0,1084.4650808349816,0.18872622475531112
2024-09-01 14:17:25.356,OnTrack,-414.73857109224116,9939.875859792079,1930.6387214757387,car,0 days 00:00:17.406000,0 days 02:09:41.437000,11360.0,211.0,5,100.0,False,0,1094.2686111111113,0.1904323039006754
2024-09-01 14:17:25.516,OnTrack,-419.87551366304854,10032.44891669144,1930.8585294076659,car,0 days 00:00:17.566000,0 days 02:09:41.597000,11667.0,215.0,5,100.0,False,0,1103.824166666667,0.19209522874473875
2024-09-01 14:17:25.609,OnTrack,-422.0,10080.0,1931.0,pos,0 days 00:00:17.659000,0 days 02:09:41.690000,11767.5561808,218.4874976,5,100.0,False,0,1109.501738284644,0.19308327960610322
2024-09-01 14:17:25.676,OnTrack,-423.18182736421124,10111.416017096833,1931.1138750844016,car,0 days 00:00:17.726000,0 days 02:09:41.757000,11840.0,221.0,5,100.0,False,0,1113.6463888888893,0.1938045607937527
2024-09-01 14:17:25.970,OnTrack,-426.0,10244.0,1932.0,pos,0 days 00:00:18.020000,0 days 02:09:42.051000,11040.687848,228.34999679999999,5,100.0,False,0,1132.314469198631,0.1970533111523847
2024-09-01 14:17:25.996,OnTrack,-426.2176632615303,10258.55818863289,1932.1467277758072,car,0 days 00:00:18.046000,0 days 02:09:42.077000,10970.0,229.0,5,100.0,False,0,1134.001944444445,0.19734697743831553
2024-09-01 14:17:26.130,OnTrack,-427.0,10347.0,1933.0,pos,0 days 00:00:18.180000,0 days 02:09:42.211000,10905.5125616,234.8624944,5,100.0,False,0,1142.780561450998,0.1988746939830879
2024-09-01 14:17:26.156,OnTrack,-426.9551267655022,10368.251878264124,1933.14644151189,car,0 days 00:00:18.206000,0 days 02:09:42.237000,10893.0,236.0,6,100.0,False,0,1144.4908333333337,0.19917232749970595
2024-09-01 14:17:26.315,OnTrack,-425.2081555603343,10522.948332397005,1933.8330656160674,car,0 days 00:00:18.365000,0 days 02:09:42.396000,11061.0,238.0,6,100.0,False,0,1155.0025000000003,0.20100164150985259
2024-09-01 14:17:26.390,OnTrack,-424.0,10587.0,1934.0,pos,0 days 00:00:18.440000,0 days 02:09:42.471000,11136.833398044444,240.0833351111111,6,100.0,False,0,1160.055236194473,0.20188095412537096
2024-09-01 14:17:26.675,OnTrack,-418.1917092059119,10728.946405497376,1933.8395482365354,car,0 days 00:00:18.725000,0 days 02:09:42.756000,11425.0,248.0,6,100.0,False,0,1179.8025000000002,0.2053175115702588
2024-09-01 14:17:26.770,OnTrack,-415.0,10780.0,1934.0,pos,0 days 00:00:18.820000,0 days 02:09:42.851000,11507.88733248,250.13749568,6,100.0,False,0,1186.508176290874,0.20648448042262
2024-09-01 14:17:26.970,OnTrack,-406.0,10920.0,1935.0,pos,0 days 00:00:19.020000,0 days 02:09:43.051000,11682.38733248,254.63749568,6,100.0,False,0,1200.794791349072,0.20897073744658073
2024-09-01 14:17:27.075,OnTrack,-401.21189035993535,10988.281850026855,1935.559763620884,car,0 days 00:00:19.125000,0 days 02:09:43.156000,11774.0,257.0,6,100.0,False,0,1208.3580555555557,0.2102869497670527
2024-09-01 14:17:27.190,OnTrack,-393.0,11077.0,1936.0,pos,0 days 00:00:19.240000,0 days 02:09:43.271000,11504.61235008,258.72500096,6,100.0,False,0,1216.68496642071,0.21173605723877006
2024-09-01 14:17:27.450,OnTrack,-358.0,11367.0,1936.0,pos,0 days 00:00:19.500000,0 days 02:09:43.531000,10895.56294976,262.62499712,6,100.0,False,0,1235.7268546723392,0.21504986027904455
2024-09-01 14:17:27.475,OnTrack,-355.5057998343358,11386.598303973538,1935.9895496750278,car,0 days 00:00:19.525000,0 days 02:09:43.556000,10837.0,263.0,7,100.0,False,0,1237.580277777778,0.21537240597622315
2024-09-01 14:17:27.755,OnTrack,-338.22163613717686,11495.325171450639,1935.9959207592913,car,0 days 00:00:19.805000,0 days 02:09:43.836000,10862.0,270.0,7,100.0,False,0,1258.5802777777778,0.2190269733660832
2024-09-01 14:17:27.810,OnTrack,-331.0,11530.0,1936.0,pos,0 days 00:00:19.860000,0 days 02:09:43.891000,10902.14985984,270.82499712,7,100.0,False,0,1262.7359981177012,0.21975018098682905
2024-09-01 14:17:27.955,OnTrack,-301.65070320602393,11668.518293103558,1935.998319699332,car,0 days 00:00:20.005000,0 days 02:09:44.036000,11008.0,273.0,7,100.0,False,0,1273.7469444444448,0.2216663831476489
2024-09-01 14:17:28.070,OnTrack,-276.0,11783.0,1936.0,pos,0 days 00:00:20.120000,0 days 02:09:44.151000,11085.05004288,275.30000128,7,100.0,False,0,1282.5704562006636,0.22320191259185482
2024-09-01 14:17:28.155,OnTrack,-259.5598179199095,11849.656300208,1936.010373733428,car,0 days 00:00:20.205000,0 days 02:09:44.236000,11142.0,277.0,7,100.0,False,0,1289.1358333333337,0.2243444656000067
2024-09-01 14:17:28.470,OnTrack,-206.0,12020.0,1936.0,pos,0 days 00:00:20.520000,0 days 02:09:44.551000,11283.7500288,280.9375008,7,100.0,False,0,1313.7206530927692,0.22862288848469345
2024-09-01 14:17:28.475,OnTrack,-204.9940800061287,12022.974906425188,1935.9966462286927,car,0 days 00:00:20.525000,0 days 02:09:44.556000,11286.0,281.0,7,100.0,False,0,1314.1136111111116,0.22869127379704668
2024-09-01 14:17:28.670,OnTrack,-152.0,12168.0,1936.0,pos,0 days 00:00:20.720000,0 days 02:09:44.751000,11377.812530133333,283.4375008,7,100.0,False,0,1329.4919875107748,0.23136752679224687
2024-09-01 14:17:28.715,OnTrack,-130.89195690926354,12218.524596481817,1936.1728206016146,car,0 days 00:00:20.765000,0 days 02:09:44.796000,11399.0,284.0,7,100.0,False,0,1333.0469444444448,0.2319861853485396
2024-09-01 14:17:28.870,OnTrack,-44.0,12415.0,1937.0,pos,0 days 00:00:20.920000,0 days 02:09:44.951000,11482.3125344,284.9687504,7,100.0,False,0,1345.3156413654526,0.2341212700953773
2024-09-01 14:17:28.875,OnTrack,-41.55934479719373,12420.335789151572,1937.0150041945724,car,0 days 00:00:20.925000,0 days 02:09:44.956000,11485.0,285.0,7,100.0,False,0,1345.7136111111115,0.23419052758369333
2024-09-01 14:17:29.275,OnTrack,80.50518254282116,12648.785250615707,1936.0386235258586,car,0 days 00:00:21.325000,0 days 02:09:45.356000,11677.0,291.0,7,100.0,False,0,1378.046944444445,0.23981740118395414
2024-09-01 14:17:29.290,OnTrack,85.0,12656.0,1936.0,pos,0 days 00:00:21.340000,0 days 02:09:45.371000,11676.488642909091,291.1363618909091,7,100.0,False,0,1379.2704064441875,0.24003031662809662
2024-09-01 14:17:29.670,OnTrack,228.0,12874.0,1936.0,pos,0 days 00:00:21.720000,0 days 02:09:45.751000,11663.534088727272,294.59090967272726,7,100.0,False,0,1410.407472599766,0.24544900741800585
2024-09-01 14:17:29.715,OnTrack,248.24263234969536,12902.332481805332,1936.139969292552,car,0 days 00:00:21.765000,0 days 02:09:45.796000,11662.0,295.0,7,100.0,False,0,1414.1025000000004,0.2460920420199838
2024-09-01 14:17:29.910,OnTrack,347.0,13031.0,1937.0,pos,0 days 00:00:21.960000,0 days 02:09:45.991000,10899.4621935004,295.97014988104274,7,100.0,False,0,1430.1343722143065,0.2488820209434508
2024-09-01 14:17:29.916,OnTrack,350.47726272011727,13035.191042185073,1937.0281853528115,car,0 days 00:00:21.966000,0 days 02:09:45.997000,10876.0,296.0,7,100.0,False,0,1430.629166666667,0.2489681285467975
2024-09-01 14:17:30.076,OnTrack,453.3689624108081,13151.792526508505,1937.7776098219647,car,0 days 00:00:22.126000,0 days 02:09:46.157000,10750.0,298.0,8,100.0,False,0,1443.8736111111116,0.2512730197260109
2024-09-01 14:17:30.129,OnTrack,491.0,13191.0,1938.0,pos,0 days 00:00:22.179000,0 days 02:09:46.210000,10739.13501312,298.79499904,8,100.0,False,0,1448.287923957654,0.2520412294297068
2024-09-01 14:17:30.276,OnTrack,603.4970775367846,13299.132068525501,1938.5134050565853,car,0 days 00:00:22.326000,0 days 02:09:46.357000,10709.0,301.0,8,100.0,False,0,1460.5958333333338,0.2541831382031217
2024-09-01 14:17:30.549,OnTrack,803.0,13471.0,1939.0,pos,0 days 00:00:22.599000,0 days 02:09:46.630000,10798.965888,302.8613632,8,100.0,False,0,1483.6200636219132,0.2581899763549918
2024-09-01 14:17:30.716,OnTrack,879.1202326241205,13531.815691484677,1938.936796473919,car,0 days 00:00:22.766000,0 days 02:09:46.797000,10854.0,304.0,8,100.0,False,0,1497.7513888888893,0.2606492087595726
2024-09-01 14:17:30.909,OnTrack,966.0,13593.0,1939.0,pos,0 days 00:00:22.959000,0 days 02:09:46.990000,10865.57999616,304.96499968,8,100.0,False,0,1514.1012550913717,0.26349452722872346
2024-09-01 14:17:30.916,OnTrack,970.1461684324552,13595.817748440008,1939.0160336597637,car,0 days 00:00:22.966000,0 days 02:09:46.997000,10866.0,305.0,8,100.0,False,0,1514.6958333333337,0.26359799990747557
2024-09-01 14:17:31.149,OnTrack,1137.0,13705.0,1940.0,pos,0 days 00:00:23.199000,0 days 02:09:47.230000,10938.81248,306.94166613333334,8,100.0,False,0,1534.5636873882893,0.26705554331393944
2024-09-01 14:17:31.156,OnTrack,1142.2056043072255,13708.21620798729,1940.0369580977135,car,0 days 00:00:23.206000,0 days 02:09:47.237000,10941.0,307.0,8,100.0,False,0,1535.1625000000006,0.26715975288743454
2024-09-01 14:17:31.329,OnTrack,1270.0,13783.0,1941.0,pos,0 days 00:00:23.379000,0 days 02:09:47.410000,10989.810696228571,308.2357138285714,8,100.0,False,0,1549.9933954023822,0.2697407293969569
2024-09-01 14:17:31.436,OnTrack,1350.6839355324164,13826.537563071111,1941.561606740335,car,0 days 00:00:23.486000,0 days 02:09:47.517000,11020.0,309.0,8,100.0,False,0,1559.1958333333337,0.2713422022336077
2024-09-01 14:17:31.529,OnTrack,1422.0,13863.0,1942.0,pos,0 days 00:00:23.579000,0 days 02:09:47.610000,11038.5999872,309.5166663111111,8,100.0,False,0,1567.2120902942108,0.27273724753255824
2024-09-01 14:17:31.769,OnTrack,1610.0,13951.0,1943.0,pos,0 days 00:00:23.819000,0 days 02:09:47.850000,11086.5999872,310.84999964444444,8,100.0,False,0,1587.9593648409634,0.2763478338652743
2024-09-01 14:17:31.796,OnTrack,1631.3851573652357,13960.252712749445,1943.1438050778063,car,0 days 00:00:23.846000,0 days 02:09:47.877000,11092.0,311.0,8,100.0,False,0,1590.2958333333336,0.276754442510972
2024-09-01 14:17:31.929,OnTrack,1738.0,14004.0,1944.0,pos,0 days 00:00:23.979000,0 days 02:09:48.010000,11132.7312304,311.8312496,8,100.0,False,0,1601.8162902863646,0.2787593132870117
2024-09-01 14:17:31.956,OnTrack,1760.1761075471013,14012.581587097444,1944.2066253637133,car,0 days 00:00:24.006000,0 days 02:09:48.037000,11141.0,312.0,8,100.0,False,0,1604.1625000000004,0.27916761716840344
2024-09-01 14:17:32.116,OnTrack,1893.8141134144162,14060.963623086343,1945.57459193811,car,0 days 00:00:24.166000,0 days 02:09:48.197000,11126.0,314.0,8,100.0,False,0,1618.1180555555559,0.28159626089415174
2024-09-01 14:17:32.189,OnTrack,1950.0,14080.0,1946.0,pos,0 days 00:00:24.239000,0 days 02:09:48.270000,11149.7249792,314.0,8,100.0,False,0,1624.4845099109975,0.28270419596445795
2024-09-01 14:17:32.316,OnTrack,2037.4275211398146,14107.678005035496,1946.2701765594038,car,0 days 00:00:24.366000,0 days 02:09:48.397000,11191.0,314.0,8,100.0,False,0,1635.5625000000002,0.2846320655513371
2024-09-01 14:17:32.409,OnTrack,2135.0,14133.0,1947.0,pos,0 days 00:00:24.459000,0 days 02:09:48.490000,11202.0437424,314.5812496,8,100.0,False,0,1643.6952040705135,0.28604737579359807
2024-09-01 14:17:32.476,OnTrack,2239.9720348456244,14157.744705566713,1948.1763981230554,car,0 days 00:00:24.526000,0 days 02:09:48.557000,11210.0,315.0,8,100.0,False,0,1649.5625000000002,0.28706844381124386
2024-09-01 14:17:32.570,OnTrack,2391.0,14192.0,1950.0,pos,0 days 00:00:24.620000,0 days 02:09:48.651000,11223.764266971428,315.33571382857144,8,100.0,False,0,1657.8026695770488,0.28850245595520574
2024-09-01 14:17:32.756,OnTrack,2501.066073215371,14215.201238515938,1950.871058886693,car,0 days 00:00:24.806000,0 days 02:09:48.837000,11251.0,316.0,8,100.0,False,0,1674.140277777778,0.2913456412008579
2024-09-01 14:17:32.890,OnTrack,2547.0,14222.0,1951.0,pos,0 days 00:00:24.940000,0 days 02:09:48.971000,11272.7749792,316.8374992,8,100.0,False,0,1685.9391808556957,0.29339896912584257
2024-09-01 14:17:32.916,OnTrack,2561.9773137624084,14224.397456863342,1951.1107152882043,car,0 days 00:00:24.966000,0 days 02:09:48.997000,11277.0,317.0,8,100.0,False,0,1688.229166666667,0.2937974885290815
2024-09-01 14:17:33.150,OnTrack,2773.0,14258.0,1953.0,pos,0 days 00:00:25.200000,0 days 02:09:49.231000,11292.665276340678,317.0,8,100.0,False,0,1708.834212017864,0.29738332313894217
2024-09-01 14:17:33.155,OnTrack,2778.539952043833,14258.814180286548,1953.0444271539523,car,0 days 00:00:25.205000,0 days 02:09:49.236000,11293.0,317.0,8,100.0,False,0,1709.2744444444447,0.29745993547561556
2024-09-01 14:17:33.315,OnTrack,2970.958691418883,14285.411463379827,1954.4340170400903,car,0 days 00:00:25.365000,0 days 02:09:49.396000,11279.0,317.0,8,100.0,False,0,1723.3633333333337,0.2999117828038392
2024-09-01 14:17:33.390,OnTrack,3052.0,14296.0,1955.0,pos,0 days 00:00:25.440000,0 days 02:09:49.471000,11285.75000576,317.0,8,100.0,False,0,1729.97094827627,0.3010616863321824
2024-09-01 14:17:33.515,OnTrack,3157.2700155610864,14309.025741679183,1955.7663579416667,car,0 days 00:00:25.565000,0 days 02:09:49.596000,11297.0,317.0,8,100.0,False,0,1740.9744444444448,0.30297659196411864
2024-09-01 14:17:33.675,OnTrack,3251.074328035167,14318.83158220734,1956.483470049971,car,0 days 00:00:25.725000,0 days 02:09:49.756000,11271.0,316.0,8,100.0,False,0,1755.0188888888893,0.30542070475818384
2024-09-01 14:17:33.790,OnTrack,3332.0,14326.0,1957.0,pos,0 days 00:00:25.840000,0 days 02:09:49.871000,11286.0937584,316.7187504,8,100.0,False,0,1765.1427154986536,0.3071825241195478
2024-09-01 14:17:33.835,OnTrack,3368.4494694223035,14329.031582983398,1957.209878316728,car,0 days 00:00:25.885000,0 days 02:09:49.916000,11292.0,317.0,8,100.0,False,0,1769.1077777777782,0.30787255208640746
2024-09-01 14:17:33.990,OnTrack,3507.0,14340.0,1958.0,pos,0 days 00:00:26.040000,0 days 02:09:50.071000,11273.486103466666,317.0,8,100.0,False,0,1782.7662687089064,0.3102494985412456
2024-09-01 14:17:34.150,OnTrack,3647.0,14351.0,1959.0,pos,0 days 00:00:26.200000,0 days 02:09:50.231000,11254.374992355555,317.0,8,100.0,False,0,1796.8527451929285,0.3127009260458427
2024-09-01 14:17:34.195,OnTrack,3684.791051867879,14354.21960252868,1959.287885875244,car,0 days 00:00:26.245000,0 days 02:09:50.276000,11249.0,317.0,8,100.0,False,0,1800.8077777777783,0.3133892085749106
2024-09-01 14:17:34.355,OnTrack,3817.740613212025,14366.467333866438,1960.3529914403748,car,0 days 00:00:26.405000,0 days 02:09:50.436000,11229.0,316.0,8,100.0,False,0,1814.8522222222227,0.3158333213689758
2024-09-01 14:17:34.430,OnTrack,3892.0,14373.0,1961.0,pos,0 days 00:00:26.480000,0 days 02:09:50.511000,11226.37499776,316.0,8,100.0,False,0,1821.4376358891836,0.3169793612754527
2024-09-01 14:17:34.555,OnTrack,4038.4048547252437,14385.123056302458,1962.334615544162,car,0 days 00:00:26.605000,0 days 02:09:50.636000,11222.0,316.0,8,100.0,False,0,1832.4077777777782,0.3188884623615572
2024-09-01 14:17:34.630,OnTrack,4124.0,14392.0,1963.0,pos,0 days 00:00:26.680000,0 days 02:09:50.711000,11201.3749824,315.5312496,8,100.0,False,0,1838.9754032376272,0.3200314066393848
2024-09-01 14:17:34.715,OnTrack,4208.984265255867,14398.716188664424,1963.4489789429986,car,0 days 00:00:26.765000,0 days 02:09:50.796000,11178.0,315.0,8,100.0,False,0,1846.4077777777782,0.32132484062146394
2024-09-01 14:17:34.830,OnTrack,4317.0,14407.0,1964.0,pos,0 days 00:00:26.880000,0 days 02:09:50.911000,11173.3281224,314.6406248,8,100.0,False,0,1856.44988489891,0.3230724385838626
2024-09-01 14:17:35.030,OnTrack,4523.0,14422.0,1966.0,pos,0 days 00:00:27.080000,0 days 02:09:51.111000,11165.2031224,314.0156248,8,100.0,False,0,1873.8834177847293,0.3261063443350325
2024-09-01 14:17:35.035,OnTrack,4527.84945866053,14422.336387445648,1966.041381535147,car,0 days 00:00:27.085000,0 days 02:09:51.116000,11165.0,314.0,8,100.0,False,0,1874.3188888888892,0.32618212807296054
2024-09-01 14:17:35.395,OnTrack,4824.676739571882,14440.520375541499,1966.9901470890463,car,0 days 00:00:27.445000,0 days 02:09:51.476000,11101.0,313.0,8,100.0,False,0,1905.6188888888892,0.3316291737540378
2024-09-01 14:17:35.450,OnTrack,4870.0,14443.0,1967.0,pos,0 days 00:00:27.500000,0 days 02:09:51.531000,11095.77501824,312.72500096,8,100.0,False,0,1910.387772624294,0.3324590883723923
2024-09-01 14:17:35.595,OnTrack,4995.019859148634,14449.611729346172,1967.0016683648057,car,0 days 00:00:27.645000,0 days 02:09:51.676000,11082.0,312.0,8,100.0,False,0,1922.9522222222226,0.3346456420758271
2024-09-01 14:17:35.650,OnTrack,5043.0,14452.0,1967.0,pos,0 days 00:00:27.700000,0 days 02:09:51.731000,11079.446437485714,312.0,8,100.0,False,0,1927.7215780706358,0.33547563885460085
2024-09-01 14:17:35.850,OnTrack,5216.0,14460.0,1967.0,pos,0 days 00:00:27.900000,0 days 02:09:51.931000,11070.1607232,312.0,8,100.0,False,0,1945.058809732894,0.3384927855909503
2024-09-01 14:17:35.875,OnTrack,5237.507472555896,14461.014089843526,1966.999961860405,car,0 days 00:00:27.925000,0 days 02:09:51.956000,11069.0,312.0,8,100.0,False,0,1947.218888888889,0.33886869772633205
2024-09-01 14:17:35.950,OnTrack,5302.0,14464.0,1967.0,pos,0 days 00:00:28,0 days 02:09:52.031000,11062.99999488,311.62499968,8,100.0,False,0,1953.6872518966509,0.3399943676555675
2024-09-01 14:17:36.075,OnTrack,5410.049497961464,14468.047601014814,1967.003894661035,car,0 days 00:00:28.125000,0 days 02:09:52.156000,11053.0,311.0,8,100.0,False,0,1964.496666666667,0.3418754978804233
2024-09-01 14:17:36.170,OnTrack,5493.0,14471.0,1967.0,pos,0 days 00:00:28.220000,0 days 02:09:52.251000,10920.890892,311.0,8,72.9844296,False,0,1972.818260165947,0.343323679986811
2024-09-01 14:17:36.370,OnTrack,5665.0,14478.0,1967.0,pos,0 days 00:00:28.420000,0 days 02:09:52.451000,10642.765892,311.0,8,16.109429600000013,False,0,1990.1031038481915,0.34633170979919004
2024-09-01 14:17:36.395,OnTrack,5684.291647051356,14478.801780784372,1967.0181172559571,car,0 days 00:00:28.445000,0 days 02:09:52.476000,10608.0,311.0,8,9.0,True,0,1992.1411111111113,0.34668637812696934
2024-09-01 14:17:36.676,OnTrack,5905.018055648765,14487.463786666172,1967.0565666729665,car,0 days 00:00:28.726000,0 days 02:09:52.757000,9486.0,270.0,8,0.0,True,0,2013.2161111111116,0.35035399754322183
2024-09-01 14:17:36.689,OnTrack,5920.0,14488.0,1967.0,pos,0 days 00:00:28.739000,0 days 02:09:52.770000,9421.5961504,268.5916736,8,0.0,True,0,2014.138825162086,0.3505145747185008
2024-09-01 14:17:36.849,OnTrack,6123.0,14495.0,1966.0,pos,0 days 00:00:28.899000,0 days 02:09:52.930000,8628.929483733333,251.25834026666666,8,0.0,True,0,2025.1707290877703,0.3524344240677805
2024-09-01 14:17:36.916,OnTrack,6176.457954007981,14496.698703250036,1965.795905256844,car,0 days 00:00:28.966000,0 days 02:09:52.997000,8297.0,244.0,8,0.0,True,0,2029.4827777777782,0.3531848370452087
2024-09-01 14:17:37.189,OnTrack,6242.0,14499.0,1966.0,pos,0 days 00:00:29.239000,0 days 02:09:53.270000,8613.983259022221,210.63334115555557,8,0.0,True,0,2044.9217878546967,0.35587164193848625
2024-09-01 14:17:37.276,OnTrack,6284.547561332671,14501.65959310772,1965.8060742810662,car,0 days 00:00:29.326000,0 days 02:09:53.357000,8715.0,200.0,7,0.0,True,0,2049.482777777778,0.35666537741650406
2024-09-01 14:17:37.509,OnTrack,6425.0,14511.0,1965.0,pos,0 days 00:00:29.559000,0 days 02:09:53.590000,8774.220817066667,181.55417173333333,7,0.0,True,0,2061.2164753961224,0.35870735782976504
2024-09-01 14:17:37.516,OnTrack,6427.70279258683,14511.186533519085,1964.9913907098082,car,0 days 00:00:29.566000,0 days 02:09:53.597000,8776.0,181.0,7,0.0,True,0,2061.549444444445,0.35876530344051893
2024-09-01 14:17:37.676,OnTrack,6464.6742955950585,14514.416252843559,1965.0488848362286,car,0 days 00:00:29.726000,0 days 02:09:53.757000,9416.0,163.0,7,0.0,True,0,2068.7938888888893,0.3600260325083437
2024-09-01 14:17:37.749,OnTrack,6488.0,14519.0,1965.0,pos,0 days 00:00:29.799000,0 days 02:09:53.830000,9252.6626432,157.8291712,7,0.0,True,0,2071.877169081739,0.3605626065677051
2024-09-01 14:17:37.916,OnTrack,6584.946999145349,14541.410529237448,1964.4007131740505,car,0 days 00:00:29.966000,0 days 02:09:53.997000,8879.0,146.0,7,0.0,True,0,2078.5272222222225,0.3617198954890407
2024-09-01 14:17:38.009,OnTrack,6636.0,14554.0,1964.0,pos,0 days 00:00:30.059000,0 days 02:09:54.090000,9337.6059344,140.187504,7,0.0,True,0,2082.0968607567365,0.3623411090405561
2024-09-01 14:17:38.076,OnTrack,6662.73143650559,14560.998229347255,1963.749580234757,car,0 days 00:00:30.126000,0 days 02:09:54.157000,9668.0,136.0,7,0.0,True,0,2084.5716666666667,0.3627717921345877
2024-09-01 14:17:38.429,OnTrack,6724.0,14586.0,1963.0,pos,0 days 00:00:30.479000,0 days 02:09:54.510000,8683.522400711112,118.3500032,7,0.0,True,0,2096.152022433184,0.364787086922554
2024-09-01 14:17:38.436,OnTrack,6725.7011607776785,14586.813441848684,1962.996075997466,car,0 days 00:00:30.486000,0 days 02:09:54.517000,8664.0,118.0,3,0.0,True,0,2096.371666666667,0.364825310953652
2024-09-01 14:17:38.589,OnTrack,6769.0,14608.0,1963.0,pos,0 days 00:00:30.639000,0 days 02:09:54.670000,8305.21515008,113.41000192,3,0.0,True,0,2101.1418870665107,0.36565545818773365
2024-09-01 14:17:38.636,OnTrack,6781.406189425204,14614.840508307332,1963.0188928201483,car,0 days 00:00:30.686000,0 days 02:09:54.717000,8195.0,112.0,3,0.0,True,0,2102.593888888889,0.36590814573583275
2024-09-01 14:17:38.849,OnTrack,6830.0,14650.0,1963.0,pos,0 days 00:00:30.899000,0 days 02:09:54.930000,7822.250112,109.71785782857143,3,0.0,True,0,2109.0808944752675,0.3670370599774432
2024-09-01 14:17:38.916,OnTrack,6844.975917849899,14665.025440983878,1962.8440131571278,car,0 days 00:00:30.966000,0 days 02:09:54.997000,7705.0,109.0,3,0.0,False,0,2111.0716666666667,0.36738350812655407
2024-09-01 14:17:39.116,OnTrack,6887.282760285162,14718.461202413444,1962.1058408902502,car,0 days 00:00:31.166000,0 days 02:09:55.197000,7768.0,104.0,3,5.0,False,0,2116.8494444444445,0.3683889975671505
2024-09-01 14:17:39.170,OnTrack,6896.0,14732.0,1962.0,pos,0 days 00:00:31.220000,0 days 02:09:55.251000,7800.849922133333,103.3250016,3,13.099980799999999,False,0,2118.372393754503,0.36865403189500523
2024-09-01 14:17:39.356,OnTrack,6915.584228503217,14773.112719229595,1962.0728738629664,car,0 days 00:00:31.406000,0 days 02:09:55.437000,7914.0,101.0,3,41.0,False,0,2123.582777777778,0.3695607794921533
2024-09-01 14:17:39.490,OnTrack,6929.0,14804.0,1962.0,pos,0 days 00:00:31.540000,0 days 02:09:55.571000,7974.96994176,103.67999744,3,49.039992319999996,False,0,2127.4492565684614,0.3702336512684398
2024-09-01 14:17:39.556,OnTrack,6937.622831415234,14821.172185698397,1961.7953012129692,car,0 days 00:00:31.606000,0 days 02:09:55.637000,8005.0,105.0,3,53.0,False,0,2129.4161111111116,0.3705759371004478
2024-09-01 14:17:39.750,OnTrack,6968.0,14874.0,1961.0,pos,0 days 00:00:31.800000,0 days 02:09:55.831000,8420.36696188249,110.47335674515726,3,55.432602997847674,False,0,2135.483986212504,0.37163191131336654
2024-09-01 14:17:39.875,OnTrack,6988.244651108532,14902.988850254496,1960.9619872017956,car,0 days 00:00:31.925000,0 days 02:09:55.956000,8688.0,114.0,3,57.0,False,0,2139.5177777777785,0.37233390003298295
2024-09-01 14:17:39.950,OnTrack,7007.0,14923.0,1961.0,pos,0 days 00:00:32,0 days 02:09:56.031000,8738.892900571429,115.07142948571429,3,53.2499968,False,0,2141.9567153980597,0.37275834107550593
2024-09-01 14:17:40.150,OnTrack,7087.0,14990.0,1961.0,pos,0 days 00:00:32.200000,0 days 02:09:56.231000,8874.607186285713,117.92857234285714,3,43.2499968,False,0,2148.5299052491273,0.3739022537077474
2024-09-01 14:17:40.155,OnTrack,7088.935301342561,14991.454842322768,1961.0003171584844,car,0 days 00:00:32.205000,0 days 02:09:56.236000,8878.0,118.0,3,43.0,False,0,2148.695555555556,0.3739310813366995
2024-09-01 14:17:40.395,OnTrack,7163.387249087922,15037.589877946484,1961.0808244832854,car,0 days 00:00:32.445000,0 days 02:09:56.476000,8966.0,120.0,3,47.0,False,0,2156.695555555556,0.37532329748521764
2024-09-01 14:17:40.555,OnTrack,7205.880328795051,15056.286410614126,1961.0170475965429,car,0 days 00:00:32.605000,0 days 02:09:56.636000,9116.0,120.0,3,49.0,False,0,2162.0288888888895,0.3762514415842298
2024-09-01 14:17:40.570,OnTrack,7210.0,15058.0,1961.0,pos,0 days 00:00:32.620000,0 days 02:09:56.651000,9155.6244928,120.2499968,3,49.8124896,False,0,2162.533909900681,0.3763393288852244
2024-09-01 14:17:40.795,OnTrack,7274.614922443814,15082.896730362521,1960.5178464028907,car,0 days 00:00:32.845000,0 days 02:09:56.876000,9750.0,124.0,3,62.0,False,0,2170.295555555556,0.37769006493769847
2024-09-01 14:17:40.990,OnTrack,7339.0,15103.0,1960.0,pos,0 days 00:00:33.040000,0 days 02:09:57.071000,9416.54989056,129.85000192,3,69.3125024,False,0,2177.453217739147,0.37893569154740264
2024-09-01 14:17:41.195,OnTrack,7418.711562107361,15122.438443648938,1959.5704517109011,car,0 days 00:00:33.245000,0 days 02:09:57.276000,9066.0,136.0,3,77.0,False,0,2185.406666666667,0.3803198065515661
2024-09-01 14:17:41.430,OnTrack,7509.0,15141.0,1959.0,pos,0 days 00:00:33.480000,0 days 02:09:57.511000,9883.464508342857,146.91071725714286,3,96.30357668571429,False,0,2195.0557318961473,0.3819990046053895
2024-09-01 14:17:41.475,OnTrack,7523.920739067313,15143.883009874146,1958.850591482667,car,0 days 00:00:33.525000,0 days 02:09:57.556000,10040.0,149.0,4,100.0,False,0,2196.9955555555557,0.38233658633337775
2024-09-01 14:17:41.750,OnTrack,7614.0,15160.0,1958.0,pos,0 days 00:00:33.800000,0 days 02:09:57.831000,10820.803753142856,163.7321462857143,4,100.0,False,0,2209.515788151578,0.38451544508380087
2024-09-01 14:17:41.755,OnTrack,7616.07687523174,15160.363092001644,1957.9956495790816,car,0 days 00:00:33.805000,0 days 02:09:57.836000,10835.0,164.0,4,100.0,False,0,2209.751111111111,0.3845563976368483
2024-09-01 14:17:41.910,OnTrack,7688.0,15173.0,1958.0,pos,0 days 00:00:33.960000,0 days 02:09:57.991000,11227.6668288,170.458336,4,100.0,False,0,2217.1613637324263,0.3858459818073475
2024-09-01 14:17:41.995,OnTrack,7728.3243442884595,15180.327500730087,1957.9003952355915,car,0 days 00:00:34.045000,0 days 02:09:58.076000,11443.0,174.0,4,100.0,False,0,2221.351111111111,0.3865751110521996
2024-09-01 14:17:42.250,OnTrack,7856.0,15207.0,1957.0,pos,0 days 00:00:34.300000,0 days 02:09:58.331000,11711.38729792,183.5624928,4,100.0,False,0,2234.5385706812363,0.3888700853236319
2024-09-01 14:17:42.395,OnTrack,7941.882465177211,15229.381060245914,1956.1919485321662,car,0 days 00:00:34.445000,0 days 02:09:58.476000,11864.0,189.0,4,100.0,False,0,2242.351111111111,0.3902296784420597
2024-09-01 14:17:42.430,OnTrack,7962.0,15235.0,1956.0,pos,0 days 00:00:34.480000,0 days 02:09:58.511000,11728.1560016,190.4218776,4,100.0,False,0,2244.263560423277,0.39056249629401213
2024-09-01 14:17:42.630,OnTrack,8068.0,15267.0,1955.0,pos,0 days 00:00:34.680000,0 days 02:09:58.711000,10951.9060016,198.5468776,4,100.0,False,0,2255.4092709843503,0.3925021510727416
2024-09-01 14:17:42.715,OnTrack,8113.722802289853,15281.35701485879,1954.5500226872655,car,0 days 00:00:34.765000,0 days 02:09:58.796000,10622.0,202.0,5,100.0,False,0,2260.306666666667,0.3933544302420671
2024-09-01 14:17:42.870,OnTrack,8199.0,15307.0,1954.0,pos,0 days 00:00:34.920000,0 days 02:09:58.951000,10992.0626528,208.7812528,5,100.0,False,0,2269.5172490312348,0.3949573204302181
2024-09-01 14:17:42.890,OnTrack,8210.0,15310.0,1954.0,pos,0 days 00:00:34.940000,0 days 02:09:58.971000,11039.8120416,209.6562416,5,100.0,False,0,2270.730171145491,0.3951684016495134
2024-09-01 14:17:43.035,OnTrack,8293.780151906463,15335.1512328278,1954.1221240211476,car,0 days 00:00:35.085000,0 days 02:09:59.116000,11386.0,216.0,5,100.0,False,0,2279.5066666666667,0.3966957489985106
2024-09-01 14:17:43.129,OnTrack,8347.0,15352.0,1954.0,pos,0 days 00:00:35.179000,0 days 02:09:59.210000,11573.999818732847,217.1677007374711,5,100.0,False,0,2285.179785613607,0.3976830249748099
2024-09-01 14:17:43.196,OnTrack,8382.641167430429,15363.27350442572,1953.708795501997,car,0 days 00:00:35.246000,0 days 02:09:59.277000,11708.0,218.0,5,100.0,False,0,2289.2561111111113,0.3983924157478401
2024-09-01 14:17:43.329,OnTrack,8463.0,15390.0,1953.0,pos,0 days 00:00:35.379000,0 days 02:09:59.410000,11821.0499456,221.79999817142857,5,100.0,False,0,2297.5046419758255,0.3998278829817658
2024-09-01 14:17:43.476,OnTrack,8603.209662963221,15441.030190062684,1952.9197840310364,car,0 days 00:00:35.526000,0 days 02:09:59.557000,11946.0,226.0,5,100.0,False,0,2306.8338888888893,0.4014514240075009
2024-09-01 14:17:43.589,OnTrack,8702.0,15478.0,1953.0,pos,0 days 00:00:35.639000,0 days 02:09:59.670000,11657.56766336,228.8249984,5,100.0,False,0,2314.133422559905,0.4027217400891808
2024-09-01 14:17:43.876,OnTrack,8799.75384897114,15516.865700370048,1952.4845983263674,car,0 days 00:00:35.926000,0 days 02:09:59.957000,10925.0,236.0,6,100.0,False,0,2333.0561111111115,0.406014799160977
2024-09-01 14:17:43.969,OnTrack,8849.0,15536.0,1952.0,pos,0 days 00:00:36.019000,0 days 02:10:00.050000,10918.800004266666,237.29166577777778,6,100.0,False,0,2339.2455760790863,0.4070919332958647
2024-09-01 14:17:44.236,OnTrack,9089.666455907525,15626.576128891447,1950.0564817462534,car,0 days 00:00:36.286000,0 days 02:10:00.317000,10901.0,241.0,6,100.0,False,0,2357.1561111111114,0.41020885030838783
2024-09-01 14:17:44.249,OnTrack,9099.0,15630.0,1950.0,pos,0 days 00:00:36.299000,0 days 02:10:00.330000,10915.55992832,241.19499904,6,100.0,False,0,2358.0336925578695,0.41036157319111494
2024-09-01 14:17:44.436,OnTrack,9180.415043142619,15658.343711610149,1949.851801914871,car,0 days 00:00:36.486000,0 days 02:10:00.517000,11125.0,244.0,6,100.0,False,0,2370.711666666667,0.4125678832267103
2024-09-01 14:17:44.589,OnTrack,9240.0,15678.0,1950.0,pos,0 days 00:00:36.639000,0 days 02:10:00.670000,11187.899973688889,245.27499946666666,6,100.0,False,0,2381.150272043564,0.4143844825984258
2024-09-01 14:17:44.769,OnTrack,9356.0,15718.0,1950.0,pos,0 days 00:00:36.819000,0 days 02:10:00.850000,11261.899973688889,246.77499946666666,6,100.0,False,0,2393.5385880682934,0.41654038430124757
2024-09-01 14:17:44.796,OnTrack,9372.877254401821,15723.815298824386,1950.0519422256334,car,0 days 00:00:36.846000,0 days 02:10:00.877000,11273.0,247.0,6,100.0,False,0,2395.411666666667,0.41686635058526
2024-09-01 14:17:45.036,OnTrack,9528.073982974753,15775.275041626472,1950.147849488272,car,0 days 00:00:37.086000,0 days 02:10:01.117000,11524.0,249.0,6,18.0,False,0,2412.0116666666663,0.419755199093435
2024-09-01 14:17:45.049,OnTrack,9540.0,15779.0,1950.0,pos,0 days 00:00:37.099000,0 days 02:10:01.130000,11476.261346133333,248.27778133333334,6,17.422225066666666,False,0,2412.881077987612,0.4199065001535257
2024-09-01 14:17:45.249,OnTrack,9755.0,15844.0,1946.0,pos,0 days 00:00:37.299000,0 days 02:10:01.330000,10741.81690168889,237.16667022222222,6,8.533336177777777,False,0,2425.7298092663764,0.42214252655030887
2024-09-01 14:17:45.396,OnTrack,9854.00906544595,15871.652421812285,1943.961884117039,car,0 days 00:00:37.446000,0 days 02:10:01.477000,10202.0,229.0,6,2.0,True,0,2434.9116666666664,0.4237404178185682
2024-09-01 14:17:45.596,OnTrack,9900.70681596713,15878.03794415263,1943.1177081096173,car,0 days 00:00:37.646000,0 days 02:10:01.677000,10202.0,223.0,6,2.0,True,0,2447.3005555555555,0.42589641921523175
2024-09-01 14:17:45.750,OnTrack,9963.0,15881.0,1943.0,pos,0 days 00:00:37.800000,0 days 02:10:01.831000,10528.700271542857,215.2999936,6,0.8999990857142857,True,0,2456.3730033944607,0.4274752702637208
2024-09-01 14:17:45.790,OnTrack,9986.0,15882.0,1943.0,pos,0 days 00:00:37.840000,0 days 02:10:01.871000,10613.5574144,213.2999936,6,0.6142848000000001,True,0,2458.667584301295,0.42787458933779277
2024-09-01 14:17:45.876,OnTrack,10049.530615429952,15880.427176976524,1942.6760443709857,car,0 days 00:00:37.926000,0 days 02:10:01.957000,10796.0,209.0,5,0.0,True,0,2463.556111111111,0.428725325083679
2024-09-01 14:17:46.036,OnTrack,10193.1456636412,15867.013448151756,1941.2602968388653,car,0 days 00:00:38.086000,0 days 02:10:02.117000,10411.0,201.0,5,0.0,True,0,2472.489444444444,0.4302799664495242
2024-09-01 14:17:46.070,OnTrack,10218.0,15864.0,1941.0,pos,0 days 00:00:38.120000,0 days 02:10:02.151000,10347.75976192,200.1499968,5,0.0,True,0,2474.3614617960643,0.4306057480479282
2024-09-01 14:17:46.236,OnTrack,10303.27726580856,15849.68172627404,1940.0679606992026,car,0 days 00:00:38.286000,0 days 02:10:02.317000,10039.0,196.0,5,0.0,True,0,2483.378333333333,0.4321749273183406
2024-09-01 14:17:46.436,OnTrack,10350.793560873457,15829.334596527222,1939.4596732274724,car,0 days 00:00:38.486000,0 days 02:10:02.517000,9816.0,191.0,5,0.0,True,0,2493.9894444444444,0.43402154734866677
2024-09-01 14:17:46.550,OnTrack,10389.0,15810.0,1939.0,pos,0 days 00:00:38.600000,0 days 02:10:02.631000,9722.369819612324,188.14106319426946,5,2.1442026042979103,True,0,2499.8668024316817,0.4350443664362235
2024-09-01 14:17:46.755,OnTrack,10481.64779385896,15760.635397554212,1938.0563078990397,car,0 days 00:00:38.805000,0 days 02:10:02.836000,9554.0,183.0,5,6.0,False,0,2510.2052777777776,0.4368435404772099
2024-09-01 14:17:46.790,OnTrack,10497.0,15751.0,1938.0,pos,0 days 00:00:38.840000,0 days 02:10:02.871000,9575.35003904,182.47499904,5,13.70001408,False,0,2511.9600230004207,0.43714891355664726
2024-09-01 14:17:46.870,OnTrack,10530.0,15728.0,1938.0,pos,0 days 00:00:38.920000,0 days 02:10:02.951000,9624.15003904,181.27499904,5,31.30001408,False,0,2515.961249710011,0.437845235111519
2024-09-01 14:17:46.955,OnTrack,10563.861189948275,15701.996389870574,1937.8844266839737,car,0 days 00:00:39.005000,0 days 02:10:03.036000,9676.0,180.0,5,50.0,False,0,2520.2052777777776,0.4385838106628576
2024-09-01 14:17:47.115,OnTrack,10624.572715184693,15648.650270571923,1937.268597731429,car,0 days 00:00:39.165000,0 days 02:10:03.196000,9762.0,180.0,5,59.0,False,0,2528.2052777777776,0.4399760268113757
2024-09-01 14:17:47.170,OnTrack,10644.0,15629.0,1937.0,pos,0 days 00:00:39.220000,0 days 02:10:03.251000,9787.208245333333,180.91666346666668,5,63.354151466666664,False,0,2530.984489556906,0.4404596847512575
2024-09-01 14:17:47.355,OnTrack,10703.68996980905,15557.864530416939,1936.0572984337346,car,0 days 00:00:39.405000,0 days 02:10:03.436000,9872.0,184.0,5,78.0,False,0,2540.4719444444445,0.44211075823910356
2024-09-01 14:17:47.410,OnTrack,10720.0,15535.0,1936.0,pos,0 days 00:00:39.460000,0 days 02:10:03.491000,9991.6245824,185.3749952,5,80.47499136,False,0,2543.3348022841224,0.44260897285351747
2024-09-01 14:17:47.555,OnTrack,10760.138533137997,15470.709522278,1936.5986016652391,car,0 days 00:00:39.605000,0 days 02:10:03.636000,10307.0,189.0,5,87.0,False,0,2550.9719444444445,0.44393804193403363
2024-09-01 14:17:47.650,OnTrack,10784.0,15426.0,1937.0,pos,0 days 00:00:39.700000,0 days 02:10:03.731000,10409.520626133333,190.97916266666667,5,92.14582293333333,False,0,2556.041047724007,0.4448202028645728
2024-09-01 14:17:47.795,OnTrack,10816.578712380671,15354.39014168156,1937.024627317675,car,0 days 00:00:39.845000,0 days 02:10:03.876000,10566.0,194.0,5,100.0,False,0,2563.9052777777774,0.4461887913741379
2024-09-01 14:17:47.850,OnTrack,10828.0,15326.0,1937.0,pos,0 days 00:00:39.900000,0 days 02:10:03.931000,10637.8434992,196.0624928,5,100.0,False,0,2566.9404951283877,0.4467170012003607
2024-09-01 14:17:47.890,OnTrack,10836.0,15305.0,1937.0,pos,0 days 00:00:39.940000,0 days 02:10:03.971000,10690.0934992,197.5624928,5,100.0,False,0,2569.1653908058365,0.44710419316172473
2024-09-01 14:17:47.955,OnTrack,10847.923819378191,15271.662812385799,1937.0230912046168,car,0 days 00:00:40.005000,0 days 02:10:04.036000,10775.0,200.0,5,100.0,False,0,2572.7941666666666,0.44773569820582476
2024-09-01 14:17:48.115,OnTrack,10871.622621710769,15192.822579697735,1937.1666279153123,car,0 days 00:00:40.165000,0 days 02:10:04.196000,11229.0,203.0,5,100.0,False,0,2581.8163888888885,0.4493058086399868
2024-09-01 14:17:48.250,OnTrack,10890.0,15106.0,1937.0,pos,0 days 00:00:40.300000,0 days 02:10:04.331000,11377.4997888,208.0624928,5,100.0,False,0,2589.6880432776948,0.45067568918444306
2024-09-01 14:17:48.355,OnTrack,10904.507633254045,15019.248966584195,1936.5858227549536,car,0 days 00:00:40.405000,0 days 02:10:04.436000,11493.0,212.0,5,100.0,False,0,2595.949722222222,0.4517653905023689
2024-09-01 14:17:48.470,OnTrack,10918.0,14929.0,1936.0,pos,0 days 00:00:40.520000,0 days 02:10:04.551000,11628.4844504,215.2343768,5,100.0,False,0,2602.91121888504,0.4529768790113477
2024-09-01 14:17:48.675,OnTrack,10929.551287297303,14840.316913500068,1935.1054123429253,car,0 days 00:00:40.725000,0 days 02:10:04.756000,11870.0,221.0,5,100.0,False,0,2615.5941666666668,0.45518405460039685
2024-09-01 14:17:48.750,OnTrack,10933.0,14807.0,1935.0,pos,0 days 00:00:40.800000,0 days 02:10:04.831000,11574.821176685715,223.14285897142858,5,100.0,False,0,2620.324147089421,0.4560071989912384
2024-09-01 14:17:48.955,OnTrack,10944.897430706495,14680.274668790973,1935.2687740664305,car,0 days 00:00:41.005000,0 days 02:10:05.036000,10768.0,229.0,5,100.0,False,0,2633.405277777778,0.4582836691643893
2024-09-01 14:17:49.010,OnTrack,10948.0,14644.0,1935.0,pos,0 days 00:00:41.060000,0 days 02:10:05.091000,10800.3123872,229.45833173333332,5,100.0,False,0,2636.913316036214,0.45889416260351606
2024-09-01 14:17:49.190,OnTrack,10957.0,14528.0,1933.0,pos,0 days 00:00:41.240000,0 days 02:10:05.271000,10906.0625376,230.95833386666666,5,100.0,False,0,2648.478111555097,0.46090674948797844
2024-09-01 14:17:49.195,OnTrack,10957.24032208894,14524.763130461279,1932.9623589162245,car,0 days 00:00:41.245000,0 days 02:10:05.276000,10909.0,231.0,6,100.0,False,0,2648.805277777778,0.46096368525028675
2024-09-01 14:17:49.435,OnTrack,10968.468304934107,14366.511543642131,1932.946795046317,car,0 days 00:00:41.485000,0 days 02:10:05.516000,11090.0,241.0,6,100.0,False,0,2664.871944444444,0.4637597193485606
2024-09-01 14:17:49.470,OnTrack,10970.0,14343.0,1933.0,pos,0 days 00:00:41.520000,0 days 02:10:05.551000,11126.742815533362,241.72614259947355,6,100.0,False,0,2667.248093413754,0.4641732334693553
2024-09-01 14:17:49.676,OnTrack,10978.576588346074,14202.574832948872,1933.0153359327082,car,0 days 00:00:41.726000,0 days 02:10:05.757000,11343.0,246.0,6,100.0,False,0,2681.3402777777774,0.4666256542992913
2024-09-01 14:17:49.729,OnTrack,10981.0,14166.0,1933.0,pos,0 days 00:00:41.779000,0 days 02:10:05.810000,11384.832092342856,246.75714194285715,6,100.0,False,0,2684.9907545798974,0.4672609358935041
2024-09-01 14:17:49.909,OnTrack,10990.0,14042.0,1933.0,pos,0 days 00:00:41.959000,0 days 02:10:05.990000,11526.903520914286,249.3285705142857,6,100.0,False,0,2697.4826952333747,0.46943487108151677
2024-09-01 14:17:49.956,OnTrack,10992.173251221873,14010.782163799597,1933.0167247028562,car,0 days 00:00:42.006000,0 days 02:10:06.037000,11564.0,250.0,6,100.0,False,0,2700.7847222222217,0.4700095129936062
2024-09-01 14:17:50.049,OnTrack,10997.0,13944.0,1933.0,pos,0 days 00:00:42.099000,0 days 02:10:06.130000,11645.6655688,252.3249984,6,100.0,False,0,2707.3736687847827,0.4711561677193713
2024-09-01 14:17:50.276,OnTrack,11017.66823119416,13711.95155281662,1932.1842495658848,car,0 days 00:00:42.326000,0 days 02:10:06.357000,11845.0,258.0,6,100.0,False,0,2723.718055555555,0.4740005326193582
2024-09-01 14:17:50.329,OnTrack,11022.0,13667.0,1932.0,pos,0 days 00:00:42.379000,0 days 02:10:06.410000,11895.3499392,258.56785645714285,6,96.59286125714286,False,0,2727.572187007735,0.4746712556251378
2024-09-01 14:17:50.556,OnTrack,11033.20896260756,13566.305512701465,1931.6173082724326,car,0 days 00:00:42.606000,0 days 02:10:06.637000,12111.0,261.0,6,82.0,False,0,2744.0180555555553,0.477533281096223
2024-09-01 14:17:50.749,OnTrack,11044.0,13452.0,1932.0,pos,0 days 00:00:42.799000,0 days 02:10:06.830000,11719.297857163636,251.3500032,6,46.031830109090905,False,0,2757.3744518495405,0.4798576549220348
2024-09-01 14:17:50.949,OnTrack,11062.0,13227.0,1933.0,pos,0 days 00:00:42.999000,0 days 02:10:07.030000,11313.388766254546,241.3500032,6,8.759102836363638,False,0,2770.3512796637333,0.4821159735769671
2024-09-01 14:17:50.996,OnTrack,11064.6303607614,13192.62658710403,1933.1351689742874,car,0 days 00:00:43.046000,0 days 02:10:07.077000,11218.0,239.0,6,0.0,True,0,2773.229166666666,0.4826168036718538
2024-09-01 14:17:51.269,OnTrack,11067.0,13121.0,1933.0,pos,0 days 00:00:43.319000,0 days 02:10:07.350000,10388.08019456,213.06500608,6,0.0,True,0,2788.7122121759626,0.4853112719201393
2024-09-01 14:17:51.396,OnTrack,11066.511041480357,13057.922894621392,1932.7067815280375,car,0 days 00:00:43.446000,0 days 02:10:07.477000,10002.0,201.0,6,0.0,True,0,2795.562499999999,0.4865034070864669
2024-09-01 14:17:51.529,OnTrack,11064.0,12979.0,1932.0,pos,0 days 00:00:43.579000,0 days 02:10:07.610000,10070.1624672,192.687504,6,0.0,True,0,2802.6405018658875,0.4877351706485833
2024-09-01 14:17:51.556,OnTrack,11063.016718654086,12964.171438793597,1931.7694910122796,car,0 days 00:00:43.606000,0 days 02:10:07.637000,10084.0,191.0,5,0.0,True,0,2804.051388888888,0.4879807031107278
2024-09-01 14:17:51.756,OnTrack,11050.260184398754,12864.683886002074,1929.3923760721138,car,0 days 00:00:43.806000,0 days 02:10:07.837000,9467.0,183.0,5,0.0,True,0,2814.218055555555,0.48974997779946966
2024-09-01 14:17:51.789,OnTrack,11047.0,12849.0,1929.0,pos,0 days 00:00:43.839000,0 days 02:10:07.870000,9424.718832,182.1750016,5,0.0,True,0,2815.873766220555,0.49003811619010545
2024-09-01 14:17:51.889,OnTrack,11035.0,12802.0,1928.0,pos,0 days 00:00:43.939000,0 days 02:10:07.970000,9296.593832,179.6750016,5,0.0,True,0,2820.852705547436,0.49090458615677746
2024-09-01 14:17:51.916,OnTrack,11031.244509041539,12789.423746901954,1927.871852095799,car,0 days 00:00:43.966000,0 days 02:10:07.997000,9262.0,179.0,5,0.0,True,0,2822.1736111111104,0.4911344594138293
2024-09-01 14:17:52.089,OnTrack,11003.0,12712.0,1928.0,pos,0 days 00:00:44.139000,0 days 02:10:08.170000,9018.71884,173.0531272,5,2.703124,True,0,2830.363412508198,0.49255970613360206
2024-09-01 14:17:52.236,OnTrack,10975.51616448818,12656.01461460176,1927.186984814955,car,0 days 00:00:44.286000,0 days 02:10:08.317000,8812.0,168.0,5,5.0,True,0,2837.106944444444,0.4937332628910632
2024-09-01 14:17:52.330,OnTrack,10948.0,12616.0,1927.0,pos,0 days 00:00:44.380000,0 days 02:10:08.411000,8882.164190171428,166.6571446857143,5,15.071414857142857,True,0,2841.3809041882023,0.4944770473627353
2024-09-01 14:17:52.516,OnTrack,10858.74308652373,12513.573312846744,1928.8517653065057,car,0 days 00:00:44.566000,0 days 02:10:08.597000,9021.0,164.0,5,35.0,False,0,2849.8624999999993,0.49595307419453377
2024-09-01 14:17:52.630,OnTrack,10810.0,12463.0,1930.0,pos,0 days 00:00:44.680000,0 days 02:10:08.711000,9021.0,167.562504,5,67.062536,False,0,2855.1922333780813,0.49688059180406646
2024-09-01 14:17:52.676,OnTrack,10795.988316146007,12449.388097525212,1930.246814402869,car,0 days 00:00:44.726000,0 days 02:10:08.757000,9021.0,169.0,5,80.0,False,0,2857.37361111111,0.49726021046730906
2024-09-01 14:17:52.930,OnTrack,10747.0,12415.0,1930.0,pos,0 days 00:00:44.980000,0 days 02:10:09.011000,9660.535392,174.4428544,5,80.0,False,0,2869.7062264471524,0.49940641874534664
2024-09-01 14:17:52.956,OnTrack,10739.299863791994,12410.087028363274,1929.9339399351802,car,0 days 00:00:45.006000,0 days 02:10:09.037000,9726.0,175.0,5,80.0,False,0,2870.9847222222215,0.49962891155332956
2024-09-01 14:17:53.116,OnTrack,10675.17318701937,12368.508064836082,1929.4861314249997,car,0 days 00:00:45.166000,0 days 02:10:09.197000,9919.0,179.0,5,77.0,False,0,2878.9402777777773,0.5010133931676893
2024-09-01 14:17:53.250,OnTrack,10610.0,12329.0,1929.0,pos,0 days 00:00:45.300000,0 days 02:10:09.331000,10091.818745614486,183.85236218787972,5,85.58494848624873,False,0,2885.900316002706,0.5022246278690704
2024-09-01 14:17:53.470,OnTrack,10498.0,12269.0,1928.0,pos,0 days 00:00:45.520000,0 days 02:10:09.551000,10375.551615723389,191.81894385400443,5,99.67966989554631,False,0,2897.8129014038363,0.5042977395898274
2024-09-01 14:17:53.475,OnTrack,10495.612220283709,12267.764379565047,1927.979337190432,car,0 days 00:00:45.525000,0 days 02:10:09.556000,10382.0,192.0,5,100.0,False,0,2898.086944444444,0.5043454304831427
2024-09-01 14:17:53.770,OnTrack,10360.0,12199.0,1927.0,pos,0 days 00:00:45.820000,0 days 02:10:09.851000,11317.702516,200.2968696,5,100.0,False,0,2914.5279493845187,0.5072066095550726
2024-09-01 14:17:53.795,OnTrack,10346.287577077997,12192.09951160992,1926.9234003421136,car,0 days 00:00:45.845000,0 days 02:10:09.876000,11397.0,201.0,5,100.0,False,0,2915.9536111111106,0.5074547132148333
2024-09-01 14:17:53.995,OnTrack,10223.214855562897,12130.200839042982,1926.2900676501188,car,0 days 00:00:46.045000,0 days 02:10:10.076000,11329.0,209.0,5,100.0,False,0,2927.564722222222,0.5094753602637242
2024-09-01 14:17:54.070,OnTrack,10183.0,12110.0,1926.0,pos,0 days 00:00:46.120000,0 days 02:10:10.151000,11367.25003264,211.62500224,5,100.0,False,0,2932.0149981967434,0.5102498285233605
2024-09-01 14:17:54.195,OnTrack,10130.165645400102,12083.503874675658,1925.4280305610203,car,0 days 00:00:46.245000,0 days 02:10:10.276000,11431.0,216.0,5,100.0,False,0,2939.564722222222,0.5115636844865014
2024-09-01 14:17:54.310,OnTrack,10075.0,12055.0,1925.0,pos,0 days 00:00:46.360000,0 days 02:10:10.391000,11297.3124256,219.45000192,5,100.0,False,0,2946.681612070553,0.5128022156082603
2024-09-01 14:17:54.595,OnTrack,9851.02834219343,11934.849054287426,1924.9601197584836,car,0 days 00:00:46.645000,0 days 02:10:10.676000,10966.0,228.0,5,100.0,False,0,2964.898055555555,0.5159723689568088
2024-09-01 14:17:54.670,OnTrack,9807.0,11911.0,1925.0,pos,0 days 00:00:46.720000,0 days 02:10:10.751000,10957.5624928,230.1093768,5,100.0,False,0,2969.777576769543,0.5168215374857026
2024-09-01 14:17:54.915,OnTrack,9732.137565097832,11870.280671480017,1925.0021706252214,car,0 days 00:00:46.965000,0 days 02:10:10.996000,10930.0,237.0,6,100.0,False,0,2985.9647222222216,0.5196385381479065
2024-09-01 14:17:54.930,OnTrack,9726.0,11867.0,1925.0,pos,0 days 00:00:46.980000,0 days 02:10:11.011000,10949.0778808,237.3749952,6,100.0,False,0,2986.9694878292707,0.5198133945108577
2024-09-01 14:17:55.190,OnTrack,9568.0,11783.0,1925.0,pos,0 days 00:00:47.240000,0 days 02:10:11.271000,11279.7657064,243.8750016,6,100.0,False,0,3004.6383629790666,0.5228882561745698
2024-09-01 14:17:55.235,OnTrack,9539.561430337424,11767.71168138989,1925.027292289173,car,0 days 00:00:47.285000,0 days 02:10:11.316000,11337.0,245.0,6,100.0,False,0,3007.7424999999994,0.5234284598855392
2024-09-01 14:17:55.410,OnTrack,9433.0,11710.0,1925.0,pos,0 days 00:00:47.460000,0 days 02:10:11.491000,11486.99983542857,249.3749952,6,100.0,False,0,3019.9393116459196,0.5255510346522747
2024-09-01 14:17:55.515,OnTrack,9368.537839473302,11675.25410163192,1924.5441175745245,car,0 days 00:00:47.565000,0 days 02:10:11.596000,11577.0,252.0,6,100.0,False,0,3027.3424999999993,0.5268393894494087
2024-09-01 14:17:55.690,OnTrack,9260.0,11616.0,1924.0,pos,0 days 00:00:47.740000,0 days 02:10:11.771000,11639.3436816,255.2812464,6,100.0,False,0,3039.8106952834073,0.5290091923014635
2024-09-01 14:17:55.835,OnTrack,9169.84971483646,11564.616232674513,1924.912211793947,car,0 days 00:00:47.885000,0 days 02:10:11.916000,11691.0,258.0,6,100.0,False,0,3050.2758333333322,0.5308304090751605
2024-09-01 14:17:55.870,OnTrack,9148.0,11552.0,1925.0,pos,0 days 00:00:47.920000,0 days 02:10:11.951000,11523.1455264,258.8750016,6,100.0,False,0,3052.82147948708,0.5312734202856182
2024-09-01 14:17:56.070,OnTrack,9022.0,11479.0,1924.0,pos,0 days 00:00:48.120000,0 days 02:10:12.151000,10563.978859733334,263.8750016,6,100.0,False,0,3067.5060496584597,0.5338289322514485
2024-09-01 14:17:56.075,OnTrack,9018.811654834415,11477.172045282729,1923.9806784066113,car,0 days 00:00:48.125000,0 days 02:10:12.156000,10540.0,264.0,6,100.0,False,0,3067.8758333333326,0.5338932846019006
2024-09-01 14:17:56.250,OnTrack,8906.0,11413.0,1924.0,pos,0 days 00:00:48.300000,0 days 02:10:12.331000,10540.0,267.48258435266365,6,100.0,False,0,3080.8940670254638,0.5361588089983215
2024-09-01 14:17:56.276,OnTrack,8889.088010832993,11403.318246346937,1924.115141014152,car,0 days 00:00:48.326000,0 days 02:10:12.357000,10540.0,268.0,7,100.0,False,0,3082.839166666666,0.5364973088896914
2024-09-01 14:17:56.429,OnTrack,8789.0,11346.0,1925.0,pos,0 days 00:00:48.479000,0 days 02:10:12.510000,10790.91989504,270.29499904,7,100.0,False,0,3094.3398572173164,0.538498739777657
2024-09-01 14:17:56.476,OnTrack,8758.142186245635,11328.719587601201,1925.0897573712305,car,0 days 00:00:48.526000,0 days 02:10:12.557000,10868.0,271.0,7,100.0,False,0,3097.894722222222,0.5391173823358609
2024-09-01 14:17:56.609,OnTrack,8670.0,11280.0,1925.0,pos,0 days 00:00:48.659000,0 days 02:10:12.690000,10961.6541216,273.2166656,7,100.0,False,0,3108.014946685028,0.5408785748263293
2024-09-01 14:17:56.716,OnTrack,8597.106250826464,11239.26243254845,1925.0697746149267,car,0 days 00:00:48.766000,0 days 02:10:12.797000,11037.0,275.0,7,100.0,False,0,3116.228055555555,0.5423078776762149
2024-09-01 14:17:56.809,OnTrack,8536.0,11205.0,1925.0,pos,0 days 00:00:48.859000,0 days 02:10:12.890000,11102.0999552,276.66071314285716,7,100.0,False,0,3123.421850933765,0.5435597924380499
2024-09-01 14:17:56.996,OnTrack,8427.473180298448,11144.462851323926,1923.8789419375723,car,0 days 00:00:49.046000,0 days 02:10:13.077000,11233.0,280.0,7,100.0,False,0,3138.0058333333327,0.5460977994138477
2024-09-01 14:17:57.129,OnTrack,8319.0,11083.0,1924.0,pos,0 days 00:00:49.179000,0 days 02:10:13.210000,11309.4749632,281.42499931428574,7,100.0,False,0,3148.4282547902258,0.5479115823462163
2024-09-01 14:17:57.276,OnTrack,8153.301542241003,10988.049874595477,1925.8688028399433,car,0 days 00:00:49.326000,0 days 02:10:13.357000,11394.0,283.0,7,100.0,False,0,3160.016944444444,0.5499283274558122
2024-09-01 14:17:57.289,OnTrack,8141.0,10981.0,1926.0,pos,0 days 00:00:49.339000,0 days 02:10:13.370000,11402.6124576,283.2166656,7,100.0,False,0,3161.046600586447,0.5501075154443519
2024-09-01 14:17:57.516,OnTrack,8028.428869699526,10916.77743277418,1926.2170371910354,car,0 days 00:00:49.566000,0 days 02:10:13.597000,11553.0,287.0,7,100.0,False,0,3179.150277777778,0.5532580444110181
2024-09-01 14:17:57.609,OnTrack,7989.0,10894.0,1926.0,pos,0 days 00:00:49.659000,0 days 02:10:13.690000,11583.2249792,288.32857051428573,7,100.0,False,0,3186.6327005741105,0.554560188141905
2024-09-01 14:17:57.796,OnTrack,7865.9514197639,10821.054638591995,1925.946344559162,car,0 days 00:00:49.846000,0 days 02:10:13.877000,11644.0,291.0,7,100.0,False,0,3201.783611111111,0.5571968559312007
2024-09-01 14:17:57.829,OnTrack,7837.0,10803.0,1926.0,pos,0 days 00:00:49.879000,0 days 02:10:13.910000,11661.874965333333,291.4124992,7,100.0,False,0,3204.470128217002,0.5576643824934622
2024-09-01 14:17:58.036,OnTrack,7614.274510730872,10658.001432066143,1926.7391094772045,car,0 days 00:00:50.086000,0 days 02:10:14.117000,11774.0,294.0,7,100.0,False,0,3221.3836111111104,0.5606077854950701
2024-09-01 14:17:58.109,OnTrack,7551.0,10616.0,1927.0,pos,0 days 00:00:50.159000,0 days 02:10:14.190000,11671.8000896,294.36499968,7,100.0,False,0,3227.3530637303775,0.5616466315368647
2024-09-01 14:17:58.236,OnTrack,7483.566259396789,10570.598986863242,1927.3325660995004,car,0 days 00:00:50.286000,0 days 02:10:14.317000,11494.0,295.0,7,100.0,False,0,3237.7724999999996,0.5634598949659927
2024-09-01 14:17:58.449,OnTrack,7399.0,10505.0,1927.0,pos,0 days 00:00:50.499000,0 days 02:10:14.530000,10846.125194666667,298.5499989333333,7,100.0,False,0,3255.4587745186527,0.5665377845899918
2024-09-01 14:17:58.476,OnTrack,7379.048386395789,10488.973278183372,1926.8092321930303,car,0 days 00:00:50.526000,0 days 02:10:14.557000,10764.0,299.0,8,100.0,False,0,3257.705833333333,0.5669288335360504
2024-09-01 14:17:58.716,OnTrack,7147.4472848344785,10301.447513334862,1924.1361616531792,car,0 days 00:00:50.766000,0 days 02:10:14.797000,10731.0,300.0,8,100.0,False,0,3277.7058333333325,0.5704093739073456
2024-09-01 14:17:58.729,OnTrack,7137.0,10293.0,1924.0,pos,0 days 00:00:50.779000,0 days 02:10:14.810000,10733.7624864,300.2437488,8,100.0,False,0,3278.795570454453,0.5705990176095536
2024-09-01 14:17:58.876,OnTrack,7047.512930586286,10220.952235067143,1922.6863635314926,car,0 days 00:00:50.926000,0 days 02:10:14.957000,10765.0,303.0,8,100.0,False,0,3291.1724999999997,0.5727529377573513
2024-09-01 14:17:59.076,OnTrack,6976.14130115237,10163.26811171801,1920.9999131997042,car,0 days 00:00:51.126000,0 days 02:10:15.157000,10846.0,305.0,8,100.0,False,0,3308.1169444444445,0.5757017289052543
2024-09-01 14:17:59.150,OnTrack,6940.0,10133.0,1920.0,pos,0 days 00:00:51.200000,0 days 02:10:15.231000,10883.528636342857,305.52857234285716,8,100.0,False,0,3314.4087414181563,0.5767966715740042
2024-09-01 14:17:59.356,OnTrack,6808.1536442144115,10020.348027084501,1916.1265714780836,car,0 days 00:00:51.406000,0 days 02:10:15.437000,10988.0,307.0,8,100.0,False,0,3331.9947222222218,0.5798571073818729
2024-09-01 14:17:59.410,OnTrack,6772.0,9989.0,1915.0,pos,0 days 00:00:51.460000,0 days 02:10:15.491000,11000.1499712,307.6749984,8,100.0,False,0,3336.6270316341224,0.5806632543778956
2024-09-01 14:17:59.596,OnTrack,6651.934109460991,9883.575776296326,1911.0752263591396,car,0 days 00:00:51.646000,0 days 02:10:15.677000,11042.0,310.0,8,100.0,False,0,3352.6613888888887,0.5834536657655448
2024-09-01 14:17:59.650,OnTrack,6617.0,9853.0,1910.0,pos,0 days 00:00:51.700000,0 days 02:10:15.731000,11056.760782905034,310.4920260968345,8,100.0,False,0,3357.341969034475,0.5842682131734347
2024-09-01 14:17:59.810,OnTrack,6512.0,9762.0,1907.0,pos,0 days 00:00:51.860000,0 days 02:10:15.891000,11100.496539626929,311.9498846542309,8,100.0,False,0,3371.2788246198597,0.5866936025991268
2024-09-01 14:17:59.910,OnTrack,6447.0,9706.0,1905.0,pos,0 days 00:00:51.960000,0 days 02:10:15.991000,11127.831457555323,312.8610485851774,8,100.0,False,0,3380.0230473769657,0.5882153336152123
2024-09-01 14:18:00.035,OnTrack,6365.222720881726,9634.655756579275,1902.25433434486,car,0 days 00:00:52.085000,0 days 02:10:16.116000,11162.0,314.0,8,100.0,False,0,3390.951944444444,0.5901172569880667
2024-09-01 14:18:00.090,OnTrack,6329.0,9603.0,1901.0,pos,0 days 00:00:52.140000,0 days 02:10:16.171000,11178.4999424,314.3437488,8,100.0,False,0,3395.7601431266703,0.5909540134694016
2024-09-01 14:18:00.195,OnTrack,6259.468004398882,9542.469627173725,1898.570792837143,car,0 days 00:00:52.245000,0 days 02:10:16.276000,11210.0,315.0,8,100.0,False,0,3404.9519444444445,0.5925536352479736
2024-09-01 14:18:00.310,OnTrack,6183.0,9476.0,1896.0,pos,0 days 00:00:52.360000,0 days 02:10:16.391000,11243.7812688,316.4375008,8,100.0,False,0,3415.068743964171,0.594314231705809
2024-09-01 14:18:00.355,OnTrack,6153.068009235614,9449.931401489055,1895.0634940668106,car,0 days 00:00:52.405000,0 days 02:10:16.436000,11257.0,317.0,8,100.0,False,0,3419.040833333333,0.5950054825761971
2024-09-01 14:18:00.510,OnTrack,6050.0,9360.0,1892.0,pos,0 days 00:00:52.560000,0 days 02:10:16.591000,11295.36251584,318.16250048,8,100.0,False,0,3432.777071151231,0.5973959590899425
2024-09-01 14:18:00.710,OnTrack,5917.0,9244.0,1888.0,pos,0 days 00:00:52.760000,0 days 02:10:16.791000,11344.86251584,319.66250048,8,100.0,False,0,3450.5870061224196,0.6004953689738108
2024-09-01 14:18:00.755,OnTrack,5886.7883508623245,9217.809635564052,1887.2201191595764,car,0 days 00:00:52.805000,0 days 02:10:16.836000,11356.0,320.0,8,100.0,False,0,3454.596388888888,0.6011931099029443
2024-09-01 14:18:00.950,OnTrack,5755.0,9104.0,1884.0,pos,0 days 00:00:53,0 days 02:10:17.031000,11356.0,320.8125002666667,8,100.0,False,0,3471.9794605449692,0.6042182340367498
2024-09-01 14:18:00.995,OnTrack,5724.699205138204,9077.749984116603,1883.0662390431357,car,0 days 00:00:53.045000,0 days 02:10:17.076000,11356.0,321.0,8,100.0,False,0,3475.9963888888883,0.6049172881002304
2024-09-01 14:18:01.130,OnTrack,5634.0,8999.0,1880.0,pos,0 days 00:00:53.180000,0 days 02:10:17.211000,11430.2498944,321.8437488,8,100.0,False,0,3488.0666500720718,0.6070178396672378
2024-09-01 14:18:01.155,OnTrack,5617.18158958532,8984.396202107711,1879.4653806318631,car,0 days 00:00:53.205000,0 days 02:10:17.236000,11444.0,322.0,8,100.0,False,0,3490.307499999999,0.607407808099246
2024-09-01 14:18:01.390,OnTrack,5458.0,8846.0,1876.0,pos,0 days 00:00:53.440000,0 days 02:10:17.471000,11468.479173333333,323.9583338666667,8,100.0,False,0,3511.456742988639,0.6110883478014608
2024-09-01 14:18:01.395,OnTrack,5454.568816817289,8843.004921358728,1875.989172419156,car,0 days 00:00:53.445000,0 days 02:10:17.476000,11469.0,324.0,8,100.0,False,0,3511.9074999999993,0.611166791700245
2024-09-01 14:18:01.590,OnTrack,5322.0,8727.0,1877.0,pos,0 days 00:00:53.640000,0 days 02:10:17.671000,11509.625013333334,324.5416668444444,8,100.0,False,0,3529.4985097813533,0.6142281026860378
2024-09-01 14:18:01.755,OnTrack,5220.646688930171,8638.59452902263,1876.451315531813,car,0 days 00:00:53.805000,0 days 02:10:17.836000,11544.0,325.0,8,100.0,False,0,3544.4074999999993,0.6168226698036
2024-09-01 14:18:01.850,OnTrack,5145.0,8573.0,1876.0,pos,0 days 00:00:53.900000,0 days 02:10:17.931000,11551.1249856,325.5937488,8,100.0,False,0,3553.004308338219,0.6183187467278731
2024-09-01 14:18:01.915,OnTrack,5079.51959999026,8516.368843627657,1875.8511645378799,car,0 days 00:00:53.965000,0 days 02:10:17.996000,11556.0,326.0,8,100.0,False,0,3558.8963888888884,0.6193441279392495
2024-09-01 14:18:02.050,OnTrack,4939.0,8395.0,1876.0,pos,0 days 00:00:54.100000,0 days 02:10:18.131000,11588.249954133333,326.74999893333336,8,100.0,False,0,3571.168602763418,0.6214798247310231
2024-09-01 14:18:02.275,OnTrack,4832.011033492247,8302.454469957955,1877.7976426113767,car,0 days 00:00:54.325000,0 days 02:10:18.356000,11642.0,328.0,8,100.0,False,0,3591.696388888888,0.6250522141481739
2024-09-01 14:18:02.370,OnTrack,4788.0,8264.0,1879.0,pos,0 days 00:00:54.420000,0 days 02:10:18.451000,11652.9843528,328.2968744,8,100.0,False,0,3600.3750460149467,0.6265625349729678
2024-09-01 14:18:02.570,OnTrack,4651.0,8144.0,1882.0,pos,0 days 00:00:54.620000,0 days 02:10:18.651000,11676.1093528,328.9218744,8,100.0,False,0,3618.656477630274,0.6297439980120788
2024-09-01 14:18:02.595,OnTrack,4633.221736360369,8128.494871896104,1882.3420525223694,car,0 days 00:00:54.645000,0 days 02:10:18.676000,11679.0,329.0,8,100.0,False,0,3620.9408333333326,0.6301415376244235
2024-09-01 14:18:02.755,OnTrack,4522.490086388441,8032.408574947492,1884.2903203304454,car,0 days 00:00:54.805000,0 days 02:10:18.836000,11699.0,329.0,8,100.0,False,0,3635.5630555555545,0.6326861993625482
2024-09-01 14:18:02.810,OnTrack,4485.0,8000.0,1885.0,pos,0 days 00:00:54.860000,0 days 02:10:18.891000,11704.472619453969,329.2736309726984,8,100.0,False,0,3640.5996959791582,0.6335627108790508
2024-09-01 14:18:02.956,OnTrack,4386.288637321772,7914.772223769269,1887.1331343916454,car,0 days 00:00:55.006000,0 days 02:10:19.037000,11719.0,330.0,8,100.0,False,0,3653.9880555555546,0.6358926471796041
2024-09-01 14:18:03.009,OnTrack,4351.0,7884.0,1888.0,pos,0 days 00:00:55.059000,0 days 02:10:19.090000,11722.9749952,330.0,8,100.0,False,0,3658.846025559671,0.6367380652156975
2024-09-01 14:18:03.169,OnTrack,4241.0,7787.0,1891.0,pos,0 days 00:00:55.219000,0 days 02:10:19.250000,11734.9749952,330.0,8,100.0,False,0,3673.510393208765,0.639290061396807
2024-09-01 14:18:03.196,OnTrack,4219.229870000201,7767.941105304037,1891.6001048728904,car,0 days 00:00:55.246000,0 days 02:10:19.277000,11737.0,330.0,8,100.0,False,0,3675.9880555555546,0.639721241588029
2024-09-01 14:18:03.509,OnTrack,3935.0,7522.0,1899.0,pos,0 days 00:00:55.559000,0 days 02:10:19.590000,11782.9718656,330.9781248,8,100.0,False,0,3704.7667331155326,0.6447295090420287
2024-09-01 14:18:03.516,OnTrack,3930.250350764185,7517.899264993971,1899.1010820308568,car,0 days 00:00:55.566000,0 days 02:10:19.597000,11784.0,331.0,8,100.0,False,0,3705.410277777777,0.6448415032009124
2024-09-01 14:18:03.676,OnTrack,3851.4366314606714,7449.8098777126015,1900.300628597714,car,0 days 00:00:55.726000,0 days 02:10:19.757000,11793.0,331.0,8,100.0,False,0,3720.121388888888,0.6474016340073541
2024-09-01 14:18:03.836,OnTrack,3777.458655806691,7385.464045138921,1900.7620371092999,car,0 days 00:00:55.886000,0 days 02:10:19.917000,11815.0,332.0,8,100.0,False,0,3734.876944444444,0.6499694993479542
2024-09-01 14:18:03.869,OnTrack,3754.0,7365.0,1901.0,pos,0 days 00:00:55.919000,0 days 02:10:19.950000,11802.86073782857,332.0,8,100.0,False,0,3737.921194937844,0.650499281185085
2024-09-01 14:18:04.116,OnTrack,3527.2677496831725,7167.063443321697,1903.8622355095283,car,0 days 00:00:56.166000,0 days 02:10:20.197000,11712.0,332.0,8,100.0,False,0,3760.6991666666663,0.6544632636940045
2024-09-01 14:18:04.129,OnTrack,3518.0,7159.0,1904.0,pos,0 days 00:00:56.179000,0 days 02:10:20.210000,11698.2417344,331.8916672,8,97.9416768,False,0,3761.8977848905793,0.6546718556499095
2024-09-01 14:18:04.389,OnTrack,3393.0,7051.0,1906.0,pos,0 days 00:00:56.439000,0 days 02:10:20.470000,11423.075067733333,329.72500053333334,8,56.77501013333333,False,0,3785.79034864867,0.6588298072865986
2024-09-01 14:18:04.476,OnTrack,3326.9749228805927,6993.643571272904,1906.5420142569508,car,0 days 00:00:56.526000,0 days 02:10:20.557000,11331.0,329.0,8,43.0,False,0,3793.5991666666664,0.6601887526047854
2024-09-01 14:18:04.716,OnTrack,3098.2985916395974,6794.415807806041,1907.8478790472639,car,0 days 00:00:56.766000,0 days 02:10:20.797000,11191.0,314.0,8,43.0,True,0,3814.5324999999993,0.6638317181934077
2024-09-01 14:18:04.749,OnTrack,3076.0,6775.0,1908.0,pos,0 days 00:00:56.799000,0 days 02:10:20.830000,11068.73523712,311.85500416,8,36.07001344,True,0,3817.3746133605537,0.6643263227079681
2024-09-01 14:18:04.916,OnTrack,3008.9187346643835,6716.706172154012,1908.6631857152993,car,0 days 00:00:56.966000,0 days 02:10:20.997000,10450.0,301.0,8,1.0,True,0,3831.254722222222,0.6667418366705187
2024-09-01 14:18:05.069,OnTrack,2962.0,6675.0,1909.0,pos,0 days 00:00:57.119000,0 days 02:10:21.150000,9935.325215288889,271.67501226666667,8,0.5750001777777778,True,0,3841.9833564476303,0.6686089088980384
2024-09-01 14:18:05.249,OnTrack,2873.0,6594.0,1909.0,pos,0 days 00:00:57.299000,0 days 02:10:21.330000,9329.825215288889,237.17501226666667,8,0.07500017777777768,True,0,3852.8597267086902,0.6705016911873771
2024-09-01 14:18:05.276,OnTrack,2859.946380879346,6581.849691480715,1908.991849778205,car,0 days 00:00:57.326000,0 days 02:10:21.357000,9239.0,232.0,8,0.0,True,0,3854.454722222222,0.6707792635012212
2024-09-01 14:18:05.550,OnTrack,2746.0,6470.0,1909.0,pos,0 days 00:00:57.600000,0 days 02:10:21.631000,9961.6753376,208.8812392,8,0.0,True,0,3870.144291073118,0.6735096723909093
2024-09-01 14:18:05.596,OnTrack,2729.1247721076415,6452.086107427522,1909.042113523421,car,0 days 00:00:57.646000,0 days 02:10:21.677000,10083.0,205.0,7,0.0,True,0,3872.676944444444,0.6739504225061792
2024-09-01 14:18:05.810,OnTrack,2659.0,6370.0,1909.0,pos,0 days 00:00:57.860000,0 days 02:10:21.891000,9990.98005504,196.44000512,7,0.0,True,0,3884.0521304202607,0.6759300122071703
2024-09-01 14:18:05.970,OnTrack,2617.0,6304.0,1908.0,pos,0 days 00:00:58.020000,0 days 02:10:22.051000,9922.18005504,190.04000512,7,0.0,True,0,3892.33224174022,0.6773709752935673
2024-09-01 14:18:05.996,OnTrack,2610.541493145947,6290.491947579744,1907.8483034252313,car,0 days 00:00:58.046000,0 days 02:10:22.077000,9911.0,189.0,5,0.0,True,0,3893.676944444444,0.6776049898960393
2024-09-01 14:18:06.196,OnTrack,2566.0558096438263,6166.915308335575,1907.068803296675,car,0 days 00:00:58.246000,0 days 02:10:22.277000,9637.0,185.0,5,1.0,False,0,3903.954722222222,0.6793936009201772
2024-09-01 14:18:06.230,OnTrack,2561.0,6149.0,1907.0,pos,0 days 00:00:58.280000,0 days 02:10:22.311000,9604.6998784,184.0083296,5,6.9500224,False,0,3905.6640914304244,0.6796910773471071
2024-09-01 14:18:06.436,OnTrack,2548.7157590855527,6072.761517328196,1906.9436656868127,car,0 days 00:00:58.486000,0 days 02:10:22.517000,9409.0,178.0,5,43.0,False,0,3915.8213888888886,0.6814587215404792
2024-09-01 14:18:06.530,OnTrack,2547.0,6038.0,1907.0,pos,0 days 00:00:58.580000,0 days 02:10:22.611000,9472.05946260876,178.0,5,48.5987373344226,False,0,3920.454980726725,0.6822650917132638
2024-09-01 14:18:06.710,OnTrack,2544.0,5945.0,1907.0,pos,0 days 00:00:58.760000,0 days 02:10:22.791000,9592.811961216408,178.0,5,59.31975356594286,False,0,3929.3620654719375,0.6838151651155768
2024-09-01 14:18:06.755,OnTrack,2543.9416151319656,5911.541863826823,1906.887351256684,car,0 days 00:00:58.805000,0 days 02:10:22.836000,9623.0,178.0,5,62.0,False,0,3931.5941666666663,0.6842036110316304
2024-09-01 14:18:06.950,OnTrack,2546.0,5748.0,1906.0,pos,0 days 00:00:59,0 days 02:10:23.031000,9802.6786304,180.0892864,5,71.7500032,False,0,3941.312153518952,0.6858948033099853
2024-09-01 14:18:07.035,OnTrack,2546.313888562896,5701.929788538978,1905.6566802411548,car,0 days 00:00:59.085000,0 days 02:10:23.116000,9881.0,181.0,5,76.0,False,0,3945.6719444444443,0.6866535247263145
2024-09-01 14:18:07.350,OnTrack,2542.0,5613.0,1905.0,pos,0 days 00:00:59.400000,0 days 02:10:23.431000,10385.0001024,192.8125024,5,81.51250112,False,0,3962.730258360261,0.6896221322388258
2024-09-01 14:18:07.435,OnTrack,2538.984418085069,5569.947427703584,1905.066161252691,car,0 days 00:00:59.485000,0 days 02:10:23.516000,10521.0,196.0,5,83.0,False,0,3967.449722222222,0.6904434464639472
2024-09-01 14:18:07.530,OnTrack,2534.0,5516.0,1905.0,pos,0 days 00:00:59.580000,0 days 02:10:23.611000,10611.2498176,197.29545192727272,5,79.97727883636364,False,0,3972.7479133704037,0.6913654748732514
2024-09-01 14:18:07.690,OnTrack,2520.0,5430.0,1904.0,pos,0 days 00:00:59.740000,0 days 02:10:23.771000,10763.2498176,199.4772701090909,5,74.88636974545454,False,0,3981.7257900211616,0.6929278679798251
2024-09-01 14:18:07.875,OnTrack,2494.7855201788443,5330.222461491136,1902.6152483120088,car,0 days 00:00:59.925000,0 days 02:10:23.956000,10939.0,202.0,5,69.0,False,0,3992.1386111111115,0.6947399801889573
2024-09-01 14:18:08.010,OnTrack,2471.0,5258.0,1902.0,pos,0 days 00:01:00.060000,0 days 02:10:24.091000,11002.28116,202.8437488,5,71.5312464,False,0,3999.747692125534,0.6960641658719151
2024-09-01 14:18:08.035,OnTrack,2466.150635374772,5244.800849233492,1901.9532068116696,car,0 days 00:01:00.085000,0 days 02:10:24.116000,11014.0,203.0,5,72.0,False,0,4001.1608333333334,0.6963100906231194
2024-09-01 14:18:08.190,OnTrack,2433.0,5164.0,1902.0,pos,0 days 00:01:00.240000,0 days 02:10:24.271000,11167.590972509091,204.40909149090908,5,81.86364043636364,False,0,4009.960405475765,0.6978414539277125
2024-09-01 14:18:08.350,OnTrack,2393.0,5082.0,1902.0,pos,0 days 00:01:00.400000,0 days 02:10:24.431000,11326.136427054545,205.86363694545454,5,92.04545861818181,False,0,4019.140561203588,0.6994390490589857
2024-09-01 14:18:08.475,OnTrack,2356.5615450052414,5019.9493607825125,1901.3463645114994,car,0 days 00:01:00.525000,0 days 02:10:24.556000,11450.0,207.0,5,100.0,False,0,4026.460833333333,0.700712974192808
2024-09-01 14:18:08.530,OnTrack,2339.0,4993.0,1901.0,pos,0 days 00:01:00.580000,0 days 02:10:24.611000,11510.106933028572,208.96427885714286,5,100.0,False,0,4029.7257743120126,0.7012811621371176
2024-09-01 14:18:08.710,OnTrack,2275.0,4906.0,1900.0,pos,0 days 00:01:00.760000,0 days 02:10:24.791000,11706.821498514286,215.39285942857143,5,100.0,False,0,4040.5881720906873,0.7031715128370049
2024-09-01 14:18:08.755,OnTrack,2257.4969725879264,4884.8177834800545,1899.775343406706,car,0 days 00:01:00.805000,0 days 02:10:24.836000,11756.0,217.0,5,100.0,False,0,4043.338611111111,0.7036501635394733
2024-09-01 14:18:08.970,OnTrack,2167.0,4787.0,1899.0,pos,0 days 00:01:01.020000,0 days 02:10:25.051000,10501.834453333333,223.27082773333333,5,100.0,False,0,4056.6872568640215,0.7059731885617296
2024-09-01 14:18:08.995,OnTrack,2156.000849155573,4775.93814432857,1898.9755131449936,car,0 days 00:01:01.045000,0 days 02:10:25.076000,10356.0,224.0,5,100.0,False,0,4058.271944444444,0.7062489670167073
2024-09-01 14:18:09.190,OnTrack,2067.0,4687.0,1899.0,pos,0 days 00:01:01.240000,0 days 02:10:25.271000,10672.875104,230.964288,5,100.0,False,0,4070.8883762678206,0.708444567031855
2024-09-01 14:18:09.275,OnTrack,2026.1107230632692,4641.231384994388,1898.7679241667483,car,0 days 00:01:01.325000,0 days 02:10:25.356000,10811.0,234.0,6,100.0,False,0,4076.4719444444445,0.709416258754586
2024-09-01 14:18:09.436,OnTrack,1951.1702914694515,4547.515009627389,1898.0800495198769,car,0 days 00:01:01.486000,0 days 02:10:25.517000,10909.0,238.0,6,100.0,False,0,4087.1158333333333,0.711268583003854
2024-09-01 14:18:09.470,OnTrack,1938.0,4529.0,1898.0,pos,0 days 00:01:01.520000,0 days 02:10:25.551000,10976.1502528,238.2125008,6,100.0,False,0,4089.367656784297,0.7116604611253594
2024-09-01 14:18:09.596,OnTrack,1898.3244908344866,4465.424997946388,1897.9521152044517,car,0 days 00:01:01.646000,0 days 02:10:25.677000,11225.0,239.0,6,100.0,False,0,4097.738055555556,0.7131171366677197
2024-09-01 14:18:09.769,OnTrack,1858.0,4377.0,1898.0,pos,0 days 00:01:01.819000,0 days 02:10:25.850000,11225.617856914285,242.08928457142858,6,100.0,False,0,4109.399749283248,0.7151465864585654
2024-09-01 14:18:09.876,OnTrack,1834.3325219724775,4311.159222088648,1897.7040319239304,car,0 days 00:01:01.926000,0 days 02:10:25.957000,11226.0,244.0,6,100.0,False,0,4116.715833333334,0.7164197827533711
2024-09-01 14:18:10.089,OnTrack,1792.0,4164.0,1897.0,pos,0 days 00:01:02.139000,0 days 02:10:26.170000,11461.6311792,248.6593736,6,100.0,False,0,4131.510450391635,0.7189944458508347
2024-09-01 14:18:10.196,OnTrack,1774.877184687509,4089.8693794886904,1897.0149658848616,car,0 days 00:01:02.246000,0 days 02:10:26.277000,11580.0,251.0,6,100.0,False,0,4139.026944444445,0.720302518900905
2024-09-01 14:18:10.209,OnTrack,1773.0,4081.0,1897.0,pos,0 days 00:01:02.259000,0 days 02:10:26.290000,11593.7311824,251.3249984,6,100.0,False,0,4139.943081311432,0.7204619514684641
2024-09-01 14:18:10.356,OnTrack,1754.7764754922293,3982.4158849852033,1896.3845164972877,car,0 days 00:01:02.406000,0 days 02:10:26.437000,11749.0,255.0,6,100.0,False,0,4150.360277777778,0.7222748251113057
2024-09-01 14:18:10.429,OnTrack,1747.0,3927.0,1896.0,pos,0 days 00:01:02.479000,0 days 02:10:26.510000,11715.889314742857,256.3035702857143,6,100.0,False,0,4155.593085395917,0.7231854750198135
2024-09-01 14:18:10.636,OnTrack,1727.9036907808575,3737.9848174193507,1895.1595118373489,car,0 days 00:01:02.686000,0 days 02:10:26.717000,11622.0,260.0,6,100.0,False,0,4170.5825,0.7257940381533933
2024-09-01 14:18:10.689,OnTrack,1724.0,3695.0,1895.0,pos,0 days 00:01:02.739000,0 days 02:10:26.770000,11432.90379977143,260.3785709714286,6,100.0,False,0,4174.423239207679,0.7264624305467905
2024-09-01 14:18:10.916,OnTrack,1711.9530306907282,3561.2666810370674,1894.476416843575,car,0 days 00:01:02.966000,0 days 02:10:26.997000,10623.0,262.0,7,100.0,False,0,4190.960277777778,0.7293403220650353
2024-09-01 14:18:11.009,OnTrack,1707.0,3504.0,1894.0,pos,0 days 00:01:03.059000,0 days 02:10:27.090000,10696.00494976,264.78999808,7,100.0,False,0,4197.861550343632,0.7305413299539737
2024-09-01 14:18:11.116,OnTrack,1700.3066557795053,3425.5463289235995,1893.1798247126342,car,0 days 00:01:03.166000,0 days 02:10:27.197000,10780.0,268.0,7,100.0,False,0,4205.849166666667,0.7319313910081107
2024-09-01 14:18:11.149,OnTrack,1698.0,3400.0,1893.0,pos,0 days 00:01:03.199000,0 days 02:10:27.230000,10803.9249536,268.2062496,7,100.0,False,0,4208.309611509701,0.7323595748884871
2024-09-01 14:18:11.276,OnTrack,1687.9916353817512,3298.964743369299,1892.9411065725958,car,0 days 00:01:03.326000,0 days 02:10:27.357000,10896.0,269.0,7,100.0,False,0,4217.804722222222,0.7340119806967295
2024-09-01 14:18:11.449,OnTrack,1671.0,3133.0,1893.0,pos,0 days 00:01:03.499000,0 days 02:10:27.530000,11018.279500218181,272.53863505454547,7,100.0,False,0,4231.007762486895,0.7363096664299811
2024-09-01 14:18:11.649,OnTrack,1648.0,2888.0,1891.0,pos,0 days 00:01:03.699000,0 days 02:10:27.730000,11159.643136581819,276.62954414545453,7,100.0,False,0,4246.562262964165,0.7390165697733045
2024-09-01 14:18:11.716,OnTrack,1642.3262740490864,2826.042401671117,1890.3924212187494,car,0 days 00:01:03.766000,0 days 02:10:27.797000,11207.0,278.0,7,100.0,False,0,4251.782499999999,0.7399250320608523
2024-09-01 14:18:11.876,OnTrack,1634.491746921458,2737.4143724808996,1889.3864103190035,car,0 days 00:01:03.926000,0 days 02:10:27.957000,11296.0,281.0,7,100.0,False,0,4264.271388888888,0.7420984361593722
2024-09-01 14:18:12.110,OnTrack,1624.0,2622.0,1889.0,pos,0 days 00:01:04.160000,0 days 02:10:28.191000,11445.1750816,283.9250016,7,100.0,False,0,4282.727204791184,0.7453102467760289
2024-09-01 14:18:12.116,OnTrack,1623.5906637433893,2617.696929548966,1889.0065254657222,car,0 days 00:01:04.166000,0 days 02:10:28.197000,11449.0,284.0,7,100.0,False,0,4283.204722222223,0.7453933477108653
2024-09-01 14:18:12.230,OnTrack,1615.0,2527.0,1889.0,pos,0 days 00:01:04.280000,0 days 02:10:28.311000,11475.50502976,285.71000192,7,100.0,False,0,4292.322925543196,0.7469801614494816
2024-09-01 14:18:12.390,OnTrack,1604.0,2400.0,1887.0,pos,0 days 00:01:04.440000,0 days 02:10:28.471000,11512.70502976,288.11000192,7,100.0,False,0,4305.244719354979,0.7492289027010549
2024-09-01 14:18:12.516,OnTrack,1595.0121237735061,2299.2458459348527,1886.228954361559,car,0 days 00:01:04.566000,0 days 02:10:28.597000,11542.0,290.0,7,100.0,False,0,4315.426944444444,0.7510008849757299
2024-09-01 14:18:12.676,OnTrack,1583.0352909705605,2169.7755142346787,1886.1929667601412,car,0 days 00:01:04.726000,0 days 02:10:28.757000,11687.0,291.0,7,100.0,False,0,4328.360277777779,0.7532516344158344
2024-09-01 14:18:12.730,OnTrack,1579.0,2126.0,1886.0,pos,0 days 00:01:04.780000,0 days 02:10:28.811000,11592.500224,292.0124976,7,100.0,False,0,4332.754187082508,0.7540162933519805
2024-09-01 14:18:12.836,OnTrack,1571.0971911585173,2039.9780409463542,1885.325065357599,car,0 days 00:01:04.886000,0 days 02:10:28.917000,11407.0,294.0,7,100.0,False,0,4341.426944444445,0.755525587458414
2024-09-01 14:18:12.890,OnTrack,1567.0,1996.0,1885.0,pos,0 days 00:01:04.940000,0 days 02:10:28.971000,11381.08006144,294.80999808,7,100.0,False,0,4345.864503116085,0.7562978425637458
2024-09-01 14:18:13.036,OnTrack,1555.5062881229387,1876.3325209829231,1884.5544685529176,car,0 days 00:01:05.086000,0 days 02:10:29.117000,11311.0,297.0,7,100.0,False,0,4357.926944444445,0.7583970332647327
2024-09-01 14:18:13.170,OnTrack,1545.0,1766.0,1884.0,pos,0 days 00:01:05.220000,0 days 02:10:29.251000,10957.24033792,299.00999808,7,100.0,False,0,4369.080064125552,0.7603379774305317
2024-09-01 14:18:13.236,OnTrack,1540.027212436827,1711.6351942471777,1883.448970453403,car,0 days 00:01:05.286000,0 days 02:10:29.317000,10783.0,300.0,8,100.0,False,0,4374.593611111112,0.7612974835741455
2024-09-01 14:18:13.290,OnTrack,1536.0,1667.0,1883.0,pos,0 days 00:01:05.340000,0 days 02:10:29.371000,10783.677114246599,300.33855712329887,8,100.0,False,0,4379.111918303697,0.7620837911038308
2024-09-01 14:18:13.490,OnTrack,1521.0,1500.0,1882.0,pos,0 days 00:01:05.540000,0 days 02:10:29.571000,10786.184950734054,301.5924753670269,8,100.0,False,0,4395.894264450211,0.7650043727682306
2024-09-01 14:18:13.555,OnTrack,1516.0646517561127,1445.6617405710995,1881.6246700945524,car,0 days 00:01:05.605000,0 days 02:10:29.636000,10787.0,302.0,8,100.0,False,0,4401.354166666667,0.7659545432726156
2024-09-01 14:18:13.755,OnTrack,1500.7017705897529,1278.4073357971808,1880.2219795590593,car,0 days 00:01:05.805000,0 days 02:10:29.836000,10782.0,303.0,8,100.0,False,0,4418.187500000001,0.7688839980851225
2024-09-01 14:18:13.790,OnTrack,1498.0,1249.0,1880.0,pos,0 days 00:01:05.840000,0 days 02:10:29.871000,10795.125024,303.4375008,8,100.0,False,0,4421.152118538448,0.7693999218105504
2024-09-01 14:18:13.970,OnTrack,1484.0,1097.0,1879.0,pos,0 days 00:01:06.020000,0 days 02:10:30.051000,10862.624928,305.6874976,8,100.0,False,0,4436.500514693946,0.7720709574332425
2024-09-01 14:18:14.075,OnTrack,1475.6114526322365,1007.8392312522351,1878.4232580690762,car,0 days 00:01:06.125000,0 days 02:10:30.156000,10902.0,307.0,8,100.0,False,0,4445.47638888889,0.7736330020584011
2024-09-01 14:18:14.210,OnTrack,1465.0,893.0,1878.0,pos,0 days 00:01:06.260000,0 days 02:10:30.291000,10961.6249152,307.5624992,8,100.0,False,0,4457.011743450711,0.7756404654208824
2024-09-01 14:18:14.250,OnTrack,1462.0,859.0,1878.0,pos,0 days 00:01:06.300000,0 days 02:10:30.331000,10979.291581866666,307.7291658666667,8,100.0,False,0,4460.434355336667,0.7762360923630997
2024-09-01 14:18:14.315,OnTrack,1457.0742254966638,803.6300681813084,1877.6420184870383,car,0 days 00:01:06.365000,0 days 02:10:30.396000,11008.0,308.0,8,100.0,False,0,4466.009722222223,0.7772063568395976
2024-09-01 14:18:14.470,OnTrack,1445.0,671.0,1876.0,pos,0 days 00:01:06.520000,0 days 02:10:30.551000,11033.363646836364,309.4090914909091,8,100.0,False,0,4479.372774744811,0.779531889029028
2024-09-01 14:18:14.670,OnTrack,1429.0,499.0,1876.0,pos,0 days 00:01:06.720000,0 days 02:10:30.751000,11066.090919563636,311.2272733090909,8,100.0,False,0,4496.737954499288,0.7825538994885409
2024-09-01 14:18:14.755,OnTrack,1422.2937337596657,425.7180788406212,1875.5316294469312,car,0 days 00:01:06.805000,0 days 02:10:30.836000,11080.0,312.0,8,100.0,False,0,4504.143055555556,0.7838425871475341
2024-09-01 14:18:14.950,OnTrack,1407.0,257.0,1874.0,pos,0 days 00:01:07,0 days 02:10:31.031000,11169.1428864,314.0892864,8,100.0,False,0,4521.184631844646,0.7868082818607683
2024-09-01 14:18:15.035,OnTrack,1400.2012867344038,183.0493629840186,1874.0108119468957,car,0 days 00:01:07.085000,0 days 02:10:31.116000,11208.0,315.0,8,100.0,False,0,4528.643055555556,0.7881062491023708
2024-09-01 14:18:15.050,OnTrack,1399.0,170.0,1874.0,pos,0 days 00:01:07.100000,0 days 02:10:31.131000,11210.58746688,315.11249856,8,100.0,False,0,4529.961388152308,0.7883356745936604
2024-09-01 14:18:15.350,OnTrack,1375.0,-91.0,1872.0,pos,0 days 00:01:07.400000,0 days 02:10:31.431000,11262.33751104,317.36250048,8,100.0,False,0,4556.449681977853,0.7929453533949875
2024-09-01 14:18:15.435,OnTrack,1368.1256137320204,-165.62989907756267,1871.4338148222157,car,0 days 00:01:07.485000,0 days 02:10:31.516000,11277.0,318.0,8,100.0,False,0,4563.97638888889,0.794255203758326
2024-09-01 14:18:15.510,OnTrack,1362.0,-232.0,1871.0,pos,0 days 00:01:07.560000,0 days 02:10:31.591000,11298.5625184,318.3125002666667,8,100.0,False,0,4570.621657416652,0.7954116600277747
2024-09-01 14:18:15.675,OnTrack,1348.3604811231828,-379.1775686389475,1870.220524947121,car,0 days 00:01:07.725000,0 days 02:10:31.756000,11346.0,319.0,8,100.0,False,0,4585.243055555557,0.7979561783531367
2024-09-01 14:18:15.730,OnTrack,1344.0,-426.0,1870.0,pos,0 days 00:01:07.780000,0 days 02:10:31.811000,11358.135191717623,319.0,8,100.0,False,0,4590.111774774791,0.7988034670430891
2024-09-01 14:18:15.956,OnTrack,1326.521610544741,-613.4356126358794,1869.2128715262245,car,0 days 00:01:08.006000,0 days 02:10:32.037000,11408.0,319.0,8,100.0,False,0,4610.142777777779,0.802289402774561
2024-09-01 14:18:16.010,OnTrack,1321.0,-674.0,1869.0,pos,0 days 00:01:08.060000,0 days 02:10:32.091000,11410.96999296,319.80999808,8,100.0,False,0,4614.958735552698,0.803127509547664
2024-09-01 14:18:16.156,OnTrack,1302.7114763070963,-877.3367302919405,1868.312995995913,car,0 days 00:01:08.206000,0 days 02:10:32.237000,11419.0,322.0,8,100.0,False,0,4628.031666666667,0.8054025527733305
2024-09-01 14:18:16.209,OnTrack,1297.0,-941.0,1868.0,pos,0 days 00:01:08.259000,0 days 02:10:32.290000,11425.09499264,322.26499968,8,100.0,False,0,4632.786906950988,0.80623009306257
2024-09-01 14:18:16.356,OnTrack,1287.2192798136361,-1049.5953240707418,1866.91668518775,car,0 days 00:01:08.406000,0 days 02:10:32.437000,11442.0,323.0,8,100.0,False,0,4645.976111111111,0.8085253709397983
2024-09-01 14:18:16.516,OnTrack,1279.8446293137072,-1128.166808368568,1866.022457413866,car,0 days 00:01:08.566000,0 days 02:10:32.597000,11494.0,322.0,8,100.0,False,0,4660.287222222222,0.8110158909388141
2024-09-01 14:18:16.529,OnTrack,1279.0,-1137.0,1866.0,pos,0 days 00:01:08.579000,0 days 02:10:32.610000,11495.552770133334,322.1083328,8,100.0,False,0,4661.4534619559845,0.8112188481626125
2024-09-01 14:18:16.809,OnTrack,1255.0,-1388.0,1866.0,pos,0 days 00:01:08.859000,0 days 02:10:32.890000,11528.997214577777,324.44166613333334,8,100.0,False,0,4686.734008692262,0.8156183463388141
2024-09-01 14:18:16.876,OnTrack,1249.8037197199446,-1445.1611035881842,1865.2331190939026,car,0 days 00:01:08.926000,0 days 02:10:32.957000,11537.0,325.0,8,100.0,False,0,4692.787222222222,0.816671769042169
2024-09-01 14:18:16.969,OnTrack,1242.0,-1532.0,1864.0,pos,0 days 00:01:09.019000,0 days 02:10:33.050000,11537.0,325.0,8,100.0,False,0,4701.178166283994,0.8181320200201828
2024-09-01 14:18:17.076,OnTrack,1229.4584025144309,-1668.9347581813659,1863.3341194183988,car,0 days 00:01:09.126000,0 days 02:10:33.157000,11537.0,325.0,8,100.0,False,0,4710.842777777778,0.8198139235440328
2024-09-01 14:18:17.249,OnTrack,1209.0,-1891.0,1863.0,pos,0 days 00:01:09.299000,0 days 02:10:33.330000,11590.19748032,326.29749952,8,100.0,False,0,4726.561185943685,0.8225493512537297
2024-09-01 14:18:17.476,OnTrack,1199.603131988498,-1996.536572299471,1861.4092135520586,car,0 days 00:01:09.526000,0 days 02:10:33.557000,11660.0,328.0,8,100.0,False,0,4747.287222222223,0.826156241553949
2024-09-01 14:18:17.529,OnTrack,1196.0,-2036.0,1861.0,pos,0 days 00:01:09.579000,0 days 02:10:33.610000,11663.1468712,328.1656248,8,100.0,False,0,4752.128163402781,0.8269986961146488
2024-09-01 14:18:17.796,OnTrack,1162.3211395324518,-2398.699276006301,1859.2452543985946,car,0 days 00:01:09.846000,0 days 02:10:33.877000,11679.0,329.0,8,100.0,False,0,4776.531666666667,0.8312455650301984
2024-09-01 14:18:17.849,OnTrack,1157.0,-2456.0,1859.0,pos,0 days 00:01:09.899000,0 days 02:10:33.930000,11684.741659733334,329.1104165333333,8,100.0,False,0,4781.381741992026,0.8320896091788853
2024-09-01 14:18:18.169,OnTrack,1142.0,-2620.0,1858.0,pos,0 days 00:01:10.219000,0 days 02:10:34.250000,11719.4083264,329.7770832,8,100.0,False,0,4810.71012889097,0.8371935409102225
2024-09-01 14:18:18.276,OnTrack,1133.9032746322493,-2709.053406455951,1857.4209512868906,car,0 days 00:01:10.326000,0 days 02:10:34.357000,11731.0,330.0,8,100.0,False,0,4820.531666666667,0.8389027538470483
2024-09-01 14:18:18.489,OnTrack,1112.0,-2949.0,1856.0,pos,0 days 00:01:10.539000,0 days 02:10:34.570000,11762.2843656,330.6656248,8,100.0,False,0,4840.1044778650685,0.8423089518248371
2024-09-01 14:18:18.596,OnTrack,1100.6756506240527,-3072.2322649945195,1855.3831417213996,car,0 days 00:01:10.646000,0 days 02:10:34.677000,11778.0,331.0,8,100.0,False,0,4849.95388888889,0.8440230154599317
2024-09-01 14:18:18.756,OnTrack,1083.850636360922,-3254.456891643977,1854.5780965354115,car,0 days 00:01:10.806000,0 days 02:10:34.837000,11801.0,332.0,8,100.0,False,0,4864.709444444446,0.8465908808005319
2024-09-01 14:18:18.870,OnTrack,1073.0,-3372.0,1854.0,pos,0 days 00:01:10.920000,0 days 02:10:34.951000,11806.7000064,332.4071433142857,8,100.0,False,0,4875.24698215358,0.8484246970710663
2024-09-01 14:18:19.036,OnTrack,1059.2477617916143,-3521.239168456163,1853.1211539380606,car,0 days 00:01:11.086000,0 days 02:10:35.117000,11815.0,333.0,8,100.0,False,0,4890.609444444446,0.8510981805813594
2024-09-01 14:18:19.250,OnTrack,1042.0,-3704.0,1852.0,pos,0 days 00:01:11.300000,0 days 02:10:35.331000,11844.95998208,333.0,8,100.0,False,0,4910.401743563679,0.8545425753876216
2024-09-01 14:18:19.436,OnTrack,1023.9373700930373,-3886.550192021047,1851.1231320052111,car,0 days 00:01:11.486000,0 days 02:10:35.517000,11871.0,333.0,8,100.0,False,0,4927.609444444445,0.8575371802682556
2024-09-01 14:18:19.716,OnTrack,998.0980201646323,-4144.214529468882,1850.0873534813702,car,0 days 00:01:11.766000,0 days 02:10:35.797000,11864.0,334.0,8,100.0,False,0,4953.587222222223,0.8620580154838605
2024-09-01 14:18:19.750,OnTrack,996.0,-4166.0,1850.0,pos,0 days 00:01:11.800000,0 days 02:10:35.831000,11850.90995072,333.65999872,8,93.02997376,False,0,4956.760868360767,0.8626103156593308
2024-09-01 14:18:20.110,OnTrack,970.0,-4403.0,1849.0,pos,0 days 00:01:12.160000,0 days 02:10:36.191000,11712.30995072,330.05999872,8,19.229973760000007,False,0,4989.742605109405,0.8683500289727843
2024-09-01 14:18:20.116,OnTrack,968.846696258947,-4412.071258289533,1848.9607488223307,car,0 days 00:01:12.166000,0 days 02:10:36.197000,11710.0,330.0,8,18.0,True,0,4990.25388888889,0.8684390061645687
2024-09-01 14:18:20.250,OnTrack,939.0,-4643.0,1848.0,pos,0 days 00:01:12.300000,0 days 02:10:36.331000,10948.925653762557,311.71032713799184,8,11.281344662935771,True,0,5001.246899912354,0.8703520870980317
2024-09-01 14:18:20.475,OnTrack,920.9489824579613,-4776.855219291662,1848.063181772198,car,0 days 00:01:12.525000,0 days 02:10:36.556000,9671.0,281.0,8,0.0,True,0,5018.275833333334,0.8733155816106227
2024-09-01 14:18:20.630,OnTrack,909.0,-4825.0,1848.0,pos,0 days 00:01:12.680000,0 days 02:10:36.711000,9395.8748864,263.17499264,8,0.0,True,0,5029.415873655087,0.8752542496145087
2024-09-01 14:18:20.675,OnTrack,902.4276366855361,-4852.586864178114,1847.7901216635,car,0 days 00:01:12.725000,0 days 02:10:36.756000,9316.0,258.0,8,0.0,True,0,5032.609166666668,0.8758099688767178
2024-09-01 14:18:20.915,OnTrack,850.4867113901328,-5071.783782363671,1845.5868104341428,car,0 days 00:01:12.965000,0 days 02:10:36.996000,10536.0,250.0,8,0.0,True,0,5049.275833333334,0.8787104191861306
2024-09-01 14:18:20.990,OnTrack,837.0,-5125.0,1845.0,pos,0 days 00:01:13.040000,0 days 02:10:37.071000,10637.785801142858,242.76785097142857,8,0.0,True,0,5054.126336488335,0.8795545377887344
2024-09-01 14:18:21.195,OnTrack,812.8925148936843,-5202.1076751458,1844.100011661689,car,0 days 00:01:13.245000,0 days 02:10:37.276000,10916.0,223.0,6,0.0,True,0,5066.620277777779,0.8817288211414596
2024-09-01 14:18:21.270,OnTrack,802.0,-5229.0,1844.0,pos,0 days 00:01:13.320000,0 days 02:10:37.351000,10923.5000064,218.87499648,6,0.37500032,True,0,5071.090043417499,0.8825066811294232
2024-09-01 14:18:21.395,OnTrack,776.6945995256247,-5288.714021889931,1844.0865709735422,car,0 days 00:01:13.445000,0 days 02:10:37.476000,10936.0,212.0,6,1.0,True,0,5078.398055555557,0.8837784726934447
2024-09-01 14:18:21.570,OnTrack,733.0,-5383.0,1844.0,pos,0 days 00:01:13.620000,0 days 02:10:37.651000,10639.472547555555,205.19445191111112,6,1.0,True,0,5088.185435571103,0.8854817412571104
2024-09-01 14:18:21.730,OnTrack,689.0,-5457.0,1843.0,pos,0 days 00:01:13.780000,0 days 02:10:37.811000,10368.361436444444,198.9722296888889,6,1.0,True,0,5096.850225269054,0.8869896487747356
2024-09-01 14:18:21.755,OnTrack,679.5681363755192,-5469.572550632785,1842.896767618993,car,0 days 00:01:13.805000,0 days 02:10:37.836000,10326.0,198.0,5,1.0,True,0,5098.198055555557,0.887224207661027
2024-09-01 14:18:21.995,OnTrack,563.1329861163919,-5598.236260075806,1842.949623884018,car,0 days 00:01:14.045000,0 days 02:10:38.076000,10128.0,192.0,5,1.0,True,0,5110.998055555557,0.8894517534986559
2024-09-01 14:18:22.030,OnTrack,550.0,-5612.0,1843.0,pos,0 days 00:01:14.080000,0 days 02:10:38.111000,10068.7186416,190.6874976,5,2.9687536,True,0,5112.822809504628,0.8897693099880271
2024-09-01 14:18:22.155,OnTrack,517.9695874305843,-5645.269750693921,1843.1664273207775,car,0 days 00:01:14.205000,0 days 02:10:38.236000,9857.0,186.0,5,10.0,False,0,5119.264722222224,0.8908903768521248
2024-09-01 14:18:22.370,OnTrack,452.0,-5685.0,1843.0,pos,0 days 00:01:14.420000,0 days 02:10:38.451000,9708.291799466666,184.20833493333333,5,34.1874784,False,0,5130.264189311092,0.8928045813154019
2024-09-01 14:18:22.395,OnTrack,435.7781682656726,-5692.946424419316,1842.896139331182,car,0 days 00:01:14.445000,0 days 02:10:38.476000,9691.0,184.0,5,37.0,False,0,5131.53138888889,0.8930251082798526
2024-09-01 14:18:22.570,OnTrack,298.0,-5757.0,1842.0,pos,0 days 00:01:14.620000,0 days 02:10:38.651000,9555.179210246117,181.38806173550225,5,45.70646088165918,False,0,5140.331591860732,0.8945565813658071
2024-09-01 14:18:22.596,OnTrack,282.2430976744233,-5764.036668416367,1841.9409823892966,car,0 days 00:01:14.646000,0 days 02:10:38.677000,9535.0,181.0,5,47.0,False,0,5141.637222222224,0.8947837963249652
2024-09-01 14:18:22.836,OnTrack,215.99357828093432,-5787.902280469926,1842.558208756188,car,0 days 00:01:14.886000,0 days 02:10:38.917000,9788.0,181.0,5,57.0,False,0,5153.703888888891,0.89688372234898
2024-09-01 14:18:22.989,OnTrack,162.0,-5791.0,1843.0,pos,0 days 00:01:15.039000,0 days 02:10:39.070000,9807.124992,181.0,5,63.6937472,False,0,5161.392985947113,0.8982218329854774
2024-09-01 14:18:22.996,OnTrack,158.34228031081574,-5791.214130034077,1843.0093814039801,car,0 days 00:01:15.046000,0 days 02:10:39.077000,9808.0,181.0,5,64.0,False,0,5161.748333333336,0.8982836730316566
2024-09-01 14:18:23.156,OnTrack,48.969631292674514,-5797.576120663654,1842.988711459583,car,0 days 00:01:15.206000,0 days 02:10:39.237000,10108.0,185.0,5,83.0,False,0,5169.970555555557,0.8997145618509668
2024-09-01 14:18:23.249,OnTrack,-12.0,-5800.0,1843.0,pos,0 days 00:01:15.299000,0 days 02:10:39.330000,10223.6686704,186.1624992,5,84.7437488,False,0,5174.790475118294,0.9005533580821918
2024-09-01 14:18:23.316,OnTrack,-47.24814320437726,-5800.405808154068,1843.0869551452258,car,0 days 00:01:15.366000,0 days 02:10:39.397000,10307.0,187.0,5,86.0,False,0,5178.2816666666695,0.9011609197385941
2024-09-01 14:18:23.596,OnTrack,-149.55487518548637,-5785.694499492143,1843.894399485668,car,0 days 00:01:15.646000,0 days 02:10:39.677000,10411.0,191.0,5,83.0,False,0,5193.137222222225,0.9037461877810508
2024-09-01 14:18:23.669,OnTrack,-192.0,-5774.0,1844.0,pos,0 days 00:01:15.719000,0 days 02:10:39.750000,10542.3998848,194.1937472,5,83.0,False,0,5197.1237774950205,0.904439956109519
2024-09-01 14:18:23.756,OnTrack,-256.2667277324977,-5755.16396113273,1844.0276986966187,car,0 days 00:01:15.806000,0 days 02:10:39.837000,10699.0,198.0,5,83.0,False,0,5201.9372222222255,0.9052776255444208
2024-09-01 14:18:23.849,OnTrack,-330.0,-5732.0,1844.0,pos,0 days 00:01:15.899000,0 days 02:10:39.930000,10699.0,200.78999808,5,83.0,False,0,5207.148219627083,0.9061844798865368
2024-09-01 14:18:23.956,OnTrack,-405.7131361902172,-5705.376163581084,1843.9776065770582,car,0 days 00:01:16.006000,0 days 02:10:40.037000,10699.0,204.0,5,83.0,False,0,5213.270555555559,0.9072499317548216
2024-09-01 14:18:24.829,OnTrack,-786.0,-5447.0,1845.0,pos,0 days 00:01:16.879000,0 days 02:10:40.910000,11855.7249152,227.80908916363637,5,99.86477149090909,False,0,5268.551851540474,0.9168703708774727
2024-09-01 14:18:24.836,OnTrack,-789.0713582086742,-5444.057223761009,1845.0280351428692,car,0 days 00:01:16.886000,0 days 02:10:40.917000,11865.0,228.0,5,100.0,False,0,5269.003888888892,0.9169490375894979
2024-09-01 14:18:25.036,OnTrack,-879.7756570581851,-5353.3679671313475,1845.8855429499565,car,0 days 00:01:17.086000,0 days 02:10:41.117000,10908.0,233.0,5,100.0,False,0,5281.948333333336,0.9192017206631418
2024-09-01 14:18:25.089,OnTrack,-903.0,-5328.0,1846.0,pos,0 days 00:01:17.139000,0 days 02:10:41.170000,10954.8718184,234.3249984,5,100.0,False,0,5285.437044116668,0.9198088505993998
2024-09-01 14:18:25.270,OnTrack,-978.0,-5237.0,1846.0,pos,0 days 00:01:17.320000,0 days 02:10:41.351000,11114.9438632,238.8500032,5,100.0,False,0,5297.563910155217,0.9219192529406227
2024-09-01 14:18:25.356,OnTrack,-1013.5228531301518,-5188.694379797292,1846.1226527557067,car,0 days 00:01:17.406000,0 days 02:10:41.437000,11191.0,241.0,6,100.0,False,0,5303.370555555558,0.9229297661275069
2024-09-01 14:18:25.596,OnTrack,-1109.0336039800382,-5043.2139451878875,1846.949551310505,car,0 days 00:01:17.646000,0 days 02:10:41.677000,11347.0,245.0,6,100.0,False,0,5319.703888888892,0.9257722074307315
2024-09-01 14:18:25.610,OnTrack,-1114.0,-5035.0,1847.0,pos,0 days 00:01:17.660000,0 days 02:10:41.691000,11356.411025066667,245.3499968,6,100.0,False,0,5320.671976383768,0.9259406808111746
2024-09-01 14:18:25.910,OnTrack,-1206.0,-4863.0,1848.0,pos,0 days 00:01:17.960000,0 days 02:10:41.991000,11558.077863822222,252.8500032,6,100.0,False,0,5341.833123128605,0.9296232920885901
2024-09-01 14:18:25.956,OnTrack,-1219.1941140058307,-4834.512739214099,1848.1266572945544,car,0 days 00:01:18.006000,0 days 02:10:42.037000,11589.0,254.0,6,100.0,False,0,5345.103888888892,0.9301924937022765
2024-09-01 14:18:26.196,OnTrack,-1285.4118053814846,-4675.449278929744,1848.9184883079363,car,0 days 00:01:18.246000,0 days 02:10:42.277000,11847.0,257.0,6,100.0,False,0,5362.237222222225,0.9331741566203529
2024-09-01 14:18:26.210,OnTrack,-1289.0,-4666.0,1849.0,pos,0 days 00:01:18.260000,0 days 02:10:42.291000,11815.8502848,257.3499968,6,100.0,False,0,5363.246925650406,0.9333498722975939
2024-09-01 14:18:26.350,OnTrack,-1323.0,-4571.0,1850.0,pos,0 days 00:01:18.400000,0 days 02:10:42.431000,11504.3497152,260.8500032,6,100.0,False,0,5373.401582282008,0.9351170569157405
2024-09-01 14:18:26.356,OnTrack,-1324.3855351328111,-4566.889917520505,1850.042288916549,car,0 days 00:01:18.406000,0 days 02:10:42.437000,11491.0,261.0,6,100.0,False,0,5373.837222222224,0.9351928700357041
2024-09-01 14:18:26.510,OnTrack,-1358.0,-4460.0,1851.0,pos,0 days 00:01:18.560000,0 days 02:10:42.591000,10633.4117872,261.9625008,6,100.0,False,0,5385.041445537696,0.9371427076146294
2024-09-01 14:18:26.516,OnTrack,-1359.2339345751382,-4455.775315813183,1851.0315928127454,car,0 days 00:01:18.566000,0 days 02:10:42.597000,10600.0,262.0,6,100.0,False,0,5385.481666666668,0.9372193179852137
2024-09-01 14:18:26.750,OnTrack,-1403.0,-4288.0,1852.0,pos,0 days 00:01:18.800000,0 days 02:10:42.831000,10798.9001088,267.1187528,6,100.0,False,0,5402.923570043902,0.9402546804280485
2024-09-01 14:18:26.836,OnTrack,-1417.0189918736205,-4225.585783422009,1852.3242080610853,car,0 days 00:01:18.886000,0 days 02:10:42.917000,10872.0,269.0,7,100.0,False,0,5409.39277777778,0.9413804973624513
2024-09-01 14:18:27.010,OnTrack,-1442.0,-4097.0,1853.0,pos,0 days 00:01:19.060000,0 days 02:10:43.091000,10975.789380685412,270.74435933925065,7,100.0,False,0,5422.503586287523,0.9436621322783755
2024-09-01 14:18:27.230,OnTrack,-1468.0,-3906.0,1854.0,pos,0 days 00:01:19.280000,0 days 02:10:43.311000,11107.01758251347,272.94987533636083,7,100.0,False,0,5439.264634416268,0.9465790075122416
2024-09-01 14:18:27.235,OnTrack,-1468.5735474211233,-3900.1640246729585,1854.0267541458638,car,0 days 00:01:19.285000,0 days 02:10:43.316000,11110.0,273.0,7,100.0,False,0,5439.65027777778,0.9466461198766747
2024-09-01 14:18:27.410,OnTrack,-1487.0,-3675.0,1855.0,pos,0 days 00:01:19.460000,0 days 02:10:43.491000,11210.0780152,277.3749952,7,100.0,False,0,5453.280277915341,0.9490181081636518
2024-09-01 14:18:27.555,OnTrack,-1493.598187714822,-3575.254821602398,1855.5118564259396,car,0 days 00:01:19.605000,0 days 02:10:43.636000,11293.0,281.0,7,100.0,False,0,5464.628055555557,0.9509929280737146
2024-09-01 14:18:27.715,OnTrack,-1494.6635692761233,-3520.389120475215,1855.8949880045077,car,0 days 00:01:19.765000,0 days 02:10:43.796000,11388.0,281.0,7,100.0,False,0,5477.116944444447,0.9531663321722348
2024-09-01 14:18:27.750,OnTrack,-1495.0,-3502.0,1856.0,pos,0 days 00:01:19.800000,0 days 02:10:43.831000,11402.1944704,281.5833344,7,100.0,False,0,5479.869980476165,0.9536454348248361
2024-09-01 14:18:27.990,OnTrack,-1498.0,-3312.0,1857.0,pos,0 days 00:01:20.040000,0 days 02:10:44.071000,11499.527803733334,285.5833344,7,100.0,False,0,5498.996682686196,0.956973997785424
2024-09-01 14:18:28.075,OnTrack,-1498.6453526199775,-3220.6748216421847,1857.5400742293625,car,0 days 00:01:20.125000,0 days 02:10:44.156000,11534.0,287.0,7,100.0,False,0,5505.816944444447,0.9581609076050436
2024-09-01 14:18:28.290,OnTrack,-1499.0,-2991.0,1859.0,pos,0 days 00:01:20.340000,0 days 02:10:44.371000,11651.17489536,289.14999808,7,100.0,False,0,5523.115296770031,0.9611712882863479
2024-09-01 14:18:28.475,OnTrack,-1498.2216345513327,-2902.3007952429048,1859.6018037764522,car,0 days 00:01:20.525000,0 days 02:10:44.556000,11752.0,291.0,7,100.0,False,0,5538.15027777778,0.9637877812053043
2024-09-01 14:18:28.610,OnTrack,-1496.0,-2812.0,1860.0,pos,0 days 00:01:20.660000,0 days 02:10:44.691000,11117.018760228571,293.89285302857144,7,100.0,False,0,5549.258676387851,0.965720942696444
2024-09-01 14:18:28.755,OnTrack,-1491.411123387584,-2627.15686240856,1860.6534004377324,car,0 days 00:01:20.805000,0 days 02:10:44.836000,10435.0,297.0,8,100.0,False,0,5561.25027777778,0.9678078053341505
2024-09-01 14:18:28.830,OnTrack,-1489.0,-2534.0,1861.0,pos,0 days 00:01:20.880000,0 days 02:10:44.911000,10474.3750336,297.3125002666667,8,100.0,False,0,5567.4476118094,0.9688863088987233
2024-09-01 14:18:28.995,OnTrack,-1484.9274612178228,-2393.7595946132096,1861.6551412411145,car,0 days 00:01:21.045000,0 days 02:10:45.076000,10561.0,298.0,8,100.0,False,0,5581.116944444446,0.9712651421029704
2024-09-01 14:18:29.236,OnTrack,-1480.5009425664102,-2289.7019844017104,1862.5318943061754,car,0 days 00:01:21.286000,0 days 02:10:45.317000,10775.0,302.0,8,100.0,False,0,5601.334166666669,0.9747834850099653
2024-09-01 14:18:29.329,OnTrack,-1478.0,-2232.0,1863.0,pos,0 days 00:01:21.379000,0 days 02:10:45.410000,10807.88212022857,302.66428525714286,8,100.0,False,0,5609.172427526122,0.9761475541780688
2024-09-01 14:18:29.489,OnTrack,-1472.0,-2098.0,1864.0,pos,0 days 00:01:21.539000,0 days 02:10:45.570000,10864.4535488,303.8071424,8,100.0,False,0,5622.692115146186,0.9785003451065154
2024-09-01 14:18:29.516,OnTrack,-1470.5573141043044,-2069.472388346447,1864.192231208005,car,0 days 00:01:21.566000,0 days 02:10:45.597000,10874.0,304.0,8,100.0,False,0,5624.9786111111125,0.978898257182252
2024-09-01 14:18:29.716,OnTrack,-1456.9741482204474,-1825.8151231451036,1865.7527104252765,car,0 days 00:01:21.766000,0 days 02:10:45.797000,10925.0,306.0,8,100.0,False,0,5641.9786111111125,0.9818567164978531
2024-09-01 14:18:29.749,OnTrack,-1455.0,-1792.0,1866.0,pos,0 days 00:01:21.799000,0 days 02:10:45.830000,10938.1999744,306.4124992,8,100.0,False,0,5644.801615930714,0.9823479956100024
2024-09-01 14:18:30.036,OnTrack,-1443.7276439761906,-1612.4465720145188,1867.78055575715,car,0 days 00:01:22.086000,0 days 02:10:46.117000,11053.0,310.0,8,100.0,False,0,5669.534166666669,0.9866521276760823
2024-09-01 14:18:30.149,OnTrack,-1439.0,-1534.0,1868.0,pos,0 days 00:01:22.199000,0 days 02:10:46.230000,11062.60499456,310.56499968,8,100.0,False,0,5679.292012495143,0.9883502564932264
2024-09-01 14:18:30.189,OnTrack,-1437.0,-1500.0,1868.0,pos,0 days 00:01:22.239000,0 days 02:10:46.270000,11066.00499456,310.76499968,8,100.0,False,0,5682.748148515466,0.9889517175405974
2024-09-01 14:18:30.236,OnTrack,-1434.2411095312245,-1457.0033181216318,1868.0515963688788,car,0 days 00:01:22.286000,0 days 02:10:46.317000,11070.0,311.0,8,100.0,False,0,5686.811944444447,0.9896589278301737
2024-09-01 14:18:30.396,OnTrack,-1421.867191014002,-1291.1764298779724,1868.679768614081,car,0 days 00:01:22.446000,0 days 02:10:46.477000,11107.0,312.0,8,100.0,False,0,5700.678611111114,0.9920721024876052
2024-09-01 14:18:30.469,OnTrack,-1416.0,-1215.0,1869.0,pos,0 days 00:01:22.519000,0 days 02:10:46.550000,11126.390608,312.6843744,8,100.0,False,0,5707.038091069221,0.993178823824337
2024-09-01 14:18:30.716,OnTrack,-1397.3509397034475,-970.9935618917343,1869.900969017841,car,0 days 00:01:22.766000,0 days 02:10:46.797000,11192.0,315.0,8,100.0,False,0,5728.678611111113,0.9969448590074185
2024-09-01 14:18:30.749,OnTrack,-1395.0,-940.0,1870.0,pos,0 days 00:01:22.799000,0 days 02:10:46.830000,11206.8499712,315.16499968,8,100.0,False,0,5731.573983294964,0.9974487319962094
2024-09-01 14:18:30.916,OnTrack,-1383.6111305450552,-788.9601870138035,1870.424015585856,car,0 days 00:01:22.966000,0 days 02:10:46.997000,11282.0,316.0,8,100.0,False,0,5746.234166666669,1.0
