Date,Status,X,Y,Z,Source,Time,SessionTime,RPM,Speed,nGear,Throttle,Brake,DRS,Distance,RelativeDistance
2024-09-01 14:15:02.910,OnTrack,-1376.0,-700.0,1871.0,pos,0 days 00:00:00,0 days 02:07:18.991000,11294.0,318.0,8,99.0,False,0,,
2024-09-01 14:15:02.955,OnTrack,-1372.3480027586418,-659.1114691050947,1871.2444621478833,car,0 days 00:00:00.045000,0 days 02:07:19.036000,11294.0,318.0,8,99.0,False,0,8.656666666666666,0.0015062894253639243
2024-09-01 14:15:03.090,OnTrack,-1362.0,-542.0,1872.0,pos,0 days 00:00:00.180000,0 days 02:07:19.171000,11326.6249536,318.8437488,8,99.0,False,0,20.663668957108236,0.003595548637579468
2024-09-01 14:15:03.430,OnTrack,-1335.0,-232.0,1874.0,pos,0 days 00:00:00.520000,0 days 02:07:19.511000,11408.791682133333,320.9687504,8,99.0,False,0,51.00928476096589,0.008875788936944948
2024-09-01 14:15:03.435,OnTrack,-1334.4221368810336,-225.49800156745366,1874.0287319788558,car,0 days 00:00:00.525000,0 days 02:07:19.516000,11410.0,321.0,8,99.0,False,0,51.45666666666666,0.008953634909257952
2024-09-01 14:15:03.610,OnTrack,-1312.0,25.0,1875.0,pos,0 days 00:00:00.700000,0 days 02:07:19.691000,11443.011327418182,321.79545367272726,8,99.0,False,0,67.13583147356667,0.011681862881591992
2024-09-01 14:15:03.875,OnTrack,-1292.0800225019689,248.86077705214294,1876.272169597282,car,0 days 00:00:00.965000,0 days 02:07:19.956000,11493.0,323.0,8,99.0,False,0,90.93444444444444,0.015822902433732376
2024-09-01 14:15:04.030,OnTrack,-1282.0,365.0,1877.0,pos,0 days 00:00:01.120000,0 days 02:07:20.111000,11514.3125088,323.6458336,8,99.0,False,0,104.87145923167766,0.018247990380804
2024-09-01 14:15:04.115,OnTrack,-1275.2229088687973,443.8200481679586,1877.4157455046102,car,0 days 00:00:01.205000,0 days 02:07:20.196000,11526.0,324.0,8,99.0,False,0,112.53444444444443,0.019581375855510667
2024-09-01 14:15:04.395,OnTrack,-1249.1338156087888,749.4644717617454,1878.7339911095328,car,0 days 00:00:01.485000,0 days 02:07:20.476000,11551.0,326.0,8,99.0,False,0,137.89,0.02399332870967634
2024-09-01 14:15:04.490,OnTrack,-1242.0,833.0,1879.0,pos,0 days 00:00:01.580000,0 days 02:07:20.571000,11567.14996736,326.0,8,99.0,False,0,146.49058544145333,0.025489859811224293
2024-09-01 14:15:04.595,OnTrack,-1235.7033741860337,906.5663744936355,1879.1561346224498,car,0 days 00:00:01.685000,0 days 02:07:20.676000,11585.0,326.0,8,99.0,False,0,156.0011111111111,0.027144723605508965
2024-09-01 14:15:04.795,OnTrack,-1226.927541872663,1008.1416555423126,1879.3076355547373,car,0 days 00:00:01.885000,0 days 02:07:20.876000,11616.0,327.0,8,99.0,False,0,174.16777777777776,0.030305785356850277
2024-09-01 14:15:04.910,OnTrack,-1220.0,1087.0,1880.0,pos,0 days 00:00:02,0 days 02:07:20.991000,11631.86208734019,327.3605019850043,8,99.0,False,0,184.6343307282453,0.0321270011476821
2024-09-01 14:15:05.010,OnTrack,-1212.0,1178.0,1881.0,pos,0 days 00:00:02.100000,0 days 02:07:21.091000,11645.655163779911,327.673980994998,8,99.0,False,0,193.74634684295398,0.03371252292480933
2024-09-01 14:15:05.114,OnTrack,-1199.9364596339403,1318.2807427824837,1881.9971946533203,car,0 days 00:00:02.204000,0 days 02:07:21.195000,11660.0,328.0,8,99.0,False,0,203.23222222222222,0.03536309748477603
2024-09-01 14:15:05.249,OnTrack,-1184.0,1505.0,1883.0,pos,0 days 00:00:02.339000,0 days 02:07:21.330000,11675.854089210017,328.4804269457581,8,99.0,False,0,215.5596170925511,0.03750810609495645
2024-09-01 14:15:05.395,OnTrack,-1175.682643801777,1601.1318715275534,1883.5238757643915,car,0 days 00:00:02.485000,0 days 02:07:21.476000,11693.0,329.0,8,99.0,False,0,228.91249999999997,0.03983155310938998
2024-09-01 14:15:05.569,OnTrack,-1168.0,1688.0,1884.0,pos,0 days 00:00:02.659000,0 days 02:07:21.650000,11716.48998272,329.86999936,8,99.0,False,0,244.85966160484705,0.04260641343552985
2024-09-01 14:15:05.595,OnTrack,-1165.972432195872,1711.167454597113,1884.1241549607923,car,0 days 00:00:02.685000,0 days 02:07:21.676000,11720.0,330.0,8,99.0,False,0,247.2458333333333,0.04302161542725737
2024-09-01 14:15:05.835,OnTrack,-1138.9838863620562,2021.0674738869784,1885.710242635487,car,0 days 00:00:02.925000,0 days 02:07:21.916000,11772.0,331.0,8,99.0,False,0,269.3125,0.04686129043530865
2024-09-01 14:15:05.889,OnTrack,-1133.0,2090.0,1886.0,pos,0 days 00:00:02.979000,0 days 02:07:21.970000,11770.842859885714,331.1928566857143,8,99.0,False,0,274.2875696367332,0.04772696946314004
2024-09-01 14:15:06.115,OnTrack,-1112.1347450759133,2331.400695936289,1886.6594249222474,car,0 days 00:00:03.205000,0 days 02:07:22.196000,11766.0,332.0,8,99.0,False,0,295.1347222222222,0.05135444487574731
2024-09-01 14:15:06.249,OnTrack,-1103.0,2439.0,1887.0,pos,0 days 00:00:03.339000,0 days 02:07:22.330000,11786.0999808,332.0,8,99.0,False,0,307.49325872890455,0.05350487223650853
2024-09-01 14:15:06.315,OnTrack,-1099.396279212764,2482.3451362365545,1887.2251545788165,car,0 days 00:00:03.405000,0 days 02:07:22.396000,11796.0,332.0,8,99.0,False,0,313.57916666666665,0.054563840904632066
2024-09-01 14:15:06.555,OnTrack,-1090.1626933496516,2597.993825715477,1888.3242616558314,car,0 days 00:00:03.645000,0 days 02:07:22.636000,11823.0,332.0,8,99.0,False,0,335.7125,0.058415116139293774
2024-09-01 14:15:06.709,OnTrack,-1080.0,2716.0,1889.0,pos,0 days 00:00:03.799000,0 days 02:07:22.790000,11837.24498816,332.38499968,8,99.0,False,0,349.9391194741086,0.06089059628629335
2024-09-01 14:15:06.955,OnTrack,-1053.5518471040918,3012.380786072735,1889.9366950658623,car,0 days 00:00:04.045000,0 days 02:07:23.036000,11860.0,333.0,8,99.0,False,0,372.7125,0.06485324190808067
2024-09-01 14:15:06.969,OnTrack,-1052.0,3030.0,1890.0,pos,0 days 00:00:04.059000,0 days 02:07:23.050000,11860.9624912,333.0437496,8,99.0,False,0,374.0102858008449,0.06507906104880459
2024-09-01 14:15:07.275,OnTrack,-1021.8464941129007,3382.1899911404394,1891.7129174490383,car,0 days 00:00:04.365000,0 days 02:07:23.356000,11882.0,334.0,8,99.0,False,0,402.4013888888889,0.0700192094919241
2024-09-01 14:15:07.329,OnTrack,-1018.0,3428.0,1892.0,pos,0 days 00:00:04.419000,0 days 02:07:23.410000,11878.625008,334.0,8,99.0,False,0,407.40734240532504,0.07089026241980292
2024-09-01 14:15:07.515,OnTrack,-1009.040379349701,3536.0873216692094,1892.8538860870635,car,0 days 00:00:04.605000,0 days 02:07:23.596000,11867.0,334.0,8,99.0,False,0,424.6680555555556,0.07389368517980666
2024-09-01 14:15:07.675,OnTrack,-1002.8926036713433,3610.1764853920477,1893.488064780049,car,0 days 00:00:04.765000,0 days 02:07:23.756000,11916.0,336.0,8,99.0,False,0,439.6013888888889,0.07649213594054226
2024-09-01 14:15:07.790,OnTrack,-993.0,3725.0,1894.0,pos,0 days 00:00:04.880000,0 days 02:07:23.871000,11911.892854857142,335.5892854857143,8,99.0,False,0,450.31883296835724,0.07835700764063842
2024-09-01 14:15:07.955,OnTrack,-971.8747958246569,3967.5839830000386,1894.8200311664593,car,0 days 00:00:05.045000,0 days 02:07:24.036000,11906.0,335.0,8,99.0,False,0,465.6569444444445,0.08102589117411743
2024-09-01 14:15:07.990,OnTrack,-968.0,4012.0,1895.0,pos,0 days 00:00:05.080000,0 days 02:07:24.071000,11905.47499904,334.82499968,8,99.0,False,0,468.9054146414787,0.08159113603045966
2024-09-01 14:15:08.155,OnTrack,-956.4996910189204,4143.758605032793,1895.8604537206947,car,0 days 00:00:05.245000,0 days 02:07:24.236000,11903.0,334.0,8,99.0,False,0,484.2125000000001,0.08425462091401957
2024-09-01 14:15:08.370,OnTrack,-947.0,4253.0,1897.0,pos,0 days 00:00:05.460000,0 days 02:07:24.451000,11902.40277831111,334.5972216888889,8,99.0,False,0,504.2240806035778,0.08773670396153442
2024-09-01 14:15:08.515,OnTrack,-935.2267848650731,4388.979628556573,1897.7591164176806,car,0 days 00:00:05.605000,0 days 02:07:24.596000,11902.0,335.0,8,99.0,False,0,517.7125000000001,0.09008373478575905
2024-09-01 14:15:08.610,OnTrack,-927.0,4485.0,1898.0,pos,0 days 00:00:05.700000,0 days 02:07:24.691000,11872.9063088,334.4062512,8,99.0,False,0,526.528514617599,0.09161775129623378
2024-09-01 14:15:08.675,OnTrack,-921.7575760583053,4546.9753471818385,1897.9649018739924,car,0 days 00:00:05.765000,0 days 02:07:24.756000,11853.0,334.0,8,99.0,False,0,532.5569444444444,0.09266671857768075
2024-09-01 14:15:08.790,OnTrack,-913.0,4651.0,1898.0,pos,0 days 00:00:05.880000,0 days 02:07:24.871000,11848.97499776,334.0,8,99.0,False,0,543.2243869074606,0.09452288982655091
2024-09-01 14:15:08.875,OnTrack,-906.6447440869649,4725.449727796088,1898.710019797913,car,0 days 00:00:05.965000,0 days 02:07:24.956000,11846.0,334.0,8,99.0,False,0,551.1125,0.09589544831758287
2024-09-01 14:15:08.990,OnTrack,-898.0,4826.0,1900.0,pos,0 days 00:00:06.080000,0 days 02:07:25.071000,11812.732124342858,334.0,8,99.0,False,0,561.791541894339,0.0977536379069315
2024-09-01 14:15:09.155,OnTrack,-885.0372142331461,4977.4111773276845,1900.8922811901173,car,0 days 00:00:06.245000,0 days 02:07:25.236000,11765.0,334.0,8,99.0,False,0,577.0902777777777,0.10041566995344586
2024-09-01 14:15:09.230,OnTrack,-879.0,5048.0,1901.0,pos,0 days 00:00:06.320000,0 days 02:07:25.311000,11761.2499968,333.0624992,8,99.0,False,0,584.0160471291377,0.10162077736235574
2024-09-01 14:15:09.315,OnTrack,-872.0831648521784,5128.845142301012,1900.9357829915693,car,0 days 00:00:06.405000,0 days 02:07:25.396000,11757.0,332.0,8,99.0,False,0,591.8458333333333,0.10298318677655367
2024-09-01 14:15:09.410,OnTrack,-864.0,5222.0,1901.0,pos,0 days 00:00:06.500000,0 days 02:07:25.491000,11735.285758171429,331.32142994285715,8,99.0,False,0,600.5756233070447,0.10450219990590093
2024-09-01 14:15:09.595,OnTrack,-846.740724800868,5414.329272007484,1902.5658768520086,car,0 days 00:00:06.685000,0 days 02:07:25.676000,11693.0,330.0,8,99.0,False,0,617.5125,0.10744927402156802
2024-09-01 14:15:09.650,OnTrack,-842.0,5468.0,1903.0,pos,0 days 00:00:06.740000,0 days 02:07:25.731000,11678.104218666667,329.54166826666665,8,99.0,False,0,622.5319095779589,0.10832266834989106
2024-09-01 14:15:09.835,OnTrack,-828.7949860307754,5625.1732319770435,1903.621714810804,car,0 days 00:00:06.925000,0 days 02:07:25.916000,11628.0,328.0,8,99.0,False,0,639.3791666666666,0.111254148349788
2024-09-01 14:15:10.030,OnTrack,-816.0,5777.0,1904.0,pos,0 days 00:00:07.120000,0 days 02:07:26.111000,11601.458324622223,327.4583331555556,8,99.0,False,0,657.129783889252,0.11434281608364205
2024-09-01 14:15:10.190,OnTrack,-803.0,5922.0,1905.0,pos,0 days 00:00:07.280000,0 days 02:07:26.271000,11579.680546844444,327.0138887111111,8,99.0,False,0,671.6279061106699,0.11686553863155372
2024-09-01 14:15:10.195,OnTrack,-802.5091373502487,5927.723032841618,1905.0410236985574,car,0 days 00:00:07.285000,0 days 02:07:26.276000,11579.0,327.0,8,99.0,False,0,672.0791666666667,0.11694405950220237
2024-09-01 14:15:10.410,OnTrack,-779.0,6214.0,1907.0,pos,0 days 00:00:07.500000,0 days 02:07:26.491000,11511.513949155556,324.6111132444444,8,99.0,False,0,691.3840137059573,0.12030316850723335
2024-09-01 14:15:10.555,OnTrack,-769.553520351509,6328.269142688915,1907.601670841123,car,0 days 00:00:07.645000,0 days 02:07:26.636000,11466.0,323.0,8,99.0,False,0,704.3791666666667,0.12256436929495418
2024-09-01 14:15:10.730,OnTrack,-761.0,6429.0,1908.0,pos,0 days 00:00:07.820000,0 days 02:07:26.811000,11441.9375264,323.0,8,99.0,False,0,720.1051181594609,0.12530073830966906
2024-09-01 14:15:10.875,OnTrack,-750.2865768724956,6556.104319969229,1908.7050664750143,car,0 days 00:00:07.965000,0 days 02:07:26.956000,11422.0,323.0,8,99.0,False,0,733.0902777777778,0.12756020022184467
2024-09-01 14:15:10.930,OnTrack,-746.0,6607.0,1909.0,pos,0 days 00:00:08.020000,0 days 02:07:27.011000,11414.928596114285,322.41071634285714,8,99.0,False,0,737.9889345485279,0.12841258315125573
2024-09-01 14:15:11.130,OnTrack,-731.0,6785.0,1910.0,pos,0 days 00:00:08.220000,0 days 02:07:27.211000,11389.2143104,320.2678592,8,99.0,False,0,755.748052551646,0.1315027300498179
2024-09-01 14:15:11.155,OnTrack,-729.1661326489195,6806.753276188302,1910.1051120772809,car,0 days 00:00:08.245000,0 days 02:07:27.236000,11386.0,320.0,8,99.0,False,0,757.9791666666666,0.13189095148973734
2024-09-01 14:15:11.370,OnTrack,-713.0,6998.0,1911.0,pos,0 days 00:00:08.460000,0 days 02:07:27.451000,11369.107157942857,319.23214354285716,8,99.76785645714286,False,0,777.1926252616265,0.13523415859481117
2024-09-01 14:15:11.435,OnTrack,-707.4755824486055,7062.871981258433,1911.422556946241,car,0 days 00:00:08.525000,0 days 02:07:27.516000,11364.0,319.0,8,100.0,True,0,782.7902777777776,0.13620816915991785
2024-09-01 14:15:11.595,OnTrack,-693.2164544053326,7229.929333822763,1912.669325667784,car,0 days 00:00:08.685000,0 days 02:07:27.676000,10944.0,294.0,8,0.0,True,0,795.8569444444444,0.13848181357556152
2024-09-01 14:15:11.669,OnTrack,-688.0,7292.0,1913.0,pos,0 days 00:00:08.759000,0 days 02:07:27.750000,10486.125792,282.9000192,8,0.0,True,0,801.4807404799964,0.13946037320190988
2024-09-01 14:15:11.835,OnTrack,-680.5094780578498,7384.774228566831,1912.968493513063,car,0 days 00:00:08.925000,0 days 02:07:27.916000,9459.0,258.0,8,0.0,True,0,813.0569444444444,0.14147467204105166
2024-09-01 14:15:11.949,OnTrack,-676.0,7441.0,1913.0,pos,0 days 00:00:09.039000,0 days 02:07:28.030000,9597.2248448,241.47001856,8,0.0,True,0,820.1377705972163,0.14270675986046952
2024-09-01 14:15:12.149,OnTrack,-666.0,7561.0,1914.0,pos,0 days 00:00:09.239000,0 days 02:07:28.230000,9839.7248448,212.47001856,8,0.0,True,0,831.0080317362955,0.14459822224838703
2024-09-01 14:15:12.235,OnTrack,-662.0475879358745,7608.075401530665,1914.5476836942798,car,0 days 00:00:09.325000,0 days 02:07:28.316000,9944.0,200.0,8,0.0,True,0,835.2791666666667,0.14534141424452726
2024-09-01 14:15:12.329,OnTrack,-658.0,7656.0,1915.0,pos,0 days 00:00:09.419000,0 days 02:07:28.410000,10147.144167822222,189.2944590222222,8,0.0,True,0,839.6977692644714,0.1461102661160666
2024-09-01 14:15:12.589,OnTrack,-647.0,7780.0,1915.0,pos,0 days 00:00:09.679000,0 days 02:07:28.670000,10709.03305671111,159.6833479111111,8,0.0,True,0,850.9263773158768,0.1480640820848061
2024-09-01 14:15:12.595,OnTrack,-646.7366399415105,7782.677545629586,1915.0117858860679,car,0 days 00:00:09.685000,0 days 02:07:28.676000,10722.0,159.0,8,0.0,True,0,851.1791666666667,0.14810806829111406
2024-09-01 14:15:12.849,OnTrack,-635.0,7889.0,1916.0,pos,0 days 00:00:09.939000,0 days 02:07:28.930000,10304.4877104,148.6812552,8,0.0,True,0,861.6259372541715,0.14992584188354705
2024-09-01 14:15:12.915,OnTrack,-631.7841987286924,7915.226490541316,1916.0048988788812,car,0 days 00:00:10.005000,0 days 02:07:28.996000,10196.0,146.0,5,0.0,True,0,864.1569444444444,0.15036624573794383
2024-09-01 14:15:12.969,OnTrack,-629.0,7936.0,1916.0,pos,0 days 00:00:10.059000,0 days 02:07:29.050000,10203.4249824,142.2875088,5,0.0,True,0,866.1535464678275,0.15071366127677502
2024-09-01 14:15:13.235,OnTrack,-612.0511658284918,8026.625361856757,1916.9279706538887,car,0 days 00:00:10.325000,0 days 02:07:29.316000,10240.0,124.0,2,0.0,True,0,875.1791666666667,0.15228414987086772
2024-09-01 14:15:13.249,OnTrack,-611.0,8031.0,1917.0,pos,0 days 00:00:10.339000,0 days 02:07:29.330000,10167.2006656,123.0375088,2,0.0,True,0,875.630797474853,0.1523627351666559
2024-09-01 14:15:13.395,OnTrack,-599.0196440097396,8074.691578320319,1917.793605899687,car,0 days 00:00:10.485000,0 days 02:07:29.476000,9408.0,113.0,2,0.0,True,0,880.2013888888889,0.15315803360885322
2024-09-01 14:15:13.449,OnTrack,-594.0,8090.0,1918.0,pos,0 days 00:00:10.539000,0 days 02:07:29.530000,9246.386097371429,110.87857645714286,2,0.0,True,0,881.8054172954461,0.1534371400039376
2024-09-01 14:15:13.675,OnTrack,-569.2222156498508,8149.245984389581,1918.0638280458788,car,0 days 00:00:10.765000,0 days 02:07:29.756000,8570.0,102.0,2,0.0,True,0,888.1347222222222,0.154538460575494
2024-09-01 14:15:13.749,OnTrack,-560.0,8167.0,1918.0,pos,0 days 00:00:10.839000,0 days 02:07:29.830000,8387.7753152,100.1500032,2,0.0,True,0,890.1752466080832,0.15489351875469534
2024-09-01 14:15:13.835,OnTrack,-548.6688435443167,8186.612613043389,1917.9570908108105,car,0 days 00:00:10.925000,0 days 02:07:29.916000,8176.0,98.0,2,0.0,True,0,892.4902777777778,0.15529634204737522
2024-09-01 14:15:13.869,OnTrack,-544.0,8194.0,1918.0,pos,0 days 00:00:10.959000,0 days 02:07:29.950000,8082.1816032,96.8312544,2,0.0,True,0,893.3723378911708,0.1554498235053659
2024-09-01 14:15:14.069,OnTrack,-512.0,8234.0,1919.0,pos,0 days 00:00:11.159000,0 days 02:07:30.150000,7530.3066032,89.9562544,2,0.0,True,0,898.2172426213245,0.15629285339700158
2024-09-01 14:15:14.155,OnTrack,-492.36824411692237,8251.146025932223,1919.4085238610608,car,0 days 00:00:11.245000,0 days 02:07:30.236000,7293.0,87.0,2,0.0,True,0,900.2236111111112,0.15664196833418476
2024-09-01 14:15:14.349,OnTrack,-444.0,8285.0,1920.0,pos,0 days 00:00:11.439000,0 days 02:07:30.430000,6920.243103085714,83.53571657142857,2,0.0,True,0,904.679881089813,0.1574173744580375
2024-09-01 14:15:14.435,OnTrack,-428.7236184072922,8293.684285920168,1920.1007676851143,car,0 days 00:00:11.525000,0 days 02:07:30.516000,6755.0,82.0,2,0.0,True,0,906.6013888888889,0.15775172334658225
2024-09-01 14:15:14.675,OnTrack,-397.1102962664349,8302.619501479187,1920.011583963526,car,0 days 00:00:11.765000,0 days 02:07:30.756000,6458.0,77.0,2,0.0,False,0,911.7347222222222,0.1586449407955851
2024-09-01 14:15:14.730,OnTrack,-386.0,8305.0,1920.0,pos,0 days 00:00:11.820000,0 days 02:07:30.811000,6469.1963894857145,76.01786057142857,2,0.0,False,0,912.8584171458444,0.15884046753191017
2024-09-01 14:15:14.810,OnTrack,-367.0,8309.0,1920.0,pos,0 days 00:00:11.900000,0 days 02:07:30.891000,6485.482103771428,74.58928914285714,2,0.0,False,0,914.4566663755988,0.15911856833058655
2024-09-01 14:15:14.955,OnTrack,-335.835166176452,8313.73449189455,1919.9978890290863,car,0 days 00:00:12.045000,0 days 02:07:31.036000,6515.0,72.0,2,0.0,False,0,917.3347222222222,0.15961935983086095
2024-09-01 14:15:15.050,OnTrack,-317.0,8317.0,1920.0,pos,0 days 00:00:12.140000,0 days 02:07:31.131000,6612.3748032,72.47499904,2,6.64998656,False,0,919.2492395637873,0.15995249235603717
2024-09-01 14:15:15.155,OnTrack,-296.5141159325559,8322.283985363929,1920.011816901008,car,0 days 00:00:12.245000,0 days 02:07:31.236000,6720.0,73.0,2,14.0,False,0,921.3902777777778,0.16032504028299527
2024-09-01 14:15:15.835,OnTrack,-183.54538277998847,8394.262483751216,1920.7451696121614,car,0 days 00:00:12.925000,0 days 02:07:31.916000,6269.0,75.0,2,0.0,False,0,935.5569444444444,0.16279008843771095
2024-09-01 14:15:15.910,OnTrack,-176.0,8405.0,1921.0,pos,0 days 00:00:13,0 days 02:07:31.991000,6204.3124448,73.5937488,2,0.0,False,0,937.0730087869223,0.16305388878664193
2024-09-01 14:15:15.995,OnTrack,-168.8789469094084,8417.734524988751,1921.3398156156904,car,0 days 00:00:13.085000,0 days 02:07:32.076000,6131.0,72.0,2,0.0,False,0,938.7569444444445,0.16334689931501145
2024-09-01 14:15:16.190,OnTrack,-156.0,8457.0,1922.0,pos,0 days 00:00:13.280000,0 days 02:07:32.271000,5765.37488,68.517856,2,0.0,False,0,942.4206569717531,0.16398439774829507
2024-09-01 14:15:16.275,OnTrack,-150.27205624387076,8484.006185312955,1922.0057639157646,car,0 days 00:00:13.365000,0 days 02:07:32.356000,5606.0,67.0,2,0.0,False,0,943.9680555555556,0.16425365036172648
2024-09-01 14:15:16.350,OnTrack,-146.0,8507.0,1922.0,pos,0 days 00:00:13.440000,0 days 02:07:32.431000,5661.3125472,66.5312496,2,3.9843784,False,0,945.3199564331678,0.16448888570975354
2024-09-01 14:15:16.595,OnTrack,-142.038261203406,8543.306512924022,1922.6848153107742,car,0 days 00:00:13.685000,0 days 02:07:32.676000,5842.0,65.0,2,17.0,False,0,949.7458333333334,0.16525900333463014
2024-09-01 14:15:16.730,OnTrack,-142.0,8558.0,1923.0,pos,0 days 00:00:13.820000,0 days 02:07:32.811000,6197.4994944,67.2499968,2,20.3749952,False,0,952.3070669335644,0.16570466668710393
2024-09-01 14:15:16.835,OnTrack,-141.56751458446738,8573.494876140609,1923.0412809255786,car,0 days 00:00:13.925000,0 days 02:07:32.916000,6474.0,69.0,2,23.0,False,0,954.3458333333334,0.1660594189707496
2024-09-01 14:15:16.930,OnTrack,-142.0,8594.0,1923.0,pos,0 days 00:00:14.020000,0 days 02:07:33.011000,6727.332821333333,70.1874976,2,24.979162666666667,False,0,956.2128994632089,0.16638429482379774
2024-09-01 14:15:17.075,OnTrack,-145.87240672622144,8641.515195162416,1922.9316813584048,car,0 days 00:00:14.165000,0 days 02:07:33.156000,7114.0,72.0,2,28.0,False,0,959.1458333333334,0.16689463528670032
2024-09-01 14:15:17.150,OnTrack,-148.0,8663.0,1923.0,pos,0 days 00:00:14.240000,0 days 02:07:33.231000,7270.1608475428575,73.8750016,2,30.946431085714284,False,0,960.7295976193628,0.16717021565593196
2024-09-01 14:15:17.355,OnTrack,-151.47597156236304,8689.59638624007,1923.7262549762802,car,0 days 00:00:14.445000,0 days 02:07:33.436000,7697.0,79.0,2,39.0,False,0,965.2902777777778,0.16796378950596133
2024-09-01 14:15:17.450,OnTrack,-154.0,8702.0,1924.0,pos,0 days 00:00:14.540000,0 days 02:07:33.531000,7924.04954112,82.32499328,2,43.7499904,False,0,967.5156501242002,0.1683510118586275
2024-09-01 14:15:17.555,OnTrack,-158.42456219780513,8723.199558546847,1924.1029603390593,car,0 days 00:00:14.645000,0 days 02:07:33.636000,8175.0,86.0,2,49.0,False,0,970.0680555555556,0.16879513907970858
2024-09-01 14:15:17.710,OnTrack,-167.0,8763.0,1924.0,pos,0 days 00:00:14.800000,0 days 02:07:33.791000,8488.10012928,91.42500224,2,52.10000128,False,0,974.0367592509049,0.16948570701294394
2024-09-01 14:15:17.755,OnTrack,-169.61975029650273,8774.702960612482,1923.95140584655,car,0 days 00:00:14.845000,0 days 02:07:33.836000,8579.0,93.0,2,53.0,False,0,975.2347222222222,0.16969415664201667
2024-09-01 14:15:17.995,OnTrack,-184.91975072941733,8837.973599295172,1923.942257134188,car,0 days 00:00:15.085000,0 days 02:07:34.076000,9596.0,101.0,2,65.0,False,0,981.9680555555556,0.17086577952966978
2024-09-01 14:15:18.010,OnTrack,-186.0,8842.0,1924.0,pos,0 days 00:00:15.100000,0 days 02:07:34.091000,9648.499328,101.5624928,2,65.3749952,False,0,982.4070669721536,0.17094216900842632
2024-09-01 14:15:18.190,OnTrack,-200.0,8892.0,1925.0,pos,0 days 00:00:15.280000,0 days 02:07:34.271000,10278.500224,108.3125024,2,69.8750016,False,0,987.8609367870158,0.17189116089476883
2024-09-01 14:15:18.235,OnTrack,-203.62133457666755,8905.660584228517,1925.0820782643345,car,0 days 00:00:15.325000,0 days 02:07:34.316000,10436.0,110.0,2,71.0,False,0,989.3013888888889,0.17214180445681673
2024-09-01 14:15:18.349,OnTrack,-213.0,8942.0,1925.0,pos,0 days 00:00:15.439000,0 days 02:07:34.430000,10432.86500352,115.12999424,2,73.56499712,False,0,993.1084842945892,0.1728042519983213
2024-09-01 14:15:18.635,OnTrack,-240.02129265566666,9041.796708924412,1924.9607096433422,car,0 days 00:00:15.725000,0 days 02:07:34.716000,10425.0,128.0,3,80.0,False,0,1003.5236111111112,0.17461651946704113
2024-09-01 14:15:18.669,OnTrack,-244.0,9057.0,1925.0,pos,0 days 00:00:15.759000,0 days 02:07:34.750000,10549.220960914286,129.6999936,3,82.42856228571429,False,0,1004.8233479260215,0.17484267809084425
2024-09-01 14:15:18.915,OnTrack,-278.119466302128,9192.359192804091,1925.6058667296888,car,0 days 00:00:16.005000,0 days 02:07:34.996000,11448.0,142.0,3,100.0,False,0,1014.5680555555556,0.1765382903421685
2024-09-01 14:15:19.049,OnTrack,-293.0,9252.0,1926.0,pos,0 days 00:00:16.139000,0 days 02:07:35.130000,11331.5876112,146.6062456,3,100.0,False,0,1020.0805609882968,0.1774974850253336
2024-09-01 14:15:19.235,OnTrack,-303.4846308901743,9293.21928126576,1926.4897153831926,car,0 days 00:00:16.325000,0 days 02:07:35.316000,11170.0,153.0,3,100.0,False,0,1028.1680555555556,0.17890473657069558
2024-09-01 14:15:19.369,OnTrack,-312.0,9328.0,1927.0,pos,0 days 00:00:16.459000,0 days 02:07:35.450000,11273.8499008,162.30554666666666,3,100.0,False,0,1034.503116396686,0.18000705869091488
2024-09-01 14:15:19.569,OnTrack,-334.0,9422.0,1928.0,pos,0 days 00:00:16.659000,0 days 02:07:35.650000,11428.8499008,176.19443555555554,3,100.0,False,0,1044.616304733822,0.18176678783788544
2024-09-01 14:15:19.595,OnTrack,-336.8818378480284,9435.018099738705,1928.0602446315168,car,0 days 00:00:16.685000,0 days 02:07:35.676000,11449.0,178.0,4,100.0,False,0,1045.9680555555556,0.18200199707567954
2024-09-01 14:15:19.789,OnTrack,-357.0,9532.0,1928.0,pos,0 days 00:00:16.879000,0 days 02:07:35.870000,11075.06524672,186.24499456,4,100.0,False,0,1056.3112564838618,0.1838017491953625
2024-09-01 14:15:19.929,OnTrack,-371.0,9605.0,1928.0,pos,0 days 00:00:17.019000,0 days 02:07:36.010000,10805.21524672,192.19499456,4,100.0,False,0,1063.987122864804,0.18513737603711677
2024-09-01 14:15:19.995,OnTrack,-377.20973738366536,9639.924649119635,1928.1715330407203,car,0 days 00:00:17.085000,0 days 02:07:36.076000,10678.0,195.0,4,100.0,False,0,1067.6347222222223,0.18577207072406826
2024-09-01 14:15:20.169,OnTrack,-392.0,9734.0,1929.0,pos,0 days 00:00:17.259000,0 days 02:07:36.250000,10910.7248288,199.34999679999999,4,99.27500053333333,False,0,1077.3358017686755,0.18746009154063778
2024-09-01 14:15:20.235,OnTrack,-396.90316059425606,9770.97536425427,1929.2993348272603,car,0 days 00:00:17.325000,0 days 02:07:36.316000,10999.0,201.0,5,99.0,False,0,1081.0347222222222,0.18810371627276404
2024-09-01 14:15:20.469,OnTrack,-411.0,9906.0,1930.0,pos,0 days 00:00:17.559000,0 days 02:07:36.550000,11334.121245257144,204.3428553142857,5,99.83571382857143,False,0,1094.2820590732554,0.19040879791461368
2024-09-01 14:15:20.515,OnTrack,-413.1362635622884,9932.585454616667,1930.0024478041182,car,0 days 00:00:17.605000,0 days 02:07:36.596000,11400.0,205.0,5,100.0,False,0,1096.9791666666667,0.1908781038037578
2024-09-01 14:15:20.669,OnTrack,-419.0,10024.0,1930.0,pos,0 days 00:00:17.759000,0 days 02:07:36.750000,11615.5998208,215.77999104,5,100.0,False,0,1106.3011635257837,0.1925001629441695
2024-09-01 14:15:20.715,OnTrack,-420.49739105854815,10053.423843485576,1930.1798594588333,car,0 days 00:00:17.805000,0 days 02:07:36.796000,11680.0,219.0,5,100.0,False,0,1109.1458333333333,0.1929951451601607
2024-09-01 14:15:20.849,OnTrack,-424.0,10142.0,1931.0,pos,0 days 00:00:17.939000,0 days 02:07:36.930000,11240.671848228572,223.30713874285715,5,99.52142902857143,False,0,1117.5502761624325,0.1944575467804396
2024-09-01 14:15:20.995,OnTrack,-425.61964427690515,10233.777560306546,1931.6137255015287,car,0 days 00:00:18.085000,0 days 02:07:37.076000,10762.0,228.0,5,99.0,False,0,1126.8791666666666,0.19608080543853423
2024-09-01 14:15:21.090,OnTrack,-426.0,10302.0,1932.0,pos,0 days 00:00:18.180000,0 days 02:07:37.171000,10726.375072,230.84999424,5,99.0,False,0,1133.0285960144101,0.19715082704791373
2024-09-01 14:15:21.195,OnTrack,-426.1950199614566,10392.867561176015,1932.5345441638108,car,0 days 00:00:18.285000,0 days 02:07:37.276000,10687.0,234.0,5,99.0,False,0,1139.8791666666666,0.19834284962756746
2024-09-01 14:15:21.290,OnTrack,-426.0,10472.0,1933.0,pos,0 days 00:00:18.380000,0 days 02:07:37.371000,10742.416554666666,235.58333013333333,5,99.0,False,0,1146.107213351842,0.19942655092089273
2024-09-01 14:15:21.435,OnTrack,-424.74233700439265,10558.648804731005,1933.4843268288682,car,0 days 00:00:18.525000,0 days 02:07:37.516000,10827.0,238.0,6,99.0,False,0,1155.7458333333332,0.20110370356084903
2024-09-01 14:15:21.630,OnTrack,-421.0,10659.0,1934.0,pos,0 days 00:00:18.720000,0 days 02:07:37.711000,11120.829641890909,243.76136552727272,6,99.0,False,0,1169.1664004798117,0.20343892786294304
2024-09-01 14:15:21.875,OnTrack,-412.48680970944326,10843.627942661675,1934.9138675292952,car,0 days 00:00:18.965000,0 days 02:07:37.956000,11490.0,251.0,6,99.0,False,0,1186.423611111111,0.20644174117274713
2024-09-01 14:15:21.950,OnTrack,-409.0,10880.0,1935.0,pos,0 days 00:00:19.040000,0 days 02:07:38.031000,11555.937556266666,251.9375008,6,99.0,False,0,1191.6983318119048,0.2073595605042859
2024-09-01 14:15:21.970,OnTrack,-408.0,10887.0,1935.0,pos,0 days 00:00:19.060000,0 days 02:07:38.051000,11573.520664533333,252.1874976,6,99.0,False,0,1193.104151433477,0.20760417789704022
2024-09-01 14:15:22.115,OnTrack,-400.0506842825784,10974.588062393454,1935.4158119267822,car,0 days 00:00:19.205000,0 days 02:07:38.196000,11701.0,254.0,6,99.0,False,0,1203.3569444444443,0.2093881987317955
2024-09-01 14:15:22.270,OnTrack,-390.0,11100.0,1936.0,pos,0 days 00:00:19.360000,0 days 02:07:38.351000,11872.4688208,258.843752,6,99.0,False,0,1214.5063751786295,0.2113282375782026
2024-09-01 14:15:22.275,OnTrack,-389.6452946036146,11103.779814737134,1936.0081756832096,car,0 days 00:00:19.365000,0 days 02:07:38.356000,11878.0,259.0,6,99.0,False,0,1214.8680555555554,0.2113911711931959
2024-09-01 14:15:22.450,OnTrack,-376.0,11229.0,1936.0,pos,0 days 00:00:19.540000,0 days 02:07:38.531000,11878.0,261.62499712,6,99.0,False,0,1227.5923147142464,0.21360523553855512
2024-09-01 14:15:22.475,OnTrack,-373.84558881621695,11246.907793084623,1935.9940902797528,car,0 days 00:00:19.565000,0 days 02:07:38.556000,11878.0,262.0,6,99.0,False,0,1229.4236111111109,0.2139238873364724
2024-09-01 14:15:22.630,OnTrack,-359.0,11360.0,1936.0,pos,0 days 00:00:19.720000,0 days 02:07:38.711000,11556.3748672,264.2604176,6,99.0,False,0,1240.8624752805463,0.21591428858444253
2024-09-01 14:15:22.890,OnTrack,-327.0,11550.0,1936.0,pos,0 days 00:00:19.980000,0 days 02:07:38.971000,11016.8753984,268.0520805333333,6,99.0,False,0,1260.3617636859653,0.2193072310481165
2024-09-01 14:15:22.955,OnTrack,-318.70519160956616,11594.69813928909,1935.999898803445,car,0 days 00:00:20.045000,0 days 02:07:39.036000,10882.0,269.0,7,99.0,False,0,1265.2902777777776,0.22016480925288207
2024-09-01 14:15:23.130,OnTrack,-290.0,11727.0,1936.0,pos,0 days 00:00:20.220000,0 days 02:07:39.211000,11006.24986368,274.24999424,7,99.0,False,0,1278.6533472269791,0.22249002876020618
2024-09-01 14:15:23.155,OnTrack,-283.8528452373543,11751.138617543535,1935.9995042627884,car,0 days 00:00:20.245000,0 days 02:07:39.236000,11024.0,275.0,7,99.0,False,0,1280.5680555555555,0.22282319451777155
2024-09-01 14:15:23.370,OnTrack,-215.0,11992.0,1936.0,pos,0 days 00:00:20.460000,0 days 02:07:39.451000,11189.856994742857,276.53571291428574,7,99.76785645714286,False,0,1297.0791440102914,0.22569618003266764
2024-09-01 14:15:23.435,OnTrack,-193.69997689295616,12057.25032501354,1936.009688534707,car,0 days 00:00:20.525000,0 days 02:07:39.516000,11240.0,277.0,7,100.0,False,0,1302.1125,0.22657200108404116
2024-09-01 14:15:23.755,OnTrack,-98.26907628639536,12297.930720922677,1936.0398663985366,car,0 days 00:00:20.845000,0 days 02:07:39.836000,11339.0,283.0,7,99.0,False,0,1327.2680555555555,0.23094915325837556
2024-09-01 14:15:23.810,OnTrack,-85.0,12328.0,1936.0,pos,0 days 00:00:20.900000,0 days 02:07:39.891000,11368.104065066667,284.1458293333333,7,99.0,False,0,1331.6516424365877,0.23171191227617258
2024-09-01 14:15:23.995,OnTrack,-48.256547290583406,12406.47982557998,1935.7380864566735,car,0 days 00:00:21.085000,0 days 02:07:40.076000,11466.0,288.0,7,99.0,False,0,1346.4680555555556,0.23429001852217848
2024-09-01 14:15:24.155,OnTrack,-12.263132399742807,12477.6301690506,1935.9331683128655,car,0 days 00:00:21.245000,0 days 02:07:40.236000,11513.0,288.0,7,99.0,False,0,1359.2680555555553,0.2365172620313804
2024-09-01 14:15:24.170,OnTrack,-8.0,12486.0,1936.0,pos,0 days 00:00:21.260000,0 days 02:07:40.251000,11523.660577828572,288.2142829714286,7,99.0,False,0,1360.4736685155492,0.23672704278448636
2024-09-01 14:15:24.350,OnTrack,60.0,12613.0,1937.0,pos,0 days 00:00:21.440000,0 days 02:07:40.431000,11651.5893312,290.7857152,7,99.0,False,0,1375.0456300143846,0.23926261361765994
2024-09-01 14:15:24.435,OnTrack,111.18189372482395,12696.40879953259,1936.8473675772061,car,0 days 00:00:21.525000,0 days 02:07:40.516000,11712.0,292.0,7,99.0,False,0,1381.9791666666665,0.2404690725633325
2024-09-01 14:15:24.610,OnTrack,227.0,12873.0,1936.0,pos,0 days 00:00:21.700000,0 days 02:07:40.691000,11748.458293333333,293.9444423111111,7,99.0,False,0,1396.3432960635714,0.24296847990431636
2024-09-01 14:15:24.795,OnTrack,288.0271154774279,12958.975306040034,1937.0357621749208,car,0 days 00:00:21.885000,0 days 02:07:40.876000,11787.0,296.0,7,99.0,False,0,1411.5791666666664,0.245619573178362
2024-09-01 14:15:24.949,OnTrack,336.0,13017.0,1938.0,pos,0 days 00:00:22.039000,0 days 02:07:41.030000,10900.304732344739,296.0,7,99.0,False,0,1424.2411606832436,0.24782280317734445
2024-09-01 14:15:24.956,OnTrack,339.0118418387816,13020.630797956626,1938.0179745448695,car,0 days 00:00:22.046000,0 days 02:07:41.037000,10860.0,296.0,7,99.0,False,0,1424.8169444444443,0.24792299150897243
2024-09-01 14:15:25.109,OnTrack,421.0,13117.0,1938.0,pos,0 days 00:00:22.199000,0 days 02:07:41.190000,10761.414293579435,296.64016692480885,7,99.0,False,0,1437.4154883432454,0.250115180971785
2024-09-01 14:15:25.195,OnTrack,477.0405878780714,13176.761435363715,1937.9319680209128,car,0 days 00:00:22.285000,0 days 02:07:41.276000,10706.0,297.0,8,99.0,False,0,1444.5344444444443,0.2513539035318388
2024-09-01 14:15:25.469,OnTrack,670.0,13361.0,1938.0,pos,0 days 00:00:22.559000,0 days 02:07:41.550000,10756.00497664,300.4249984,8,99.0,False,0,1467.4705671776967,0.25534486685089314
2024-09-01 14:15:25.595,OnTrack,739.3434465445002,13421.658844345307,1938.3828568033982,car,0 days 00:00:22.685000,0 days 02:07:41.676000,10779.0,302.0,8,99.0,False,0,1478.0899999999997,0.2571926842590869
2024-09-01 14:15:25.795,OnTrack,843.306550491441,13503.479681896873,1938.9922990153939,car,0 days 00:00:22.885000,0 days 02:07:41.876000,10815.0,304.0,8,100.0,False,0,1494.9788888888886,0.2601314083337284
2024-09-01 14:15:25.809,OnTrack,852.0,13510.0,1939.0,pos,0 days 00:00:22.899000,0 days 02:07:41.890000,10817.7999744,304.0,8,99.93000064,False,0,1496.1601460325487,0.26033695109200305
2024-09-01 14:15:25.969,OnTrack,962.0,13590.0,1939.0,pos,0 days 00:00:23.059000,0 days 02:07:42.050000,10849.7999744,304.0,8,99.13000064,False,0,1509.6631040481475,0.26268651168538343
2024-09-01 14:15:25.995,OnTrack,980.1556170243159,13602.719036795705,1939.094673619228,car,0 days 00:00:23.085000,0 days 02:07:42.076000,10855.0,304.0,8,99.0,False,0,1511.8677777777777,0.2630701324083699
2024-09-01 14:15:26.195,OnTrack,1120.3331940435232,13695.295453354964,1940.7385755123867,car,0 days 00:00:23.285000,0 days 02:07:42.276000,10907.0,307.0,8,99.0,False,0,1528.9233333333332,0.2660378570495374
2024-09-01 14:15:26.229,OnTrack,1146.0,13711.0,1941.0,pos,0 days 00:00:23.319000,0 days 02:07:42.310000,10914.771399314286,307.0,8,99.0,False,0,1531.8206326592212,0.2665419969806155
2024-09-01 14:15:26.469,OnTrack,1341.0,13821.0,1942.0,pos,0 days 00:00:23.559000,0 days 02:07:42.550000,10969.62854217143,307.0,8,99.0,False,0,1552.285205600093,0.2701029022346113
2024-09-01 14:15:26.475,OnTrack,1345.7856377089536,13823.532719801726,1942.0010505088458,car,0 days 00:00:23.565000,0 days 02:07:42.556000,10971.0,307.0,8,99.0,False,0,1552.8011111111107,0.2701926715471719
2024-09-01 14:15:26.649,OnTrack,1479.0,13891.0,1942.0,pos,0 days 00:00:23.739000,0 days 02:07:42.730000,11003.18997632,309.60999808,8,99.0,False,0,1567.8828826032593,0.2728169510521059
2024-09-01 14:15:26.829,OnTrack,1621.0,13956.0,1944.0,pos,0 days 00:00:23.919000,0 days 02:07:42.910000,11036.48997632,312.30999808,8,99.0,False,0,1583.587227911476,0.27554956051726154
2024-09-01 14:15:26.875,OnTrack,1670.634172628445,13975.977941200852,1944.4635577660094,car,0 days 00:00:23.965000,0 days 02:07:42.956000,11045.0,313.0,8,99.0,False,0,1587.5788888888887,0.2762441230956113
2024-09-01 14:15:27.115,OnTrack,1966.8255213305438,14085.07492967128,1945.9366006698006,car,0 days 00:00:24.205000,0 days 02:07:43.196000,11094.0,311.0,8,99.0,False,0,1608.3122222222219,0.279851793571454
2024-09-01 14:15:27.129,OnTrack,1978.0,14089.0,1946.0,pos,0 days 00:00:24.219000,0 days 02:07:43.210000,11097.07997184,311.13999872,8,99.0,False,0,1609.524706115705,0.28006276989034246
2024-09-01 14:15:27.315,OnTrack,2047.9754825525997,14110.734474372166,1946.7147020528403,car,0 days 00:00:24.405000,0 days 02:07:43.396000,11138.0,313.0,8,99.0,False,0,1625.7011111111108,0.2828775193456737
2024-09-01 14:15:27.389,OnTrack,2078.0,14118.0,1947.0,pos,0 days 00:00:24.479000,0 days 02:07:43.470000,11163.8999552,313.6937488,8,99.0,False,0,1632.1724628578052,0.2840035565467352
2024-09-01 14:15:27.635,OnTrack,2281.8226677984726,14168.540431282714,1948.258697289508,car,0 days 00:00:24.725000,0 days 02:07:43.716000,11250.0,316.0,8,99.0,False,0,1653.7899999999997,0.2877650814908669
2024-09-01 14:15:27.710,OnTrack,2351.0,14184.0,1949.0,pos,0 days 00:00:24.800000,0 days 02:07:43.791000,11252.343752,316.4687504,8,99.0,False,0,1660.3899020258937,0.28891348687747165
2024-09-01 14:15:27.795,OnTrack,2425.525268023063,14199.009481704843,1950.1240005537354,car,0 days 00:00:24.885000,0 days 02:07:43.876000,11255.0,317.0,8,99.0,False,0,1667.8788888888887,0.2902165960478704
2024-09-01 14:15:27.870,OnTrack,2490.0,14211.0,1951.0,pos,0 days 00:00:24.960000,0 days 02:07:43.951000,11272.8125152,317.3125002666667,8,99.0,False,0,1674.5007990269828,0.29136883092080706
2024-09-01 14:15:28.035,OnTrack,2633.5671451754147,14236.006986839524,1951.7594516869237,car,0 days 00:00:25.125000,0 days 02:07:44.116000,11312.0,318.0,8,99.0,False,0,1689.078888888889,0.2939054681099862
2024-09-01 14:15:28.070,OnTrack,2664.0,14241.0,1952.0,pos,0 days 00:00:25.160000,0 days 02:07:44.151000,11309.89999616,317.82499968,8,99.0,False,0,1692.162832719806,0.2944420848193732
2024-09-01 14:15:28.235,OnTrack,2807.6438077416165,14263.069421577431,1953.8617350285851,car,0 days 00:00:25.325000,0 days 02:07:44.316000,11300.0,317.0,8,99.0,False,0,1706.69,0.29696986130624065
2024-09-01 14:15:28.250,OnTrack,2821.0,14265.0,1954.0,pos,0 days 00:00:25.340000,0 days 02:07:44.331000,11303.4999552,317.1249984,8,99.0,False,0,1708.0146808864577,0.2972003602832818
2024-09-01 14:15:28.470,OnTrack,3022.0,14292.0,1955.0,pos,0 days 00:00:25.560000,0 days 02:07:44.551000,11354.833348266666,318.9583338666667,8,99.0,False,0,1727.5134240224259,0.3005932078682178
2024-09-01 14:15:28.475,OnTrack,3026.5213849686984,14292.57127708372,1955.0204489473588,car,0 days 00:00:25.565000,0 days 02:07:44.556000,11356.0,319.0,8,99.0,False,0,1727.9566666666665,0.30067033359496675
2024-09-01 14:15:28.650,OnTrack,3181.0,14311.0,1956.0,pos,0 days 00:00:25.740000,0 days 02:07:44.731000,11356.0,319.0,8,99.0,False,0,1743.4596741924386,0.3033679096015984
2024-09-01 14:15:28.715,OnTrack,3236.0796724921024,14316.849177157934,1956.5648062670105,car,0 days 00:00:25.805000,0 days 02:07:44.796000,11356.0,319.0,8,99.0,False,0,1749.2233333333334,0.3043708058836929
2024-09-01 14:15:28.870,OnTrack,3366.0,14329.0,1958.0,pos,0 days 00:00:25.960000,0 days 02:07:44.951000,11367.6250048,319.77500032,8,99.0,False,0,1762.9943346566647,0.3067670069237399
2024-09-01 14:15:28.915,OnTrack,3405.0183406071474,14332.279561279516,1958.268651765901,car,0 days 00:00:26.005000,0 days 02:07:44.996000,11371.0,320.0,8,99.0,False,0,1767.0011111111112,0.3074641996464734
2024-09-01 14:15:29.110,OnTrack,3579.0,14346.0,1959.0,pos,0 days 00:00:26.200000,0 days 02:07:45.191000,11382.70000384,320.97500032,8,99.0,False,0,1784.3895387040973,0.310489845153638
2024-09-01 14:15:29.115,OnTrack,3583.4577554408074,14346.36667788773,1959.0261460681945,car,0 days 00:00:26.205000,0 days 02:07:45.196000,11383.0,321.0,8,99.0,False,0,1784.8344444444444,0.3105672602647626
2024-09-01 14:15:29.270,OnTrack,3721.0,14358.0,1960.0,pos,0 days 00:00:26.360000,0 days 02:07:45.351000,11347.571413942856,319.89285668571426,8,99.0,False,0,1798.5863083890727,0.31296013133586426
2024-09-01 14:15:29.395,OnTrack,3831.4643717316303,14366.926056946158,1960.6213042644695,car,0 days 00:00:26.485000,0 days 02:07:45.476000,11319.0,319.0,8,99.0,False,0,1809.6455555555556,0.3148844779349431
2024-09-01 14:15:29.450,OnTrack,3880.0,14371.0,1961.0,pos,0 days 00:00:26.540000,0 days 02:07:45.531000,11314.60001536,318.86250048,8,99.0,False,0,1814.5090253173712,0.31573073820519343
2024-09-01 14:15:29.650,OnTrack,4057.0,14387.0,1963.0,pos,0 days 00:00:26.740000,0 days 02:07:45.731000,11298.60001536,318.36250048,8,99.0,False,0,1832.1810076504892,0.3188057232009878
2024-09-01 14:15:29.795,OnTrack,4188.31647283703,14397.857281905981,1963.5319387705008,car,0 days 00:00:26.885000,0 days 02:07:45.876000,11287.0,318.0,8,99.0,False,0,1844.9788888888888,0.32103259803846934
2024-09-01 14:15:29.950,OnTrack,4322.0,14408.0,1964.0,pos,0 days 00:00:27.040000,0 days 02:07:46.031000,11250.402762666667,317.56944426666666,8,99.0,False,0,1858.6455418848452,0.32341064211485676
2024-09-01 14:15:30.155,OnTrack,4478.499925938085,14419.0013370916,1965.8426768795864,car,0 days 00:00:27.245000,0 days 02:07:46.236000,11202.0,317.0,8,99.0,False,0,1876.6788888888889,0.3265485057917273
2024-09-01 14:15:30.190,OnTrack,4508.0,14421.0,1966.0,pos,0 days 00:00:27.280000,0 days 02:07:46.271000,11201.73749952,316.82499968,8,99.0,False,0,1879.7501566367125,0.327082916819568
2024-09-01 14:15:30.370,OnTrack,4674.0,14432.0,1966.0,pos,0 days 00:00:27.460000,0 days 02:07:46.451000,11200.38750144,315.92500096,8,99.0,False,0,1895.51005260845,0.32982519228900165
2024-09-01 14:15:30.530,OnTrack,4805.0,14440.0,1967.0,pos,0 days 00:00:27.620000,0 days 02:07:46.611000,11199.18750144,315.12500096,8,99.0,False,0,1909.4942332823543,0.3322584872606783
2024-09-01 14:15:30.555,OnTrack,4826.531934784754,14441.207825813504,1967.0957124272038,car,0 days 00:00:27.645000,0 days 02:07:46.636000,11199.0,315.0,8,99.0,False,0,1911.678888888889,0.3326386247622014
2024-09-01 14:15:30.770,OnTrack,5015.0,14451.0,1967.0,pos,0 days 00:00:27.860000,0 days 02:07:46.851000,11172.125024,314.46250048,8,99.0,False,0,1930.4621346075696,0.33590697336444175
2024-09-01 14:15:30.955,OnTrack,5129.687650652683,14456.751439647005,1966.982899745281,car,0 days 00:00:28.045000,0 days 02:07:47.036000,11149.0,314.0,8,99.0,False,0,1946.5677777777778,0.3387094100216581
2024-09-01 14:15:31.050,OnTrack,5259.0,14462.0,1967.0,pos,0 days 00:00:28.140000,0 days 02:07:47.131000,11108.15008256,313.05000192,8,99.0,False,0,1954.8020505928496,0.3401422014810617
2024-09-01 14:15:31.150,OnTrack,5467.0,14470.0,1967.0,pos,0 days 00:00:28.240000,0 days 02:07:47.231000,11065.14997248,312.04999936,8,99.0,False,0,1963.4671848401722,0.34164996429424244
2024-09-01 14:15:31.155,OnTrack,5476.353443497066,14470.361254519763,1966.9997455609703,car,0 days 00:00:28.245000,0 days 02:07:47.236000,11063.0,312.0,8,99.0,False,0,1963.901111111111,0.34172546894036904
2024-09-01 14:15:31.315,OnTrack,5666.714053494932,14477.982515841903,1966.983157559382,car,0 days 00:00:28.405000,0 days 02:07:47.396000,11088.0,313.0,8,99.0,False,0,1977.812222222222,0.34414604955974476
2024-09-01 14:15:31.596,OnTrack,5732.04468309862,14481.3918014948,1966.9790471129882,car,0 days 00:00:28.686000,0 days 02:07:47.677000,10485.0,305.0,8,0.0,True,0,2001.6191666666668,0.3482885388166058
2024-09-01 14:15:31.649,OnTrack,5774.0,14483.0,1967.0,pos,0 days 00:00:28.739000,0 days 02:07:47.730000,10368.013825747415,297.0319014440964,8,0.0,True,0,2005.6627189500489,0.3489921306585809
2024-09-01 14:15:31.829,OnTrack,5969.0,14490.0,1967.0,pos,0 days 00:00:28.919000,0 days 02:07:47.910000,9970.701810776956,269.9704019724243,8,0.0,True,0,2018.0603279761374,0.3511493567705324
2024-09-01 14:15:32.035,OnTrack,6059.137364465466,14492.161861986653,1966.157667396629,car,0 days 00:00:29.125000,0 days 02:07:48.116000,9516.0,239.0,8,0.0,True,0,2030.7638888888891,0.35335981955074164
2024-09-01 14:15:32.089,OnTrack,6086.0,14493.0,1966.0,pos,0 days 00:00:29.179000,0 days 02:07:48.170000,9418.8002304,229.2125232,8,0.0,True,0,2033.9553549390841,0.35391514549176784
2024-09-01 14:15:32.195,OnTrack,6164.035794363483,14495.968447048048,1965.9148741045933,car,0 days 00:00:29.285000,0 days 02:07:48.276000,9228.0,210.0,8,0.0,True,0,2040.0972222222224,0.35498385127620136
2024-09-01 14:15:32.389,OnTrack,6327.0,14503.0,1966.0,pos,0 days 00:00:29.479000,0 days 02:07:48.470000,9556.1831168,201.1083392,8,0.0,True,0,2051.012679277527,0.35688317790717006
2024-09-01 14:15:32.435,OnTrack,6350.749875794103,14504.145105859265,1965.917453574554,car,0 days 00:00:29.525000,0 days 02:07:48.516000,9634.0,199.0,8,0.0,True,0,2053.363888888889,0.3572922963716763
2024-09-01 14:15:32.729,OnTrack,6415.0,14510.0,1965.0,pos,0 days 00:00:29.819000,0 days 02:07:48.810000,9976.777123490909,162.25001600000002,8,0.0,True,0,2065.581988295091,0.35941828719958624
2024-09-01 14:15:32.875,OnTrack,6469.089880761463,14516.977522289977,1965.133440492968,car,0 days 00:00:29.965000,0 days 02:07:48.956000,10147.0,144.0,6,0.0,True,0,2070.963888888889,0.360354756196829
2024-09-01 14:15:33.069,OnTrack,6554.0,14531.0,1965.0,pos,0 days 00:00:30.159000,0 days 02:07:49.150000,9827.439099733334,137.5333376,6,0.0,True,0,2078.1632217597307,0.36160746458801385
2024-09-01 14:15:33.209,OnTrack,6603.0,14544.0,1964.0,pos,0 days 00:00:30.299000,0 days 02:07:49.290000,9596.827988622223,132.86667093333332,6,0.0,True,0,2083.24450942327,0.36249162591356116
2024-09-01 14:15:33.235,OnTrack,6611.9358936078415,14546.634371405378,1963.904602487172,car,0 days 00:00:30.325000,0 days 02:07:49.316000,9554.0,132.0,3,0.0,True,0,2084.163888888889,0.36265160106569344
2024-09-01 14:15:33.395,OnTrack,6667.108375646705,14564.035378662846,1964.1120379010324,car,0 days 00:00:30.485000,0 days 02:07:49.476000,8945.0,124.0,3,0.0,True,0,2089.6749999999997,0.3636105531321554
2024-09-01 14:15:33.469,OnTrack,6690.0,14572.0,1964.0,pos,0 days 00:00:30.559000,0 days 02:07:49.550000,8832.1501952,122.52000256,3,0.0,True,0,2092.1733570582924,0.3640452757526047
2024-09-01 14:15:33.595,OnTrack,6725.243864809982,14586.144738967425,1963.1680176571829,car,0 days 00:00:30.685000,0 days 02:07:49.676000,8640.0,120.0,3,0.0,True,0,2096.3416666666662,0.36477057579319805
2024-09-01 14:15:33.629,OnTrack,6737.0,14592.0,1963.0,pos,0 days 00:00:30.719000,0 days 02:07:49.710000,8586.20734537143,119.1500032,3,0.0,True,0,2097.4398285655243,0.3649616596964234
2024-09-01 14:15:33.809,OnTrack,6815.0,14637.0,1963.0,pos,0 days 00:00:30.899000,0 days 02:07:49.890000,8301.421631085714,114.6500032,3,0.0,True,0,2103.0864525735055,0.3659441914675703
2024-09-01 14:15:33.875,OnTrack,6836.130418887791,14650.139585454806,1963.0800879480976,car,0 days 00:00:30.965000,0 days 02:07:49.956000,8197.0,113.0,3,0.0,True,0,2105.130555555555,0.3662998723346726
2024-09-01 14:15:34.235,OnTrack,6877.260139664788,14697.667820758337,1963.1023984694514,car,0 days 00:00:31.325000,0 days 02:07:50.316000,7942.0,110.0,3,0.0,False,0,2116.130555555555,0.36821390972539303
2024-09-01 14:15:34.270,OnTrack,6882.0,14707.0,1963.0,pos,0 days 00:00:31.360000,0 days 02:07:50.351000,7955.7812752,109.1249984,3,4.8125088,False,0,2117.1683068862485,0.36839448198441277
2024-09-01 14:15:34.395,OnTrack,6903.552887420567,14750.336977660427,1962.4529987275066,car,0 days 00:00:31.485000,0 days 02:07:50.476000,8005.0,106.0,3,22.0,False,0,2120.8416666666662,0.3690336590725299
2024-09-01 14:15:34.490,OnTrack,6920.0,14784.0,1962.0,pos,0 days 00:00:31.580000,0 days 02:07:50.571000,8138.395563733333,106.39583253333333,3,25.958325333333335,False,0,2123.645909450266,0.3695216068489361
2024-09-01 14:15:34.635,OnTrack,6938.851944432201,14823.598945069678,1961.4496722168872,car,0 days 00:00:31.725000,0 days 02:07:50.716000,8342.0,107.0,3,32.0,False,0,2127.9749999999995,0.37027488331984554
2024-09-01 14:15:34.835,OnTrack,6962.626253669964,14866.52899503085,1961.0144848280218,car,0 days 00:00:31.925000,0 days 02:07:50.916000,8574.0,111.0,3,45.0,False,0,2134.1416666666664,0.3713479042813101
2024-09-01 14:15:34.850,OnTrack,6965.0,14870.0,1961.0,pos,0 days 00:00:31.940000,0 days 02:07:50.931000,8594.1872416,111.4999936,3,44.8125024,False,0,2134.622844668269,0.37143163088918824
2024-09-01 14:15:35.070,OnTrack,7009.0,14924.0,1961.0,pos,0 days 00:00:32.160000,0 days 02:07:51.151000,8890.270919466666,118.83333546666667,3,42.0624992,False,0,2141.9100011025284,0.3726996208789338
2024-09-01 14:15:35.075,OnTrack,7010.159351689676,14925.21845840452,1961.000696895439,car,0 days 00:00:32.165000,0 days 02:07:51.156000,8897.0,119.0,3,42.0,False,0,2142.075,0.3727283312479509
2024-09-01 14:15:35.235,OnTrack,7050.029017304101,14962.660373013074,1961.001136376895,car,0 days 00:00:32.325000,0 days 02:07:51.316000,8950.0,118.0,3,25.0,False,0,2147.3194444444443,0.37364088240797116
2024-09-01 14:15:35.270,OnTrack,7059.0,14970.0,1961.0,pos,0 days 00:00:32.360000,0 days 02:07:51.351000,9014.6042848,118.2916672,3,24.7083328,False,0,2148.478180525667,0.3738425064248291
2024-09-01 14:15:35.470,OnTrack,7111.0,15006.0,1961.0,pos,0 days 00:00:32.560000,0 days 02:07:51.551000,9383.770951466668,119.95833386666666,3,23.041666133333333,False,0,2155.154579958329,0.37500422262023814
2024-09-01 14:15:35.475,OnTrack,7112.355446220612,15006.856596095415,1961.0000857054843,car,0 days 00:00:32.565000,0 days 02:07:51.556000,9393.0,120.0,3,23.0,False,0,2155.3194444444443,0.3750329096012224
2024-09-01 14:15:35.635,OnTrack,7157.583308138825,15033.665396731209,1961.0009532090744,car,0 days 00:00:32.725000,0 days 02:07:51.716000,9122.0,118.0,3,38.0,False,0,2160.563888888889,0.37594546076124263
2024-09-01 14:15:35.650,OnTrack,7162.0,15036.0,1961.0,pos,0 days 00:00:32.740000,0 days 02:07:51.731000,9161.374496,118.312496,3,38.8124896,False,0,2161.0629594319603,0.3760323007321559
2024-09-01 14:15:35.875,OnTrack,7232.038591009879,15067.04189828114,1960.9934372187215,car,0 days 00:00:32.965000,0 days 02:07:51.956000,9752.0,123.0,3,51.0,False,0,2168.763888888889,0.37737228863432515
2024-09-01 14:15:35.890,OnTrack,7237.0,15069.0,1961.0,pos,0 days 00:00:32.980000,0 days 02:07:51.971000,9783.4995968,123.3749952,3,51.3749952,False,0,2169.2874690333206,0.37746339335918705
2024-09-01 14:15:36.030,OnTrack,7286.0,15087.0,1961.0,pos,0 days 00:00:33.120000,0 days 02:07:52.111000,10077.5001344,126.8750016,3,54.8750016,False,0,2174.238700977417,0.3783249245474716
2024-09-01 14:15:36.075,OnTrack,7303.588637165824,15092.608174210402,1960.8541028249672,car,0 days 00:00:33.165000,0 days 02:07:52.156000,10172.0,128.0,3,56.0,False,0,2175.8750000000005,0.37860964613943743
2024-09-01 14:15:36.350,OnTrack,7426.0,15124.0,1959.0,pos,0 days 00:00:33.440000,0 days 02:07:52.431000,10876.196592457143,137.82143085714284,3,66.80357394285714,False,0,2186.409955577981,0.3804427642199677
2024-09-01 14:15:36.355,OnTrack,7428.24959199185,15124.502629648212,1958.980307323882,car,0 days 00:00:33.445000,0 days 02:07:52.436000,10889.0,138.0,3,67.0,False,0,2186.6083333333336,0.3804772826237161
2024-09-01 14:15:36.715,OnTrack,7580.582647857544,15154.019093227802,1959.0077386388716,car,0 days 00:00:33.805000,0 days 02:07:52.796000,11833.0,150.0,3,100.0,False,0,2201.6083333333336,0.3830873336110621
2024-09-01 14:15:36.730,OnTrack,7586.0,15155.0,1959.0,pos,0 days 00:00:33.820000,0 days 02:07:52.811000,11801.841307927272,150.71589992727272,3,100.0,False,0,2202.2773401461563,0.38320374307055205
2024-09-01 14:15:37.090,OnTrack,7700.0,15175.0,1958.0,pos,0 days 00:00:34.180000,0 days 02:07:53.171000,11054.02312610909,167.8977181090909,3,100.0,False,0,2219.343647219587,0.386173338512376
2024-09-01 14:15:37.155,OnTrack,7723.113700526708,15178.819752630461,1957.7637824560693,car,0 days 00:00:34.245000,0 days 02:07:53.236000,10919.0,171.0,4,100.0,False,0,2222.5083333333337,0.38672400465343093
2024-09-01 14:15:37.350,OnTrack,7822.0,15199.0,1957.0,pos,0 days 00:00:34.440000,0 days 02:07:53.431000,11162.306898036364,174.10227374545454,4,100.0,False,0,2232.0415228073634,0.38838281202671415
2024-09-01 14:15:37.570,OnTrack,8019.0,15252.0,1956.0,pos,0 days 00:00:34.660000,0 days 02:07:53.651000,11436.806578618181,177.60226967272726,4,100.0,False,0,2242.9943090670763,0.39028863406613773
2024-09-01 14:15:37.595,OnTrack,8035.5462993142155,15256.630958824007,1955.8979708629877,car,0 days 00:00:34.685000,0 days 02:07:53.676000,11468.0,178.0,4,100.0,False,0,2244.263888888889,0.3905095452706336
2024-09-01 14:15:37.795,OnTrack,8097.374666128319,15275.14496409667,1955.2265491152561,car,0 days 00:00:34.885000,0 days 02:07:53.876000,12078.0,187.0,4,100.0,False,0,2254.6527777777783,0.39231724725075845
2024-09-01 14:15:37.950,OnTrack,8140.0,15289.0,1955.0,pos,0 days 00:00:35.040000,0 days 02:07:54.031000,11176.682696582537,194.17082309940454,4,100.0,False,0,2263.153155526794,0.3937963418732006
2024-09-01 14:15:38.076,OnTrack,8204.829824626651,15309.128812367482,1955.0485311084744,car,0 days 00:00:35.166000,0 days 02:07:54.157000,10444.0,200.0,4,100.0,False,0,2270.263888888889,0.39503363364870003
2024-09-01 14:15:38.169,OnTrack,8257.0,15325.0,1955.0,pos,0 days 00:00:35.259000,0 days 02:07:54.250000,10444.0,203.25499776,4,100.0,False,0,2275.574100110931,0.3959576284515738
2024-09-01 14:15:38.276,OnTrack,8310.888102795889,15340.981645035119,1954.6769249499444,car,0 days 00:00:35.366000,0 days 02:07:54.357000,10444.0,207.0,4,100.0,False,0,2281.7638888888887,0.39703467273899856
2024-09-01 14:15:38.389,OnTrack,8378.0,15362.0,1954.0,pos,0 days 00:00:35.479000,0 days 02:07:54.470000,10797.8310496,209.8249984,4,100.0,False,0,2288.4140077112274,0.3981918160188795
2024-09-01 14:15:38.596,OnTrack,8557.578252546746,15423.695051067984,1952.1479636163,car,0 days 00:00:35.686000,0 days 02:07:54.677000,11446.0,215.0,5,100.0,False,0,2300.875,0.40036007103398763
2024-09-01 14:15:38.629,OnTrack,8581.0,15432.0,1952.0,pos,0 days 00:00:35.719000,0 days 02:07:54.710000,11504.90309805807,215.94623450695696,5,100.0,False,0,2302.890819300417,0.4007108304443453
2024-09-01 14:15:38.875,OnTrack,8672.439850909235,15466.792224858065,1952.7927048152633,car,0 days 00:00:35.965000,0 days 02:07:54.956000,11944.0,223.0,5,100.0,False,0,2318.1575000000003,0.4033672847799082
2024-09-01 14:15:38.969,OnTrack,8708.0,15481.0,1953.0,pos,0 days 00:00:36.059000,0 days 02:07:55.050000,11513.9505856,225.3499968,5,100.0,False,0,2324.091770496926,0.40439986801788685
2024-09-01 14:15:39.115,OnTrack,8789.820987940053,15512.978869889961,1952.5734741840586,car,0 days 00:00:36.205000,0 days 02:07:55.196000,10846.0,229.0,5,100.0,False,0,2333.424166666667,0.406023736673696
2024-09-01 14:15:39.229,OnTrack,8862.0,15541.0,1952.0,pos,0 days 00:00:36.319000,0 days 02:07:55.310000,10837.4500096,231.4428544,5,100.0,False,0,2340.817733431378,0.4073102424226455
2024-09-01 14:15:39.395,OnTrack,8962.458575964692,15579.816182965886,1951.2656344684872,car,0 days 00:00:36.485000,0 days 02:07:55.476000,10825.0,235.0,6,100.0,False,0,2351.7019444444445,0.4092041321360546
2024-09-01 14:15:39.449,OnTrack,8995.0,15592.0,1951.0,pos,0 days 00:00:36.539000,0 days 02:07:55.530000,10835.221404342858,235.57857005714285,6,100.0,False,0,2355.2559561354433,0.40982254225093
2024-09-01 14:15:39.649,OnTrack,9118.0,15636.0,1950.0,pos,0 days 00:00:36.739000,0 days 02:07:55.730000,10873.0785472,237.7214272,6,100.0,False,0,2368.4834748719086,0.41212417547347996
2024-09-01 14:15:39.675,OnTrack,9134.478989766536,15641.800822286506,1949.9439961694557,car,0 days 00:00:36.765000,0 days 02:07:55.756000,10878.0,238.0,6,100.0,False,0,2370.213055555556,0.4124251283915498
2024-09-01 14:15:39.849,OnTrack,9244.0,15680.0,1950.0,pos,0 days 00:00:36.939000,0 days 02:07:55.930000,10954.6686936,240.1749984,6,100.0,False,0,2381.8514729539015,0.414450252579663
2024-09-01 14:15:39.995,OnTrack,9325.855422481822,15707.649685695636,1950.0959429726997,car,0 days 00:00:37.085000,0 days 02:07:56.076000,11019.0,242.0,6,100.0,False,0,2391.724166666667,0.4161681348445142
2024-09-01 14:15:40.069,OnTrack,9384.0,15727.0,1950.0,pos,0 days 00:00:37.159000,0 days 02:07:56.150000,10994.4875424,242.6166656,6,100.0,False,0,2396.7719565373263,0.4170464674402362
2024-09-01 14:15:40.269,OnTrack,9609.0,15801.0,1949.0,pos,0 days 00:00:37.359000,0 days 02:07:56.350000,10928.2375424,244.28333226666666,6,100.0,False,0,2410.5528314394483,0.4194443865165546
2024-09-01 14:15:40.475,OnTrack,9755.419605396606,15844.005286018399,1947.0103767250503,car,0 days 00:00:37.565000,0 days 02:07:56.556000,10860.0,246.0,6,100.0,True,0,2424.524166666667,0.42187544633684426
2024-09-01 14:15:40.670,OnTrack,9834.0,15863.0,1945.0,pos,0 days 00:00:37.760000,0 days 02:07:56.751000,10469.458205155555,238.4166641777778,6,45.83331555555556,True,0,2437.324969677744,0.4241028295727031
2024-09-01 14:15:40.835,OnTrack,9891.711899502712,15877.236917676004,1943.7371273400513,car,0 days 00:00:37.925000,0 days 02:07:56.916000,10139.0,232.0,6,0.0,True,0,2447.724166666667,0.42591232519727273
2024-09-01 14:15:41.075,OnTrack,10013.823922273066,15883.792808881644,1942.1210514614345,car,0 days 00:00:38.165000,0 days 02:07:57.156000,9640.0,216.0,6,0.0,True,0,2462.124166666667,0.42841797414512495
2024-09-01 14:15:41.090,OnTrack,10026.0,15883.0,1942.0,pos,0 days 00:00:38.180000,0 days 02:07:57.171000,9707.9366304,215.8125024,6,0.0,True,0,2463.0178567679386,0.4285734792605387
2024-09-01 14:15:41.315,OnTrack,10238.267102370262,15859.36383994616,1940.0953250822865,car,0 days 00:00:38.405000,0 days 02:07:57.396000,10727.0,213.0,5,0.0,True,0,2476.3241666666668,0.43088882241314586
2024-09-01 14:15:41.330,OnTrack,10248.0,15858.0,1940.0,pos,0 days 00:00:38.420000,0 days 02:07:57.411000,10699.77534848,212.17501056,5,0.0,True,0,2477.1873873604086,0.43103902574807906
2024-09-01 14:15:41.515,OnTrack,10295.885826708753,15847.382537353948,1939.3048501168385,car,0 days 00:00:38.605000,0 days 02:07:57.596000,10364.0,202.0,5,0.0,True,0,2487.546388888889,0.432841527225901
2024-09-01 14:15:41.610,OnTrack,10316.0,15838.0,1939.0,pos,0 days 00:00:38.700000,0 days 02:07:57.691000,10237.333589333333,199.0972280888889,5,0.0,True,0,2492.6999752951224,0.43373826877843186
2024-09-01 14:15:41.870,OnTrack,10443.0,15783.0,1938.0,pos,0 days 00:00:38.960000,0 days 02:07:57.951000,9890.666581333333,191.15277582222222,5,0.0,True,0,2506.3861860759534,0.43611971597586746
2024-09-01 14:15:41.875,OnTrack,10445.47602486562,15781.689401164978,1937.9933104403817,car,0 days 00:00:38.965000,0 days 02:07:57.956000,9884.0,191.0,5,0.0,False,0,2506.646388888889,0.43616499214978827
2024-09-01 14:15:42.075,OnTrack,10533.902631397532,15724.506341041992,1938.0270494112442,car,0 days 00:00:39.165000,0 days 02:07:58.156000,9809.0,186.0,5,2.0,False,0,2516.9797222222223,0.4379630272744045
2024-09-01 14:15:42.090,OnTrack,10540.0,15720.0,1938.0,pos,0 days 00:00:39.180000,0 days 02:07:58.171000,9801.35009792,185.85000192,5,4.02497408,False,0,2517.748859470211,0.43809685976997226
2024-09-01 14:15:42.275,OnTrack,10611.576721462377,15661.271468770541,1937.1711914977197,car,0 days 00:00:39.365000,0 days 02:07:58.356000,9707.0,184.0,5,29.0,False,0,2527.2019444444445,0.43974172868800326
2024-09-01 14:15:42.330,OnTrack,10633.0,15640.0,1937.0,pos,0 days 00:00:39.420000,0 days 02:07:58.411000,9807.145483733333,184.45833173333332,5,40.45829333333333,False,0,2530.025863586311,0.44023310021763085
2024-09-01 14:15:42.515,OnTrack,10706.368350834624,15553.221150257941,1937.0383814826403,car,0 days 00:00:39.605000,0 days 02:07:58.596000,10144.0,186.0,5,79.0,False,0,2539.6019444444446,0.44189937083754266
2024-09-01 14:15:42.570,OnTrack,10725.0,15528.0,1937.0,pos,0 days 00:00:39.660000,0 days 02:07:58.651000,10231.8278184,186.859372,5,80.3749952,False,0,2542.4757861787675,0.4423994290679524
2024-09-01 14:15:42.835,OnTrack,10787.840865909277,15419.765649138235,1936.0372487651907,car,0 days 00:00:39.925000,0 days 02:07:58.916000,10655.0,191.0,5,87.0,False,0,2556.5797222222222,0.444853561880998
2024-09-01 14:15:42.850,OnTrack,10791.0,15413.0,1936.0,pos,0 days 00:00:39.940000,0 days 02:07:58.931000,10673.3747648,191.5624928,5,87.4374944,False,0,2557.3980148308024,0.4449959475763955
2024-09-01 14:15:43.075,OnTrack,10838.26260537785,15297.041445412544,1935.952377449497,car,0 days 00:00:40.165000,0 days 02:07:59.156000,10949.0,200.0,5,94.0,False,0,2569.9130555555557,0.4471736072030834
2024-09-01 14:15:43.170,OnTrack,10855.0,15247.0,1936.0,pos,0 days 00:00:40.260000,0 days 02:07:59.251000,11084.770558933333,201.97916266666667,5,94.0,False,0,2575.2818703940975,0.448107799234431
2024-09-01 14:15:43.315,OnTrack,10875.116705561524,15172.994494213715,1936.0015159463944,car,0 days 00:00:40.405000,0 days 02:07:59.396000,11292.0,205.0,5,94.0,False,0,2583.5797222222222,0.44955165365822086
2024-09-01 14:15:43.330,OnTrack,10877.0,15165.0,1936.0,pos,0 days 00:00:40.420000,0 days 02:07:59.411000,11304.22484352,205.44999424,5,94.3749952,False,0,2584.44725345174,0.44970260704103127
2024-09-01 14:15:43.515,OnTrack,10898.37760125018,15058.7959029483,1935.9906024370077,car,0 days 00:00:40.605000,0 days 02:07:59.596000,11455.0,211.0,5,99.0,False,0,2595.3019444444444,0.45159136017055423
2024-09-01 14:15:43.550,OnTrack,10902.0,15038.0,1936.0,pos,0 days 00:00:40.640000,0 days 02:07:59.631000,11525.8751296,212.3125024,5,99.0,False,0,2597.3931086517277,0.45195522985081577
2024-09-01 14:15:43.675,OnTrack,10913.788975314335,14963.149757716024,1936.0660243860557,car,0 days 00:00:40.765000,0 days 02:07:59.756000,11779.0,217.0,5,99.0,False,0,2604.9463888888886,0.4532695262868626
2024-09-01 14:15:43.750,OnTrack,10920.0,14918.0,1936.0,pos,0 days 00:00:40.840000,0 days 02:07:59.831000,11779.0,218.50000128,5,99.0,False,0,2609.517890196194,0.45406498305358167
2024-09-01 14:15:43.875,OnTrack,10928.922520595945,14842.558983567049,1935.562391306306,car,0 days 00:00:40.965000,0 days 02:07:59.956000,11779.0,221.0,5,99.0,False,0,2617.2241666666664,0.4554059013542829
2024-09-01 14:15:43.970,OnTrack,10935.0,14784.0,1935.0,pos,0 days 00:00:41.060000,0 days 02:08:00.051000,11458.90342471111,223.3749952,5,99.0,False,0,2623.1859410270413,0.4564432703579916
2024-09-01 14:15:44.235,OnTrack,10950.254042414075,14615.979201713242,1933.0493299492996,car,0 days 00:00:41.325000,0 days 02:08:00.316000,10566.0,230.0,5,99.0,False,0,2640.2241666666664,0.45940797953488016
2024-09-01 14:15:44.250,OnTrack,10951.0,14607.0,1933.0,pos,0 days 00:00:41.340000,0 days 02:08:00.331000,10583.2497792,230.5624928,5,99.0,False,0,2641.200910833446,0.459577936340006
2024-09-01 14:15:44.395,OnTrack,10957.899499385308,14518.840288311603,1932.9774102243505,car,0 days 00:00:41.485000,0 days 02:08:00.476000,10750.0,236.0,6,99.0,False,0,2650.713055555555,0.46123308185492057
2024-09-01 14:15:44.430,OnTrack,10960.0,14490.0,1933.0,pos,0 days 00:00:41.520000,0 days 02:08:00.511000,10790.355954871107,236.62277708134425,6,99.0,False,0,2653.0322509216553,0.4616366297319298
2024-09-01 14:15:44.609,OnTrack,10973.0,14303.0,1933.0,pos,0 days 00:00:41.699000,0 days 02:08:00.690000,10996.747239572325,239.80782777117787,6,99.0,False,0,2665.0205937152746,0.46372264212827174
2024-09-01 14:15:44.676,OnTrack,10976.153786716302,14254.513615456723,1932.9948539407592,car,0 days 00:00:41.766000,0 days 02:08:00.757000,11074.0,241.0,6,99.0,False,0,2669.5244444444443,0.4645063274644403
2024-09-01 14:15:44.916,OnTrack,10981.518603407134,14162.07636312038,1932.999813154062,car,0 days 00:00:42.006000,0 days 02:08:00.997000,11183.0,243.0,6,99.0,False,0,2685.724444444444,0.467325182530774
2024-09-01 14:15:44.929,OnTrack,10982.0,14155.0,1933.0,pos,0 days 00:00:42.019000,0 days 02:08:01.010000,11189.499968,243.27857005714284,6,99.0,False,0,2686.6132042054746,0.4674798297502267
2024-09-01 14:15:45.089,OnTrack,10990.0,14045.0,1933.0,pos,0 days 00:00:42.179000,0 days 02:08:01.170000,11269.499968,246.7071414857143,6,99.0,False,0,2697.6696197630285,0.46940368363972684
2024-09-01 14:15:45.196,OnTrack,10996.113983461519,13966.061879216482,1932.9997836166328,car,0 days 00:00:42.286000,0 days 02:08:01.277000,11323.0,249.0,6,99.0,False,0,2705.091111111111,0.47069504836110304
2024-09-01 14:15:45.355,OnTrack,11005.63235054127,13849.557290993087,1932.9998599973283,car,0 days 00:00:42.445000,0 days 02:08:01.436000,11391.0,249.0,6,99.0,False,0,2716.088611111111,0.47260865074332553
2024-09-01 14:15:45.469,OnTrack,11012.0,13775.0,1933.0,pos,0 days 00:00:42.559000,0 days 02:08:01.550000,11428.8642432,250.2214272,6,99.0,False,0,2724.0160472024722,0.47398805156981755
2024-09-01 14:15:45.635,OnTrack,11020.32910247851,13682.658033457104,1933.0002613529455,car,0 days 00:00:42.725000,0 days 02:08:01.716000,11484.0,252.0,6,99.0,False,0,2735.6886111111107,0.47601911736679103
2024-09-01 14:15:45.849,OnTrack,11032.0,13565.0,1933.0,pos,0 days 00:00:42.939000,0 days 02:08:01.930000,11383.95505984,253.06999936,6,93.6500032,False,0,2751.065551058114,0.4786947571861935
2024-09-01 14:15:45.989,OnTrack,11042.0,13467.0,1933.0,pos,0 days 00:00:43.079000,0 days 02:08:02.070000,11318.50505984,253.76999936,6,90.1500032,False,0,2760.841781682213,0.4803958545457236
2024-09-01 14:15:46.035,OnTrack,11045.512827057695,13429.20231164653,1933.0013501316937,car,0 days 00:00:43.125000,0 days 02:08:02.116000,11297.0,254.0,6,89.0,True,0,2763.910833333333,0.48092987996520503
2024-09-01 14:15:46.249,OnTrack,11061.0,13241.0,1933.0,pos,0 days 00:00:43.339000,0 days 02:08:02.330000,10926.78022144,234.20501184,6,41.38502848,True,0,2777.2596598065106,0.4832526211462869
2024-09-01 14:15:46.435,OnTrack,11067.87774267378,13134.755411710878,1932.9381433147305,car,0 days 00:00:43.525000,0 days 02:08:02.516000,10605.0,217.0,6,0.0,True,0,2788.021944444444,0.4851252952559761
2024-09-01 14:15:46.595,OnTrack,11068.448897472448,13075.807679340856,1932.6483522234166,car,0 days 00:00:43.685000,0 days 02:08:02.676000,10440.0,200.0,5,0.0,True,0,2796.910833333333,0.48667199213736634
2024-09-01 14:15:46.709,OnTrack,11066.0,13023.0,1932.0,pos,0 days 00:00:43.799000,0 days 02:08:02.790000,10184.2127872,195.7250048,5,0.0,True,0,2803.006539524502,0.48773266573488844
2024-09-01 14:15:46.915,OnTrack,11056.650900107874,12910.539791267352,1930.1111957256317,car,0 days 00:00:44.005000,0 days 02:08:02.996000,9722.0,188.0,5,0.0,True,0,2813.621944444444,0.48957978227438
2024-09-01 14:15:46.929,OnTrack,11056.0,12904.0,1930.0,pos,0 days 00:00:44.019000,0 days 02:08:03.010000,9693.2419296,187.5333376,5,0.0,True,0,2814.3324539192636,0.4897034133381314
2024-09-01 14:15:47.089,OnTrack,11043.0,12831.0,1929.0,pos,0 days 00:00:44.179000,0 days 02:08:03.170000,9364.575262933333,182.20000426666667,5,0.0,True,0,2822.35988110868,0.4911002129555704
2024-09-01 14:15:47.155,OnTrack,11025.958220308705,12779.76460163988,1928.607437572411,car,0 days 00:00:44.245000,0 days 02:08:03.236000,9229.0,180.0,5,0.0,False,0,2825.621944444444,0.4916678230642568
2024-09-01 14:15:47.270,OnTrack,10989.0,12682.0,1928.0,pos,0 days 00:00:44.360000,0 days 02:08:03.351000,9157.12496,177.76388764444445,5,0.0,False,0,2831.2374239132764,0.4926449355797266
2024-09-01 14:15:47.515,OnTrack,10955.609898983063,12619.220628994513,1927.6758157278512,car,0 days 00:00:44.605000,0 days 02:08:03.596000,9004.0,173.0,5,0.0,False,0,2842.9219444444443,0.4946780818696626
2024-09-01 14:15:47.630,OnTrack,10936.0,12598.0,1928.0,pos,0 days 00:00:44.720000,0 days 02:08:03.711000,9065.652812088889,171.08333226666667,5,14.69445262222222,False,0,2848.283832052619,0.4956110685393796
2024-09-01 14:15:47.810,OnTrack,10883.0,12533.0,1929.0,pos,0 days 00:00:44.900000,0 days 02:08:03.891000,9162.152674844445,168.08333653333332,5,37.694419911111105,False,0,2856.5912344882286,0.49705658480133585
2024-09-01 14:15:47.875,OnTrack,10862.147944771525,12510.178461438003,1929.3399413922818,car,0 days 00:00:44.965000,0 days 02:08:03.956000,9197.0,167.0,5,46.0,False,0,2859.621944444444,0.4975839386355745
2024-09-01 14:15:48.035,OnTrack,10809.633866259033,12461.448156837498,1930.0070238460728,car,0 days 00:00:45.125000,0 days 02:08:04.116000,9412.0,170.0,5,75.0,False,0,2867.1774999999993,0.4988986309847562
2024-09-01 14:15:48.190,OnTrack,10746.0,12414.0,1930.0,pos,0 days 00:00:45.280000,0 days 02:08:04.271000,9689.277892266668,173.01389013333335,5,85.76389333333333,False,0,2874.6640506625154,0.5002013162479906
2024-09-01 14:15:48.395,OnTrack,10642.629699832254,12347.978238178472,1929.037927359029,car,0 days 00:00:45.485000,0 days 02:08:04.476000,10056.0,177.0,5,100.0,False,0,2884.877499999999,0.5019784911498244
2024-09-01 14:15:48.410,OnTrack,10636.0,12344.0,1929.0,pos,0 days 00:00:45.500000,0 days 02:08:04.491000,10086.67460736,177.7499904,5,99.92500096,False,0,2885.641486404787,0.5021114273811668
2024-09-01 14:15:48.595,OnTrack,10568.55128822087,12306.217002684163,1929.048245591543,car,0 days 00:00:45.685000,0 days 02:08:04.676000,10465.0,187.0,5,99.0,False,0,2895.2663888888883,0.5037861931299493
2024-09-01 14:15:48.630,OnTrack,10555.0,12299.0,1929.0,pos,0 days 00:00:45.720000,0 days 02:08:04.711000,10514.0000896,188.7500032,5,99.2187504,False,0,2897.1356157226046,0.5041114449528104
2024-09-01 14:15:48.755,OnTrack,10499.261510848331,12269.657071106156,1928.4476327274601,car,0 days 00:00:45.845000,0 days 02:08:04.836000,10689.0,195.0,5,100.0,False,0,2903.9330555555553,0.5052942225893049
2024-09-01 14:15:48.950,OnTrack,10399.0,12218.0,1927.0,pos,0 days 00:00:46.040000,0 days 02:08:05.031000,11179.982304,200.5714304,5,99.3035712,False,0,2914.857585400189,0.5071951279164567
2024-09-01 14:15:49.035,OnTrack,10355.28055592789,12196.008332111003,1926.4618731907572,car,0 days 00:00:46.125000,0 days 02:08:05.116000,11394.0,203.0,5,99.0,False,0,2919.721944444444,0.5080415429248742
2024-09-01 14:15:49.150,OnTrack,10297.0,12167.0,1926.0,pos,0 days 00:00:46.240000,0 days 02:08:05.231000,11447.1875296,206.83333546666665,5,99.0,False,0,2926.391457067171,0.5092020607919453
2024-09-01 14:15:49.275,OnTrack,10234.906882891306,12136.100409226825,1926.0624528351348,car,0 days 00:00:46.365000,0 days 02:08:05.356000,11505.0,211.0,5,99.0,False,0,2933.7886111111106,0.5104891907396744
2024-09-01 14:15:49.330,OnTrack,10203.0,12120.0,1926.0,pos,0 days 00:00:46.420000,0 days 02:08:05.411000,11559.140436,212.718744,5,99.0,False,0,2937.1036816381857,0.5110660242798286
2024-09-01 14:15:49.595,OnTrack,10001.69470858095,12016.000291286415,1924.1481160825888,car,0 days 00:00:46.685000,0 days 02:08:05.676000,11820.0,221.0,5,99.0,False,0,2953.4330555555553,0.5139073908475468
2024-09-01 14:15:49.630,OnTrack,9977.0,12003.0,1924.0,pos,0 days 00:00:46.720000,0 days 02:08:05.711000,11734.999844571428,221.3750006857143,5,99.0,False,0,2955.5971501730282,0.5142839506670832
2024-09-01 14:15:49.875,OnTrack,9841.385945988439,11929.701990729838,1924.477661649979,car,0 days 00:00:46.965000,0 days 02:08:05.956000,11140.0,224.0,5,99.0,False,0,2970.8552777777777,0.5169389167350718
2024-09-01 14:15:50.030,OnTrack,9776.0,11894.0,1925.0,pos,0 days 00:00:47.120000,0 days 02:08:06.111000,10932.0415808,229.8125024,5,99.0,False,0,2980.8335306631884,0.5186751666547754
2024-09-01 14:15:50.115,OnTrack,9743.693529228083,11876.659321272862,1925.0845515210178,car,0 days 00:00:47.205000,0 days 02:08:06.196000,10818.0,233.0,6,99.0,False,0,2986.388611111111,0.5196417695353012
2024-09-01 14:15:50.290,OnTrack,9671.0,11838.0,1925.0,pos,0 days 00:00:47.380000,0 days 02:08:06.371000,11033.346985955555,236.88888462222224,6,99.0,False,0,2997.9556770994686,0.5216544783355418
2024-09-01 14:15:50.475,OnTrack,9555.528301079974,11776.064622547727,1924.983601008513,car,0 days 00:00:47.565000,0 days 02:08:06.556000,11261.0,241.0,6,99.0,False,0,3010.488611111111,0.5238352514549705
2024-09-01 14:15:50.530,OnTrack,9520.0,11757.0,1925.0,pos,0 days 00:00:47.620000,0 days 02:08:06.611000,11326.214058057143,243.35713462857143,6,99.0,False,0,3014.298927637093,0.5244982594823532
2024-09-01 14:15:50.750,OnTrack,9386.0,11685.0,1925.0,pos,0 days 00:00:47.840000,0 days 02:08:06.831000,11587.071504457143,252.78571702857144,6,99.0,False,0,3029.8126427221073,0.5271976986406895
2024-09-01 14:15:50.755,OnTrack,9382.954366623926,11683.350102564385,1924.9901051171744,car,0 days 00:00:47.845000,0 days 02:08:06.836000,11593.0,253.0,6,99.0,False,0,3030.166388888889,0.5272592516761482
2024-09-01 14:15:51.030,OnTrack,9212.0,11589.0,1924.0,pos,0 days 00:00:48.120000,0 days 02:08:07.111000,11830.678626742858,255.94642925714285,6,99.0,False,0,3049.7170051466196,0.5306611253605957
2024-09-01 14:15:51.035,OnTrack,9208.870010207524,11587.223264801138,1923.9917939952293,car,0 days 00:00:48.125000,0 days 02:08:07.116000,11835.0,256.0,6,99.0,False,0,3050.0774999999994,0.5307238526904622
2024-09-01 14:15:51.229,OnTrack,9087.0,11517.0,1924.0,pos,0 days 00:00:48.319000,0 days 02:08:07.310000,11306.788405191457,260.83488873966627,6,99.0,False,0,3064.2449193179195,0.5331890318090544
2024-09-01 14:15:51.356,OnTrack,9006.378081967323,11470.736019020833,1923.9643440927691,car,0 days 00:00:48.446000,0 days 02:08:07.437000,10961.0,264.0,6,99.0,False,0,3073.6175,0.534819892706604
2024-09-01 14:15:51.389,OnTrack,8986.0,11459.0,1924.0,pos,0 days 00:00:48.479000,0 days 02:08:07.470000,10952.108350577777,264.36666595555556,6,99.0,False,0,3076.056729501921,0.5352443269312608
2024-09-01 14:15:51.629,OnTrack,8832.0,11370.0,1925.0,pos,0 days 00:00:48.719000,0 days 02:08:07.710000,10887.44168391111,267.03333262222225,6,99.0,False,0,3093.8721798145957,0.5383442758431682
2024-09-01 14:15:51.716,OnTrack,8753.315034198959,11325.515746266428,1925.436500683502,car,0 days 00:00:48.806000,0 days 02:08:07.797000,10864.0,268.0,7,99.0,False,0,3100.4175,0.5394831838039956
2024-09-01 14:15:51.889,OnTrack,8595.0,11237.0,1926.0,pos,0 days 00:00:48.979000,0 days 02:08:07.970000,10964.591425348744,271.90225356956336,7,99.0,False,0,3113.6107484553727,0.5417788538811454
2024-09-01 14:15:52.115,OnTrack,8508.793463826481,11189.706291676413,1925.2881758187434,car,0 days 00:00:49.205000,0 days 02:08:08.196000,11096.0,277.0,7,99.0,False,0,3131.1183333333333,0.5448252331609298
2024-09-01 14:15:52.209,OnTrack,8447.0,11155.0,1925.0,pos,0 days 00:00:49.299000,0 days 02:08:08.290000,11158.442772114286,278.67856914285716,7,99.0,False,0,3138.456230995298,0.5461020522967734
2024-09-01 14:15:52.395,OnTrack,8234.657316935258,11034.530251369113,1924.9467893039048,car,0 days 00:00:49.485000,0 days 02:08:08.476000,11282.0,282.0,7,99.0,False,0,3153.0516666666663,0.5486417077157602
2024-09-01 14:15:52.429,OnTrack,8202.0,11016.0,1925.0,pos,0 days 00:00:49.519000,0 days 02:08:08.510000,11300.35993088,282.33999872,7,99.0,False,0,3155.726117939785,0.549107071328161
2024-09-01 14:15:52.595,OnTrack,8112.11882380645,10965.198435260481,1925.5141100556934,car,0 days 00:00:49.685000,0 days 02:08:08.676000,11390.0,284.0,7,99.0,False,0,3168.829444444444,0.5513870946802278
2024-09-01 14:15:52.789,OnTrack,8051.0,10930.0,1926.0,pos,0 days 00:00:49.879000,0 days 02:08:08.870000,11500.857069714286,286.77142674285716,7,99.0,False,0,3184.3171368045346,0.5540820057959722
2024-09-01 14:15:52.875,OnTrack,7998.521198755094,10899.271887347388,1925.9185674050657,car,0 days 00:00:49.965000,0 days 02:08:08.956000,11550.0,288.0,7,99.0,False,0,3191.229444444444,0.5552847708213313
2024-09-01 14:15:53.029,OnTrack,7885.0,10832.0,1926.0,pos,0 days 00:00:50.119000,0 days 02:08:09.110000,11585.41997056,290.30999808,7,99.0,False,0,3203.664722633216,0.5574485514956331
2024-09-01 14:15:53.075,OnTrack,7853.48515348462,10812.960399666972,1926.33178844767,car,0 days 00:00:50.165000,0 days 02:08:09.156000,11596.0,291.0,7,99.0,False,0,3207.396111111111,0.5580978257743598
2024-09-01 14:15:53.249,OnTrack,7734.0,10738.0,1928.0,pos,0 days 00:00:50.339000,0 days 02:08:09.330000,11257.57024896,292.73999872,7,99.0,False,0,3221.586914004274,0.5605670737145287
2024-09-01 14:15:53.475,OnTrack,7532.915787360701,10602.349508141686,1927.2119786753158,car,0 days 00:00:50.565000,0 days 02:08:09.556000,10818.0,295.0,7,99.0,False,0,3240.173888888889,0.5638012705244864
2024-09-01 14:15:53.529,OnTrack,7491.0,10573.0,1927.0,pos,0 days 00:00:50.619000,0 days 02:08:09.610000,10793.121487542858,295.5785700571429,7,99.0,False,0,3244.6357286866996,0.5645776458157967
2024-09-01 14:15:53.755,OnTrack,7370.841418316311,10483.302066482041,1927.118982634508,car,0 days 00:00:50.845000,0 days 02:08:09.836000,10689.0,298.0,8,99.0,False,0,3263.351666666667,0.5678342826427114
2024-09-01 14:15:53.910,OnTrack,7295.0,10422.0,1927.0,pos,0 days 00:00:51,0 days 02:08:09.991000,10694.8125024,298.0,8,99.0,False,0,3276.153253171346,0.5700618022091204
2024-09-01 14:15:53.995,OnTrack,7243.948214203615,10380.454701318191,1926.5684669564805,car,0 days 00:00:51.085000,0 days 02:08:10.076000,10698.0,298.0,8,99.0,False,0,3283.2183333333332,0.5712911501726186
2024-09-01 14:15:54.150,OnTrack,7139.0,10295.0,1925.0,pos,0 days 00:00:51.240000,0 days 02:08:10.231000,10733.3593896,300.9062512,8,99.0,False,0,3296.2559430437695,0.573559738579109
2024-09-01 14:15:54.270,OnTrack,7054.0,10226.0,1923.0,pos,0 days 00:00:51.360000,0 days 02:08:10.351000,10760.7343896,303.1562512,8,99.0,False,0,3306.427995445948,0.5753297102734851
2024-09-01 14:15:54.315,OnTrack,7020.684583840086,10198.65679304161,1922.1588681142916,car,0 days 00:00:51.405000,0 days 02:08:10.396000,10771.0,304.0,8,99.0,False,0,3310.2405555555556,0.575993108692045
2024-09-01 14:15:54.475,OnTrack,6895.585371001818,10094.3500115928,1918.8795392736727,car,0 days 00:00:51.565000,0 days 02:08:10.556000,10853.0,305.0,8,99.0,False,0,3323.7961111111113,0.5783518214361651
2024-09-01 14:15:54.630,OnTrack,6788.0,10003.0,1916.0,pos,0 days 00:00:51.720000,0 days 02:08:10.711000,10894.763906133334,305.86111146666667,8,99.0,False,0,3336.9720974828997,0.5806444878520948
2024-09-01 14:15:54.835,OnTrack,6683.599722455903,9911.978142476371,1913.153459397535,car,0 days 00:00:51.925000,0 days 02:08:10.916000,10950.0,307.0,8,99.0,False,0,3354.496111111111,0.5836937257902666
2024-09-01 14:15:54.910,OnTrack,6646.0,9879.0,1912.0,pos,0 days 00:00:52,0 days 02:08:10.991000,10980.18752576,307.75000064,8,99.0,False,0,3360.9417792098825,0.5848152939492869
2024-09-01 14:15:55.230,OnTrack,6438.0,9698.0,1905.0,pos,0 days 00:00:52.320000,0 days 02:08:11.311000,11108.98752576,310.95000064,8,99.0,False,0,3388.61777847993,0.5896310118973253
2024-09-01 14:15:55.235,OnTrack,6433.566555108884,9694.151484273323,1904.8609067795135,car,0 days 00:00:52.325000,0 days 02:08:11.316000,11111.0,311.0,8,99.0,False,0,3389.0516666666663,0.5897065099166712
2024-09-01 14:15:55.395,OnTrack,6274.60241144301,9556.189915379406,1900.035924464055,car,0 days 00:00:52.485000,0 days 02:08:11.476000,11145.0,313.0,8,99.0,False,0,3402.9627777777773,0.5921270905360468
2024-09-01 14:15:55.430,OnTrack,6241.0,9527.0,1899.0,pos,0 days 00:00:52.520000,0 days 02:08:11.511000,11155.208352,313.2916672,8,99.0,False,0,3406.0164356051764,0.5926584373778748
2024-09-01 14:15:55.635,OnTrack,6073.78722677867,9381.400334234973,1893.5157828638014,car,0 days 00:00:52.725000,0 days 02:08:11.716000,11215.0,315.0,8,99.0,False,0,3423.9627777777773,0.5957811619183313
2024-09-01 14:15:55.810,OnTrack,5970.0,9291.0,1890.0,pos,0 days 00:00:52.900000,0 days 02:08:11.891000,11244.652745244444,315.48611057777777,8,99.0,False,0,3439.291771707135,0.5984484589676874
2024-09-01 14:15:55.995,OnTrack,5897.6970565244155,9228.42894099312,1887.7525601484474,car,0 days 00:00:53.085000,0 days 02:08:12.076000,11276.0,316.0,8,99.0,False,0,3455.5627777777772,0.6012796693316736
2024-09-01 14:15:56.130,OnTrack,5843.0,9181.0,1886.0,pos,0 days 00:00:53.220000,0 days 02:08:12.211000,11319.0311888,318.5312464,8,99.0,False,0,3467.5214991586186,0.6033605275015044
2024-09-01 14:15:56.155,OnTrack,5830.811840213626,9170.390819217359,1885.5885916835216,car,0 days 00:00:53.245000,0 days 02:08:12.236000,11327.0,319.0,8,99.0,False,0,3469.740555555555,0.6037466508574911
2024-09-01 14:15:56.395,OnTrack,5676.973740336786,9036.129971408418,1880.5456020689971,car,0 days 00:00:53.485000,0 days 02:08:12.476000,11365.0,320.0,8,99.0,False,0,3491.073888888888,0.6074587233728276
2024-09-01 14:15:56.470,OnTrack,5609.0,8977.0,1879.0,pos,0 days 00:00:53.560000,0 days 02:08:12.551000,11382.8125152,320.0,8,99.0,False,0,3497.7378304440153,0.6086182718551993
2024-09-01 14:15:56.635,OnTrack,5434.015705651947,8825.154829117866,1876.1707072505694,car,0 days 00:00:53.725000,0 days 02:08:12.716000,11422.0,320.0,8,99.0,False,0,3512.4072222222217,0.6111707958881643
2024-09-01 14:15:56.650,OnTrack,5420.0,8813.0,1876.0,pos,0 days 00:00:53.740000,0 days 02:08:12.731000,11422.6093672,320.0937488,8,99.0,False,0,3513.7436224725734,0.6114033340743589
2024-09-01 14:15:56.955,OnTrack,5254.167103335468,8669.212329329355,1876.0785551700096,car,0 days 00:00:54.045000,0 days 02:08:13.036000,11435.0,322.0,8,99.0,False,0,3541.029444444444,0.6161511598462408
2024-09-01 14:15:57.110,OnTrack,5183.0,8607.0,1876.0,pos,0 days 00:00:54.200000,0 days 02:08:13.191000,11462.1250112,322.9687504,8,99.0,False,0,3554.9774240909587,0.6185781557160988
2024-09-01 14:15:57.275,OnTrack,5075.058621117108,8512.39096703376,1874.9900121918138,car,0 days 00:00:54.365000,0 days 02:08:13.356000,11491.0,324.0,8,99.0,False,0,3569.829444444444,0.6211624577419452
2024-09-01 14:15:57.290,OnTrack,5062.0,8501.0,1875.0,pos,0 days 00:00:54.380000,0 days 02:08:13.371000,11489.3125216,323.9062512,8,99.0,False,0,3571.176785738421,0.621396899706921
2024-09-01 14:15:57.435,OnTrack,4903.5883579799565,8363.3673706055,1876.493133295568,car,0 days 00:00:54.525000,0 days 02:08:13.516000,11473.0,323.0,8,99.0,False,0,3584.185,0.6236603732053906
2024-09-01 14:15:57.530,OnTrack,4804.0,8277.0,1878.0,pos,0 days 00:00:54.620000,0 days 02:08:13.611000,11478.937488,323.0,8,99.0,False,0,3592.708804336353,0.62514354413366
2024-09-01 14:15:57.595,OnTrack,4749.8641834802365,8230.053452738437,1878.9873347498985,car,0 days 00:00:54.685000,0 days 02:08:13.676000,11483.0,323.0,8,99.0,False,0,3598.5405555555553,0.6261582886688357
2024-09-01 14:15:57.796,OnTrack,4643.510069261452,8137.810417183592,1881.8136185061082,car,0 days 00:00:54.886000,0 days 02:08:13.877000,11465.0,323.0,8,99.0,False,0,3616.574722222222,0.6292962949697889
2024-09-01 14:15:57.889,OnTrack,4600.0,8100.0,1883.0,pos,0 days 00:00:54.979000,0 days 02:08:13.970000,11467.6156232,323.2906248,8,99.0,False,0,3624.939964533965,0.6307518755667991
2024-09-01 14:15:58.116,OnTrack,4485.239920804451,8000.038485522613,1885.5829555121459,car,0 days 00:00:55.206000,0 days 02:08:14.197000,11474.0,324.0,8,99.0,False,0,3645.3747222222223,0.6343075928654933
2024-09-01 14:15:58.289,OnTrack,4383.0,7911.0,1888.0,pos,0 days 00:00:55.379000,0 days 02:08:14.370000,11433.9937648,322.9187504,8,99.0,False,0,3660.8760405086186,0.6370048749387316
2024-09-01 14:15:58.436,OnTrack,4282.370197753247,7823.493573793949,1890.7598424625178,car,0 days 00:00:55.526000,0 days 02:08:14.517000,11400.0,322.0,8,99.0,False,0,3673.9969444444446,0.6392879568235699
2024-09-01 14:15:58.549,OnTrack,4191.0,7744.0,1893.0,pos,0 days 00:00:55.639000,0 days 02:08:14.630000,11373.1625152,321.05833386666666,8,99.0,False,0,3684.0531771342976,0.6410377754943121
2024-09-01 14:15:58.676,OnTrack,4071.88022961135,7640.244954896378,1895.3190864436558,car,0 days 00:00:55.766000,0 days 02:08:14.757000,11343.0,320.0,8,99.0,False,0,3695.330277777778,0.6430000293389065
2024-09-01 14:15:58.729,OnTrack,4028.0,7602.0,1896.0,pos,0 days 00:00:55.819000,0 days 02:08:14.810000,11335.68966546665,319.83385603333295,8,99.0,False,0,3700.030697331604,0.6438179183187335
2024-09-01 14:15:58.995,OnTrack,3888.507017446487,7480.493257736068,1896.9034312641666,car,0 days 00:00:56.085000,0 days 02:08:15.076000,11299.0,319.0,8,99.0,False,0,3723.597222222222,0.6479185737560049
2024-09-01 14:15:59.009,OnTrack,3881.0,7474.0,1897.0,pos,0 days 00:00:56.099000,0 days 02:08:15.090000,11298.125008,319.0,8,99.0,False,0,3724.838701535953,0.6481345953765765
2024-09-01 14:15:59.235,OnTrack,3733.640987148616,7347.133076074601,1900.1924684788278,car,0 days 00:00:56.325000,0 days 02:08:15.316000,11284.0,319.0,8,99.0,False,0,3744.863888888889,0.6516190460447312
2024-09-01 14:15:59.349,OnTrack,3654.0,7278.0,1902.0,pos,0 days 00:00:56.439000,0 days 02:08:15.430000,11259.300027733334,317.5750016,8,99.0,False,0,3754.889257629493,0.6533634942833926
2024-09-01 14:15:59.475,OnTrack,3569.3436605378006,7203.699560941974,1903.6385413317464,car,0 days 00:00:56.565000,0 days 02:08:15.556000,11232.0,316.0,8,99.0,False,0,3765.930555555556,0.6552847176536261
2024-09-01 14:15:59.509,OnTrack,3548.0,7185.0,1904.0,pos,0 days 00:00:56.599000,0 days 02:08:15.590000,11219.42004736,315.83000064,8,99.0,False,0,3768.90920887443,0.6558030134560187
2024-09-01 14:15:59.675,OnTrack,3452.9854329662044,7102.55054833947,1905.258885854445,car,0 days 00:00:56.765000,0 days 02:08:15.756000,11158.0,315.0,8,99.0,False,0,3783.4305555555557,0.6583297771388631
2024-09-01 14:15:59.769,OnTrack,3376.0,7036.0,1906.0,pos,0 days 00:00:56.859000,0 days 02:08:15.850000,11149.607154285713,314.66428617142856,8,99.0,False,0,3791.612421945212,0.6597534497021068
2024-09-01 14:15:59.955,OnTrack,3163.752611392909,6852.1986799459155,1907.8862215339166,car,0 days 00:00:57.045000,0 days 02:08:16.036000,11133.0,314.0,8,99.0,False,0,3807.852777777778,0.6625793268204828
2024-09-01 14:15:59.969,OnTrack,3152.0,6842.0,1908.0,pos,0 days 00:00:57.059000,0 days 02:08:16.050000,11096.250336,313.8833344,8,93.2250528,False,0,3809.0898006742186,0.6627945730092978
2024-09-01 14:16:00.195,OnTrack,3079.7044755744887,6778.551836143144,1908.9303012259902,car,0 days 00:00:57.285000,0 days 02:08:16.276000,10503.0,312.0,8,0.0,True,0,3828.6527777777783,0.666198597522936
2024-09-01 14:16:00.249,OnTrack,3061.0,6762.0,1909.0,pos,0 days 00:00:57.339000,0 days 02:08:16.330000,10299.1504832,301.5000248888889,8,0.0,True,0,3832.796810407695,0.6669196732867566
2024-09-01 14:16:00.450,OnTrack,2938.0,6653.0,1909.0,pos,0 days 00:00:57.540000,0 days 02:08:16.531000,9540.3757248,262.416704,8,0.0,True,0,3846.2174959062877,0.6692549181825207
2024-09-01 14:16:00.555,OnTrack,2873.2657750883136,6593.649078960789,1908.9757044522526,car,0 days 00:00:57.645000,0 days 02:08:16.636000,9144.0,242.0,8,0.0,True,0,3852.852777777778,0.670409479782521
2024-09-01 14:16:00.795,OnTrack,2751.4127839345397,6475.725623617361,1908.983337277035,car,0 days 00:00:57.885000,0 days 02:08:16.876000,9674.0,224.0,8,0.0,True,0,3867.7861111111115,0.6730079305432566
2024-09-01 14:16:00.830,OnTrack,2738.0,6462.0,1909.0,pos,0 days 00:00:57.920000,0 days 02:08:16.911000,9780.000193828571,221.49999542857142,8,0.0,True,0,3869.8587071631064,0.6733685693013818
2024-09-01 14:16:01.070,OnTrack,2670.0,6384.0,1909.0,pos,0 days 00:00:58.160000,0 days 02:08:17.151000,10506.857336685714,204.35713828571429,8,0.0,True,0,3883.376168523523,0.6757206535260596
2024-09-01 14:16:01.075,OnTrack,2668.6830095878704,6382.242578650258,1908.9873217816555,car,0 days 00:00:58.165000,0 days 02:08:17.156000,10522.0,204.0,8,0.0,True,0,3883.6527777777783,0.6757687844765381
2024-09-01 14:16:01.275,OnTrack,2614.1406414470516,6300.8848820596295,1907.9008999783036,car,0 days 00:00:58.365000,0 days 02:08:17.356000,10190.0,197.0,6,0.0,True,0,3894.5972222222226,0.6776731550117499
2024-09-01 14:16:01.450,OnTrack,2575.0,6206.0,1907.0,pos,0 days 00:00:58.540000,0 days 02:08:17.531000,10015.000192,192.13889422222223,6,0.0,True,0,3903.797447507476,0.6792740254843886
2024-09-01 14:16:01.635,OnTrack,2552.2541345233876,6076.78246512382,1906.9341291344756,car,0 days 00:00:58.725000,0 days 02:08:17.716000,9830.0,187.0,5,0.0,False,0,3913.2972222222224,0.6809270185759746
2024-09-01 14:16:01.790,OnTrack,2544.0,5983.0,1907.0,pos,0 days 00:00:58.880000,0 days 02:08:17.871000,9740.8749632,184.67499904,5,8.52500352,False,0,3921.233202453715,0.6823079061118923
2024-09-01 14:16:01.835,OnTrack,2542.87309641343,5963.702816110368,1906.9550126533045,car,0 days 00:00:58.925000,0 days 02:08:17.916000,9715.0,184.0,5,11.0,False,0,3923.5194444444446,0.6827057199895733
2024-09-01 14:16:02.150,OnTrack,2545.0,5861.0,1906.0,pos,0 days 00:00:59.240000,0 days 02:08:18.231000,9726.02500224,180.84999936,5,43.28750656,False,0,3939.265578580762,0.6854456008528652
2024-09-01 14:16:02.235,OnTrack,2545.0021067833213,5802.62079570381,1905.6506281495756,car,0 days 00:00:59.325000,0 days 02:08:18.316000,9729.0,180.0,5,52.0,False,0,3943.5194444444446,0.6861857879727014
2024-09-01 14:16:02.430,OnTrack,2543.0,5644.0,1905.0,pos,0 days 00:00:59.520000,0 days 02:08:18.511000,10050.7501056,182.92500096,5,91.97501312,False,0,3953.4252600403324,0.6879094335578024
2024-09-01 14:16:02.435,OnTrack,2542.92251403211,5640.659758397957,1904.9934747674179,car,0 days 00:00:59.525000,0 days 02:08:18.516000,10059.0,183.0,5,93.0,False,0,3953.6861111111116,0.6879548225307915
2024-09-01 14:16:02.755,OnTrack,2534.3806261040063,5506.547603580702,1905.3816592990272,car,0 days 00:00:59.845000,0 days 02:08:18.836000,10546.0,196.0,5,77.0,False,0,3971.108333333334,0.6909863484183164
2024-09-01 14:16:02.870,OnTrack,2527.0,5464.0,1905.0,pos,0 days 00:00:59.960000,0 days 02:08:18.951000,10671.0625696,198.15625119999999,5,74.4843736,False,0,3977.521138882064,0.6921021983819245
2024-09-01 14:16:03.075,OnTrack,2506.1798773990795,5370.541005532851,1902.9913441194778,car,0 days 00:01:00.165000,0 days 02:08:19.156000,10894.0,202.0,5,70.0,False,0,3989.06388888889,0.6941106761187248
2024-09-01 14:16:03.210,OnTrack,2487.0,5303.0,1902.0,pos,0 days 00:01:00.300000,0 days 02:08:19.291000,11001.035562057143,203.92856868571428,5,70.48214217142858,False,0,3996.7390916743616,0.6954461874926116
2024-09-01 14:16:03.355,OnTrack,2461.1578795857977,5228.782250403015,1901.9919285158373,car,0 days 00:01:00.445000,0 days 02:08:19.436000,11116.0,206.0,5,71.0,False,0,4005.0861111111117,0.6968985972474306
2024-09-01 14:16:03.430,OnTrack,2443.0,5186.0,1902.0,pos,0 days 00:01:00.520000,0 days 02:08:19.511000,11188.8906872,207.4062512,5,72.6406264,False,0,4009.4620539561392,0.6976600261769795
2024-09-01 14:16:03.675,OnTrack,2361.6100218929537,5028.977989069694,1901.0632067036422,car,0 days 00:01:00.765000,0 days 02:08:19.756000,11427.0,212.0,5,78.0,False,0,4023.930555555556,0.700177594635978
2024-09-01 14:16:03.690,OnTrack,2357.0,5021.0,1901.0,pos,0 days 00:01:00.780000,0 days 02:08:19.771000,11442.937296,212.0937488,5,79.3124832,False,0,4024.816106952513,0.7003316835891762
2024-09-01 14:16:03.835,OnTrack,2318.7564419566497,4960.562921130287,1900.471453440058,car,0 days 00:01:00.925000,0 days 02:08:19.916000,11597.0,213.0,5,92.0,False,0,4033.397222222223,0.7018248268146585
2024-09-01 14:16:03.990,OnTrack,2274.0,4905.0,1900.0,pos,0 days 00:01:01.080000,0 days 02:08:20.071000,11778.1563248,216.3906264,5,95.3906264,False,0,4042.7617367813273,0.7034542841793924
2024-09-01 14:16:04.155,OnTrack,2201.9375159297215,4826.597070376056,1899.5175530518627,car,0 days 00:01:01.245000,0 days 02:08:20.236000,11971.0,220.0,5,99.0,False,0,4052.9527777777785,0.7052275599537171
2024-09-01 14:16:04.330,OnTrack,2112.0,4731.0,1899.0,pos,0 days 00:01:01.420000,0 days 02:08:20.411000,11639.153802928811,225.8091237999333,5,99.0,False,0,4063.987959984729,0.7071477191680368
2024-09-01 14:16:04.396,OnTrack,2078.4367054093777,4694.246075525413,1898.7954196247438,car,0 days 00:01:01.486000,0 days 02:08:20.477000,11514.0,228.0,5,99.0,False,0,4068.216111111112,0.7078834318361743
2024-09-01 14:16:04.636,OnTrack,1964.1178732107617,4562.387037568883,1898.1006525399584,car,0 days 00:01:01.726000,0 days 02:08:20.717000,10874.0,235.0,6,99.0,False,0,4083.8827777777788,0.7106094850896247
2024-09-01 14:16:04.709,OnTrack,1938.0,4528.0,1898.0,pos,0 days 00:01:01.799000,0 days 02:08:20.790000,10960.3832576,236.2166656,6,99.0,False,0,4088.7100224637106,0.7114494420735366
2024-09-01 14:16:04.876,OnTrack,1896.6867781640349,4461.840840014542,1898.0108270615783,car,0 days 00:01:01.966000,0 days 02:08:20.957000,11158.0,239.0,6,99.0,False,0,4099.816111111112,0.7133819392495168
2024-09-01 14:16:04.989,OnTrack,1874.0,4414.0,1898.0,pos,0 days 00:01:02.079000,0 days 02:08:21.070000,11230.0374592,239.94166613333334,6,99.0,False,0,4107.341574076973,0.7146913953858022
2024-09-01 14:16:05.116,OnTrack,1846.9126783984284,4347.977848036776,1897.8207304220655,car,0 days 00:01:02.206000,0 days 02:08:21.197000,11311.0,241.0,6,99.0,False,0,4115.882777777779,0.7161775938626296
2024-09-01 14:16:05.349,OnTrack,1795.0,4179.0,1897.0,pos,0 days 00:01:02.439000,0 days 02:08:21.430000,11448.211073422222,246.8249984,6,99.0,False,0,4132.00038220894,0.71898211181991
2024-09-01 14:16:05.476,OnTrack,1767.6302403443804,4051.2574483905173,1896.277452773975,car,0 days 00:01:02.566000,0 days 02:08:21.557000,11523.0,250.0,6,99.0,False,0,4140.882777777779,0.7205276788415397
2024-09-01 14:16:05.529,OnTrack,1758.0,3999.0,1896.0,pos,0 days 00:01:02.619000,0 days 02:08:21.610000,11542.999967798754,250.66666559329184,6,99.0,False,0,4144.589481306801,0.7211726578552545
2024-09-01 14:16:05.635,OnTrack,1743.5084871231124,3905.1158520169424,1895.5708222172575,car,0 days 00:01:02.725000,0 days 02:08:21.716000,11583.0,252.0,6,99.0,False,0,4152.012777777779,0.7224643366741504
2024-09-01 14:16:05.795,OnTrack,1732.1555293301371,3788.1520086870287,1895.2023942298126,car,0 days 00:01:02.885000,0 days 02:08:21.876000,11736.0,254.0,6,99.0,False,0,4163.301666666668,0.7244286417135161
2024-09-01 14:16:05.909,OnTrack,1726.0,3715.0,1895.0,pos,0 days 00:01:02.999000,0 days 02:08:21.990000,11754.366646044444,256.2166641777778,6,99.0,False,0,4171.470590005647,0.7258500621419465
2024-09-01 14:16:06.155,OnTrack,1714.4015165242358,3580.4269439847294,1894.6336497003108,car,0 days 00:01:03.245000,0 days 02:08:22.236000,11794.0,261.0,6,99.0,False,0,4189.4016666666685,0.7289701304314983
2024-09-01 14:16:06.315,OnTrack,1706.053354239732,3489.6073610690146,1894.154587171971,car,0 days 00:01:03.405000,0 days 02:08:22.396000,12121.0,265.0,6,99.0,False,0,4201.179444444446,0.7310195037993402
2024-09-01 14:16:06.349,OnTrack,1704.0,3468.0,1894.0,pos,0 days 00:01:03.439000,0 days 02:08:22.430000,11912.750784,265.4249984,6,99.0,False,0,4203.692340217597,0.7314567562055944
2024-09-01 14:16:06.475,OnTrack,1695.4569483645307,3380.049836672926,1893.28604545248,car,0 days 00:01:03.565000,0 days 02:08:22.556000,11141.0,267.0,6,99.0,False,0,4213.046111111113,0.7330843441359963
2024-09-01 14:16:06.529,OnTrack,1691.0,3335.0,1893.0,pos,0 days 00:01:03.619000,0 days 02:08:22.610000,11045.42022656,267.80999808,6,99.0,False,0,4217.0845675509145,0.7337870492838668
2024-09-01 14:16:06.675,OnTrack,1675.9782341120117,3185.058008367627,1892.445864839985,car,0 days 00:01:03.765000,0 days 02:08:22.756000,10787.0,270.0,7,99.0,False,0,4228.046111111113,0.7356943951233423
2024-09-01 14:16:06.789,OnTrack,1665.0,3075.0,1892.0,pos,0 days 00:01:03.879000,0 days 02:08:22.870000,10886.749888,270.0,7,99.0,False,0,4236.569532910773,0.737177499488927
2024-09-01 14:16:06.835,OnTrack,1661.5194065587661,3039.5379775442684,1891.7690868300904,car,0 days 00:01:03.925000,0 days 02:08:22.916000,10927.0,270.0,7,99.0,False,0,4240.046111111113,0.7377824359132191
2024-09-01 14:16:07.075,OnTrack,1650.2941965687214,2918.7520168687793,1890.2889793407394,car,0 days 00:01:04.165000,0 days 02:08:23.156000,11127.0,279.0,7,99.0,False,0,4258.646111111113,0.7410188991375283
2024-09-01 14:16:07.170,OnTrack,1645.0,2860.0,1890.0,pos,0 days 00:01:04.260000,0 days 02:08:23.251000,11170.541578666667,279.3958325333333,7,99.0,False,0,4266.026647725593,0.742303137596046
2024-09-01 14:16:07.315,OnTrack,1634.2801981611342,2741.2260114088413,1890.0443479198807,car,0 days 00:01:04.405000,0 days 02:08:23.396000,11237.0,280.0,7,99.0,False,0,4277.312777777779,0.7442669625884477
2024-09-01 14:16:07.390,OnTrack,1629.0,2681.0,1890.0,pos,0 days 00:01:04.480000,0 days 02:08:23.471000,11280.87503744,281.50000128,7,99.0,False,0,4283.202029231204,0.7452917123598304
2024-09-01 14:16:07.515,OnTrack,1621.6656776013117,2593.1218662641063,1889.5064085523402,car,0 days 00:01:04.605000,0 days 02:08:23.596000,11354.0,284.0,7,99.0,False,0,4293.090555555557,0.7470123495529155
2024-09-01 14:16:07.570,OnTrack,1617.0,2540.0,1889.0,pos,0 days 00:01:04.660000,0 days 02:08:23.651000,11393.285577142857,284.78571154285714,7,99.0,False,0,4297.466347072449,0.7477737521508544
2024-09-01 14:16:07.770,OnTrack,1592.0,2270.0,1886.0,pos,0 days 00:01:04.860000,0 days 02:08:23.851000,11536.14272,287.6428544,7,99.0,False,0,4313.482622117238,0.7505606384504715
2024-09-01 14:16:07.795,OnTrack,1589.8582423360033,2246.928124121604,1885.7320094088855,car,0 days 00:01:04.885000,0 days 02:08:23.876000,11554.0,288.0,7,99.0,False,0,4315.490555555558,0.750910025694019
2024-09-01 14:16:07.995,OnTrack,1583.7548975241154,2179.2972436605373,1884.9944589921838,car,0 days 00:01:05.085000,0 days 02:08:24.076000,11625.0,290.0,7,99.0,False,0,4331.601666666669,0.7537134137915389
2024-09-01 14:16:08.070,OnTrack,1581.0,2149.0,1885.0,pos,0 days 00:01:05.160000,0 days 02:08:24.151000,11665.3125344,290.9375008,7,99.0,False,0,4337.681369370437,0.7547713027278549
2024-09-01 14:16:08.235,OnTrack,1569.264300588055,2022.2403794639813,1885.1611968352738,car,0 days 00:01:05.325000,0 days 02:08:24.316000,11754.0,293.0,7,99.0,False,0,4351.135000000002,0.7571122801883938
2024-09-01 14:16:08.310,OnTrack,1563.0,1955.0,1885.0,pos,0 days 00:01:05.400000,0 days 02:08:24.391000,11641.499904,293.9375008,7,99.0,False,0,4357.2828347397735,0.7581820243305659
2024-09-01 14:16:08.470,OnTrack,1550.0,1816.0,1884.0,pos,0 days 00:01:05.560000,0 days 02:08:24.551000,11401.499904,295.9375008,7,99.0,False,0,4370.45577234027,0.7604741602499275
2024-09-01 14:16:08.475,OnTrack,1549.6142394879553,1811.8730376533335,1883.971458428009,car,0 days 00:01:05.565000,0 days 02:08:24.556000,11394.0,296.0,7,99.0,False,0,4370.868333333335,0.7605459472650801
2024-09-01 14:16:08.690,OnTrack,1534.0,1644.0,1883.0,pos,0 days 00:01:05.780000,0 days 02:08:24.771000,10482.042481066666,297.79166506666667,7,99.0,False,0,4388.659408414758,0.7636416548038945
2024-09-01 14:16:08.715,OnTrack,1532.177239550815,1624.2075798906815,1882.8394768206142,car,0 days 00:01:05.805000,0 days 02:08:24.796000,10376.0,298.0,8,99.0,False,0,4390.735000000002,0.7640028147949874
2024-09-01 14:16:08.915,OnTrack,1517.1564938826061,1458.1851767335327,1881.1308323136218,car,0 days 00:01:06.005000,0 days 02:08:24.996000,10507.0,300.0,8,99.0,False,0,4407.401666666669,0.7669028714475942
2024-09-01 14:16:08.930,OnTrack,1516.0,1445.0,1881.0,pos,0 days 00:01:06.020000,0 days 02:08:25.011000,10524.499776,300.1874976,8,99.0,False,0,4408.657702116617,0.7671214258853459
2024-09-01 14:16:09.155,OnTrack,1498.2675074613148,1239.0394229130036,1879.2580410133478,car,0 days 00:01:06.245000,0 days 02:08:25.236000,10787.0,303.0,8,99.0,False,0,4427.601666666669,0.7704177401105535
2024-09-01 14:16:09.250,OnTrack,1491.0,1169.0,1879.0,pos,0 days 00:01:06.340000,0 days 02:08:25.331000,10812.5311984,303.8906232,8,99.0,False,0,4435.646522959826,0.7718175724512876
2024-09-01 14:16:09.290,OnTrack,1488.0,1144.0,1879.0,pos,0 days 00:01:06.380000,0 days 02:08:25.371000,10823.2811984,304.2656232,8,99.0,False,0,4439.041513341953,0.7724083123178809
2024-09-01 14:16:09.475,OnTrack,1472.0522553412063,978.9037440224168,1878.409348319765,car,0 days 00:01:06.565000,0 days 02:08:25.556000,10873.0,306.0,8,99.0,False,0,4454.801666666669,0.7751506325676076
2024-09-01 14:16:09.690,OnTrack,1453.0,755.0,1877.0,pos,0 days 00:01:06.780000,0 days 02:08:25.771000,10932.72216888889,307.79166506666667,8,99.0,False,0,4473.235323122003,0.7783581514497171
2024-09-01 14:16:09.835,OnTrack,1442.6325071981232,639.3483377874721,1876.0593088791334,car,0 days 00:01:06.925000,0 days 02:08:25.916000,10973.0,309.0,8,99.0,False,0,4485.701666666669,0.7805273376015404
2024-09-01 14:16:10.075,OnTrack,1427.0867082328964,475.41697855197145,1875.0126117619047,car,0 days 00:01:07.165000,0 days 02:08:26.156000,11078.0,310.0,8,99.0,False,0,4506.3683333333365,0.784123407850773
2024-09-01 14:16:10.090,OnTrack,1426.0,464.0,1875.0,pos,0 days 00:01:07.180000,0 days 02:08:26.171000,11080.96246208,310.11249856,8,99.0,False,0,4507.664670505434,0.7843489749251706
2024-09-01 14:16:10.250,OnTrack,1413.0,327.0,1875.0,pos,0 days 00:01:07.340000,0 days 02:08:26.331000,11112.56246208,311.31249856,8,99.0,False,0,4521.536179413002,0.7867626646265158
2024-09-01 14:16:10.475,OnTrack,1387.7898661158613,56.279943916172094,1873.2868822386404,car,0 days 00:01:07.565000,0 days 02:08:26.556000,11157.0,313.0,8,99.0,False,0,4541.146111111114,0.7901748593992122
2024-09-01 14:16:10.510,OnTrack,1384.0,15.0,1873.0,pos,0 days 00:01:07.600000,0 days 02:08:26.591000,11166.6250176,313.25000045714285,8,99.0,False,0,4544.203514465511,0.7907068579754695
2024-09-01 14:16:10.755,OnTrack,1361.755755541817,-232.48431673941363,1871.5471499053017,car,0 days 00:01:07.845000,0 days 02:08:26.836000,11234.0,315.0,8,99.0,False,0,4565.646111111114,0.7944379426785441
2024-09-01 14:16:10.910,OnTrack,1351.0,-351.0,1871.0,pos,0 days 00:01:08,0 days 02:08:26.991000,11253.306062190704,315.55160177687725,8,99.0,False,0,4579.227981555398,0.7968012343027514
2024-09-01 14:16:11.036,OnTrack,1343.9207100514254,-425.3721975203531,1870.713814430989,car,0 days 00:01:08.126000,0 days 02:08:27.117000,11269.0,316.0,8,99.0,False,0,4590.31166666667,0.7987298331872918
2024-09-01 14:16:11.269,OnTrack,1331.0,-561.0,1870.0,pos,0 days 00:01:08.359000,0 days 02:08:27.350000,11269.0,318.9124992,8,99.0,False,0,4610.956890745366,0.8023221723533306
2024-09-01 14:16:11.276,OnTrack,1330.5047115211296,-566.5059435059147,1869.9584109778955,car,0 days 00:01:08.366000,0 days 02:08:27.357000,11269.0,319.0,8,99.0,False,0,4611.578333333337,0.802430305476018
2024-09-01 14:16:11.409,OnTrack,1320.0,-685.0,1869.0,pos,0 days 00:01:08.499000,0 days 02:08:27.490000,11309.269425066666,319.3694442666667,8,99.0,False,0,4623.390140438363,0.8044856000624724
2024-09-01 14:16:11.636,OnTrack,1299.7681067881103,-907.5726223770536,1867.3832885242282,car,0 days 00:01:08.726000,0 days 02:08:27.717000,11378.0,320.0,8,99.0,False,0,4643.578333333337,0.8079984142490229
2024-09-01 14:16:11.689,OnTrack,1295.0,-959.0,1867.0,pos,0 days 00:01:08.779000,0 days 02:08:27.770000,11396.8812272,320.3312496,8,99.0,False,0,4648.299167639356,0.8088198554651244
2024-09-01 14:16:11.796,OnTrack,1285.5272793982565,-1060.2022446419166,1866.2263788085424,car,0 days 00:01:08.886000,0 days 02:08:27.877000,11435.0,321.0,8,99.0,False,0,4657.845000000003,0.8104808627436542
2024-09-01 14:16:11.849,OnTrack,1281.0,-1109.0,1866.0,pos,0 days 00:01:08.939000,0 days 02:08:27.930000,11438.9749952,321.3785709714286,8,99.0,False,0,4662.585794148237,0.8113057770401477
2024-09-01 14:16:12.009,OnTrack,1268.0,-1252.0,1866.0,pos,0 days 00:01:09.099000,0 days 02:08:28.090000,11450.9749952,322.5214281142857,8,99.0,False,0,4676.94391422339,0.81380413873872
2024-09-01 14:16:12.076,OnTrack,1262.5160290498357,-1311.6374680860706,1865.775579825242,car,0 days 00:01:09.166000,0 days 02:08:28.157000,11456.0,323.0,8,99.0,False,0,4682.967222222225,0.8148522148046834
2024-09-01 14:16:12.275,OnTrack,1245.9679414300658,-1489.5446468382893,1864.2650453139015,car,0 days 00:01:09.365000,0 days 02:08:28.356000,11507.0,324.0,8,99.0,False,0,4700.877222222226,0.8179686156835747
2024-09-01 14:16:12.349,OnTrack,1240.0,-1556.0,1864.0,pos,0 days 00:01:09.439000,0 days 02:08:28.430000,11516.249984,324.0,8,99.0,False,0,4707.536256253349,0.8191273102400882
2024-09-01 14:16:12.489,OnTrack,1229.0,-1681.0,1864.0,pos,0 days 00:01:09.579000,0 days 02:08:28.570000,11533.749984,324.0,8,99.0,False,0,4720.13541644306,0.821319606939614
2024-09-01 14:16:12.515,OnTrack,1226.9354640517129,-1703.4641578549367,1863.9495336896225,car,0 days 00:01:09.605000,0 days 02:08:28.596000,11537.0,324.0,8,99.0,False,0,4722.4772222222255,0.8217270891053529
2024-09-01 14:16:12.689,OnTrack,1212.0,-1860.0,1863.0,pos,0 days 00:01:09.779000,0 days 02:08:28.770000,11552.2249888,324.43499968,8,99.0,False,0,4738.16710832185,0.8244571826190643
2024-09-01 14:16:12.915,OnTrack,1187.3604040845648,-2132.9968510065355,1861.1040240922732,car,0 days 00:01:10.005000,0 days 02:08:28.996000,11572.0,325.0,8,99.0,False,0,4758.588333333337,0.8280105451860008
2024-09-01 14:16:12.929,OnTrack,1186.0,-2148.0,1861.0,pos,0 days 00:01:10.019000,0 days 02:08:29.010000,11571.840910545454,325.0318178909091,8,99.0,False,0,4759.85474054642,0.8282309043457934
2024-09-01 14:16:13.329,OnTrack,1158.0,-2445.0,1859.0,pos,0 days 00:01:10.419000,0 days 02:08:29.410000,11567.295456,325.9409088,8,99.0,False,0,4796.079519033823,0.8345341389362894
2024-09-01 14:16:13.355,OnTrack,1156.112136726409,-2465.1795003935686,1858.872281424488,car,0 days 00:01:10.445000,0 days 02:08:29.436000,11567.0,326.0,8,99.0,False,0,4798.432777777781,0.8349436139568325
2024-09-01 14:16:13.509,OnTrack,1143.0,-2607.0,1858.0,pos,0 days 00:01:10.599000,0 days 02:08:29.590000,11550.550013672728,325.6500002909091,8,99.0,False,0,4812.36290087471,0.8373675027263653
2024-09-01 14:16:13.790,OnTrack,1110.0,-2967.0,1856.0,pos,0 days 00:01:10.880000,0 days 02:08:29.871000,11520.534084072728,325.0113634909091,8,99.0,False,0,4837.705625141624,0.8417772228926919
2024-09-01 14:16:13.795,OnTrack,1109.6372261106228,-2970.938277558517,1855.984905141894,car,0 days 00:01:10.885000,0 days 02:08:29.876000,11520.0,325.0,8,99.0,False,0,4838.1550000000025,0.841855415645545
2024-09-01 14:16:13.995,OnTrack,1102.5917473580575,-3047.071620216283,1856.0216895031256,car,0 days 00:01:11.085000,0 days 02:08:30.076000,11486.0,323.0,8,99.0,False,0,4856.099444444447,0.8449778099748516
2024-09-01 14:16:14.030,OnTrack,1101.0,-3065.0,1856.0,pos,0 days 00:01:11.120000,0 days 02:08:30.111000,11479.1458208,323.0,8,99.0,False,0,4859.240578626342,0.8455243779997077
2024-09-01 14:16:14.235,OnTrack,1085.0351378271002,-3246.445322863427,1855.2319263763168,car,0 days 00:01:11.325000,0 days 02:08:30.316000,11439.0,323.0,8,99.0,False,0,4877.63277777778,0.8487246831700194
2024-09-01 14:16:14.270,OnTrack,1082.0,-3280.0,1855.0,pos,0 days 00:01:11.360000,0 days 02:08:30.351000,11432.8749888,322.7812496,8,99.0,False,0,4880.762969171434,0.8492693471125253
2024-09-01 14:16:14.510,OnTrack,1062.0,-3493.0,1853.0,pos,0 days 00:01:11.600000,0 days 02:08:30.591000,11390.8749888,321.2812496,8,99.0,False,0,4902.155289643785,0.8529916835905575
2024-09-01 14:16:14.555,OnTrack,1058.3367996962056,-3532.4894806010016,1852.7218392730224,car,0 days 00:01:11.645000,0 days 02:08:30.636000,11383.0,321.0,8,99.0,False,0,4906.1661111111125,0.853689580159282
2024-09-01 14:16:14.715,OnTrack,1044.5176128987573,-3681.9970741552584,1852.052801726398,car,0 days 00:01:11.805000,0 days 02:08:30.796000,11343.0,321.0,8,99.0,False,0,4920.43277777778,0.8561720286539134
2024-09-01 14:16:14.730,OnTrack,1043.0,-3698.0,1852.0,pos,0 days 00:01:11.820000,0 days 02:08:30.811000,11340.6875296,320.9375008,8,99.0,False,0,4921.768966054908,0.8564045299560465
2024-09-01 14:16:14.955,OnTrack,1016.5159019131167,-3968.8955230426795,1851.2546687026886,car,0 days 00:01:12.045000,0 days 02:08:31.036000,11306.0,320.0,8,99.0,False,0,4941.766111111113,0.85988410116925
2024-09-01 14:16:15.010,OnTrack,1011.0,-4024.0,1851.0,pos,0 days 00:01:12.100000,0 days 02:08:31.091000,11300.91251776,319.72500096,8,99.0,False,0,4946.638265573098,0.8607318726068504
2024-09-01 14:16:15.355,OnTrack,988.2618662209421,-4240.9793408608,1849.025087018631,car,0 days 00:01:12.445000,0 days 02:08:31.436000,11269.0,318.0,8,99.0,False,0,4977.099444444447,0.8660322212727762
2024-09-01 14:16:15.370,OnTrack,987.0,-4253.0,1849.0,pos,0 days 00:01:12.460000,0 days 02:08:31.451000,11267.2500224,317.9375008,8,99.0,False,0,4978.423615029169,0.8662626314555809
2024-09-01 14:16:15.510,OnTrack,973.0,-4384.0,1849.0,pos,0 days 00:01:12.600000,0 days 02:08:31.591000,11250.9166592,317.3541664,8,99.0,False,0,4990.781183633657,0.8684128903980702
2024-09-01 14:16:15.595,OnTrack,963.2715467156897,-4464.809198703293,1848.8290801858882,car,0 days 00:01:12.685000,0 days 02:08:31.676000,11241.0,317.0,8,99.0,True,0,4998.23277777778,0.8697094931082816
2024-09-01 14:16:15.755,OnTrack,943.563414472658,-4609.026749107951,1848.1629775336019,car,0 days 00:01:12.845000,0 days 02:08:31.836000,10727.0,310.0,8,79.0,True,0,5012.010555555557,0.8721068732744364
2024-09-01 14:16:15.810,OnTrack,937.0,-4654.0,1848.0,pos,0 days 00:01:12.900000,0 days 02:08:31.891000,10560.23272502857,305.08930285714285,8,63.48219702857143,True,0,5016.571115684517,0.8729004262389326
2024-09-01 14:16:16.035,OnTrack,911.9099959423418,-4811.2399810990255,1847.8559123143052,car,0 days 00:01:13.125000,0 days 02:08:32.116000,9878.0,285.0,8,0.0,True,0,5034.177222222224,0.8759639486224033
2024-09-01 14:16:16.250,OnTrack,882.0,-4956.0,1847.0,pos,0 days 00:01:13.340000,0 days 02:08:32.331000,9675.285895314286,261.1964498285714,8,0.0,True,0,5049.544416672262,0.8786378926922073
2024-09-01 14:16:16.315,OnTrack,870.2916637865667,-5004.862832506099,1846.336718727766,car,0 days 00:01:13.405000,0 days 02:08:32.396000,9614.0,254.0,8,0.0,True,0,5053.93277777778,0.8794014824412931
2024-09-01 14:16:16.350,OnTrack,864.0,-5030.0,1846.0,pos,0 days 00:01:13.440000,0 days 02:08:32.431000,9715.0626848,250.4999936,8,0.0,True,0,5056.248256053819,0.8798043835319969
2024-09-01 14:16:16.530,OnTrack,834.0,-5137.0,1845.0,pos,0 days 00:01:13.620000,0 days 02:08:32.611000,10234.8119456,232.5000192,8,0.0,True,0,5067.708626090258,0.8817985268739273
2024-09-01 14:16:16.555,OnTrack,829.6067881316113,-5151.039846464069,1844.8904472939364,car,0 days 00:01:13.645000,0 days 02:08:32.636000,10307.0,230.0,8,0.0,True,0,5069.266111111113,0.8820695345616912
2024-09-01 14:16:16.810,OnTrack,774.0,-5299.0,1844.0,pos,0 days 00:01:13.900000,0 days 02:08:32.891000,9988.25024,219.9821504,8,0.0,True,0,5084.806461977959,0.8847736084366056
2024-09-01 14:16:16.835,OnTrack,766.5719754361726,-5314.898628140555,1843.9696825317792,car,0 days 00:01:13.925000,0 days 02:08:32.916000,9957.0,219.0,6,0.0,True,0,5086.299444444447,0.8850333924606554
2024-09-01 14:16:16.995,OnTrack,710.105732874203,-5421.86314298678,1844.0157584747126,car,0 days 00:01:14.085000,0 days 02:08:33.076000,10950.0,212.0,6,0.0,True,0,5095.721666666669,0.8866728911549291
2024-09-01 14:16:17.070,OnTrack,681.0,-5468.0,1844.0,pos,0 days 00:01:14.160000,0 days 02:08:33.151000,10836.37490304,209.37499776,6,0.0,True,0,5100.041451189634,0.8874245483455483
2024-09-01 14:16:17.195,OnTrack,630.5924609109682,-5534.3275176652105,1843.7966974033652,car,0 days 00:01:14.285000,0 days 02:08:33.276000,10647.0,205.0,5,0.0,True,0,5107.110555555558,0.8886545965342103
2024-09-01 14:16:17.475,OnTrack,513.1880844874706,-5642.306619361405,1843.0215405748095,car,0 days 00:01:14.565000,0 days 02:08:33.556000,10366.0,198.0,5,0.0,True,0,5122.510555555557,0.8913342488812188
2024-09-01 14:16:17.490,OnTrack,507.0,-5647.0,1843.0,pos,0 days 00:01:14.580000,0 days 02:08:33.571000,10346.807691451504,197.72050036094424,5,0.0,True,0,5123.327253292695,0.8914763570635641
2024-09-01 14:16:17.636,OnTrack,447.5295751842725,-5687.283319983685,1842.9226319755378,car,0 days 00:01:14.726000,0 days 02:08:33.717000,10160.0,195.0,5,0.0,False,0,5131.231388888891,0.8928517035246953
2024-09-01 14:16:17.829,OnTrack,372.0,-5728.0,1843.0,pos,0 days 00:01:14.919000,0 days 02:08:33.910000,9997.88005376,190.1750016,5,6.75499776,False,0,5141.4236334897205,0.8946251887302732
2024-09-01 14:16:17.836,OnTrack,369.3523331491567,-5729.275014629449,1843.0016270420356,car,0 days 00:01:14.926000,0 days 02:08:33.917000,9992.0,190.0,5,7.0,False,0,5141.786944444447,0.8946884060713464
2024-09-01 14:16:18.076,OnTrack,281.94426450966125,-5764.62152455062,1843.003928591958,car,0 days 00:01:15.166000,0 days 02:08:34.157000,9895.0,184.0,5,28.0,False,0,5154.053611111113,0.8968228477676649
2024-09-01 14:16:18.249,OnTrack,207.0,-5783.0,1843.0,pos,0 days 00:01:15.339000,0 days 02:08:34.330000,10091.066594133334,185.44166613333334,5,65.48331946666667,False,0,5162.947266236337,0.8983703739903784
2024-09-01 14:16:18.316,OnTrack,172.62129157148607,-5789.017428578952,1843.007037478415,car,0 days 00:01:15.406000,0 days 02:08:34.397000,10167.0,186.0,5,80.0,False,0,5166.453611111114,0.8989804899172044
2024-09-01 14:16:18.409,OnTrack,124.0,-5796.0,1843.0,pos,0 days 00:01:15.499000,0 days 02:08:34.490000,10301.8499072,188.65714102857143,5,80.99642788571428,False,0,5171.396785291379,0.8998406190271927
2024-09-01 14:16:18.589,OnTrack,29.0,-5801.0,1843.0,pos,0 days 00:01:15.679000,0 days 02:08:34.670000,10562.8499072,193.79999817142857,5,82.92499931428571,False,0,5181.159973775678,0.9015394470100653
2024-09-01 14:16:18.596,OnTrack,23.80346382807789,-5800.729933084418,1843.0172439528246,car,0 days 00:01:15.686000,0 days 02:08:34.677000,10573.0,194.0,5,83.0,False,0,5181.542500000002,0.9016060078733642
2024-09-01 14:16:18.809,OnTrack,-168.0,-5780.0,1844.0,pos,0 days 00:01:15.899000,0 days 02:08:34.890000,10743.3999488,198.43749866666667,5,90.09999786666667,False,0,5193.295288948197,0.9036510330999178
2024-09-01 14:16:18.836,OnTrack,-185.0720208958271,-5777.80316897192,1844.0722310964177,car,0 days 00:01:15.926000,0 days 02:08:34.917000,10765.0,199.0,5,91.0,False,0,5194.809166666669,0.9039144529688391
2024-09-01 14:16:19.115,OnTrack,-263.32681698211513,-5756.992275586848,1843.9772938167619,car,0 days 00:01:16.205000,0 days 02:08:35.196000,11295.0,207.0,5,99.0,False,0,5210.851666666668,0.9067059024998055
2024-09-01 14:16:19.149,OnTrack,-279.0,-5750.0,1844.0,pos,0 days 00:01:16.239000,0 days 02:08:35.230000,11344.866478933332,208.2749952,5,99.14166613333333,False,0,5212.863375180326,0.907055946619294
2024-09-01 14:16:19.355,OnTrack,-438.2140960709922,-5677.912372794013,1844.567923001318,car,0 days 00:01:16.445000,0 days 02:08:35.436000,11647.0,216.0,5,100.0,False,0,5225.251666666669,0.9092115514476579
2024-09-01 14:16:19.529,OnTrack,-569.0,-5615.0,1845.0,pos,0 days 00:01:16.619000,0 days 02:08:35.610000,11778.949902933333,218.1749984,5,99.27500053333333,False,0,5235.784554879938,0.9110443097997011
2024-09-01 14:16:19.595,OnTrack,-599.1687321780053,-5598.462370036639,1845.0234740261487,car,0 days 00:01:16.685000,0 days 02:08:35.676000,11829.0,219.0,5,99.0,False,0,5239.851666666668,0.9117520010753413
2024-09-01 14:16:19.809,OnTrack,-662.0,-5551.0,1845.0,pos,0 days 00:01:16.899000,0 days 02:08:35.890000,11199.993233371428,226.64285257142856,5,99.0,False,0,5253.417662179715,0.9141125304075519
2024-09-01 14:16:19.875,OnTrack,-691.7228322085132,-5526.444897668958,1845.1986780548782,car,0 days 00:01:16.965000,0 days 02:08:35.956000,11006.0,229.0,5,99.0,False,0,5257.662777777779,0.914851194951427
2024-09-01 14:16:20.069,OnTrack,-794.0,-5440.0,1846.0,pos,0 days 00:01:17.159000,0 days 02:08:36.150000,10800.360135679999,232.87999744,5,99.0,False,0,5270.217484592553,0.9170357566126096
2024-09-01 14:16:20.075,OnTrack,-796.6286160490881,-5437.696694771904,1846.012230688559,car,0 days 00:01:17.165000,0 days 02:08:36.156000,10794.0,233.0,6,99.0,False,0,5270.607222222224,0.9171035722849515
2024-09-01 14:16:20.290,OnTrack,-890.0,-5342.0,1846.0,pos,0 days 00:01:17.380000,0 days 02:08:36.371000,10946.291530666667,235.6874976,6,99.89583253333333,False,0,5284.673935725326,0.9195512282494506
2024-09-01 14:16:20.315,OnTrack,-907.803484368537,-5320.559323242783,1845.9884287056002,car,0 days 00:01:17.405000,0 days 02:08:36.396000,10964.0,236.0,6,100.0,False,0,5286.340555555556,0.9198412257650121
2024-09-01 14:16:20.450,OnTrack,-1017.0,-5184.0,1846.0,pos,0 days 00:01:17.540000,0 days 02:08:36.531000,11109.1247936,240.82142171428572,6,99.51785782857142,False,0,5295.485918246336,0.9214325499597259
2024-09-01 14:16:20.595,OnTrack,-1071.5712632955099,-5112.008388285328,1846.3240636242858,car,0 days 00:01:17.685000,0 days 02:08:36.676000,11265.0,246.0,6,99.0,False,0,5305.47388888889,0.9231704908022046
2024-09-01 14:16:20.790,OnTrack,-1093.0,-5070.0,1847.0,pos,0 days 00:01:17.880000,0 days 02:08:36.871000,11450.859436,248.4375008,6,99.0,False,0,5318.985693656542,0.9255215907605138
2024-09-01 14:16:20.915,OnTrack,-1128.1019147350426,-5006.362220074727,1847.344332301129,car,0 days 00:01:18.005000,0 days 02:08:36.996000,11570.0,250.0,6,99.0,False,0,5327.696111111112,0.9270372330056803
2024-09-01 14:16:21.115,OnTrack,-1201.1926563788572,-4870.676871978628,1847.938126922133,car,0 days 00:01:18.205000,0 days 02:08:37.196000,11675.0,253.0,6,99.0,False,0,5341.751666666667,0.9294829474493784
2024-09-01 14:16:21.130,OnTrack,-1206.0,-4861.0,1848.0,pos,0 days 00:01:18.220000,0 days 02:08:37.211000,11686.249856,253.44999424,6,99.0,False,0,5342.81924501804,0.9296687097113833
2024-09-01 14:16:21.315,OnTrack,-1259.4195732169724,-4741.466852291116,1848.923715957776,car,0 days 00:01:18.405000,0 days 02:08:37.396000,11825.0,259.0,6,99.0,False,0,5356.140555555556,0.9319866630261289
2024-09-01 14:16:21.330,OnTrack,-1264.0,-4730.0,1849.0,pos,0 days 00:01:18.420000,0 days 02:08:37.411000,11808.0627168,259.2499968,6,99.0,False,0,5357.227960302915,0.9321758751484281
2024-09-01 14:16:21.550,OnTrack,-1334.0,-4539.0,1850.0,pos,0 days 00:01:18.640000,0 days 02:08:37.631000,11559.645761066666,262.9166677333333,6,99.0,False,0,5373.304235854606,0.9349732017401975
2024-09-01 14:16:21.555,OnTrack,-1335.2742761783506,-4535.283408494222,1850.0181328399974,car,0 days 00:01:18.645000,0 days 02:08:37.636000,11554.0,263.0,6,99.0,False,0,5373.6738888888885,0.9350375226246711
2024-09-01 14:16:21.795,OnTrack,-1375.6005482017952,-4401.552820475297,1850.7385775048635,car,0 days 00:01:18.885000,0 days 02:08:37.876000,10580.0,269.0,7,99.0,False,0,5391.607222222223,0.938157983582876
2024-09-01 14:16:21.850,OnTrack,-1384.0,-4368.0,1851.0,pos,0 days 00:01:18.940000,0 days 02:08:37.931000,10632.9373152,269.2291658666667,7,99.0,False,0,5395.726900165334,0.9388748215484071
2024-09-01 14:16:22.010,OnTrack,-1411.0,-4252.0,1852.0,pos,0 days 00:01:19.100000,0 days 02:08:38.091000,10786.9373152,269.8958325333333,7,99.0,False,0,5407.723683296474,0.9409623025921675
2024-09-01 14:16:22.035,OnTrack,-1415.0136195484697,-4233.6576741017725,1852.1355437636532,car,0 days 00:01:19.125000,0 days 02:08:38.116000,10811.0,270.0,7,99.0,False,0,5409.607222222223,0.9412900447676913
2024-09-01 14:16:22.230,OnTrack,-1443.0,-4089.0,1853.0,pos,0 days 00:01:19.320000,0 days 02:08:38.311000,10955.8571904,272.7857152,7,99.0,False,0,5424.401389430644,0.9438642801496446
2024-09-01 14:16:22.315,OnTrack,-1453.8515725227908,-4016.8363245122637,1853.4735321124356,car,0 days 00:01:19.405000,0 days 02:08:38.396000,11019.0,274.0,7,99.0,False,0,5430.918333333334,0.9449982505408244
2024-09-01 14:16:22.515,OnTrack,-1475.5533846484273,-3832.4916325448085,1854.7400792228957,car,0 days 00:01:19.605000,0 days 02:08:38.596000,11145.0,279.0,7,99.0,False,0,5446.418333333334,0.9476953032277486
2024-09-01 14:16:22.570,OnTrack,-1480.0,-3786.0,1855.0,pos,0 days 00:01:19.660000,0 days 02:08:38.651000,11185.5623584,279.6874976,7,99.0,False,0,5450.709045151061,0.9484419016688337
2024-09-01 14:16:22.755,OnTrack,-1489.726186576134,-3648.4969099751975,1855.5043665976705,car,0 days 00:01:19.845000,0 days 02:08:38.836000,11322.0,282.0,7,99.0,False,0,5465.218333333333,0.9509665671318889
2024-09-01 14:16:23.010,OnTrack,-1495.0,-3480.0,1856.0,pos,0 days 00:01:20.100000,0 days 02:08:39.091000,11385.749952,284.7321408,7,99.0,False,0,5485.399107320553,0.9544780904032723
2024-09-01 14:16:23.035,OnTrack,-1495.4152777939312,-3462.6654844396144,1856.0947804151997,car,0 days 00:01:20.125000,0 days 02:08:39.116000,11392.0,285.0,7,99.0,False,0,5487.385,0.9548236424798558
2024-09-01 14:16:23.230,OnTrack,-1498.0,-3321.0,1857.0,pos,0 days 00:01:20.320000,0 days 02:08:39.311000,11558.562554666667,286.6250005333333,7,99.0,False,0,5502.916166030045,0.9575261181619461
2024-09-01 14:16:23.275,OnTrack,-1498.3773615785858,-3286.1510088344144,1857.1861284546756,car,0 days 00:01:20.365000,0 days 02:08:39.356000,11597.0,287.0,7,99.0,False,0,5506.518333333334,0.9581529075170485
2024-09-01 14:16:23.475,OnTrack,-1499.0170014701628,-3124.1592253916388,1857.934672120361,car,0 days 00:01:20.565000,0 days 02:08:39.556000,11684.0,290.0,7,99.0,False,0,5522.629444444445,0.9609562956145682
2024-09-01 14:16:23.490,OnTrack,-1499.0,-3112.0,1858.0,pos,0 days 00:01:20.580000,0 days 02:08:39.571000,11680.6250432,290.16666453333335,7,99.0,False,0,5523.844526369283,0.9611677239997435
2024-09-01 14:16:23.690,OnTrack,-1498.0,-2950.0,1859.0,pos,0 days 00:01:20.780000,0 days 02:08:39.771000,11635.6250432,292.3888867555556,7,99.0,False,0,5540.135576275267,0.9640024220592114
2024-09-01 14:16:23.835,OnTrack,-1496.6296858371215,-2828.995962597737,1859.7210678584117,car,0 days 00:01:20.925000,0 days 02:08:39.916000,11603.0,294.0,7,99.0,False,0,5552.029444444444,0.9660719955497664
2024-09-01 14:16:23.890,OnTrack,-1496.0,-2786.0,1860.0,pos,0 days 00:01:20.980000,0 days 02:08:39.971000,11405.27569024,294.82499712,7,99.0,False,0,5556.555861897015,0.9668596075725145
2024-09-01 14:16:24.035,OnTrack,-1494.0786184061476,-2686.113690926294,1860.7709565775629,car,0 days 00:01:21.125000,0 days 02:08:40.116000,10884.0,297.0,8,99.0,False,0,5568.529444444444,0.968943051635847
2024-09-01 14:16:24.249,OnTrack,-1488.0,-2489.0,1862.0,pos,0 days 00:01:21.339000,0 days 02:08:40.330000,10750.666719833864,298.99999920249206,8,99.0,False,0,5586.314162355514,0.9720376530054109
2024-09-01 14:16:24.356,OnTrack,-1482.0647564871554,-2319.785499386979,1862.6549794194718,car,0 days 00:01:21.446000,0 days 02:08:40.437000,10684.0,300.0,8,99.0,False,0,5595.279444444444,0.9735976425632807
2024-09-01 14:16:24.409,OnTrack,-1479.0,-2238.0,1863.0,pos,0 days 00:01:21.499000,0 days 02:08:40.490000,10708.954136533333,300.8833322666667,8,99.22083306666667,False,0,5599.741668478793,0.9743740847130549
2024-09-01 14:16:24.596,OnTrack,-1469.4937060616483,-2025.1529297120787,1864.3610466332698,car,0 days 00:01:21.686000,0 days 02:08:40.677000,10797.0,304.0,8,100.0,False,0,5615.546111111112,0.9771241114528506
2024-09-01 14:16:24.836,OnTrack,-1460.388997146254,-1872.6486103332743,1865.9411778450228,car,0 days 00:01:21.926000,0 days 02:08:40.917000,10809.0,304.0,8,99.0,False,0,5635.812777777778,0.9806505803424204
2024-09-01 14:16:24.849,OnTrack,-1460.0,-1866.0,1866.0,pos,0 days 00:01:21.939000,0 days 02:08:40.930000,10816.921836,304.2437488,8,99.0,False,0,5636.92092484323,0.9808434016985742
2024-09-01 14:16:25.156,OnTrack,-1451.562334321245,-1721.025865123926,1866.9418030916709,car,0 days 00:01:22.246000,0 days 02:08:41.237000,11004.0,310.0,8,99.0,False,0,5663.368333333335,0.9854453406747303
2024-09-01 14:16:25.169,OnTrack,-1451.0,-1712.0,1867.0,pos,0 days 00:01:22.259000,0 days 02:08:41.250000,11006.08927542857,309.95357165714285,8,99.0,False,0,5664.486171384263,0.9856398482952982
2024-09-01 14:16:25.349,OnTrack,-1441.0,-1558.0,1868.0,pos,0 days 00:01:22.439000,0 days 02:08:41.430000,11035.017846857143,309.31071451428573,8,99.0,False,0,5679.911923442172,0.9883239815879182
2024-09-01 14:16:25.436,OnTrack,-1435.5276567191754,-1480.1363269151948,1868.416122443244,car,0 days 00:01:22.526000,0 days 02:08:41.517000,11049.0,309.0,8,99.0,False,0,5687.401666666667,0.9896272223677889
2024-09-01 14:16:25.589,OnTrack,-1426.0,-1351.0,1869.0,pos,0 days 00:01:22.679000,0 days 02:08:41.670000,11103.368989832312,311.09111499355043,8,99.0,False,0,5700.689480106774,0.9919393470737237
2024-09-01 14:16:25.869,OnTrack,-1409.0,-1124.0,1870.0,pos,0 days 00:01:22.959000,0 days 02:08:41.950000,11202.86783637462,314.9179937067162,8,99.0,False,0,5725.285415554944,0.9962191234471368
2024-09-01 14:16:25.875,OnTrack,-1408.4601688990995,-1116.847135247573,1870.030447231999,car,0 days 00:01:22.965000,0 days 02:08:41.956000,11205.0,315.0,8,99.0,False,0,5725.814166666667,0.9963111279378843
2024-09-01 14:16:26.029,OnTrack,-1391.0,-886.0,1871.0,pos,0 days 00:01:23.119000,0 days 02:08:42.110000,11233.874976,316.9249984,8,99.0,False,0,5739.40618133014,0.9986761846907122
2024-09-01 14:16:26.115,OnTrack,-1378.2298719780126,-717.4962078722142,1871.6989970391712,car,0 days 00:01:23.205000,0 days 02:08:42.196000,11250.0,318.0,8,99.0,False,0,5747.014166666667,1.0
