Date,Status,X,Y,Z,Source,Time,SessionTime,RPM,Speed,nGear,Throttle,Brake,DRS,Distance,RelativeDistance
2024-09-01 14:17:59.076,OnTrack,,,,car,0 days 00:00:00,0 days 02:10:15.157000,11294.0,315.0,8,100.0,False,0,12.250000000000002,0.002137524548815099
2024-09-01 14:17:59.150,OnTrack,-1366.0,-591.0,1872.0,pos,0 days 00:00:00.074000,0 days 02:10:15.231000,11306.157163885715,315.52857234285716,8,100.0,False,0,18.76001034460583,0.0032734679712342987
2024-09-01 14:17:59.356,OnTrack,-1351.092314214024,-410.35796819904164,1872.802875333545,car,0 days 00:00:00.280000,0 days 02:10:15.437000,11340.0,317.0,8,100.0,False,0,36.90555555555556,0.0064397168153191384
2024-09-01 14:17:59.410,OnTrack,-1347.0,-363.0,1873.0,pos,0 days 00:00:00.334000,0 days 02:10:15.491000,11348.549979733334,317.22499946666665,8,100.0,False,0,41.66777573844068,0.007270685186566459
2024-09-01 14:17:59.596,OnTrack,-1332.3525119685385,-199.71164846335938,1873.694333483056,car,0 days 00:00:00.520000,0 days 02:10:15.677000,11378.0,318.0,8,100.0,False,0,58.10555555555556,0.010138942973268535
2024-09-01 14:17:59.650,OnTrack,-1328.0,-152.0,1874.0,pos,0 days 00:00:00.574000,0 days 02:10:15.731000,11390.177645896652,318.36901957262586,8,100.0,False,0,62.89650114726872,0.010974923692805217
2024-09-01 14:17:59.810,OnTrack,-1315.0,-10.0,1875.0,pos,0 days 00:00:00.734000,0 days 02:10:15.891000,11426.259645192216,319.4624134906732,8,100.0,False,0,77.14519645767842,0.013461204183791936
2024-09-01 14:17:59.910,OnTrack,-1307.0,78.0,1875.0,pos,0 days 00:00:00.834000,0 days 02:10:15.991000,11448.810952483142,320.1457864388831,8,100.0,False,0,86.07859438826556,0.015020008867952262
2024-09-01 14:18:00.035,OnTrack,-1297.2606457457673,189.00134005630818,1875.6518120449673,car,0 days 00:00:00.959000,0 days 02:10:16.116000,11477.0,321.0,8,100.0,False,0,97.24972222222223,0.016969279070648918
2024-09-01 14:18:00.090,OnTrack,-1293.0,238.0,1876.0,pos,0 days 00:00:01.014000,0 days 02:10:16.171000,11480.437488,321.3437488,8,100.0,False,0,102.16653915874052,0.017827223307696892
2024-09-01 14:18:00.195,OnTrack,-1284.8345158059078,331.49905447305025,1876.5159164483853,car,0 days 00:00:01.119000,0 days 02:10:16.276000,11487.0,322.0,8,100.0,False,0,111.56083333333333,0.01946645060704243
2024-09-01 14:18:00.310,OnTrack,-1276.0,434.0,1877.0,pos,0 days 00:00:01.234000,0 days 02:10:16.391000,11535.8750272,322.7187504,8,100.0,False,0,121.87322218906772,0.021265877899781977
2024-09-01 14:18:00.355,OnTrack,-1272.6222489516954,474.1875103352214,1877.210702318186,car,0 days 00:00:01.279000,0 days 02:10:16.436000,11555.0,323.0,8,100.0,False,0,125.9163888888889,0.021971377334542755
2024-09-01 14:18:00.510,OnTrack,-1261.0,613.0,1878.0,pos,0 days 00:00:01.434000,0 days 02:10:16.591000,11576.3125088,323.77500032,8,100.0,False,0,139.8795295064911,0.02440783087321067
2024-09-01 14:18:00.710,OnTrack,-1245.0,793.0,1879.0,pos,0 days 00:00:01.634000,0 days 02:10:16.791000,11603.8125088,324.77500032,8,100.0,False,0,157.95720671310312,0.027562237307062774
2024-09-01 14:18:00.755,OnTrack,-1241.5305496191468,833.4793477069534,1879.1931623843473,car,0 days 00:00:01.679000,0 days 02:10:16.836000,11610.0,325.0,8,100.0,False,0,162.0275,0.028272470108827625
2024-09-01 14:18:00.950,OnTrack,-1227.0,1009.0,1880.0,pos,0 days 00:00:01.874000,0 days 02:10:17.031000,11641.6875104,325.8125002666667,8,100.0,False,0,179.67959965334833,0.031352616749412324
2024-09-01 14:18:00.995,OnTrack,-1223.567599803306,1049.7062613604746,1880.2397120190558,car,0 days 00:00:01.919000,0 days 02:10:17.076000,11649.0,326.0,8,100.0,False,0,183.76083333333335,0.03206475856005877
2024-09-01 14:18:01.130,OnTrack,-1213.0,1172.0,1881.0,pos,0 days 00:00:02.054000,0 days 02:10:17.211000,11684.4374496,326.8437488,8,100.0,False,0,196.0232460274272,0.03420444902220795
2024-09-01 14:18:01.155,OnTrack,-1210.998563827112,1194.5736133255568,1881.1170536927866,car,0 days 00:00:02.079000,0 days 02:10:17.236000,11691.0,327.0,8,100.0,False,0,198.29416666666665,0.034600706051986334
2024-09-01 14:18:01.390,OnTrack,-1192.0,1407.0,1882.0,pos,0 days 00:00:02.314000,0 days 02:10:17.471000,11689.041666133333,327.0,8,100.0,False,0,219.63907129561855,0.038325216879455865
2024-09-01 14:18:01.395,OnTrack,-1191.610650104746,1411.5848565616152,1882.0228230037096,car,0 days 00:00:02.319000,0 days 02:10:17.476000,11689.0,327.0,8,100.0,False,0,220.09416666666667,0.038404627289877695
2024-09-01 14:18:01.590,OnTrack,-1177.0,1589.0,1883.0,pos,0 days 00:00:02.514000,0 days 02:10:17.671000,11723.666678044445,328.0833336888889,8,100.0,False,0,237.88945474561402,0.041509759136570484
2024-09-01 14:18:01.755,OnTrack,-1164.8664088227097,1724.0894458371347,1883.4712466750937,car,0 days 00:00:02.679000,0 days 02:10:17.836000,11753.0,329.0,8,100.0,False,0,252.99416666666664,0.044145407506695385
2024-09-01 14:18:01.850,OnTrack,-1156.0,1825.0,1884.0,pos,0 days 00:00:02.774000,0 days 02:10:17.931000,11756.5624928,329.5937488,8,100.0,False,0,261.7018523426469,0.045664827253289124
2024-09-01 14:18:01.915,OnTrack,-1148.5937979310972,1912.4908508601416,1884.5979674408957,car,0 days 00:00:02.839000,0 days 02:10:17.996000,11759.0,330.0,8,100.0,False,0,267.6608333333333,0.04670462057194339
2024-09-01 14:18:02.050,OnTrack,-1133.0,2099.0,1886.0,pos,0 days 00:00:02.974000,0 days 02:10:18.131000,11778.1249728,330.0,8,100.0,False,0,280.032991615711,0.04886346073932367
2024-09-01 14:18:02.275,OnTrack,-1120.8989081317125,2232.3461893168032,1886.7367290394614,car,0 days 00:00:03.199000,0 days 02:10:18.356000,11810.0,330.0,8,100.0,False,0,300.6608333333333,0.05246284996875141
2024-09-01 14:18:02.370,OnTrack,-1115.0,2300.0,1887.0,pos,0 days 00:00:03.294000,0 days 02:10:18.451000,11809.7031256,330.2968744,8,100.0,False,0,309.3838613238032,0.05398494682341514
2024-09-01 14:18:02.570,OnTrack,-1096.0,2529.0,1888.0,pos,0 days 00:00:03.494000,0 days 02:10:18.651000,11809.0781256,330.9218744,8,100.0,False,0,327.77974578496855,0.05719487781385654
2024-09-01 14:18:02.595,OnTrack,-1093.762497430209,2555.562399247672,1888.117580052062,car,0 days 00:00:03.519000,0 days 02:10:18.676000,11809.0,331.0,8,100.0,False,0,330.0830555555555,0.057596786481461056
2024-09-01 14:18:02.755,OnTrack,-1081.242121572514,2700.3005974749626,1888.766350589916,car,0 days 00:00:03.679000,0 days 02:10:18.836000,11875.0,332.0,8,100.0,False,0,344.8386111111111,0.060171509928922694
2024-09-01 14:18:02.810,OnTrack,-1077.0,2749.0,1889.0,pos,0 days 00:00:03.734000,0 days 02:10:18.891000,11872.810952218413,332.0,8,100.0,False,0,349.9097521123703,0.0610563824497957
2024-09-01 14:18:02.956,OnTrack,-1065.2437588606101,2884.515722360573,1889.706022279925,car,0 days 00:00:03.880000,0 days 02:10:19.037000,11867.0,332.0,8,100.0,False,0,363.37527777777774,0.06340600625979637
2024-09-01 14:18:03.009,OnTrack,-1061.0,2933.0,1890.0,pos,0 days 00:00:03.933000,0 days 02:10:19.090000,11865.0125024,332.22083306666667,8,100.0,False,0,368.2720542372349,0.06426045359793102
2024-09-01 14:18:03.169,OnTrack,-1048.0,3080.0,1891.0,pos,0 days 00:00:04.093000,0 days 02:10:19.250000,11859.0125024,332.88749973333336,8,100.0,False,0,383.0767584869961,0.06684375308950749
2024-09-01 14:18:03.196,OnTrack,-1045.4735887091517,3108.901175000731,1891.1749775158435,car,0 days 00:00:04.120000,0 days 02:10:19.277000,11858.0,333.0,8,100.0,False,0,385.5752777777778,0.06727972421764904
2024-09-01 14:18:03.509,OnTrack,-1013.0,3486.0,1893.0,pos,0 days 00:00:04.433000,0 days 02:10:19.590000,11907.8843648,333.0,8,100.0,False,0,414.5280107276768,0.07233173870219574
2024-09-01 14:18:03.516,OnTrack,-1012.4554437555796,3492.295604494547,1893.026132163665,car,0 days 00:00:04.440000,0 days 02:10:19.597000,11909.0,333.0,8,100.0,False,0,415.1752777777778,0.07244468149478593
2024-09-01 14:18:03.676,OnTrack,-1003.3314603101528,3596.6469030923927,1893.3999643197048,car,0 days 00:00:04.600000,0 days 02:10:19.757000,11906.0,333.0,8,100.0,False,0,429.9752777777778,0.07502716013335438
2024-09-01 14:18:03.836,OnTrack,-994.7068089328583,3694.791125267404,1893.8250511389185,car,0 days 00:00:04.760000,0 days 02:10:19.917000,11921.0,334.0,8,100.0,False,0,444.81972222222225,0.07761739396302964
2024-09-01 14:18:03.869,OnTrack,-992.0,3726.0,1894.0,pos,0 days 00:00:04.793000,0 days 02:10:19.950000,11921.589284571428,334.0,8,100.0,False,0,447.8822117745565,0.07815177327720141
2024-09-01 14:18:04.116,OnTrack,-966.0471215150544,4027.731096303746,1895.9160255725433,car,0 days 00:00:05.040000,0 days 02:10:20.197000,11926.0,334.0,8,100.0,False,0,470.79749999999996,0.08215030316496133
2024-09-01 14:18:04.129,OnTrack,-965.0,4040.0,1896.0,pos,0 days 00:00:05.053000,0 days 02:10:20.210000,11926.686107733334,334.0,8,100.0,False,0,472.00352631367895,0.08236074486716588
2024-09-01 14:18:04.389,OnTrack,-951.0,4206.0,1897.0,pos,0 days 00:00:05.313000,0 days 02:10:20.470000,11940.408329955555,334.0,8,100.0,False,0,496.12549932037297,0.0865698313543221
2024-09-01 14:18:04.476,OnTrack,-943.2381674442015,4297.218935294244,1897.2013292282263,car,0 days 00:00:05.400000,0 days 02:10:20.557000,11945.0,334.0,8,100.0,False,0,504.1975,0.08797832928173066
2024-09-01 14:18:04.716,OnTrack,-915.7428083116589,4618.883325944239,1897.8326908350073,car,0 days 00:00:05.640000,0 days 02:10:20.797000,11937.0,334.0,8,100.0,False,0,526.4641666666666,0.09186368002624355
2024-09-01 14:18:04.749,OnTrack,-913.0,4651.0,1898.0,pos,0 days 00:00:05.673000,0 days 02:10:20.830000,11937.0,334.0,8,100.0,False,0,529.5250671412884,0.09239778205938509
2024-09-01 14:18:04.916,OnTrack,-904.3869923656212,4752.142112754677,1899.2028021783108,car,0 days 00:00:05.840000,0 days 02:10:20.997000,11937.0,334.0,8,100.0,False,0,545.0197222222222,0.09510147231333761
2024-09-01 14:18:05.069,OnTrack,-897.0,4836.0,1900.0,pos,0 days 00:00:05.993000,0 days 02:10:21.150000,11944.224996977779,334.4249998222222,8,100.0,False,0,559.2472912058789,0.09758406643354386
2024-09-01 14:18:05.249,OnTrack,-882.0,5003.0,1900.0,pos,0 days 00:00:06.173000,0 days 02:10:21.330000,11952.724996977779,334.9249998222222,8,100.0,False,0,576.0068849877449,0.10050847811818937
2024-09-01 14:18:05.276,OnTrack,-879.7073447287238,5028.826713332852,1900.0772376554,car,0 days 00:00:06.200000,0 days 02:10:21.357000,11954.0,335.0,8,100.0,False,0,578.5197222222222,0.10094694761009727
2024-09-01 14:18:05.550,OnTrack,-858.0,5281.0,1902.0,pos,0 days 00:00:06.474000,0 days 02:10:21.631000,11965.1312552,335.0,8,100.0,False,0,604.0126721736024,0.10539525833195768
2024-09-01 14:18:05.596,OnTrack,-854.4492616977515,5323.8388833712615,1902.2333873142466,car,0 days 00:00:06.520000,0 days 02:10:21.677000,11967.0,335.0,8,100.0,False,0,608.2975,0.10614292565166142
2024-09-01 14:18:05.810,OnTrack,-838.0,5523.0,1903.0,pos,0 days 00:00:06.734000,0 days 02:10:21.891000,11969.13999872,335.53499968,8,100.0,False,0,628.2628519453831,0.10962671584831364
2024-09-01 14:18:05.970,OnTrack,-825.0,5671.0,1904.0,pos,0 days 00:00:06.894000,0 days 02:10:22.051000,11970.73999872,335.93499968,8,100.0,False,0,643.2035549117124,0.11223374600072862
2024-09-01 14:18:05.996,OnTrack,-822.502121902978,5699.70337703568,1904.1950343447022,car,0 days 00:00:06.920000,0 days 02:10:22.077000,11971.0,336.0,8,100.0,False,0,645.6308333333333,0.11265728618138361
2024-09-01 14:18:06.196,OnTrack,-800.969562941553,5951.683615485029,1905.7943893430813,car,0 days 00:00:07.120000,0 days 02:10:22.277000,11993.0,336.0,8,100.0,False,0,664.2974999999999,0.11591446644624472
2024-09-01 14:18:06.230,OnTrack,-798.0,5987.0,1906.0,pos,0 days 00:00:07.154000,0 days 02:10:22.311000,11991.0166592,336.0,8,100.0,False,0,667.4704706491896,0.11646812380586208
2024-09-01 14:18:06.436,OnTrack,-786.3760162553477,6128.715792910944,1906.6840381302682,car,0 days 00:00:07.360000,0 days 02:10:22.517000,11979.0,336.0,8,100.0,False,0,686.6974999999999,0.11982308276407803
2024-09-01 14:18:06.530,OnTrack,-781.0,6191.0,1907.0,pos,0 days 00:00:07.454000,0 days 02:10:22.611000,11984.009396562378,336.0,8,100.0,False,0,695.4770509091584,0.12135504240455952
2024-09-01 14:18:06.710,OnTrack,-766.0,6359.0,1908.0,pos,0 days 00:00:07.634000,0 days 02:10:22.791000,11993.601884769529,336.0,8,100.0,False,0,712.2811597771491,0.12428722160670579
2024-09-01 14:18:06.755,OnTrack,-760.9185245270123,6418.717577715359,1908.3530589117831,car,0 days 00:00:07.679000,0 days 02:10:22.836000,11996.0,336.0,8,100.0,False,0,716.4708333333332,0.1250182852865315
2024-09-01 14:18:06.950,OnTrack,-737.0,6709.0,1910.0,pos,0 days 00:00:07.874000,0 days 02:10:23.031000,12002.2678592,336.0,8,100.0,False,0,734.5940282408623,0.12818063418594408
2024-09-01 14:18:07.035,OnTrack,-730.2708342343911,6791.55450547904,1910.3962914495255,car,0 days 00:00:07.959000,0 days 02:10:23.116000,12005.0,336.0,8,100.0,False,0,742.6041666666665,0.12957833765733703
2024-09-01 14:18:07.350,OnTrack,-717.0,6951.0,1911.0,pos,0 days 00:00:08.274000,0 days 02:10:23.431000,11628.57492352,336.0,8,21.249983999999998,False,0,772.6609279280981,0.13482299602910722
2024-09-01 14:18:07.435,OnTrack,-710.5677279200358,7024.145468567194,1911.5139628711026,car,0 days 00:00:08.359000,0 days 02:10:23.516000,11527.0,336.0,8,0.0,True,0,779.9374999999999,0.13609269818705924
2024-09-01 14:18:07.530,OnTrack,-703.0,7112.0,1912.0,pos,0 days 00:00:08.454000,0 days 02:10:23.611000,10952.682978909092,317.6477643636364,8,0.0,True,0,787.392393269401,0.13739351593172386
2024-09-01 14:18:07.690,OnTrack,-693.0,7237.0,1912.0,pos,0 days 00:00:08.614000,0 days 02:10:23.771000,9985.410251636364,286.73867345454545,8,0.0,True,0,798.3857958513167,0.1393117745353036
2024-09-01 14:18:07.875,OnTrack,-681.4760912567514,7368.982884835618,1912.4140439500652,car,0 days 00:00:08.799000,0 days 02:10:23.956000,8867.0,251.0,8,0.0,True,0,810.6152777777776,0.14144571884853632
2024-09-01 14:18:08.010,OnTrack,-674.0,7458.0,1913.0,pos,0 days 00:00:08.934000,0 days 02:10:24.091000,8761.5314,240.8750144,8,0.0,True,0,819.6485635150099,0.14302195313586655
2024-09-01 14:18:08.035,OnTrack,-672.8004047535751,7473.713105303763,1913.1218634165998,car,0 days 00:00:08.959000,0 days 02:10:24.116000,8742.0,239.0,8,0.0,True,0,821.2374999999998,0.14329920952306444
2024-09-01 14:18:08.190,OnTrack,-666.0,7566.0,1914.0,pos,0 days 00:00:09.114000,0 days 02:10:24.271000,9023.113752436364,219.97726487272726,8,0.0,True,0,830.1969678777534,0.14486256319922922
2024-09-01 14:18:08.350,OnTrack,-658.0,7653.0,1915.0,pos,0 days 00:00:09.274000,0 days 02:10:24.431000,9313.295570618182,200.34090123636364,8,0.0,True,0,838.0555584624874,0.14623382281506236
2024-09-01 14:18:08.475,OnTrack,-652.395709847097,7715.506660507604,1914.9453538157402,car,0 days 00:00:09.399000,0 days 02:10:24.556000,9540.0,185.0,8,0.0,True,0,843.8486111111109,0.1472446629986551
2024-09-01 14:18:08.530,OnTrack,-650.0,7742.0,1915.0,pos,0 days 00:00:09.454000,0 days 02:10:24.611000,9550.803533714286,179.3035913142857,8,0.0,True,0,846.3237495739195,0.1476765543640404
2024-09-01 14:18:08.710,OnTrack,-642.0,7825.0,1916.0,pos,0 days 00:00:09.634000,0 days 02:10:24.791000,9586.160726857142,160.66070765714286,8,0.0,True,0,854.1099408874346,0.14903518090072687
2024-09-01 14:18:08.755,OnTrack,-639.99091088488,7844.361630567084,1916.1130586621662,car,0 days 00:00:09.679000,0 days 02:10:24.836000,9595.0,156.0,7,0.0,True,0,855.9819444444443,0.1493618301708148
2024-09-01 14:18:08.970,OnTrack,-630.0,7929.0,1916.0,pos,0 days 00:00:09.894000,0 days 02:10:25.051000,9301.166929066667,142.562512,7,0.0,True,0,864.4642597799477,0.15084192464105395
2024-09-01 14:18:08.995,OnTrack,-628.718089723761,7938.137329868451,1916.0569076265947,car,0 days 00:00:09.919000,0 days 02:10:25.076000,9267.0,141.0,5,0.0,True,0,865.3819444444442,0.15100205308990558
2024-09-01 14:18:09.190,OnTrack,-617.0,8006.0,1917.0,pos,0 days 00:00:10.114000,0 days 02:10:25.271000,8718.2141056,126.3749952,5,0.0,True,0,872.0069030867676,0.15215805404768934
2024-09-01 14:18:09.275,OnTrack,-610.1091059804173,8035.276924974004,1917.3962664781125,car,0 days 00:00:10.199000,0 days 02:10:25.356000,8479.0,120.0,3,0.0,True,0,874.7152777777776,0.15263064322233613
2024-09-01 14:18:09.436,OnTrack,-594.4772160597738,8088.776815780869,1917.943614635637,car,0 days 00:00:10.360000,0 days 02:10:25.517000,9160.0,111.0,2,0.0,True,0,879.6794444444442,0.15349684959902263
2024-09-01 14:18:09.470,OnTrack,-591.0,8099.0,1918.0,pos,0 days 00:00:10.394000,0 days 02:10:25.551000,9014.8619536,110.1499968,2,0.0,True,0,880.7071552741261,0.1536761767114739
2024-09-01 14:18:09.596,OnTrack,-577.6994489019131,8133.263615223388,1918.0170322962817,car,0 days 00:00:10.520000,0 days 02:10:25.677000,8477.0,107.0,2,0.0,True,0,884.4349999999998,0.15432665504745155
2024-09-01 14:18:09.769,OnTrack,-557.0,8174.0,1918.0,pos,0 days 00:00:10.693000,0 days 02:10:25.850000,8163.128687542857,101.43928777142857,2,0.0,True,0,889.2236404067501,0.15516223353111494
2024-09-01 14:18:09.876,OnTrack,-541.7604978050035,8197.768974196459,1918.3032676665357,car,0 days 00:00:10.800000,0 days 02:10:25.957000,7969.0,98.0,2,0.0,True,0,892.057222222222,0.15565667032226982
2024-09-01 14:18:10.089,OnTrack,-507.0,8240.0,1919.0,pos,0 days 00:00:11.013000,0 days 02:10:26.170000,7361.9501824,93.3406264,2,0.0,True,0,897.5149212168188,0.1566089940431673
2024-09-01 14:18:10.196,OnTrack,-488.2948263275643,8257.121675358256,1918.98242682295,car,0 days 00:00:11.120000,0 days 02:10:26.277000,7057.0,91.0,2,0.0,True,0,900.1461111111108,0.1570681151037096
2024-09-01 14:18:10.209,OnTrack,-486.0,8259.0,1919.0,pos,0 days 00:00:11.133000,0 days 02:10:26.290000,7035.2251072,90.5125024,2,0.0,True,0,900.4602089569937,0.15712292260218347
2024-09-01 14:18:10.356,OnTrack,-459.59291317974754,8277.240706225914,1919.6870784965326,car,0 days 00:00:11.280000,0 days 02:10:26.437000,6789.0,85.0,2,0.0,True,0,903.9238888888887,0.15772730634778864
2024-09-01 14:18:10.429,OnTrack,-444.0,8285.0,1920.0,pos,0 days 00:00:11.353000,0 days 02:10:26.510000,6788.478571885715,83.43571565714285,2,0.0,True,0,905.5779521671218,0.15801592682636145
2024-09-01 14:18:10.636,OnTrack,-388.70051796652945,8303.64163164723,1920.0381965749577,car,0 days 00:00:11.560000,0 days 02:10:26.717000,6787.0,79.0,2,0.0,False,0,910.068333333333,0.15879946151830543
2024-09-01 14:18:10.689,OnTrack,-376.0,8307.0,1920.0,pos,0 days 00:00:11.613000,0 days 02:10:26.770000,6734.757205942858,78.24285805714285,2,1.1357129142857143,False,0,911.1880978045363,0.1589948512363534
2024-09-01 14:18:10.916,OnTrack,-336.55402257593005,8314.181158913385,1919.9845606802764,car,0 days 00:00:11.840000,0 days 02:10:26.997000,6511.0,75.0,2,6.0,False,0,915.9016666666664,0.15981733035107454
2024-09-01 14:18:11.009,OnTrack,-320.0,8317.0,1920.0,pos,0 days 00:00:11.933000,0 days 02:10:27.090000,6603.999936,75.0,2,11.57999616,False,0,917.833446247119,0.16015441004708408
2024-09-01 14:18:11.116,OnTrack,-297.7871408689008,8321.502497887886,1920.00825022924,car,0 days 00:00:12.040000,0 days 02:10:27.197000,6711.0,75.0,2,18.0,False,0,920.068333333333,0.16054437951733816
2024-09-01 14:18:11.149,OnTrack,-291.0,8323.0,1920.0,pos,0 days 00:00:12.073000,0 days 02:10:27.230000,6724.8187232,75.2062496,2,18.4124992,False,0,920.7619164476059,0.16066540408333016
2024-09-01 14:18:11.276,OnTrack,-266.92459838221515,8328.856953835844,1919.9001190872966,car,0 days 00:00:12.200000,0 days 02:10:27.357000,6778.0,76.0,2,20.0,False,0,923.4461111111108,0.16113377404145587
2024-09-01 14:18:11.449,OnTrack,-233.0,8346.0,1920.0,pos,0 days 00:00:12.373000,0 days 02:10:27.530000,6638.813687854546,76.0,2,12.136366545454546,False,0,927.1198278383399,0.16177480748552484
2024-09-01 14:18:11.649,OnTrack,-186.0,8389.0,1921.0,pos,0 days 00:00:12.573000,0 days 02:10:27.730000,6477.904596945455,76.0,2,3.0454574545454527,False,0,931.3457231109786,0.16251219155785032
2024-09-01 14:18:11.716,OnTrack,-175.14582359770196,8401.116031088233,1921.2906682941343,car,0 days 00:00:12.640000,0 days 02:10:27.797000,6424.0,76.0,2,0.0,True,0,932.7349999999997,0.1627546089827796
2024-09-01 14:18:11.876,OnTrack,-162.96360889344075,8420.973466872596,1921.7496361421204,car,0 days 00:00:12.800000,0 days 02:10:27.957000,6027.0,73.0,2,0.0,True,0,935.9794444444441,0.1633207379335769
2024-09-01 14:18:12.110,OnTrack,-157.0,8450.0,1922.0,pos,0 days 00:00:13.034000,0 days 02:10:28.191000,5817.374885333334,68.12499733333334,2,0.0,True,0,940.4021917502233,0.16409247107147967
2024-09-01 14:18:12.116,OnTrack,-156.7679813060204,8451.008301026019,1922.0018669584742,car,0 days 00:00:13.040000,0 days 02:10:28.197000,5812.0,68.0,2,0.0,False,0,940.5127777777774,0.16411176742647174
2024-09-01 14:18:12.230,OnTrack,-152.0,8472.0,1922.0,pos,0 days 00:00:13.154000,0 days 02:10:28.311000,5830.5250208,67.14499904,2,3.70500416,False,0,942.5977350992102,0.16447557538221005
2024-09-01 14:18:12.390,OnTrack,-147.0,8502.0,1922.0,pos,0 days 00:00:13.314000,0 days 02:10:28.471000,5856.5250208,65.94499904,2,8.90500416,False,0,945.4777803223456,0.16497811965699777
2024-09-01 14:18:12.516,OnTrack,-143.86341903757665,8525.279774146626,1922.3134773931652,car,0 days 00:00:13.440000,0 days 02:10:28.597000,5877.0,65.0,2,13.0,False,0,947.7349999999996,0.16537198598132868
2024-09-01 14:18:12.676,OnTrack,-141.22988408831174,8554.802082438435,1922.906412551395,car,0 days 00:00:13.600000,0 days 02:10:28.757000,6140.0,65.0,2,18.0,False,0,950.6238888888885,0.16587607340327148
2024-09-01 14:18:12.730,OnTrack,-141.0,8565.0,1923.0,pos,0 days 00:00:13.654000,0 days 02:10:28.811000,6243.2747552,66.3499968,2,19.3499968,False,0,951.6392215219639,0.16605324062191734
2024-09-01 14:18:12.836,OnTrack,-141.51915457485276,8585.395925374423,1923.0157574906489,car,0 days 00:00:13.760000,0 days 02:10:28.917000,6446.0,69.0,2,22.0,False,0,953.6905555555552,0.16641118158964155
2024-09-01 14:18:12.890,OnTrack,-142.0,8596.0,1923.0,pos,0 days 00:00:13.814000,0 days 02:10:28.971000,6476.50992768,69.80999808,2,23.3499968,False,0,954.7534184472606,0.16659664244866562
2024-09-01 14:18:13.036,OnTrack,-143.42503702564352,8625.43853328066,1923.0120255798918,car,0 days 00:00:13.960000,0 days 02:10:29.117000,6559.0,72.0,2,27.0,False,0,957.6905555555552,0.16710914878925462
2024-09-01 14:18:13.170,OnTrack,-146.0,8653.0,1923.0,pos,0 days 00:00:14.094000,0 days 02:10:29.251000,7050.77953024,74.67999744,2,32.35999488,False,0,960.4838799362602,0.16759656098815753
2024-09-01 14:18:13.236,OnTrack,-148.07177680876254,8666.623726151573,1922.9566669502005,car,0 days 00:00:14.160000,0 days 02:10:29.317000,7293.0,76.0,2,35.0,False,0,961.9127777777775,0.1678458919444018
2024-09-01 14:18:13.290,OnTrack,-150.0,8678.0,1923.0,pos,0 days 00:00:14.214000,0 days 02:10:29.371000,7454.830304936867,77.35422849319554,2,35.84639280824721,False,0,963.113562625681,0.16805541905380905
2024-09-01 14:18:13.490,OnTrack,-158.0,8723.0,1924.0,pos,0 days 00:00:14.414000,0 days 02:10:29.571000,8054.203225438851,82.36990146810754,2,38.98118841756721,False,0,967.7870304245384,0.1688709008618217
2024-09-01 14:18:13.555,OnTrack,-160.98613152992291,8738.294328660475,1924.1693277429254,car,0 days 00:00:14.479000,0 days 02:10:29.636000,8249.0,84.0,2,40.0,False,0,969.3561111111107,0.16914469257501516
2024-09-01 14:18:13.755,OnTrack,-171.75658566163466,8787.157674842021,1924.0357371694565,car,0 days 00:00:14.679000,0 days 02:10:29.836000,8405.0,90.0,2,44.0,False,0,974.3561111111107,0.1700171515745315
2024-09-01 14:18:13.790,OnTrack,-174.0,8796.0,1924.0,pos,0 days 00:00:14.714000,0 days 02:10:29.871000,8548.1721368,91.2031272,2,45.3125024,False,0,975.2801974771438,0.17017839706780669
2024-09-01 14:18:13.970,OnTrack,-187.0,8843.0,1924.0,pos,0 days 00:00:14.894000,0 days 02:10:30.051000,9284.4835896,97.3906184,2,52.0624928,False,0,980.2887835814917,0.17105235427212487
2024-09-01 14:18:14.075,OnTrack,-194.86867817070754,8871.926882555592,1924.4549058228317,car,0 days 00:00:14.999000,0 days 02:10:30.156000,9714.0,101.0,2,56.0,False,0,983.3338888888885,0.17158370017810756
2024-09-01 14:18:14.210,OnTrack,-205.0,8911.0,1925.0,pos,0 days 00:00:15.134000,0 days 02:10:30.291000,9969.3746368,105.4999936,2,57.6874976,False,0,987.343799303393,0.17228339666378534
2024-09-01 14:18:14.250,OnTrack,-208.0,8923.0,1925.0,pos,0 days 00:00:15.174000,0 days 02:10:30.331000,10045.041303466667,106.83332693333334,2,58.1874976,False,0,988.5648691323615,0.17249646333604965
2024-09-01 14:18:14.315,OnTrack,-213.05386749877005,8942.544705555365,1924.9960349617768,car,0 days 00:00:15.239000,0 days 02:10:30.396000,10168.0,109.0,2,59.0,False,0,990.6005555555552,0.17285167392407136
2024-09-01 14:18:14.470,OnTrack,-226.0,8990.0,1925.0,pos,0 days 00:00:15.394000,0 days 02:10:30.551000,10173.988638836363,114.98863883636363,2,63.57954734545454,False,0,995.7118935773988,0.17374356049541687
2024-09-01 14:18:14.670,OnTrack,-244.0,9056.0,1925.0,pos,0 days 00:00:15.594000,0 days 02:10:30.751000,10181.715911563637,122.71591156363637,2,69.48863825454545,False,0,1002.8216874502268,0.17498416122522792
2024-09-01 14:18:14.755,OnTrack,-251.73940058039597,9085.78500216295,1925.2617684901834,car,0 days 00:00:15.679000,0 days 02:10:30.836000,10185.0,126.0,3,72.0,False,0,1006.0005555555553,0.17553884764258176
2024-09-01 14:18:14.950,OnTrack,-270.0,9158.0,1926.0,pos,0 days 00:00:15.874000,0 days 02:10:31.031000,10617.4822848,138.5357184,3,81.7500032,False,0,1013.6543936070234,0.1768743796203506
2024-09-01 14:18:15.035,OnTrack,-278.49727035258275,9191.092166243137,1925.9916308512963,car,0 days 00:00:15.959000,0 days 02:10:31.116000,10806.0,144.0,3,86.0,False,0,1017.2005555555552,0.17749315580149844
2024-09-01 14:18:15.050,OnTrack,-280.0,9197.0,1926.0,pos,0 days 00:00:15.974000,0 days 02:10:31.131000,10778.6253504,144.7499904,3,86.52499328,False,0,1017.8415953442594,0.17760501198803905
2024-09-01 14:18:15.350,OnTrack,-310.0,9320.0,1927.0,pos,0 days 00:00:16.274000,0 days 02:10:31.431000,10231.1248832,159.7500032,3,97.02500224,False,0,1031.4786082323049,0.1799845589121782
2024-09-01 14:18:15.435,OnTrack,-319.0323449776926,9357.759182571348,1926.9717080546834,car,0 days 00:00:16.359000,0 days 02:10:31.516000,10076.0,164.0,3,100.0,False,0,1035.4227777777774,0.1806727841552914
2024-09-01 14:18:15.510,OnTrack,-327.0,9392.0,1927.0,pos,0 days 00:00:16.434000,0 days 02:10:31.591000,10321.312709333333,165.56250133333333,3,100.0,False,0,1038.8934179236637,0.18127838240116367
2024-09-01 14:18:15.675,OnTrack,-343.7190863558221,9469.002018992405,1927.816969686418,car,0 days 00:00:16.599000,0 days 02:10:31.756000,10861.0,169.0,4,100.0,False,0,1046.689444444444,0.1826387251008683
2024-09-01 14:18:15.730,OnTrack,-349.0,9494.0,1928.0,pos,0 days 00:00:16.654000,0 days 02:10:31.811000,10950.252377794135,172.52312017608432,4,100.0,False,0,1049.4308718854277,0.18311708170934973
2024-09-01 14:18:15.956,OnTrack,-370.00610900009445,9598.422411174583,1927.7733453948124,car,0 days 00:00:16.880000,0 days 02:10:32.037000,11317.0,187.0,4,100.0,False,0,1061.285833333333,0.18518567527017865
2024-09-01 14:18:16.010,OnTrack,-376.0,9634.0,1928.0,pos,0 days 00:00:16.934000,0 days 02:10:32.091000,11063.47060096,188.88999552,4,100.0,False,0,1064.1682571837532,0.1856886345959226
2024-09-01 14:18:16.156,OnTrack,-394.5375962461985,9756.157450225062,1929.5392202117432,car,0 days 00:00:17.080000,0 days 02:10:32.237000,10378.0,194.0,5,100.0,False,0,1072.0636111111107,0.1870663091135806
2024-09-01 14:18:16.209,OnTrack,-400.0,9795.0,1930.0,pos,0 days 00:00:17.133000,0 days 02:10:32.290000,10489.2998656,196.11999744,5,100.0,False,0,1074.991978362278,0.18757728518601455
2024-09-01 14:18:16.356,OnTrack,-408.19511777074996,9863.241784888822,1930.3027365242233,car,0 days 00:00:17.280000,0 days 02:10:32.437000,10798.0,202.0,5,100.0,False,0,1083.2858333333331,0.1890244948680507
2024-09-01 14:18:16.516,OnTrack,-411.62012055187824,9914.425911575316,1929.9966668001973,car,0 days 00:00:17.440000,0 days 02:10:32.597000,11403.0,209.0,5,100.0,False,0,1092.574722222222,0.1906453298093744
2024-09-01 14:18:16.529,OnTrack,-412.0,9920.0,1930.0,pos,0 days 00:00:17.453000,0 days 02:10:32.610000,11370.969602133333,209.36110933333333,5,100.0,False,0,1093.3427159325624,0.19077933841420613
2024-09-01 14:18:16.809,OnTrack,-422.0,10085.0,1931.0,pos,0 days 00:00:17.733000,0 days 02:10:32.890000,10681.080713244444,217.1388871111111,5,100.0,False,0,1110.3345607809804,0.19374427600548375
2024-09-01 14:18:16.876,OnTrack,-423.5609594395162,10132.119959040307,1931.4203370627947,car,0 days 00:00:17.800000,0 days 02:10:32.957000,10516.0,219.0,5,100.0,False,0,1114.474722222222,0.19446670022725612
2024-09-01 14:18:16.969,OnTrack,-425.0,10205.0,1932.0,pos,0 days 00:00:17.893000,0 days 02:10:33.050000,10656.42990336,221.78999808,5,100.0,False,0,1120.2514327314561,0.19547468884153255
2024-09-01 14:18:17.076,OnTrack,-425.826147894124,10306.65822488161,1932.4725653566982,car,0 days 00:00:18,0 days 02:10:33.157000,10818.0,225.0,6,100.0,False,0,1126.974722222222,0.19664784772604704
2024-09-01 14:18:17.249,OnTrack,-426.0,10461.0,1933.0,pos,0 days 00:00:18.173000,0 days 02:10:33.330000,11000.94743232,229.3249984,6,100.0,False,0,1138.1065237154583,0.19859025580476777
2024-09-01 14:18:17.476,OnTrack,-425.2161818317445,10536.620236238465,1933.8033619972362,car,0 days 00:00:18.400000,0 days 02:10:33.557000,11241.0,235.0,6,100.0,False,0,1153.085833333333,0.20120402250129915
2024-09-01 14:18:17.529,OnTrack,-424.0,10566.0,1934.0,pos,0 days 00:00:18.453000,0 days 02:10:33.610000,11286.54682,236.3249984,6,100.0,False,0,1156.6201946666515,0.20182073957185842
2024-09-01 14:18:17.796,OnTrack,-411.2571482007397,10836.198852161595,1934.913728728745,car,0 days 00:00:18.720000,0 days 02:10:33.877000,11516.0,243.0,6,100.0,False,0,1174.685833333333,0.20497304537920985
2024-09-01 14:18:17.849,OnTrack,-409.0,10879.0,1935.0,pos,0 days 00:00:18.773000,0 days 02:10:33.930000,11406.466798933334,244.21458186666666,6,100.0,False,0,1178.3424708307127,0.20561109863772145
2024-09-01 14:18:18.169,OnTrack,-399.0,11004.0,1935.0,pos,0 days 00:00:19.093000,0 days 02:10:34.250000,10745.1334656,251.5479152,6,100.0,False,0,1200.9002477253596,0.20954724572988484
2024-09-01 14:18:18.276,OnTrack,-392.56978914934416,11073.152378643463,1935.276443500885,car,0 days 00:00:19.200000,0 days 02:10:34.357000,10524.0,254.0,7,100.0,False,0,1208.5524999999998,0.21088250100260073
2024-09-01 14:18:18.489,OnTrack,-373.0,11260.0,1936.0,pos,0 days 00:00:19.413000,0 days 02:10:34.570000,10698.3936976,257.9937488,7,100.0,False,0,1223.9005772485116,0.21356061462674802
2024-09-01 14:18:18.596,OnTrack,-359.71085007552637,11356.524256763018,1936.090536908082,car,0 days 00:00:19.520000,0 days 02:10:34.677000,10786.0,260.0,7,100.0,False,0,1231.6636111111109,0.21491520037814305
2024-09-01 14:18:18.756,OnTrack,-336.14435660492427,11499.968644048799,1935.9483603225942,car,0 days 00:00:19.680000,0 days 02:10:34.837000,10921.0,263.0,7,100.0,False,0,1243.3524999999997,0.21695481563923463
2024-09-01 14:18:18.870,OnTrack,-319.0,11593.0,1936.0,pos,0 days 00:00:19.794000,0 days 02:10:34.951000,10992.25008,265.4428598857143,7,100.0,False,0,1251.8032066360165,0.21842939465060773
2024-09-01 14:18:19.036,OnTrack,-294.29933526222123,11711.952325308861,1936.4224115606244,car,0 days 00:00:19.960000,0 days 02:10:35.117000,11096.0,269.0,7,100.0,False,0,1264.274722222222,0.22060557185276644
2024-09-01 14:18:19.250,OnTrack,-256.0,11858.0,1937.0,pos,0 days 00:00:20.174000,0 days 02:10:35.331000,11206.74493376,272.20999808,7,100.0,False,0,1280.559114259464,0.22344706472967535
2024-09-01 14:18:19.436,OnTrack,-208.97250013273197,12002.705444119598,1936.8818671731858,car,0 days 00:00:20.360000,0 days 02:10:35.517000,11303.0,275.0,7,100.0,False,0,1294.8302777777774,0.2259372657386998
2024-09-01 14:18:19.716,OnTrack,-136.02095134092986,12205.108985902272,1936.0824789521773,car,0 days 00:00:20.640000,0 days 02:10:35.797000,11490.0,278.0,7,100.0,False,0,1316.4524999999996,0.2297101662121639
2024-09-01 14:18:19.750,OnTrack,-130.0,12222.0,1936.0,pos,0 days 00:00:20.674000,0 days 02:10:35.831000,11507.000064,278.51000192,7,100.0,False,0,1319.103529070801,0.23017274904632393
2024-09-01 14:18:20.110,OnTrack,-47.0,12409.0,1936.0,pos,0 days 00:00:21.034000,0 days 02:10:36.191000,11687.000064,283.91000192,7,100.0,False,0,1347.530227364307,0.2351329747968651
2024-09-01 14:18:20.116,OnTrack,-43.17821095254462,12416.409603106877,1936.0353061846408,car,0 days 00:00:21.040000,0 days 02:10:36.197000,11690.0,284.0,7,100.0,False,0,1348.008055555555,0.2352163518980005
2024-09-01 14:18:20.250,OnTrack,56.0,12606.0,1937.0,pos,0 days 00:00:21.174000,0 days 02:10:36.331000,11363.771957522547,285.4930345193476,7,100.0,False,0,1358.7094616242528,0.23708365950442337
2024-09-01 14:18:20.475,OnTrack,117.62139227191446,12718.891953833936,1937.1286994132,car,0 days 00:00:21.399000,0 days 02:10:36.556000,10816.0,288.0,7,100.0,False,0,1376.7280555555553,0.24022775639122257
2024-09-01 14:18:20.630,OnTrack,156.0,12769.0,1937.0,pos,0 days 00:00:21.554000,0 days 02:10:36.711000,10526.92488064,288.0,7,100.0,False,0,1389.1100901755078,0.24238831989852272
2024-09-01 14:18:20.675,OnTrack,176.65186283116967,12796.757375120564,1937.054123129884,car,0 days 00:00:21.599000,0 days 02:10:36.756000,10443.0,288.0,7,100.0,False,0,1392.7280555555553,0.24301962518967493
2024-09-01 14:18:20.915,OnTrack,337.95914240490566,13014.73599845573,1937.838775088568,car,0 days 00:00:21.839000,0 days 02:10:36.996000,10496.0,293.0,8,100.0,False,0,1412.2613888888886,0.24642803168111888
2024-09-01 14:18:20.990,OnTrack,379.0,13068.0,1938.0,pos,0 days 00:00:21.914000,0 days 02:10:37.071000,10510.732155428572,293.5357147428571,8,100.0,False,0,1418.3984359701303,0.24749889607241585
2024-09-01 14:18:21.195,OnTrack,448.6218464452082,13147.644540543442,1938.0262857048267,car,0 days 00:00:22.119000,0 days 02:10:37.276000,10551.0,295.0,8,100.0,False,0,1435.2058333333332,0.25043164909001064
2024-09-01 14:18:21.270,OnTrack,478.0,13177.0,1938.0,pos,0 days 00:00:22.194000,0 days 02:10:37.351000,10588.500032,295.37500032,8,100.0,False,0,1441.3612073321153,0.251505711378136
2024-09-01 14:18:21.395,OnTrack,545.149520735858,13243.10160572243,1937.9938605656378,car,0 days 00:00:22.319000,0 days 02:10:37.476000,10651.0,296.0,8,100.0,False,0,1451.6502777777775,0.25330106979953115
2024-09-01 14:18:21.570,OnTrack,657.0,13349.0,1938.0,pos,0 days 00:00:22.494000,0 days 02:10:37.651000,10706.902716444445,297.9444423111111,8,100.0,False,0,1466.1900743383735,0.25583814507161695
2024-09-01 14:18:21.730,OnTrack,758.0,13435.0,1938.0,pos,0 days 00:00:22.654000,0 days 02:10:37.811000,10758.013827555556,299.7222200888889,8,100.0,False,0,1479.5610163151568,0.25817126480354813
2024-09-01 14:18:21.755,OnTrack,777.3274469703896,13450.2792796509,1938.0307442417736,car,0 days 00:00:22.679000,0 days 02:10:37.836000,10766.0,300.0,8,100.0,False,0,1481.6502777777775,0.2585358237966293
2024-09-01 14:18:21.995,OnTrack,1000.1766114709746,13615.76524633031,1938.8305957599223,car,0 days 00:00:22.919000,0 days 02:10:38.076000,10799.0,301.0,8,100.0,False,0,1501.7169444444444,0.26203729258135505
2024-09-01 14:18:22.030,OnTrack,1027.0,13635.0,1939.0,pos,0 days 00:00:22.954000,0 days 02:10:38.111000,10803.5937584,301.2187504,8,100.0,False,0,1504.64838727829,0.2625488053177463
2024-09-01 14:18:22.155,OnTrack,1100.9752141522713,13686.655703933937,1939.6937169315936,car,0 days 00:00:23.079000,0 days 02:10:38.236000,10820.0,302.0,8,100.0,False,0,1515.1391666666666,0.2643793602956123
2024-09-01 14:18:22.370,OnTrack,1241.0,13767.0,1941.0,pos,0 days 00:00:23.294000,0 days 02:10:38.451000,10879.1249472,303.79166506666667,8,100.0,False,0,1533.294802463039,0.26754736986410965
2024-09-01 14:18:22.395,OnTrack,1269.195603932741,13781.957114010582,1941.136394557881,car,0 days 00:00:23.319000,0 days 02:10:38.476000,10886.0,304.0,8,100.0,False,0,1535.405833333333,0.2679157274403186
2024-09-01 14:18:22.570,OnTrack,1497.0,13900.0,1942.0,pos,0 days 00:00:23.494000,0 days 02:10:38.651000,10969.582024463929,304.0,8,100.0,False,0,1550.1756545673582,0.2704929401316932
2024-09-01 14:18:22.596,OnTrack,1522.8000676140864,13913.16709966166,1942.1173931568317,car,0 days 00:00:23.520000,0 days 02:10:38.677000,10982.0,304.0,8,100.0,False,0,1552.3791666666664,0.2708774349240102
2024-09-01 14:18:22.836,OnTrack,1630.7571830322597,13964.593036413535,1943.1082816188084,car,0 days 00:00:23.760000,0 days 02:10:38.917000,10993.0,307.0,8,100.0,False,0,1572.8458333333328,0.2744487004286971
2024-09-01 14:18:22.989,OnTrack,1716.0,13995.0,1944.0,pos,0 days 00:00:23.913000,0 days 02:10:39.070000,11011.1687424,307.0,8,100.0,False,0,1585.8927873275043,0.2767252869143953
2024-09-01 14:18:22.996,OnTrack,1721.7651555496013,13997.060812368782,1944.0495368180702,car,0 days 00:00:23.920000,0 days 02:10:39.077000,11012.0,307.0,8,100.0,False,0,1586.4902777777772,0.2768295440984885
2024-09-01 14:18:23.156,OnTrack,1894.0111108744613,14058.61124113561,1945.361670143734,car,0 days 00:00:24.080000,0 days 02:10:39.237000,11059.0,308.0,8,100.0,False,0,1600.179166666666,0.27921814295938663
2024-09-01 14:18:23.249,OnTrack,1990.0,14092.0,1946.0,pos,0 days 00:00:24.173000,0 days 02:10:39.330000,11079.343736,309.1624992,8,100.0,False,0,1608.180304395904,0.2806142758830353
2024-09-01 14:18:23.316,OnTrack,2045.495924175565,14110.49251105788,1946.319492800897,car,0 days 00:00:24.240000,0 days 02:10:39.397000,11094.0,310.0,8,100.0,False,0,1613.956944444444,0.28162225220249837
2024-09-01 14:18:23.596,OnTrack,2207.261746822137,14152.686328131937,1947.2074736096101,car,0 days 00:00:24.520000,0 days 02:10:39.677000,11117.0,311.0,8,100.0,False,0,1638.145833333333,0.2858430149623809
2024-09-01 14:18:23.669,OnTrack,2275.0,14167.0,1948.0,pos,0 days 00:00:24.593000,0 days 02:10:39.750000,11144.8312256,311.4562496,8,100.0,False,0,1644.4680039258149,0.28694618188835863
2024-09-01 14:18:23.756,OnTrack,2377.766726919657,14188.1992888498,1949.3741766372036,car,0 days 00:00:24.680000,0 days 02:10:39.837000,11178.0,312.0,8,100.0,False,0,1652.0124999999998,0.28826263458770635
2024-09-01 14:18:23.849,OnTrack,2496.0,14212.0,1951.0,pos,0 days 00:00:24.773000,0 days 02:10:39.930000,11210.08497792,312.46499968,8,100.0,False,0,1660.090192481948,0.2896721256879466
2024-09-01 14:18:23.956,OnTrack,2618.055085339432,14235.609111014684,1952.5809275762142,car,0 days 00:00:24.880000,0 days 02:10:40.037000,11247.0,313.0,8,100.0,False,0,1669.4013888888887,0.2912968531082466
2024-09-01 14:18:24.829,OnTrack,3276.0,14321.0,1957.0,pos,0 days 00:00:25.753000,0 days 02:10:40.910000,11353.148855854546,315.9761361454545,8,100.0,False,0,1746.0281831665984,0.304667600362582
2024-09-01 14:18:24.836,OnTrack,3281.849999304517,14321.507268255635,1957.0166573885317,car,0 days 00:00:25.760000,0 days 02:10:40.917000,11354.0,316.0,8,100.0,False,0,1746.645833333333,0.3047753752518861
2024-09-01 14:18:25.036,OnTrack,3458.0421163599676,14336.167612582592,1957.615940935191,car,0 days 00:00:25.960000,0 days 02:10:41.117000,11338.0,318.0,8,100.0,False,0,1764.3125,0.307858063716844
2024-09-01 14:18:25.089,OnTrack,3505.0,14340.0,1958.0,pos,0 days 00:00:26.013000,0 days 02:10:41.170000,11351.5812336,318.1656248,8,100.0,False,0,1769.0026726529752,0.3086764603849187
2024-09-01 14:18:25.270,OnTrack,3664.0,14353.0,1960.0,pos,0 days 00:00:26.194000,0 days 02:10:41.351000,11397.9625328,318.7312504,8,100.0,False,0,1785.0447485104585,0.3114756710754758
2024-09-01 14:18:25.356,OnTrack,3742.9177939888177,14359.591430275392,1960.7218585574797,car,0 days 00:00:26.280000,0 days 02:10:41.437000,11420.0,319.0,8,100.0,False,0,1792.6680555555556,0.3128058756429901
2024-09-01 14:18:25.596,OnTrack,3969.2785639744216,14378.907609932428,1961.923981952786,car,0 days 00:00:26.520000,0 days 02:10:41.677000,11391.0,319.0,8,100.0,False,0,1813.934722222222,0.3165167345875997
2024-09-01 14:18:25.610,OnTrack,3982.0,14380.0,1962.0,pos,0 days 00:00:26.534000,0 days 02:10:41.691000,11389.638901333334,319.0,8,100.0,False,0,1815.1754959260495,0.3167332394244532
2024-09-01 14:18:25.910,OnTrack,4243.0,14402.0,1964.0,pos,0 days 00:00:26.834000,0 days 02:10:41.991000,11360.472209777778,319.0,8,100.0,False,0,1841.7637960287445,0.32137267976574085
2024-09-01 14:18:25.956,OnTrack,4283.0835438633385,14405.10066596165,1964.3638970206991,car,0 days 00:00:26.880000,0 days 02:10:42.037000,11356.0,319.0,8,100.0,False,0,1845.834722222222,0.3220830230045141
2024-09-01 14:18:26.196,OnTrack,4494.668613187408,14420.165753521487,1965.9764267159992,car,0 days 00:00:27.120000,0 days 02:10:42.277000,11354.0,318.0,8,100.0,False,0,1867.0347222222222,0.3257822491624635
2024-09-01 14:18:26.210,OnTrack,4507.0,14421.0,1966.0,pos,0 days 00:00:27.134000,0 days 02:10:42.291000,11345.9500736,317.9125008,8,100.0,False,0,1868.2691036443696,0.3259976385985812
2024-09-01 14:18:26.350,OnTrack,4630.0,14429.0,1966.0,pos,0 days 00:00:27.274000,0 days 02:10:42.431000,11265.4499264,317.0374992,8,100.0,False,0,1880.596214699284,0.32814861839416076
2024-09-01 14:18:26.356,OnTrack,4635.2603786924565,14429.31959886157,1966.0190005140591,car,0 days 00:00:27.280000,0 days 02:10:42.437000,11262.0,317.0,8,100.0,False,0,1881.1236111111111,0.328240644743323
2024-09-01 14:18:26.510,OnTrack,4770.0,14437.0,1967.0,pos,0 days 00:00:27.434000,0 days 02:10:42.591000,11278.3625136,316.0374992,8,100.0,False,0,1894.641368103359,0.33059938249155535
2024-09-01 14:18:26.516,OnTrack,4775.238878591502,14437.298227217603,1967.0261491111203,car,0 days 00:00:27.440000,0 days 02:10:42.597000,11279.0,316.0,8,100.0,False,0,1895.1680555555554,0.3306912851330756
2024-09-01 14:18:26.750,OnTrack,4980.0,14449.0,1967.0,pos,0 days 00:00:27.674000,0 days 02:10:42.831000,11282.656252,316.0,8,100.0,False,0,1915.723832356291,0.3342780996254459
2024-09-01 14:18:26.836,OnTrack,5056.6169117749005,14452.946616725687,1966.9631516327436,car,0 days 00:00:27.760000,0 days 02:10:42.917000,11284.0,316.0,8,100.0,False,0,1923.2569444444443,0.3355925659125809
2024-09-01 14:18:27.010,OnTrack,5207.0,14460.0,1967.0,pos,0 days 00:00:27.934000,0 days 02:10:43.091000,11247.80454371055,315.1278203303747,8,100.0,False,0,1938.434181741617,0.33824086936612363
2024-09-01 14:18:27.230,OnTrack,5399.0,14468.0,1967.0,pos,0 days 00:00:28.154000,0 days 02:10:43.311000,11202.040086770512,314.0250623318196,8,100.0,False,0,1957.620641770539,0.34158874931034244
2024-09-01 14:18:27.235,OnTrack,5405.2971395492605,14468.246514387094,1966.9995804121968,car,0 days 00:00:28.159000,0 days 02:10:43.316000,11201.0,314.0,8,100.0,False,0,1958.058611111111,0.3416651713688813
2024-09-01 14:18:27.410,OnTrack,5659.0,14478.0,1967.0,pos,0 days 00:00:28.334000,0 days 02:10:43.491000,11174.7500288,313.4531256,8,83.0468936,False,0,1973.4393476283988,0.34434898376762085
2024-09-01 14:18:27.555,OnTrack,5769.829486671635,14482.321327351105,1967.1034226625397,car,0 days 00:00:28.479000,0 days 02:10:43.636000,11153.0,313.0,8,69.0,False,0,1985.8808333333334,0.3465199210017457
2024-09-01 14:18:27.715,OnTrack,5823.343029913706,14484.376122862326,1967.0826992531902,car,0 days 00:00:28.639000,0 days 02:10:43.796000,10322.0,292.0,8,0.0,True,0,1998.8586111111113,0.3487844368049349
2024-09-01 14:18:27.750,OnTrack,5841.0,14485.0,1967.0,pos,0 days 00:00:28.674000,0 days 02:10:43.831000,10167.6108288,287.4305472,8,0.0,True,0,2001.5269032102249,0.3492500318959769
2024-09-01 14:18:27.990,OnTrack,6015.0,14491.0,1966.0,pos,0 days 00:00:28.914000,0 days 02:10:44.071000,9108.944162133334,256.09721386666666,8,0.0,True,0,2018.0689516455236,0.3521364837015393
2024-09-01 14:18:28.075,OnTrack,6087.782964354725,14493.683845212201,1965.8563496424188,car,0 days 00:00:28.999000,0 days 02:10:44.156000,8734.0,245.0,8,0.0,True,0,2023.3586111111113,0.3530594859025651
2024-09-01 14:18:28.290,OnTrack,6256.0,14500.0,1966.0,pos,0 days 00:00:29.214000,0 days 02:10:44.371000,9061.33720768,218.125024,8,0.0,True,0,2035.5866655498794,0.355193181130901
2024-09-01 14:18:28.475,OnTrack,6316.714773362623,14501.742424865048,1966.168542122748,car,0 days 00:00:29.399000,0 days 02:10:44.556000,9343.0,195.0,8,0.0,True,0,2045.025277777778,0.35684014156713606
2024-09-01 14:18:28.610,OnTrack,6367.0,14506.0,1966.0,pos,0 days 00:00:29.534000,0 days 02:10:44.691000,9405.678482285713,180.53573485714287,8,0.0,True,0,2051.4021812863302,0.3579528589381528
2024-09-01 14:18:28.755,OnTrack,6466.312807674983,14516.952562565508,1965.3536758436524,car,0 days 00:00:29.679000,0 days 02:10:44.836000,9473.0,165.0,8,0.0,True,0,2057.8586111111113,0.35907945299922805
2024-09-01 14:18:28.830,OnTrack,6515.0,14523.0,1965.0,pos,0 days 00:00:29.754000,0 days 02:10:44.911000,9413.624949333333,159.99999573333332,8,0.0,True,0,2061.076363093022,0.3596409243341939
2024-09-01 14:18:28.995,OnTrack,6583.159697999186,14533.814397901795,1964.4370786272725,car,0 days 00:00:29.919000,0 days 02:10:45.076000,9283.0,149.0,6,0.0,True,0,2067.7919444444447,0.3608127382116006
2024-09-01 14:18:29.236,OnTrack,6619.443134758327,14547.303298821822,1964.066580221322,car,0 days 00:00:30.160000,0 days 02:10:45.317000,9347.0,130.0,3,0.0,True,0,2076.494722222222,0.36233130157020316
2024-09-01 14:18:29.329,OnTrack,6641.0,14555.0,1964.0,pos,0 days 00:00:30.253000,0 days 02:10:45.410000,9009.54308937143,126.01428845714285,3,0.0,True,0,2079.6205051852726,0.3628767250655328
2024-09-01 14:18:29.489,OnTrack,6692.0,14573.0,1964.0,pos,0 days 00:00:30.413000,0 days 02:10:45.570000,8428.9716608,119.1571456,3,0.0,True,0,2084.8053938317485,0.36378144561775444
2024-09-01 14:18:29.516,OnTrack,6701.961338662876,14577.100527466182,1964.0275208153803,car,0 days 00:00:30.440000,0 days 02:10:45.597000,8331.0,118.0,3,0.0,True,0,2085.6725,0.3639327485337599
2024-09-01 14:18:29.716,OnTrack,6779.738000317605,14614.485070485656,1964.1578753622389,car,0 days 00:00:30.640000,0 days 02:10:45.797000,8013.0,114.0,3,0.0,True,0,2092.0058333333336,0.3650378632664807
2024-09-01 14:18:29.749,OnTrack,6790.0,14620.0,1964.0,pos,0 days 00:00:30.673000,0 days 02:10:45.830000,7977.3188192,113.2781264,3,0.0,True,0,2093.019688592071,0.36521477269541913
2024-09-01 14:18:30.036,OnTrack,6838.211471736337,14654.625802593791,1960.7159681223038,car,0 days 00:00:30.960000,0 days 02:10:46.117000,7667.0,107.0,3,0.0,True,0,2101.5169444444446,0.3666974741633384
2024-09-01 14:18:30.149,OnTrack,6855.0,14673.0,1962.0,pos,0 days 00:00:31.073000,0 days 02:10:46.230000,7664.74000128,105.87000064,3,2.8249983999999997,True,0,2104.8316379384896,0.367275860997242
2024-09-01 14:18:30.189,OnTrack,6862.0,14681.0,1963.0,pos,0 days 00:00:31.113000,0 days 02:10:46.270000,7663.94000128,105.47000064,3,3.8249983999999997,True,0,2105.996117411908,0.36747905311650925
2024-09-01 14:18:30.236,OnTrack,6869.774121660087,14690.702585009116,1963.7432206032859,car,0 days 00:00:31.160000,0 days 02:10:46.317000,7663.0,105.0,3,5.0,False,0,2107.350277777778,0.3677153429961076
2024-09-01 14:18:30.396,OnTrack,6892.29628699031,14726.520780504243,1962.6143423602052,car,0 days 00:00:31.320000,0 days 02:10:46.477000,7640.0,102.0,3,16.0,False,0,2111.8836111111113,0.3685063724890024
2024-09-01 14:18:30.469,OnTrack,6903.0,14747.0,1962.0,pos,0 days 00:00:31.393000,0 days 02:10:46.550000,7799.4592352,102.9124992,3,21.4749952,False,0,2113.976215706309,0.3688715148313043
2024-09-01 14:18:30.716,OnTrack,6943.76809036611,14832.91053672948,1961.9911498105612,car,0 days 00:00:31.640000,0 days 02:10:46.797000,8339.0,106.0,3,40.0,False,0,2121.305833333334,0.3701504730036466
2024-09-01 14:18:30.749,OnTrack,6949.0,14843.0,1962.0,pos,0 days 00:00:31.673000,0 days 02:10:46.830000,8350.05497856,107.15499776,3,41.6499968,False,0,2122.3257689632082,0.3703284434074889
2024-09-01 14:18:30.916,OnTrack,6973.361922219812,14883.071685107741,1961.6654897501576,car,0 days 00:00:31.840000,0 days 02:10:46.997000,8406.0,113.0,3,50.0,False,0,2127.5836111111116,0.37124589374748385
2024-09-01 14:18:31.149,OnTrack,7012.0,14927.0,1961.0,pos,0 days 00:00:32.073000,0 days 02:10:47.230000,8660.635644342858,113.0,3,29.196434285714286,False,0,2134.8781250320285,0.3725187266109641
2024-09-01 14:18:31.196,OnTrack,7022.367777355619,14937.563631611833,1960.9938783919295,car,0 days 00:00:32.120000,0 days 02:10:47.277000,8712.0,113.0,3,25.0,False,0,2136.3725000000004,0.3727794827888559
2024-09-01 14:18:31.229,OnTrack,7030.0,14945.0,1961.0,pos,0 days 00:00:32.153000,0 days 02:10:47.310000,8731.112462933334,113.54999893333333,3,25.687498666666666,False,0,2137.4297161428976,0.37296395833651685
2024-09-01 14:18:31.436,OnTrack,7081.940841806811,14987.250313653512,1961.0079278605974,car,0 days 00:00:32.360000,0 days 02:10:47.517000,8851.0,117.0,3,30.0,False,0,2144.1725000000006,0.3741405188281015
2024-09-01 14:18:31.529,OnTrack,7107.0,15004.0,1961.0,pos,0 days 00:00:32.453000,0 days 02:10:47.610000,8797.5250368,117.77499946666667,3,33.4874976,False,0,2147.2198471991333,0.37467225592580833
2024-09-01 14:18:31.676,OnTrack,7148.346158996839,15027.87105192468,1960.9795416285872,car,0 days 00:00:32.600000,0 days 02:10:47.757000,8713.0,119.0,3,39.0,False,0,2152.105833333334,0.3755248204406675
2024-09-01 14:18:31.770,OnTrack,7176.0,15042.0,1961.0,pos,0 days 00:00:32.694000,0 days 02:10:47.851000,9040.35455424,120.87999744,3,42.75999488,False,0,2155.3268590131825,0.3760868630090789
2024-09-01 14:18:31.950,OnTrack,7231.0,15067.0,1961.0,pos,0 days 00:00:32.874000,0 days 02:10:48.031000,9667.20544576,124.48000256,3,49.96000512,False,0,2161.6918323264395,0.3771974986588454
2024-09-01 14:18:32.076,OnTrack,7269.219116850924,15081.656663598182,1960.4184279071724,car,0 days 00:00:33,0 days 02:10:48.157000,10106.0,127.0,3,55.0,False,0,2166.216944444445,0.37798709361708027
2024-09-01 14:18:32.150,OnTrack,7299.0,15091.0,1960.0,pos,0 days 00:00:33.074000,0 days 02:10:48.231000,10340.9504064,128.8500032,3,56.3875024,False,0,2168.8916424971217,0.3784538064944896
2024-09-01 14:18:32.236,OnTrack,7345.245774290634,15103.764716264308,1959.5636893976266,car,0 days 00:00:33.160000,0 days 02:10:48.317000,10614.0,131.0,3,58.0,False,0,2172.039166666667,0.37900302365207267
2024-09-01 14:18:32.390,OnTrack,7439.0,15127.0,1959.0,pos,0 days 00:00:33.314000,0 days 02:10:48.471000,11151.46044672,135.62000384,3,77.250016,False,0,2177.857216696776,0.3800182256737537
2024-09-01 14:18:32.436,OnTrack,7462.293933649587,15132.298493145554,1958.916314680368,car,0 days 00:00:33.360000,0 days 02:10:48.517000,11312.0,137.0,3,83.0,False,0,2179.6502777777782,0.38033110012911425
2024-09-01 14:18:32.730,OnTrack,7568.0,15152.0,1959.0,pos,0 days 00:00:33.654000,0 days 02:10:48.811000,10580.266985244445,146.79999573333333,3,80.55000106666667,False,0,2191.7304517056455,0.3824389914209324
2024-09-01 14:18:32.796,OnTrack,7587.652484388808,15155.34067448417,1959.0154514967542,car,0 days 00:00:33.720000,0 days 02:10:48.877000,10416.0,149.0,3,80.0,False,0,2194.5502777777783,0.38293102794767303
2024-09-01 14:18:32.996,OnTrack,7643.233304776802,15164.698952786735,1958.9089006261718,car,0 days 00:00:33.920000,0 days 02:10:49.077000,10494.0,157.0,4,82.0,False,0,2203.2725000000005,0.38445298420238494
2024-09-01 14:18:33.150,OnTrack,7700.0,15175.0,1958.0,pos,0 days 00:00:34.074000,0 days 02:10:49.231000,10872.84031488,160.8500032,4,92.01000832,False,0,2210.1398539729644,0.3856512811577003
2024-09-01 14:18:33.196,OnTrack,7720.6892704333695,15178.89505028446,1957.5379066874384,car,0 days 00:00:34.120000,0 days 02:10:49.277000,10986.0,162.0,4,95.0,False,0,2212.2725000000005,0.3860234104015144
2024-09-01 14:18:33.250,OnTrack,7747.0,15184.0,1957.0,pos,0 days 00:00:34.174000,0 days 02:10:49.331000,11034.05988608,164.96999296,4,95.6749984,False,0,2214.841567650515,0.38647169163992595
2024-09-01 14:18:33.570,OnTrack,7941.0,15229.0,1956.0,pos,0 days 00:00:34.494000,0 days 02:10:49.651000,11318.85988608,182.56999296,4,99.67499839999999,False,0,2231.3172744972985,0.3893465673822999
2024-09-01 14:18:33.596,OnTrack,7959.146946460717,15234.077805839159,1955.9076195445184,car,0 days 00:00:34.520000,0 days 02:10:49.677000,11342.0,184.0,4,100.0,False,0,2232.716944444445,0.38959079831064797
2024-09-01 14:18:33.810,OnTrack,8107.0,15279.0,1955.0,pos,0 days 00:00:34.734000,0 days 02:10:49.891000,11102.508028286791,194.7335337462503,4,100.0,False,0,2244.513428196208,0.39164918799302284
2024-09-01 14:18:33.915,OnTrack,8159.361100156879,15295.212796646643,1954.918163523956,car,0 days 00:00:34.839000,0 days 02:10:49.996000,10985.0,200.0,5,100.0,False,0,2250.439166666667,0.39268318076448927
2024-09-01 14:18:34.115,OnTrack,8234.121515405233,15318.18038364161,1955.1294767913914,car,0 days 00:00:35.039000,0 days 02:10:50.196000,11328.0,207.0,5,100.0,False,0,2261.939166666667,0.3946898364633769
2024-09-01 14:18:34.170,OnTrack,8260.0,15326.0,1955.0,pos,0 days 00:00:35.094000,0 days 02:10:50.251000,11401.103911466667,208.60416106666668,5,100.0,False,0,2265.161901539055,0.395252177271871
2024-09-01 14:18:34.350,OnTrack,8362.0,15357.0,1954.0,pos,0 days 00:00:35.274000,0 days 02:10:50.431000,11640.354251733334,213.85416853333334,5,100.0,False,0,2275.9031505715134,0.3971264371487539
2024-09-01 14:18:34.355,OnTrack,8364.918330715478,15357.923129087381,1953.968164215397,car,0 days 00:00:35.279000,0 days 02:10:50.436000,11647.0,214.0,5,100.0,False,0,2276.2058333333334,0.3971792528086636
2024-09-01 14:18:34.530,OnTrack,8465.0,15391.0,1953.0,pos,0 days 00:00:35.454000,0 days 02:10:50.611000,11142.7818032,218.9218696,5,100.0,False,0,2286.9471871963474,0.39905353097761886
2024-09-01 14:18:34.675,OnTrack,8542.602794945198,15417.713868155983,1952.9716766992767,car,0 days 00:00:35.599000,0 days 02:10:50.756000,10725.0,223.0,6,100.0,False,0,2296.0280555555555,0.4006380680423018
2024-09-01 14:18:34.810,OnTrack,8630.0,15450.0,1953.0,pos,0 days 00:00:35.734000,0 days 02:10:50.891000,10863.3748032,228.0624928,6,100.0,False,0,2304.6047246806993,0.40213462647512294
2024-09-01 14:18:34.835,OnTrack,8649.752965038044,15457.583506734016,1952.9446374811778,car,0 days 00:00:35.759000,0 days 02:10:50.916000,10889.0,229.0,6,100.0,False,0,2306.2058333333334,0.4024140068057618
2024-09-01 14:18:35.050,OnTrack,8836.0,15531.0,1952.0,pos,0 days 00:00:35.974000,0 days 02:10:51.131000,11090.024820480001,232.22499712,6,100.0,False,0,2320.1397776008744,0.4048453658207569
2024-09-01 14:18:35.235,OnTrack,8925.910865290307,15566.380917234723,1951.5066783057434,car,0 days 00:00:36.159000,0 days 02:10:51.316000,11263.0,235.0,6,100.0,False,0,2332.3169444444443,0.4069701815810139
2024-09-01 14:18:35.410,OnTrack,8997.0,15593.0,1951.0,pos,0 days 00:00:36.334000,0 days 02:10:51.491000,11370.1873824,238.64582933333332,6,100.0,False,0,2343.9598655173986,0.40900177583516545
2024-09-01 14:18:35.475,OnTrack,9033.925214772764,15606.484474326624,1950.694879497269,car,0 days 00:00:36.399000,0 days 02:10:51.556000,11410.0,240.0,6,100.0,False,0,2348.3169444444443,0.4097620503794663
2024-09-01 14:18:35.630,OnTrack,9136.0,15643.0,1950.0,pos,0 days 00:00:36.554000,0 days 02:10:51.711000,11484.844282585776,241.93146535705228,6,100.0,False,0,2358.7802879958044,0.4115878180287494
2024-09-01 14:18:35.796,OnTrack,9243.681830187208,15679.82617140464,1949.9866354302076,car,0 days 00:00:36.720000,0 days 02:10:51.877000,11565.0,244.0,6,100.0,False,0,2370.073611111111,0.41355841030602847
2024-09-01 14:18:35.829,OnTrack,9265.0,15687.0,1950.0,pos,0 days 00:00:36.753000,0 days 02:10:51.910000,11581.146397257144,244.35357074285713,6,100.0,False,0,2372.325855399874,0.4139514084657966
2024-09-01 14:18:36.069,OnTrack,9421.0,15739.0,1950.0,pos,0 days 00:00:36.993000,0 days 02:10:52.150000,11698.574968685714,246.9249993142857,6,100.0,False,0,2388.8005025107022,0.4168260992929363
2024-09-01 14:18:36.076,OnTrack,9425.596742677213,15740.529484924518,1950.0059812465538,car,0 days 00:00:37,0 days 02:10:52.157000,11702.0,247.0,6,100.0,False,0,2389.284722222222,0.41691059166194805
2024-09-01 14:18:36.229,OnTrack,9526.0,15774.0,1950.0,pos,0 days 00:00:37.153000,0 days 02:10:52.310000,11766.25997312,249.29499904,6,100.0,False,0,2399.9142579291115,0.4187653584795793
2024-09-01 14:18:36.276,OnTrack,9556.099351679866,15784.088625307348,1949.7167837404181,car,0 days 00:00:37.200000,0 days 02:10:52.357000,11786.0,250.0,6,100.0,False,0,2403.1736111111113,0.41933408888282686
2024-09-01 14:18:36.349,OnTrack,9605.0,15800.0,1949.0,pos,0 days 00:00:37.273000,0 days 02:10:52.430000,11867.6686784,249.5437504,6,54.37504,False,0,2408.2176043480385,0.42021422434143824
2024-09-01 14:18:36.436,OnTrack,9673.472521981328,15820.417857537504,1947.8193637760016,car,0 days 00:00:37.360000,0 days 02:10:52.517000,11965.0,249.0,6,0.0,False,0,2414.240277777778,0.4212651314684231
2024-09-01 14:18:36.596,OnTrack,9818.958351994757,15858.616064373522,1945.0475457286518,car,0 days 00:00:37.520000,0 days 02:10:52.677000,10985.0,249.0,6,0.0,True,0,2425.3069444444445,0.4231961740540193
2024-09-01 14:18:36.669,OnTrack,9879.0,15871.0,1944.0,pos,0 days 00:00:37.593000,0 days 02:10:52.750000,10830.65727817143,241.43929234285713,6,0.0,True,0,2430.0398460686056,0.4240220265771843
2024-09-01 14:18:36.876,OnTrack,10016.865252835229,15885.032348982306,1942.1173954492137,car,0 days 00:00:37.800000,0 days 02:10:52.957000,10393.0,220.0,6,0.0,True,0,2442.418055555556,0.42618192263014204
2024-09-01 14:18:37.129,OnTrack,10141.0,15876.0,1941.0,pos,0 days 00:00:38.053000,0 days 02:10:53.210000,10440.149988072728,207.92500305454544,6,0.0,True,0,2456.5900856544204,0.42865482567037627
2024-09-01 14:18:37.316,OnTrack,10218.767937905632,15864.3964210423,1940.1692481193186,car,0 days 00:00:38.240000,0 days 02:10:53.397000,10475.0,199.0,5,0.0,True,0,2466.7402777777784,0.430425950963345
2024-09-01 14:18:37.556,OnTrack,10313.505068024988,15838.918744939609,1939.0623622706019,car,0 days 00:00:38.480000,0 days 02:10:53.637000,10293.0,193.0,5,0.0,True,0,2479.6069444444447,0.4326710787887671
2024-09-01 14:18:37.569,OnTrack,10319.0,15837.0,1939.0,pos,0 days 00:00:38.493000,0 days 02:10:53.650000,10276.1813328,192.593752,5,0.0,True,0,2480.293229969475,0.4327908299852772
2024-09-01 14:18:37.716,OnTrack,10383.678156984579,15811.4808521544,1938.2873068083861,car,0 days 00:00:38.640000,0 days 02:10:53.797000,10086.0,188.0,5,0.0,True,0,2487.9625000000005,0.4341290547168478
2024-09-01 14:18:37.809,OnTrack,10424.0,15793.0,1938.0,pos,0 days 00:00:38.733000,0 days 02:10:53.890000,9938.13010176,185.6750016,5,0.0,True,0,2492.7283414199783,0.43496065496427333
2024-09-01 14:18:37.916,OnTrack,10467.719202640332,15770.398290820813,1937.9453987102338,car,0 days 00:00:38.840000,0 days 02:10:53.997000,9768.0,183.0,5,0.0,False,0,2498.129166666667,0.4359030546825311
2024-09-01 14:18:38.069,OnTrack,10535.0,15724.0,1938.0,pos,0 days 00:00:38.993000,0 days 02:10:54.150000,9784.44749312,180.70500096,5,19.88999168,False,0,2505.69869417941,0.4372238751626469
2024-09-01 14:18:38.316,OnTrack,10672.725948301517,15592.938772472635,1937.2330028533788,car,0 days 00:00:39.240000,0 days 02:10:54.397000,9811.0,177.0,5,52.0,False,0,2517.795833333334,0.4393347267472955
2024-09-01 14:18:38.370,OnTrack,10692.0,15573.0,1937.0,pos,0 days 00:00:39.294000,0 days 02:10:54.451000,9864.18987392,177.80999808,5,56.31998976,False,0,2520.479455655536,0.43980299683655716
2024-09-01 14:18:38.516,OnTrack,10711.561643064357,15549.775738199567,1936.331051110752,car,0 days 00:00:39.440000,0 days 02:10:54.597000,10008.0,180.0,5,68.0,False,0,2527.795833333334,0.4410796447463282
2024-09-01 14:18:38.610,OnTrack,10722.0,15532.0,1936.0,pos,0 days 00:00:39.534000,0 days 02:10:54.691000,10174.8497728,181.1749984,5,69.1749984,False,0,2532.5336253131213,0.4419063505964486
2024-09-01 14:18:38.676,OnTrack,10736.135538454255,15509.179244810177,1935.8583072718804,car,0 days 00:00:39.600000,0 days 02:10:54.757000,10292.0,182.0,5,70.0,False,0,2535.884722222223,0.44249108952776806
2024-09-01 14:18:38.830,OnTrack,10780.0,15435.0,1936.0,pos,0 days 00:00:39.754000,0 days 02:10:54.911000,10507.1189288,184.8875024,5,75.7750048,False,0,2543.813447791515,0.4438745871232929
2024-09-01 14:18:38.996,OnTrack,10816.287395151781,15354.68461629676,1936.9821632778128,car,0 days 00:00:39.920000,0 days 02:10:55.077000,10739.0,188.0,5,82.0,False,0,2552.595833333334,0.44540704138392945
2024-09-01 14:18:39.010,OnTrack,10819.0,15348.0,1937.0,pos,0 days 00:00:39.934000,0 days 02:10:55.091000,10758.872040533333,188.4666624,5,82.62221653333333,False,0,2553.3509629683304,0.44553880531310025
2024-09-01 14:18:39.210,OnTrack,10855.0,15245.0,1936.0,pos,0 days 00:00:40.134000,0 days 02:10:55.291000,11042.760929422222,195.13332906666668,5,91.51110542222222,False,0,2564.3794967812423,0.44746319402840934
2024-09-01 14:18:39.356,OnTrack,10881.79668606391,15132.502688315613,1935.7828633680215,car,0 days 00:00:40.280000,0 days 02:10:55.437000,11250.0,200.0,5,98.0,False,0,2572.595833333334,0.4488968773819949
2024-09-01 14:18:39.530,OnTrack,10908.0,15000.0,1936.0,pos,0 days 00:00:40.454000,0 days 02:10:55.611000,11404.85988608,204.34999679999999,5,99.73999872,False,0,2582.4903663526957,0.45062339225774567
2024-09-01 14:18:39.556,OnTrack,10910.591064700177,14985.774253587282,1936.0117275726627,car,0 days 00:00:40.480000,0 days 02:10:55.637000,11428.0,205.0,5,100.0,False,0,2583.984722222223,0.4508841451031155
2024-09-01 14:18:39.716,OnTrack,10919.125950618187,14929.27425375614,1935.9678106126403,car,0 days 00:00:40.640000,0 days 02:10:55.797000,10868.0,210.0,5,100.0,False,0,2593.3180555555564,0.4525127352355461
2024-09-01 14:18:39.850,OnTrack,10924.0,14882.0,1936.0,pos,0 days 00:00:40.774000,0 days 02:10:55.931000,10813.73005184,214.35499584,5,100.0,False,0,2601.4355046799537,0.4539291635438854
2024-09-01 14:18:40.116,OnTrack,10939.977215593924,14723.057196189098,1936.1694412299312,car,0 days 00:00:41.040000,0 days 02:10:56.197000,10706.0,223.0,6,100.0,False,0,2618.095833333334,0.45683625427759383
2024-09-01 14:18:40.210,OnTrack,10946.0,14662.0,1935.0,pos,0 days 00:00:41.134000,0 days 02:10:56.291000,10754.7624336,224.7624976,6,100.0,False,0,2623.9942261338406,0.4578654754538907
2024-09-01 14:18:40.276,OnTrack,10950.04690518471,14620.380747437748,1933.6072230765824,car,0 days 00:00:41.200000,0 days 02:10:56.357000,10789.0,226.0,6,100.0,False,0,2628.140277777779,0.45858892746773344
2024-09-01 14:18:40.310,OnTrack,10952.0,14599.0,1933.0,pos,0 days 00:00:41.234000,0 days 02:10:56.391000,10804.348017083783,226.21316690394144,6,100.0,False,0,2630.278866310755,0.45896209363010493
2024-09-01 14:18:40.550,OnTrack,10963.0,14447.0,1933.0,pos,0 days 00:00:41.474000,0 days 02:10:56.631000,10912.686553341882,227.71786879641505,6,100.0,False,0,2645.4612943117745,0.46161130281890467
2024-09-01 14:18:40.595,OnTrack,10964.853207114991,14419.29763087046,1933.094830891947,car,0 days 00:00:41.519000,0 days 02:10:56.676000,10933.0,228.0,6,100.0,False,0,2648.343611111112,0.4621142434651125
2024-09-01 14:18:40.755,OnTrack,10971.418673676124,14320.637559548702,1933.0454879239755,car,0 days 00:00:41.679000,0 days 02:10:56.836000,11151.0,233.0,6,100.0,False,0,2658.6991666666677,0.46392120299299977
2024-09-01 14:18:40.830,OnTrack,10975.0,14266.0,1933.0,pos,0 days 00:00:41.754000,0 days 02:10:56.911000,11173.708352711112,234.04166755555556,6,100.0,False,0,2663.605533885939,0.46477732384007686
2024-09-01 14:18:41.050,OnTrack,10987.0,14082.0,1933.0,pos,0 days 00:00:41.974000,0 days 02:10:57.131000,11240.319386311112,237.09721955555557,6,100.0,False,0,2678.165600838556,0.4673179361293512
2024-09-01 14:18:41.115,OnTrack,10989.942736804209,14038.718442234265,1932.9964959783701,car,0 days 00:00:42.039000,0 days 02:10:57.196000,11260.0,238.0,6,100.0,False,0,2682.499166666668,0.46807410783069775
2024-09-01 14:18:41.370,OnTrack,11000.0,13910.0,1933.0,pos,0 days 00:00:42.294000,0 days 02:10:57.451000,11373.333248,240.8333312,6,100.0,False,0,2699.615037809455,0.4710606869933151
2024-09-01 14:18:41.475,OnTrack,11005.677912083607,13848.13079491129,1933.08213331202,car,0 days 00:00:42.399000,0 days 02:10:57.556000,11420.0,242.0,6,100.0,False,0,2706.6991666666677,0.4722968093883569
2024-09-01 14:18:41.550,OnTrack,11010.0,13801.0,1933.0,pos,0 days 00:00:42.474000,0 days 02:10:57.631000,11466.87504,242.75000064,6,100.0,False,0,2711.768572281624,0.4731813790985504
2024-09-01 14:18:41.675,OnTrack,11017.155093788733,13719.469953533699,1932.378459147909,car,0 days 00:00:42.599000,0 days 02:10:57.756000,11545.0,244.0,6,100.0,False,0,2720.254722222223,0.47466214267593454
2024-09-01 14:18:41.750,OnTrack,11022.0,13666.0,1932.0,pos,0 days 00:00:42.674000,0 days 02:10:57.831000,11573.392881371428,244.8035721142857,6,100.0,False,0,2725.385870465512,0.47555748596847663
2024-09-01 14:18:41.955,OnTrack,11038.799749554042,13495.847721800577,1931.6999259290544,car,0 days 00:00:42.879000,0 days 02:10:58.036000,11651.0,247.0,6,100.0,False,0,2739.465833333334,0.4780143240318541
2024-09-01 14:18:42.110,OnTrack,11050.0,13382.0,1932.0,pos,0 days 00:00:43.034000,0 days 02:10:58.191000,11151.7706272,242.4791648,6,35.41664,False,0,2749.9737872696196,0.47984787582749727
2024-09-01 14:18:42.195,OnTrack,11054.145759525261,13336.107043838514,1932.302660195658,car,0 days 00:00:43.119000,0 days 02:10:58.276000,10878.0,240.0,6,0.0,True,0,2755.465833333334,0.4808061928303065
2024-09-01 14:18:42.370,OnTrack,11060.0,13260.0,1933.0,pos,0 days 00:00:43.294000,0 days 02:10:58.451000,10248.996988127428,220.693966962327,6,0.0,True,0,2765.8709123067492,0.4826217937885134
2024-09-01 14:18:42.476,OnTrack,11063.624700733231,13206.76775660753,1933.2289185727755,car,0 days 00:00:43.400000,0 days 02:10:58.557000,9868.0,209.0,6,0.0,True,0,2771.7794444444453,0.4836527841960063
2024-09-01 14:18:42.589,OnTrack,11066.0,13138.0,1933.0,pos,0 days 00:00:43.513000,0 days 02:10:58.670000,9966.1686944,196.9937568,6,0.0,True,0,2777.862068291798,0.4847141521792655
2024-09-01 14:18:42.636,OnTrack,11065.99927819426,13104.137564543571,1932.6648130103385,car,0 days 00:00:43.560000,0 days 02:10:58.717000,10007.0,192.0,5,0.0,True,0,2780.312777777779,0.48514178088851434
2024-09-01 14:18:42.869,OnTrack,11060.0,12930.0,1930.0,pos,0 days 00:00:43.793000,0 days 02:10:58.950000,10387.289181257143,178.68571794285714,5,0.0,True,0,2791.7719310061834,0.487141309160706
2024-09-01 14:18:42.916,OnTrack,11058.565557764969,12908.602783971963,1929.6712067241956,car,0 days 00:00:43.840000,0 days 02:10:58.997000,10464.0,176.0,5,0.0,True,0,2794.0016666666675,0.4875303797494124
2024-09-01 14:18:43.189,OnTrack,11046.0,12848.0,1929.0,pos,0 days 00:00:44.113000,0 days 02:10:59.270000,10330.9125312,168.49250176,5,0.0,True,0,2806.6195274633683,0.48973209299075765
2024-09-01 14:18:43.316,OnTrack,11032.688715126744,12797.445523388462,1928.4886662734607,car,0 days 00:00:44.240000,0 days 02:10:59.397000,10269.0,165.0,4,0.0,False,0,2812.335000000001,0.49072939608097244
2024-09-01 14:18:43.449,OnTrack,11013.0,12736.0,1928.0,pos,0 days 00:00:44.373000,0 days 02:10:59.530000,10202.197759418183,163.1863645090909,4,8.765904872727273,False,0,2818.232637739364,0.49175848550529133
2024-09-01 14:18:43.689,OnTrack,10965.0,12642.0,1928.0,pos,0 days 00:00:44.613000,0 days 02:10:59.770000,10081.652304872727,159.91363723636363,4,24.58408669090909,False,0,2828.775987615746,0.4935982136022312
2024-09-01 14:18:43.756,OnTrack,10950.929480679904,12618.727436463168,1928.1393844266197,car,0 days 00:00:44.680000,0 days 02:10:59.837000,10048.0,159.0,4,29.0,False,0,2831.7683333333343,0.49412035339242605
2024-09-01 14:18:44.409,OnTrack,10739.0,12410.0,1930.0,pos,0 days 00:00:45.333000,0 days 02:11:00.490000,10884.202695822221,167.1624992,4,67.99860728888889,False,0,2862.167935656356,0.49942483471811383
2024-09-01 14:18:44.476,OnTrack,10694.517210552027,12381.680052280939,1929.7897978424717,car,0 days 00:00:45.400000,0 days 02:11:00.557000,10970.0,168.0,4,72.0,False,0,2865.3683333333342,0.499983277869176
2024-09-01 14:18:44.636,OnTrack,10586.653217691002,12316.908044507623,1929.053435772975,car,0 days 00:00:45.560000,0 days 02:11:00.717000,11280.0,174.0,4,84.0,False,0,2873.101666666668,0.5013326811217613
2024-09-01 14:18:44.649,OnTrack,10580.0,12313.0,1929.0,pos,0 days 00:00:45.573000,0 days 02:11:00.730000,11263.365990981818,174.44317963636362,4,84.47272494545454,False,0,2873.7453547967593,0.5014449994221574
2024-09-01 14:18:44.990,OnTrack,10488.0,12264.0,1928.0,pos,0 days 00:00:45.914000,0 days 02:11:01.071000,10827.04074530909,186.0681861818182,4,96.87273192727272,False,0,2891.5518119629037,0.5045520801829785
2024-09-01 14:18:45.076,OnTrack,10453.551379239845,12246.57721806399,1927.7733501494477,car,0 days 00:00:46,0 days 02:11:01.157000,10717.0,189.0,5,100.0,False,0,2896.2016666666677,0.505363441699527
2024-09-01 14:18:45.276,OnTrack,10349.28661066004,12193.66137233981,1927.073076314468,car,0 days 00:00:46.200000,0 days 02:11:01.357000,10984.0,198.0,5,100.0,False,0,2907.2016666666677,0.507282851498463
2024-09-01 14:18:45.290,OnTrack,10342.0,12190.0,1927.0,pos,0 days 00:00:46.214000,0 days 02:11:01.371000,11000.0998528,198.55999488,5,100.0,False,0,2907.988236056559,0.507420101407054
2024-09-01 14:18:45.450,OnTrack,10260.0,12149.0,1926.0,pos,0 days 00:00:46.374000,0 days 02:11:01.531000,11184.0998528,204.95999488,5,100.0,False,0,2917.1394219120707,0.5090169082982315
2024-09-01 14:18:45.476,OnTrack,10246.565950226008,12142.227681474287,1925.8431167728422,car,0 days 00:00:46.400000,0 days 02:11:01.557000,11214.0,206.0,5,100.0,False,0,2918.646111111112,0.509279813208467
2024-09-01 14:18:45.636,OnTrack,10163.278639703029,12099.813867508237,1925.0706648697305,car,0 days 00:00:46.560000,0 days 02:11:01.717000,10243.0,211.0,6,100.0,False,0,2928.0238888888903,0.5109161585320046
2024-09-01 14:18:45.670,OnTrack,10146.0,12091.0,1925.0,pos,0 days 00:00:46.594000,0 days 02:11:01.751000,10261.02006784,212.02000384,6,100.0,False,0,2930.0452542965186,0.5112688702202438
2024-09-01 14:18:45.836,OnTrack,10060.545329647552,12047.257577273738,1925.056366679095,car,0 days 00:00:46.760000,0 days 02:11:01.917000,10349.0,217.0,6,100.0,False,0,2940.0794444444455,0.5130197541197272
2024-09-01 14:18:45.870,OnTrack,10039.0,12036.0,1925.0,pos,0 days 00:00:46.794000,0 days 02:11:01.951000,10396.964466285714,218.09286125714286,6,100.0,False,0,2942.1731969432876,0.5133850967618022
2024-09-01 14:18:46.090,OnTrack,9874.0,11948.0,1924.0,pos,0 days 00:00:47.014000,0 days 02:11:02.171000,10707.321248,225.1642816,6,100.0,False,0,2956.002684044061,0.5157982288577553
2024-09-01 14:18:46.116,OnTrack,9858.756923095189,11939.74704070036,1923.980004668247,car,0 days 00:00:47.040000,0 days 02:11:02.197000,10744.0,226.0,6,100.0,False,0,2957.6572222222235,0.5160869322024715
2024-09-01 14:18:46.356,OnTrack,9765.437046761735,11888.33499533518,1924.9134657612958,car,0 days 00:00:47.280000,0 days 02:11:02.437000,11057.0,232.0,6,100.0,False,0,2973.12388888889,0.5187857387076421
2024-09-01 14:18:46.390,OnTrack,9750.0,11880.0,1925.0,pos,0 days 00:00:47.314000,0 days 02:11:02.471000,11095.6751456,232.8500032,6,100.0,False,0,2975.3569708361547,0.5191753931959519
2024-09-01 14:18:46.610,OnTrack,9622.0,11812.0,1925.0,pos,0 days 00:00:47.534000,0 days 02:11:02.691000,11345.9248544,238.34999679999999,6,100.0,False,0,2990.080988943334,0.521744613617282
2024-09-01 14:18:46.756,OnTrack,9533.215308762748,11764.668144669755,1925.140281055354,car,0 days 00:00:47.680000,0 days 02:11:02.837000,11512.0,242.0,6,100.0,False,0,3000.012777777779,0.5234776293272635
2024-09-01 14:18:46.970,OnTrack,9404.0,11695.0,1925.0,pos,0 days 00:00:47.894000,0 days 02:11:03.051000,11320.651959148398,246.17269871015955,6,100.0,False,0,3014.7204196912116,0.5260439922370712
2024-09-01 14:18:47.115,OnTrack,9315.741472288064,11646.6885009036,1924.0923012613857,car,0 days 00:00:48.039000,0 days 02:11:03.196000,11191.0,249.0,6,100.0,False,0,3024.8436111111123,0.527810406128695
2024-09-01 14:18:47.170,OnTrack,9282.0,11628.0,1924.0,pos,0 days 00:00:48.094000,0 days 02:11:03.251000,11002.6256576,250.92499328,6,100.0,False,0,3028.725577375377,0.5284877774093103
2024-09-01 14:18:47.315,OnTrack,9192.229897898986,11577.580978479757,1924.861131948076,car,0 days 00:00:48.239000,0 days 02:11:03.396000,10506.0,256.0,6,100.0,False,0,3039.065833333334,0.5302920672828748
2024-09-01 14:18:47.370,OnTrack,9158.0,11558.0,1925.0,pos,0 days 00:00:48.294000,0 days 02:11:03.451000,10561.82480512,257.09999616,6,100.0,False,0,3043.0248128749886,0.5309828767488783
2024-09-01 14:18:47.515,OnTrack,9067.643196676983,11505.472177995174,1924.168571757995,car,0 days 00:00:48.439000,0 days 02:11:03.596000,10709.0,260.0,6,100.0,False,0,3053.510277777779,0.5328125043925888
2024-09-01 14:18:47.550,OnTrack,9046.0,11493.0,1924.0,pos,0 days 00:00:48.474000,0 days 02:11:03.631000,10741.81256,260.0,6,100.0,False,0,3056.0342571579895,0.5332529180975605
2024-09-01 14:18:47.675,OnTrack,8969.05065200175,11449.423364113673,1923.9491707718141,car,0 days 00:00:48.599000,0 days 02:11:03.756000,10859.0,260.0,7,100.0,False,0,3065.065833333334,0.53482885408036
2024-09-01 14:18:47.730,OnTrack,8933.0,11429.0,1924.0,pos,0 days 00:00:48.654000,0 days 02:11:03.811000,10879.035644342857,261.3749952,7,100.0,False,0,3069.0912473549606,0.5355312558183494
2024-09-01 14:18:47.955,OnTrack,8766.716825088348,11333.604779492443,1923.9661364969306,car,0 days 00:00:48.879000,0 days 02:11:04.036000,10961.0,267.0,7,100.0,False,0,3085.832500000001,0.5384524671250179
2024-09-01 14:18:48.010,OnTrack,8727.0,11311.0,1924.0,pos,0 days 00:00:48.934000,0 days 02:11:04.091000,11022.59978496,267.82499712,7,100.0,False,0,3089.948339293924,0.5391706473315272
2024-09-01 14:18:48.155,OnTrack,8629.681134668153,11256.432329593283,1924.2719373405462,car,0 days 00:00:49.079000,0 days 02:11:04.236000,11185.0,270.0,7,100.0,False,0,3100.832500000001,0.5410698441235671
2024-09-01 14:18:48.355,OnTrack,8507.847362548342,11189.423245683112,1924.8687256458268,car,0 days 00:00:49.279000,0 days 02:11:04.436000,11273.0,272.0,7,100.0,False,0,3115.9436111111117,0.5437066090998831
2024-09-01 14:18:48.430,OnTrack,8462.0,11164.0,1925.0,pos,0 days 00:00:49.354000,0 days 02:11:04.511000,11327.107189028571,272.8035721142857,7,100.0,False,0,3121.6363918789198,0.5446999526625127
2024-09-01 14:18:48.635,OnTrack,8334.776447418724,11092.654964827572,1925.0593360839507,car,0 days 00:00:49.559000,0 days 02:11:04.716000,11475.0,275.0,7,100.0,False,0,3137.332500000001,0.5474387948200365
2024-09-01 14:18:48.750,OnTrack,8260.0,11050.0,1925.0,pos,0 days 00:00:49.674000,0 days 02:11:04.831000,11536.084831774138,277.58104922989315,7,100.0,False,0,3146.298396761111,0.5490032702836295
2024-09-01 14:18:48.910,OnTrack,8151.0,10987.0,1925.0,pos,0 days 00:00:49.834000,0 days 02:11:04.991000,11621.072376510305,281.1720722469143,7,100.0,False,0,3158.9530213292455,0.5512113985016235
2024-09-01 14:18:49.036,OnTrack,8064.655679934236,10937.063420336099,1925.514993313032,car,0 days 00:00:49.960000,0 days 02:11:05.117000,11688.0,284.0,7,100.0,False,0,3168.9669444444457,0.5529587459700878
2024-09-01 14:18:49.129,OnTrack,8001.0,10900.0,1926.0,pos,0 days 00:00:50.053000,0 days 02:11:05.210000,11727.98997248,285.39499904,7,100.0,False,0,3176.37298713436,0.5542510396892114
2024-09-01 14:18:49.236,OnTrack,7927.813559593076,10856.88077307298,1926.4748752233536,car,0 days 00:00:50.160000,0 days 02:11:05.317000,11774.0,287.0,7,100.0,False,0,3184.9113888888896,0.5557409207796565
2024-09-01 14:18:49.429,OnTrack,7796.0,10777.0,1927.0,pos,0 days 00:00:50.353000,0 days 02:11:05.510000,11033.018102857142,288.3785709714286,7,100.0,False,0,3200.370504378821,0.5584384096664072
2024-09-01 14:18:49.516,OnTrack,7736.698049012538,10739.59575916187,1927.030742151446,car,0 days 00:00:50.440000,0 days 02:11:05.597000,10699.0,289.0,8,100.0,False,0,3207.3891666666673,0.5596631086819268
2024-09-01 14:18:49.609,OnTrack,7674.0,10699.0,1927.0,pos,0 days 00:00:50.533000,0 days 02:11:05.690000,10615.687557333333,290.5499989333333,8,100.0,False,0,3214.9370829945337,0.5609801581874955
2024-09-01 14:18:49.756,OnTrack,7576.289103590963,10633.253169666243,1926.9960549689608,car,0 days 00:00:50.680000,0 days 02:11:05.837000,10484.0,293.0,8,100.0,False,0,3226.9225000000006,0.5630715151733707
2024-09-01 14:18:49.789,OnTrack,7553.0,10617.0,1927.0,pos,0 days 00:00:50.713000,0 days 02:11:05.870000,10497.52997376,293.16499968,8,100.0,False,0,3229.6129072490194,0.5635409691767248
2024-09-01 14:18:49.956,OnTrack,7427.367783709844,10526.00477692095,1927.0073142998474,car,0 days 00:00:50.880000,0 days 02:11:06.037000,10566.0,294.0,8,100.0,False,0,3243.255833333334,0.5659215479051242
2024-09-01 14:18:49.969,OnTrack,7418.0,10519.0,1927.0,pos,0 days 00:00:50.893000,0 days 02:11:06.050000,10571.014261028571,294.18571337142856,8,100.0,False,0,3244.3238578274922,0.5661079094214506
2024-09-01 14:18:50.229,OnTrack,7250.0,10386.0,1926.0,pos,0 days 00:00:51.153000,0 days 02:11:06.310000,10671.299975314285,297.8999990857143,8,100.0,False,0,3265.8521972027193,0.5698644281079626
2024-09-01 14:18:50.236,OnTrack,7245.569308570661,10382.290341840318,1925.9212887508843,car,0 days 00:00:51.160000,0 days 02:11:06.317000,10674.0,298.0,8,100.0,False,0,3266.4336111111115,0.5699658800673266
2024-09-01 14:18:50.309,OnTrack,7199.0,10343.0,1925.0,pos,0 days 00:00:51.233000,0 days 02:11:06.390000,10702.7944192,298.4055552,8,100.0,False,0,3272.498824274091,0.571024210028932
2024-09-01 14:18:50.549,OnTrack,7043.0,10216.0,1923.0,pos,0 days 00:00:51.473000,0 days 02:11:06.630000,10797.461085866667,299.73888853333335,8,100.0,False,0,3292.4943125730715,0.574513258772166
2024-09-01 14:18:50.596,OnTrack,7013.6422994941995,10192.532234951108,1922.2719773813378,car,0 days 00:00:51.520000,0 days 02:11:06.677000,10816.0,300.0,8,100.0,False,0,3296.4336111111115,0.5752006340644249
2024-09-01 14:18:50.709,OnTrack,6939.0,10132.0,1920.0,pos,0 days 00:00:51.633000,0 days 02:11:06.790000,10854.1374784,301.4124992,8,100.0,False,0,3305.941257871118,0.5768596404604229
2024-09-01 14:18:50.916,OnTrack,6751.222635208343,9969.957721708728,1915.1952996900666,car,0 days 00:00:51.840000,0 days 02:11:06.997000,10924.0,304.0,8,100.0,False,0,3323.455833333334,0.5799157902573667
2024-09-01 14:18:51.009,OnTrack,6670.0,9899.0,1913.0,pos,0 days 00:00:51.933000,0 days 02:11:07.090000,10954.2249792,304.66428525714286,8,100.0,False,0,3331.343161786158,0.5812920643955283
2024-09-01 14:18:51.196,OnTrack,6542.019779080655,9787.774132921539,1908.758155845132,car,0 days 00:00:52.120000,0 days 02:11:07.277000,11015.0,306.0,8,100.0,False,0,3347.255833333334,0.5840686950950646
2024-09-01 14:18:51.476,OnTrack,6404.714721485838,9668.86680344781,1903.2321609005055,car,0 days 00:00:52.400000,0 days 02:11:07.557000,11115.0,309.0,8,100.0,False,0,3371.2891666666674,0.5882623146860733
2024-09-01 14:18:51.490,OnTrack,6398.0,9663.0,1903.0,pos,0 days 00:00:52.414000,0 days 02:11:07.571000,11116.0499904,309.13999872,8,100.0,False,0,3372.496073189326,0.588472909977527
2024-09-01 14:18:51.676,OnTrack,6308.131606652092,9584.073572740468,1900.2369362506097,car,0 days 00:00:52.600000,0 days 02:11:07.757000,11130.0,311.0,8,100.0,False,0,3388.566944444445,0.5912771452288466
2024-09-01 14:18:51.750,OnTrack,6268.0,9549.0,1899.0,pos,0 days 00:00:52.674000,0 days 02:11:07.831000,11169.22006784,311.37000064,8,100.0,False,0,3394.9721450489133,0.5923948002110617
2024-09-01 14:18:51.876,OnTrack,6190.670957810365,9481.911234478139,1896.4679427927526,car,0 days 00:00:52.800000,0 days 02:11:07.957000,11236.0,312.0,8,100.0,False,0,3405.9002777777782,0.5943016697605032
2024-09-01 14:18:52.090,OnTrack,6045.0,9356.0,1892.0,pos,0 days 00:00:53.014000,0 days 02:11:08.171000,11210.141682133333,313.78333226666666,8,100.0,False,0,3424.560097198048,0.5975576552370161
2024-09-01 14:18:52.116,OnTrack,6027.492858908471,9340.81196767678,1891.5724224465669,car,0 days 00:00:53.040000,0 days 02:11:08.197000,11207.0,314.0,8,100.0,False,0,3426.8336111111116,0.5979543647718117
2024-09-01 14:18:52.310,OnTrack,5899.0,9229.0,1888.0,pos,0 days 00:00:53.234000,0 days 02:11:08.391000,11270.0500416,315.2125008,8,100.0,False,0,3443.8348604327443,0.6009209433665478
2024-09-01 14:18:52.370,OnTrack,5860.0,9195.0,1886.0,pos,0 days 00:00:53.294000,0 days 02:11:08.451000,11289.5499584,315.5874992,8,100.0,False,0,3449.109450235974,0.6018413160350647
2024-09-01 14:18:52.436,OnTrack,5816.357221236907,9156.902866374072,1884.170936536664,car,0 days 00:00:53.360000,0 days 02:11:08.517000,11311.0,316.0,8,100.0,False,0,3454.9225000000006,0.602855645551317
2024-09-01 14:18:52.710,OnTrack,5634.0,8998.0,1880.0,pos,0 days 00:00:53.634000,0 days 02:11:08.791000,11384.48185250909,317.86818269090907,8,100.0,False,0,3479.1747537088195,0.6070874649526796
2024-09-01 14:18:52.876,OnTrack,5525.195790229271,8904.523589750404,1877.1306107823711,car,0 days 00:00:53.800000,0 days 02:11:08.957000,11429.0,319.0,8,100.0,False,0,3493.911388888889,0.6096588869497679
2024-09-01 14:18:52.890,OnTrack,5513.0,8894.0,1877.0,pos,0 days 00:00:53.814000,0 days 02:11:08.971000,11429.6999936,319.04999954285717,8,100.0,False,0,3495.1545165527073,0.6098758025333371
2024-09-01 14:18:53.070,OnTrack,5325.0,8731.0,1877.0,pos,0 days 00:00:53.994000,0 days 02:11:09.151000,11438.7000064,319.6928576,8,100.0,False,0,3511.1443766575235,0.612665902003228
2024-09-01 14:18:53.156,OnTrack,5263.5302643492705,8677.437818180075,1876.947549101383,car,0 days 00:00:54.080000,0 days 02:11:09.237000,11443.0,320.0,8,100.0,False,0,3518.8002777777783,0.6140017939695828
2024-09-01 14:18:53.410,OnTrack,5164.0,8590.0,1876.0,pos,0 days 00:00:54.334000,0 days 02:11:09.491000,11481.0999808,321.26999936,8,100.0,False,0,3541.4971789161013,0.6179622171014354
2024-09-01 14:18:53.556,OnTrack,5069.734965292916,8507.953008848423,1875.6894801217964,car,0 days 00:00:54.480000,0 days 02:11:09.637000,11503.0,322.0,8,100.0,False,0,3554.578055555556,0.6202447228105665
2024-09-01 14:18:53.670,OnTrack,4988.0,8437.0,1876.0,pos,0 days 00:00:54.594000,0 days 02:11:09.751000,11505.8500032,322.7125008,8,100.0,False,0,3564.8022506893167,0.6220287610220188
2024-09-01 14:18:53.716,OnTrack,4956.246790922246,8409.464772310144,1876.3407303075,car,0 days 00:00:54.640000,0 days 02:11:09.797000,11507.0,323.0,8,100.0,False,0,3568.933611111112,0.622749649538067
2024-09-01 14:18:53.870,OnTrack,4853.0,8320.0,1878.0,pos,0 days 00:00:54.794000,0 days 02:11:09.951000,11530.21609223201,323.773869741067,8,100.0,False,0,3582.79284158492,0.6251679716087161
2024-09-01 14:18:53.915,OnTrack,4822.639588604716,8293.68035420203,1878.436641824742,car,0 days 00:00:54.839000,0 days 02:11:09.996000,11537.0,324.0,8,100.0,False,0,3586.843611111112,0.6258747976743345
2024-09-01 14:18:54.070,OnTrack,4717.0,8202.0,1880.0,pos,0 days 00:00:54.994000,0 days 02:11:10.151000,11573.8125152,324.0,8,100.0,False,0,3600.7931405114277,0.6283088761671993
2024-09-01 14:18:54.075,OnTrack,4713.57415516615,8199.022412679811,1880.0670355876975,car,0 days 00:00:54.999000,0 days 02:11:10.156000,11575.0,324.0,8,100.0,False,0,3601.2436111111124,0.6283874795929418
2024-09-01 14:18:54.310,OnTrack,4554.0,8060.0,1884.0,pos,0 days 00:00:55.234000,0 days 02:11:10.391000,11564.089282742858,324.83928594285715,8,100.0,False,0,3622.4580989451606,0.632089233759131
2024-09-01 14:18:54.355,OnTrack,4524.99243187547,8034.6576805733,1884.6320643233996,car,0 days 00:00:55.279000,0 days 02:11:10.436000,11562.0,325.0,8,100.0,False,0,3626.5213888888898,0.6327982445349412
2024-09-01 14:18:54.530,OnTrack,4404.0,7929.0,1887.0,pos,0 days 00:00:55.454000,0 days 02:11:10.611000,11611.87494528,325.0,8,100.0,False,0,3642.3178777499543,0.6355546023084603
2024-09-01 14:18:54.555,OnTrack,4382.312490491313,7910.1295271321205,1887.469916270912,car,0 days 00:00:55.479000,0 days 02:11:10.636000,11619.0,325.0,8,100.0,False,0,3644.5769444444454,0.6359487909220836
2024-09-01 14:18:54.790,OnTrack,4154.0,7712.0,1893.0,pos,0 days 00:00:55.714000,0 days 02:11:10.871000,11663.062512,325.9791669333333,8,100.0,False,0,3665.856810109417,0.6396619529836644
2024-09-01 14:18:54.795,OnTrack,4150.089158316849,7708.608411402855,1893.1069077907475,car,0 days 00:00:55.719000,0 days 02:11:10.876000,11664.0,326.0,8,100.0,False,0,3666.310277777779,0.6397410793733147
2024-09-01 14:18:55.190,OnTrack,3935.0,7522.0,1899.0,pos,0 days 00:00:56.114000,0 days 02:11:11.271000,11701.52500608,326.98750016,8,100.0,False,0,3702.1895002454594,0.6460017094808302
2024-09-01 14:18:55.195,OnTrack,3930.9255330933674,7518.460966432675,1899.0537415895249,car,0 days 00:00:56.119000,0 days 02:11:11.276000,11702.0,327.0,8,100.0,False,0,3702.643611111112,0.6460809481031337
2024-09-01 14:18:55.355,OnTrack,3775.207522333297,7383.168102007831,1900.570063272746,car,0 days 00:00:56.279000,0 days 02:11:11.436000,11713.0,327.0,8,100.0,False,0,3717.176944444445,0.6486168955950611
2024-09-01 14:18:55.410,OnTrack,3729.0,7343.0,1901.0,pos,0 days 00:00:56.334000,0 days 02:11:11.491000,11712.412813303987,327.19572889867135,8,100.0,False,0,3722.1810616673915,0.6494900730162201
2024-09-01 14:18:55.636,OnTrack,3618.114291471146,7246.513647165581,1902.4831577842358,car,0 days 00:00:56.560000,0 days 02:11:11.717000,11710.0,328.0,8,100.0,False,0,3742.7791666666676,0.6530842734321404
2024-09-01 14:18:55.689,OnTrack,3591.0,7223.0,1903.0,pos,0 days 00:00:56.613000,0 days 02:11:11.770000,11715.2999936,328.0,8,100.0,False,0,3747.608458169151,0.6539269451986663
2024-09-01 14:18:55.876,OnTrack,3464.154867075908,7113.195434751358,1905.487985972555,car,0 days 00:00:56.800000,0 days 02:11:11.957000,11734.0,328.0,8,100.0,False,0,3764.645833333334,0.6568998274566918
2024-09-01 14:18:55.929,OnTrack,3426.0,7080.0,1906.0,pos,0 days 00:00:56.853000,0 days 02:11:12.010000,11766.904126933334,327.3375008,8,79.4625248,False,0,3769.478030953992,0.6577430063170088
2024-09-01 14:18:56.116,OnTrack,3296.5426731004827,6966.49795377356,1906.521439604971,car,0 days 00:00:57.040000,0 days 02:11:12.197000,11883.0,325.0,8,7.0,False,0,3786.312500000001,0.6606804831212628
2024-09-01 14:18:56.209,OnTrack,3235.0,6913.0,1907.0,pos,0 days 00:00:57.133000,0 days 02:11:12.290000,11557.500224,314.5375072,8,4.287501866666666,False,0,3794.3136657677037,0.6620766209373937
2024-09-01 14:18:56.309,OnTrack,3171.0,6858.0,1908.0,pos,0 days 00:00:57.233000,0 days 02:11:12.390000,11207.500224,303.2875072,8,1.3708352000000001,False,0,3802.5303568710965,0.663510366157274
2024-09-01 14:18:56.356,OnTrack,3141.9806062069792,6832.919025323584,1908.3699603141201,car,0 days 00:00:57.280000,0 days 02:11:12.437000,11043.0,298.0,8,0.0,True,0,3806.1791666666677,0.6641470535460079
2024-09-01 14:18:56.569,OnTrack,3019.0,6725.0,1909.0,pos,0 days 00:00:57.493000,0 days 02:11:12.650000,10303.712722133334,267.82500906666667,8,0.0,True,0,3820.9636059277873,0.6667268169632413
2024-09-01 14:18:56.749,OnTrack,2925.0,6641.0,1909.0,pos,0 days 00:00:57.673000,0 days 02:11:12.830000,9678.962722133334,242.32500906666667,8,0.0,True,0,3831.7903240828095,0.6686159905011566
2024-09-01 14:18:56.836,OnTrack,2883.500944317634,6603.284049487473,1908.9923426298715,car,0 days 00:00:57.760000,0 days 02:11:12.917000,9377.0,230.0,8,0.0,True,0,3836.845833333334,0.6694981354097083
2024-09-01 14:18:57.049,OnTrack,2792.0,6517.0,1909.0,pos,0 days 00:00:57.973000,0 days 02:11:13.130000,9947.83982848,212.96000512,8,0.0,True,0,3848.75941461219,0.6715769576503497
2024-09-01 14:18:57.229,OnTrack,2724.0,6447.0,1909.0,pos,0 days 00:00:58.153000,0 days 02:11:13.310000,10430.23982848,198.56000512,8,0.0,True,0,3858.4720008365653,0.6732717243023567
2024-09-01 14:18:57.236,OnTrack,2721.566760914938,6444.368987227631,1909.0038326047938,car,0 days 00:00:58.160000,0 days 02:11:13.317000,10449.0,198.0,6,0.0,True,0,3858.845833333334,0.6733369550075803
2024-09-01 14:18:57.369,OnTrack,2678.0,6394.0,1909.0,pos,0 days 00:00:58.293000,0 days 02:11:13.450000,10112.6209952,193.0125024,6,0.0,True,0,3865.892870783991,0.6745666052563312
2024-09-01 14:18:57.476,OnTrack,2644.8169439580474,6346.827085728732,1908.4009500973732,car,0 days 00:00:58.400000,0 days 02:11:13.557000,9842.0,189.0,5,0.0,True,0,3871.445833333334,0.6755355516863615
2024-09-01 14:18:57.649,OnTrack,2599.0,6266.0,1907.0,pos,0 days 00:00:58.573000,0 days 02:11:13.730000,9643.0500736,183.81000192,5,0.0,True,0,3880.141819458127,0.6770529299572104
2024-09-01 14:18:57.876,OnTrack,2566.936370993134,6179.0279976074735,1906.7072888094356,car,0 days 00:00:58.800000,0 days 02:11:13.957000,9382.0,177.0,5,0.0,False,0,3891.1125000000006,0.6789672237511258
2024-09-01 14:18:58.070,OnTrack,2554.0,6103.0,1907.0,pos,0 days 00:00:58.994000,0 days 02:11:14.151000,9251.0499136,170.53332906666665,5,21.8250144,False,0,3900.2208747052064,0.6805565604476307
2024-09-01 14:18:58.116,OnTrack,2551.584001826851,6082.446553677188,1907.036439898214,car,0 days 00:00:59.040000,0 days 02:11:14.197000,9220.0,169.0,5,27.0,False,0,3902.3791666666675,0.6809331646967027
2024-09-01 14:18:58.230,OnTrack,2547.0,6025.0,1907.0,pos,0 days 00:00:59.154000,0 days 02:11:14.311000,9314.7626064,169.7125008,5,38.4000128,False,0,3907.7542332102735,0.6818710697324964
2024-09-01 14:18:58.276,OnTrack,2545.937114508587,5997.619889768874,1906.8854625552297,car,0 days 00:00:59.200000,0 days 02:11:14.357000,9353.0,170.0,5,43.0,False,0,3909.934722222223,0.6822515471848608
2024-09-01 14:18:58.470,OnTrack,2545.0,5866.0,1906.0,pos,0 days 00:00:59.394000,0 days 02:11:14.551000,9625.57017984,172.4250016,5,57.06500928,False,0,3919.2080655284162,0.6838696695494795
2024-09-01 14:18:58.676,OnTrack,2544.66300501937,5738.471808710834,1905.2790301386885,car,0 days 00:00:59.600000,0 days 02:11:14.757000,9915.0,175.0,5,72.0,False,0,3929.3791666666675,0.6856444432940911
2024-09-01 14:18:58.890,OnTrack,2543.0,5632.0,1905.0,pos,0 days 00:00:59.814000,0 days 02:11:14.971000,10227.43981312,183.0249952,5,83.76999296,False,0,3940.5143675488102,0.6875874445383008
2024-09-01 14:18:59.076,OnTrack,2539.319991787875,5567.486149791992,1905.2444204774608,car,0 days 00:01:00,0 days 02:11:15.157000,10499.0,190.0,5,94.0,False,0,3950.4902777777784,0.6893281590698269
2024-09-01 14:18:59.236,OnTrack,2532.794581435318,5509.266978661111,1905.066215215877,car,0 days 00:01:00.160000,0 days 02:11:15.317000,10880.0,196.0,5,91.0,False,0,3959.201388888889,0.690848176526762
2024-09-01 14:18:59.250,OnTrack,2532.0,5503.0,1905.0,pos,0 days 00:01:00.174000,0 days 02:11:15.331000,10895.53985792,196.31499712,5,90.44000512,False,0,3959.974789537533,0.6909831285979903
2024-09-01 14:18:59.390,OnTrack,2520.0,5428.0,1904.0,pos,0 days 00:01:00.314000,0 days 02:11:15.471000,11050.94014208,199.46500288,5,84.83999488,False,0,3967.8249109212074,0.6923529104076868
2024-09-01 14:18:59.636,OnTrack,2461.1218002264295,5234.41768472156,1902.2743389596844,car,0 days 00:01:00.560000,0 days 02:11:15.717000,11324.0,205.0,5,75.0,False,0,3981.9791666666674,0.6948227119690034
2024-09-01 14:18:59.690,OnTrack,2449.0,5200.0,1902.0,pos,0 days 00:01:00.614000,0 days 02:11:15.771000,11231.992525784615,205.83076726153845,5,76.66153452307692,False,0,3985.114162635917,0.6953697430583672
2024-09-01 14:19:00.030,OnTrack,2394.0,5083.0,1901.0,pos,0 days 00:01:00.954000,0 days 02:11:16.111000,10652.684397292307,211.06154043076924,5,87.12308086153845,False,0,4005.119199030233,0.6988604578659419
2024-09-01 14:19:00.156,OnTrack,2360.2761561093257,5024.670900470026,1900.4428407092125,car,0 days 00:01:01.080000,0 days 02:11:16.237000,10438.0,213.0,6,91.0,False,0,4012.745833333334,0.700191243012694
2024-09-01 14:19:00.250,OnTrack,2325.0,4972.0,1900.0,pos,0 days 00:01:01.174000,0 days 02:11:16.331000,10536.22986624,215.81999616,6,93.11499712,False,0,4018.5257678042153,0.7011997941818411
2024-09-01 14:19:00.550,OnTrack,2171.0,4791.0,1899.0,pos,0 days 00:01:01.474000,0 days 02:11:16.631000,10849.73013376,224.82000384,6,99.86500288,False,0,4037.3662393876757,0.7044873019794655
2024-09-01 14:19:00.556,OnTrack,2168.650105739242,4788.505719146265,1898.9935647201514,car,0 days 00:01:01.480000,0 days 02:11:16.637000,10856.0,225.0,6,100.0,False,0,4037.745833333334,0.7045535380102758
2024-09-01 14:19:00.790,OnTrack,2098.0,4717.0,1899.0,pos,0 days 00:01:01.714000,0 days 02:11:16.871000,11062.585831742706,229.89539885646224,6,100.0,False,0,4052.6894723219157,0.7071610804744982
2024-09-01 14:19:00.795,OnTrack,2096.106918371981,4714.906143882266,1898.9949083332585,car,0 days 00:01:01.719000,0 days 02:11:16.876000,11067.0,230.0,6,100.0,False,0,4053.0152777777785,0.70721793085491
2024-09-01 14:19:01.115,OnTrack,1932.7635507305085,4515.337716115193,1898.0886950059325,car,0 days 00:01:02.039000,0 days 02:11:17.196000,11510.0,241.0,6,100.0,False,0,4074.437500000001,0.7109559329683934
2024-09-01 14:19:01.170,OnTrack,1911.0,4485.0,1898.0,pos,0 days 00:01:02.094000,0 days 02:11:17.251000,11560.32482432,242.09999616,6,100.0,False,0,4078.167540261745,0.711606794407377
2024-09-01 14:19:01.315,OnTrack,1873.4054020558572,4423.19956452276,1897.9958416415911,car,0 days 00:01:02.239000,0 days 02:11:17.396000,11693.0,245.0,6,100.0,False,0,4088.0486111111118,0.7133309602448547
2024-09-01 14:19:01.490,OnTrack,1843.0,4339.0,1898.0,pos,0 days 00:01:02.414000,0 days 02:11:17.571000,11197.43236189091,246.98863418181818,6,100.0,False,0,4100.119133943786,0.7154371674997017
2024-09-01 14:19:01.755,OnTrack,1778.987360206113,4106.03726193435,1897.0686761632091,car,0 days 00:01:02.679000,0 days 02:11:17.836000,10447.0,250.0,7,100.0,False,0,4118.604166666668,0.7186626541307881
2024-09-01 14:19:01.770,OnTrack,1776.0,4093.0,1897.0,pos,0 days 00:01:02.694000,0 days 02:11:17.851000,10455.526864073525,250.18671965124506,7,100.0,False,0,4119.652920924946,0.7188456531489712
2024-09-01 14:19:01.996,OnTrack,1746.5255975349867,3920.9050214950253,1895.8625139932653,car,0 days 00:01:02.920000,0 days 02:11:18.077000,10584.0,253.0,7,100.0,False,0,4135.5411111111125,0.721618012051761
2024-09-01 14:19:02.189,OnTrack,1732.0,3780.0,1895.0,pos,0 days 00:01:03.113000,0 days 02:11:18.270000,10704.62496,257.28888746666667,7,100.0,False,0,4149.437280529868,0.7240427796654004
2024-09-01 14:19:02.356,OnTrack,1719.2922400894224,3643.0874342276975,1894.5041161878698,car,0 days 00:01:03.280000,0 days 02:11:18.437000,10809.0,261.0,7,100.0,False,0,4161.641111111113,0.7261722480292365
2024-09-01 14:19:02.516,OnTrack,1708.0660320874938,3515.470361396846,1894.166120522294,car,0 days 00:01:03.440000,0 days 02:11:18.597000,10915.0,265.0,7,100.0,False,0,4173.41888888889,0.7282273736725416
2024-09-01 14:19:02.589,OnTrack,1704.0,3470.0,1894.0,pos,0 days 00:01:03.513000,0 days 02:11:18.670000,10973.3999488,265.9124992,7,100.0,False,0,4178.819746858755,0.7291697791007253
2024-09-01 14:19:02.676,OnTrack,1700.045300969498,3426.6662232100352,1893.79023518032,car,0 days 00:01:03.600000,0 days 02:11:18.757000,11043.0,267.0,7,100.0,False,0,4185.285555555557,0.7302980096980605
2024-09-01 14:19:02.929,OnTrack,1688.0,3305.0,1893.0,pos,0 days 00:01:03.853000,0 days 02:11:19.010000,11178.53568,270.6142848,7,100.0,False,0,4204.314319498908,0.7336183729684703
2024-09-01 14:19:02.956,OnTrack,1685.7693817831778,3283.0956563149934,1892.8839023995524,car,0 days 00:01:03.880000,0 days 02:11:19.037000,11193.0,271.0,7,100.0,False,0,4206.363333333335,0.7339759090804662
2024-09-01 14:19:03.129,OnTrack,1669.0,3117.0,1892.0,pos,0 days 00:01:04.053000,0 days 02:11:19.210000,11340.0499456,274.45999872,7,100.0,False,0,4219.569509687164,0.7362802785622858
2024-09-01 14:19:03.156,OnTrack,1666.7641683700576,3093.7915378299485,1891.8455680474574,car,0 days 00:01:04.080000,0 days 02:11:19.237000,11363.0,275.0,7,100.0,False,0,4221.641111111113,0.7366417560234328
2024-09-01 14:19:03.329,OnTrack,1655.0,2964.0,1891.0,pos,0 days 00:01:04.253000,0 days 02:11:19.410000,11432.920807466666,277.1624992,7,100.0,False,0,4234.977645818218,0.7389688719689481
2024-09-01 14:19:03.396,OnTrack,1650.4703581956978,2912.7765274163894,1890.9642919357916,car,0 days 00:01:04.320000,0 days 02:11:19.477000,11460.0,278.0,7,100.0,False,0,4240.174444444446,0.7398756707149735
2024-09-01 14:19:03.549,OnTrack,1640.0,2794.0,1891.0,pos,0 days 00:01:04.473000,0 days 02:11:19.630000,11547.0187136,280.8687488,7,100.0,False,0,4252.114297874935,0.7419590772306408
2024-09-01 14:19:03.556,OnTrack,1639.5353085311706,2788.7512511592904,1890.9743034370294,car,0 days 00:01:04.480000,0 days 02:11:19.637000,11551.0,281.0,7,100.0,False,0,4252.663333333336,0.7420548794159879
2024-09-01 14:19:03.789,OnTrack,1623.0,2605.0,1889.0,pos,0 days 00:01:04.713000,0 days 02:11:19.870000,11678.317822171428,284.32857051428573,7,100.0,False,0,4271.082185676299,0.7452688181134641
2024-09-01 14:19:03.836,OnTrack,1618.4597535435726,2555.838896888614,1888.5652817133291,car,0 days 00:01:04.760000,0 days 02:11:19.917000,11704.0,285.0,7,100.0,False,0,4274.830000000003,0.7459227809805105
2024-09-01 14:19:04.029,OnTrack,1598.0,2336.0,1887.0,pos,0 days 00:01:04.953000,0 days 02:11:20.110000,11154.43268224,287.4124992,7,100.0,False,0,4290.331187383193,0.7486276110676412
2024-09-01 14:19:04.236,OnTrack,1585.728624475505,2200.507030268221,1885.9357795800433,car,0 days 00:01:05.160000,0 days 02:11:20.317000,10565.0,290.0,7,100.0,False,0,4307.052222222224,0.7515452945329492
2024-09-01 14:19:04.396,OnTrack,1578.099668885358,2116.4509126629687,1885.190675110969,car,0 days 00:01:05.320000,0 days 02:11:20.477000,10478.0,291.0,8,100.0,False,0,4319.985555555558,0.7538020551450315
2024-09-01 14:19:04.429,OnTrack,1576.0,2094.0,1885.0,pos,0 days 00:01:05.353000,0 days 02:11:20.510000,10482.124992,291.49499904,8,100.0,False,0,4322.667359077625,0.7542700078685841
2024-09-01 14:19:04.596,OnTrack,1563.1269031948177,1958.7399564095674,1884.0345654844152,car,0 days 00:01:05.520000,0 days 02:11:20.677000,10503.0,294.0,8,100.0,False,0,4336.318888888892,0.7566520878767852
2024-09-01 14:19:04.610,OnTrack,1562.0,1947.0,1884.0,pos,0 days 00:01:05.534000,0 days 02:11:20.691000,10503.0,294.1749984,8,100.0,False,0,4337.46709944807,0.7568524412039241
2024-09-01 14:19:04.756,OnTrack,1550.485087935919,1826.8961023065624,1884.0798231871454,car,0 days 00:01:05.680000,0 days 02:11:20.837000,10503.0,296.0,8,100.0,False,0,4349.474444444447,0.7589476244444014
2024-09-01 14:19:04.790,OnTrack,1548.0,1800.0,1884.0,pos,0 days 00:01:05.714000,0 days 02:11:20.871000,10541.8876464,296.4250016,8,100.0,False,0,4352.2813878198995,0.7594374130462107
2024-09-01 14:19:04.916,OnTrack,1539.6318246399073,1704.2809646534597,1883.0011822660626,car,0 days 00:01:05.840000,0 days 02:11:20.997000,10686.0,298.0,8,100.0,False,0,4362.718888888892,0.7612586713942316
2024-09-01 14:19:05.010,OnTrack,1532.0,1618.0,1882.0,pos,0 days 00:01:05.934000,0 days 02:11:21.091000,10693.0499904,298.93999872,8,100.0,False,0,4370.538110958581,0.762623061527015
2024-09-01 14:19:05.116,OnTrack,1520.1405798798692,1490.0809676904153,1880.9863997841649,car,0 days 00:01:06.040000,0 days 02:11:21.197000,10701.0,300.0,8,100.0,False,0,4379.385555555559,0.7641668680592862
2024-09-01 14:19:05.250,OnTrack,1504.0,1319.0,1880.0,pos,0 days 00:01:06.174000,0 days 02:11:21.331000,10769.6749344,301.1166656,8,100.0,False,0,4390.610668034005,0.766125558139767
2024-09-01 14:19:05.356,OnTrack,1493.9771072418018,1212.0321965582389,1879.5686993830363,car,0 days 00:01:06.280000,0 days 02:11:21.437000,10824.0,302.0,8,100.0,False,0,4399.518888888892,0.7676799696306721
2024-09-01 14:19:05.630,OnTrack,1476.0,1016.0,1879.0,pos,0 days 00:01:06.554000,0 days 02:11:21.711000,10898.371463314286,303.95714377142855,8,100.0,False,0,4422.654772078492,0.7717169915307772
2024-09-01 14:19:05.636,OnTrack,1475.643658502438,1012.0325721107107,1878.9731782409644,car,0 days 00:01:06.560000,0 days 02:11:21.717000,10900.0,304.0,8,100.0,False,0,4423.163333333337,0.7718057312994961
2024-09-01 14:19:05.796,OnTrack,1466.496025243111,908.851856300231,1877.970699008095,car,0 days 00:01:06.720000,0 days 02:11:21.877000,10915.0,306.0,8,100.0,False,0,4436.763333333336,0.7741788197781806
2024-09-01 14:19:06.076,OnTrack,1449.5313807413631,719.0425317176096,1876.0674068393892,car,0 days 00:01:07,0 days 02:11:22.157000,11047.0,309.0,8,100.0,False,0,4460.79666666667,0.7783724393691893
2024-09-01 14:19:06.110,OnTrack,1447.0,692.0,1876.0,pos,0 days 00:01:07.034000,0 days 02:11:22.191000,11054.26366370909,309.23181905454544,8,100.0,False,0,4463.729412525808,0.7788841794728092
2024-09-01 14:19:06.270,OnTrack,1434.0,555.0,1876.0,pos,0 days 00:01:07.194000,0 days 02:11:22.351000,11088.445481890909,310.32272814545456,8,100.0,False,0,4477.565338599968,0.781298435116818
2024-09-01 14:19:06.510,OnTrack,1415.0,348.0,1875.0,pos,0 days 00:01:07.434000,0 days 02:11:22.591000,11139.718209163637,311.9590917818182,8,100.0,False,0,4498.407897496676,0.7849352907332946
2024-09-01 14:19:06.516,OnTrack,1414.5224530028927,342.8061375907148,1874.969152365315,car,0 days 00:01:07.440000,0 days 02:11:22.597000,11141.0,312.0,8,100.0,False,0,4498.930000000003,0.7850263933388341
2024-09-01 14:19:06.710,OnTrack,1399.0,175.0,1874.0,pos,0 days 00:01:07.634000,0 days 02:11:22.791000,11194.3500352,313.2125008,8,100.0,False,0,4515.838703749228,0.7879768234900677
2024-09-01 14:19:06.836,OnTrack,1389.2457136642347,68.73793182053673,1873.457192944098,car,0 days 00:01:07.760000,0 days 02:11:22.917000,11229.0,314.0,8,100.0,False,0,4526.8411111111145,0.7898966533539122
2024-09-01 14:19:06.910,OnTrack,1383.0,1.0,1873.0,pos,0 days 00:01:07.834000,0 days 02:11:22.991000,11263.04005888,314.37000064,8,100.0,False,0,4533.308318983007,0.7910251280958273
2024-09-01 14:19:07.036,OnTrack,1370.743167863354,-130.6325291651617,1871.7929234400606,car,0 days 00:01:07.960000,0 days 02:11:23.117000,11321.0,315.0,8,100.0,False,0,4544.341111111114,0.7929502598522193
2024-09-01 14:19:07.130,OnTrack,1362.0,-225.0,1871.0,pos,0 days 00:01:08.054000,0 days 02:11:23.211000,11340.583306666667,315.78333226666666,8,100.0,False,0,4552.603346798424,0.7943919522285232
2024-09-01 14:19:07.276,OnTrack,1351.4145232584303,-342.07397505349263,1870.564708187188,car,0 days 00:01:08.200000,0 days 02:11:23.357000,11371.0,317.0,8,100.0,False,0,4565.474444444448,0.7966378532235087
2024-09-01 14:19:07.475,OnTrack,1338.9757244823188,-482.73587357689496,1870.55503873481,car,0 days 00:01:08.399000,0 days 02:11:23.556000,11395.0,318.0,8,100.0,False,0,4583.052777777781,0.7997051282461416
2024-09-01 14:19:07.550,OnTrack,1332.0,-559.0,1870.0,pos,0 days 00:01:08.474000,0 days 02:11:23.631000,11392.1874976,318.4687504,8,100.0,False,0,4589.693383474804,0.8008638594866632
2024-09-01 14:19:07.635,OnTrack,1322.3693229500218,-662.9321308329553,1868.9526490224696,car,0 days 00:01:08.559000,0 days 02:11:23.716000,11389.0,319.0,8,100.0,False,0,4597.230555555559,0.8021790342092148
2024-09-01 14:19:07.710,OnTrack,1314.0,-753.0,1868.0,pos,0 days 00:01:08.634000,0 days 02:11:23.791000,11404.432705476924,319.2884617846154,8,100.0,False,0,4603.890727820574,0.8033411796554032
2024-09-01 14:19:08.150,OnTrack,1285.0,-1068.0,1866.0,pos,0 days 00:01:09.074000,0 days 02:11:24.231000,11494.971167015385,320.98076947692306,8,100.0,False,0,4643.149248083953,0.8101914695176993
2024-09-01 14:19:08.155,OnTrack,1284.6169486348772,-1072.0911589596728,1865.9726196486295,car,0 days 00:01:09.079000,0 days 02:11:24.236000,11496.0,321.0,8,100.0,False,0,4643.597222222224,0.8102696373313963
2024-09-01 14:19:08.315,OnTrack,1271.1761585036338,-1215.3120202717098,1865.0398539011117,car,0 days 00:01:09.239000,0 days 02:11:24.396000,11531.0,323.0,8,100.0,False,0,4657.952777777781,0.8127745640588969
2024-09-01 14:19:08.330,OnTrack,1270.0,-1228.0,1865.0,pos,0 days 00:01:09.254000,0 days 02:11:24.411000,11532.703579603958,323.04155072204776,8,100.0,False,0,4659.3001637080915,0.813009671855041
2024-09-01 14:19:08.490,OnTrack,1257.0,-1371.0,1865.0,pos,0 days 00:01:09.414000,0 days 02:11:24.571000,11550.875327977898,323.48476409702187,8,100.0,False,0,4673.687187631787,0.8155200895547382
2024-09-01 14:19:08.670,OnTrack,1231.0,-1658.0,1864.0,pos,0 days 00:01:09.594000,0 days 02:11:24.751000,11571.318573973376,323.9833798530092,8,100.0,False,0,4689.901824110616,0.8183494106587063
2024-09-01 14:19:08.676,OnTrack,1230.2740236932118,-1665.9456816720144,1863.9684948578974,car,0 days 00:01:09.600000,0 days 02:11:24.757000,11572.0,324.0,8,100.0,False,0,4690.44277777778,0.8184438026377541
2024-09-01 14:19:08.876,OnTrack,1216.9227063436704,-1807.6504496968444,1863.3767290933888,car,0 days 00:01:09.800000,0 days 02:11:24.957000,11652.0,325.0,8,100.0,False,0,4708.498333333336,0.8215943490248965
2024-09-01 14:19:09.036,OnTrack,1210.9617394028119,-1870.1629754924143,1863.092108232282,car,0 days 00:01:09.960000,0 days 02:11:25.117000,11645.0,326.0,8,100.0,False,0,4722.987222222224,0.8241225413257172
2024-09-01 14:19:09.069,OnTrack,1209.0,-1892.0,1863.0,pos,0 days 00:01:09.993000,0 days 02:11:25.150000,11646.6499968,326.0,8,100.0,False,0,4725.975087171181,0.8246438992585285
2024-09-01 14:19:09.269,OnTrack,1193.0,-2073.0,1862.0,pos,0 days 00:01:10.193000,0 days 02:11:25.350000,11656.6499968,326.0,8,100.0,False,0,4744.074612234047,0.8278021179641425
2024-09-01 14:19:09.356,OnTrack,1185.7409610791517,-2152.188912077516,1861.0271198132828,car,0 days 00:01:10.280000,0 days 02:11:25.437000,11661.0,326.0,8,100.0,False,0,4751.965000000002,0.8291789259273586
2024-09-01 14:19:09.449,OnTrack,1178.0,-2235.0,1860.0,pos,0 days 00:01:10.373000,0 days 02:11:25.530000,11673.916657777778,326.5166663111111,8,100.0,False,0,4760.417787427632,0.8306538680198057
2024-09-01 14:19:09.709,OnTrack,1156.0,-2471.0,1859.0,pos,0 days 00:01:10.633000,0 days 02:11:25.790000,11710.02776888889,327.9611107555556,8,100.0,False,0,4784.125958406818,0.8347907494463784
2024-09-01 14:19:09.716,OnTrack,1155.4246912276524,-2477.3493319581125,1858.9657428401024,car,0 days 00:01:10.640000,0 days 02:11:25.797000,11711.0,328.0,8,100.0,False,0,4784.765000000002,0.8349022569641861
2024-09-01 14:19:09.869,OnTrack,1143.0,-2616.0,1858.0,pos,0 days 00:01:10.793000,0 days 02:11:25.950000,11728.531242666666,328.3187498666667,8,100.0,False,0,4798.740085925531,0.8373407948611346
2024-09-01 14:19:10.069,OnTrack,1126.0,-2798.0,1857.0,pos,0 days 00:01:10.993000,0 days 02:11:26.150000,11751.447909333334,328.7354165333333,8,100.0,False,0,4817.024442049659,0.8405312650713062
2024-09-01 14:19:10.196,OnTrack,1115.4244506384066,-2908.2181798901697,1856.4659817623153,car,0 days 00:01:11.120000,0 days 02:11:26.277000,11766.0,329.0,8,100.0,False,0,4828.631666666669,0.8425566305866097
2024-09-01 14:19:10.289,OnTrack,1107.0,-2998.0,1856.0,pos,0 days 00:01:11.213000,0 days 02:11:26.370000,11771.683329422222,329.0,8,100.0,False,0,4837.12873928296,0.8440393000813351
2024-09-01 14:19:10.556,OnTrack,1078.8685608478118,-3312.300906953513,1854.1689662321187,car,0 days 00:01:11.480000,0 days 02:11:26.637000,11788.0,329.0,8,100.0,False,0,4861.531666666669,0.8482974108034274
2024-09-01 14:19:10.589,OnTrack,1076.0,-3344.0,1854.0,pos,0 days 00:01:11.513000,0 days 02:11:26.670000,11789.532139885714,329.1178569142857,8,100.0,False,0,4864.552188533636,0.8488244671006416
2024-09-01 14:19:10.836,OnTrack,1060.5388724113318,-3507.564606861441,1853.2637877420245,car,0 days 00:01:11.760000,0 days 02:11:26.917000,11801.0,330.0,8,100.0,False,0,4887.1983333333355,0.8527760336676115
2024-09-01 14:19:10.889,OnTrack,1057.0,-3545.0,1853.0,pos,0 days 00:01:11.813000,0 days 02:11:26.970000,11799.0125024,330.1656248,8,100.0,False,0,4892.0676075238,0.8536256820853281
2024-09-01 14:19:11.156,OnTrack,1034.284998150666,-3787.745746311424,1851.0487838329605,car,0 days 00:01:12.080000,0 days 02:11:27.237000,11789.0,331.0,8,100.0,False,0,4916.620555555557,0.8579099701803209
2024-09-01 14:19:11.170,OnTrack,1033.0,-3801.0,1851.0,pos,0 days 00:01:12.094000,0 days 02:11:27.251000,11792.1499712,331.0,8,100.0,False,0,4917.906257858705,0.8581343146893371
2024-09-01 14:19:11.356,OnTrack,1015.712261327794,-3973.046972029172,1851.086087142796,car,0 days 00:01:12.280000,0 days 02:11:27.437000,11834.0,331.0,8,100.0,False,0,4935.009444444447,0.8611186805007646
2024-09-01 14:19:11.430,OnTrack,1009.0,-4039.0,1851.0,pos,0 days 00:01:12.354000,0 days 02:11:27.511000,11835.58571702857,331.2642861714286,8,100.0,False,0,4941.875083769717,0.8623166782641177
2024-09-01 14:19:11.610,OnTrack,992.0,-4204.0,1850.0,pos,0 days 00:01:12.534000,0 days 02:11:27.691000,11839.4428544,331.9071424,8,100.0,False,0,4958.500800947286,0.8652177295791145
2024-09-01 14:19:11.636,OnTrack,988.876928995854,-4232.80367811976,1849.8543585644438,car,0 days 00:01:12.560000,0 days 02:11:27.717000,11840.0,332.0,8,100.0,False,0,4960.831666666669,0.8656244465338224
2024-09-01 14:19:11.830,OnTrack,962.0,-4469.0,1849.0,pos,0 days 00:01:12.754000,0 days 02:11:27.911000,11014.8065984,312.5999872,8,30.714240000000004,False,0,4977.543915362545,0.8685405968891969
2024-09-01 14:19:11.916,OnTrack,952.0852054828747,-4549.405311256084,1848.727338226789,car,0 days 00:01:12.840000,0 days 02:11:27.997000,10649.0,304.0,8,0.0,True,0,4984.476111111113,0.8697502082026465
2024-09-01 14:19:12.170,OnTrack,928.0,-4714.0,1848.0,pos,0 days 00:01:13.094000,0 days 02:11:28.251000,9586.1692856,272.250016,8,0.0,True,0,5003.2244108895575,0.8730216327761133
2024-09-01 14:19:12.236,OnTrack,920.8298751689376,-4757.167455919031,1847.7105954898711,car,0 days 00:01:13.160000,0 days 02:11:28.317000,9310.0,264.0,8,0.0,True,0,5007.942777777779,0.8738449491070431
2024-09-01 14:19:12.370,OnTrack,903.0,-4853.0,1847.0,pos,0 days 00:01:13.294000,0 days 02:11:28.451000,10064.586779199999,255.625008,8,0.0,True,0,5017.450438221539,0.875503957890744
2024-09-01 14:19:12.396,OnTrack,898.6273548113,-4873.8701987157565,1846.8494970256556,car,0 days 00:01:13.320000,0 days 02:11:28.477000,10211.0,254.0,8,0.0,True,0,5019.2316666666675,0.8758147676481733
2024-09-01 14:19:12.636,OnTrack,846.4070773062987,-5090.535608856366,1845.3640099654738,car,0 days 00:01:13.560000,0 days 02:11:28.717000,10493.0,229.0,7,0.0,True,0,5034.498333333335,0.8784786757933635
2024-09-01 14:19:12.710,OnTrack,830.0,-5148.0,1845.0,pos,0 days 00:01:13.634000,0 days 02:11:28.791000,10280.249632,223.81999104,7,0.0,True,0,5038.970455719045,0.8792590244778338
2024-09-01 14:19:12.836,OnTrack,803.7935618421652,-5226.417962011375,1844.5485023352744,car,0 days 00:01:13.760000,0 days 02:11:28.917000,9918.0,215.0,6,0.0,True,0,5046.442777777779,0.8805628834033192
2024-09-01 14:19:12.996,OnTrack,774.9237167801881,-5296.068313628942,1844.1561849240572,car,0 days 00:01:13.920000,0 days 02:11:29.077000,10808.0,209.0,6,0.0,True,0,5055.7316666666675,0.8821837183446428
2024-09-01 14:19:13.050,OnTrack,767.0,-5315.0,1844.0,pos,0 days 00:01:13.974000,0 days 02:11:29.131000,10707.2564888,206.3000064,6,0.0,True,0,5058.744926490427,0.8827095074748669
2024-09-01 14:19:13.316,OnTrack,732.8158386217101,-5387.663277771371,1843.1138363323103,car,0 days 00:01:14.240000,0 days 02:11:29.397000,10211.0,193.0,5,0.0,True,0,5072.887222222223,0.8851772221118722
2024-09-01 14:19:13.370,OnTrack,719.0,-5408.0,1843.0,pos,0 days 00:01:14.294000,0 days 02:11:29.451000,10145.187656,191.9875024,5,0.0,True,0,5075.747477658086,0.8856763132310591
2024-09-01 14:19:13.476,OnTrack,681.0406743082195,-5458.484615046265,1842.888096911965,car,0 days 00:01:14.400000,0 days 02:11:29.557000,10016.0,190.0,5,0.0,True,0,5081.331666666668,0.8866507084221666
2024-09-01 14:19:13.636,OnTrack,603.8431678795566,-5552.743898614893,1842.9537347778842,car,0 days 00:01:14.560000,0 days 02:11:29.717000,9819.0,184.0,5,0.0,True,0,5089.509444444446,0.8880776635858202
2024-09-01 14:19:13.750,OnTrack,562.0,-5601.0,1843.0,pos,0 days 00:01:14.674000,0 days 02:11:29.831000,9719.657031314286,181.96428342857143,5,3.2571465142857146,True,0,5095.227908640049,0.8890754886959933
2024-09-01 14:19:13.916,OnTrack,529.1714426386924,-5633.0245802186955,1843.0087887602951,car,0 days 00:01:14.840000,0 days 02:11:29.997000,9575.0,179.0,5,8.0,False,0,5103.431666666668,0.8905069772000291
2024-09-01 14:19:14.030,OnTrack,501.0,-5651.0,1843.0,pos,0 days 00:01:14.954000,0 days 02:11:30.111000,9623.30073056208,177.96127461156817,5,20.72438600828997,False,0,5108.992601130556,0.891477314663777
2024-09-01 14:19:14.355,OnTrack,339.27008381621505,-5740.986543499161,1842.9971355415978,car,0 days 00:01:15.279000,0 days 02:11:30.436000,9761.0,175.0,5,57.0,False,0,5124.771944444446,0.8942306806799093
2024-09-01 14:19:14.390,OnTrack,324.0,-5748.0,1843.0,pos,0 days 00:01:15.314000,0 days 02:11:30.471000,9810.4375904,175.6562512,5,58.640628,False,0,5126.501897121885,0.8945325432363432
2024-09-01 14:19:14.610,OnTrack,248.0,-5773.0,1843.0,pos,0 days 00:01:15.534000,0 days 02:11:30.691000,10121.1872288,179.7812464,5,68.953116,False,0,5137.541898492704,0.8964589329464719
2024-09-01 14:19:14.675,OnTrack,223.4774911945758,-5779.423679229056,1842.9626120599632,car,0 days 00:01:15.599000,0 days 02:11:30.756000,10213.0,181.0,5,72.0,False,0,5140.860833333335,0.8970380598605754
2024-09-01 14:19:14.915,OnTrack,101.59398038855856,-5799.5785153013585,1842.9112746385824,car,0 days 00:01:15.839000,0 days 02:11:30.996000,10404.0,187.0,5,77.0,False,0,5153.327500000001,0.8992133909660361
2024-09-01 14:19:14.950,OnTrack,76.0,-5800.0,1843.0,pos,0 days 00:01:15.874000,0 days 02:11:31.031000,10458.9063504,187.6562512,5,77.8750016,False,0,5155.166709493405,0.8995343179409393
2024-09-01 14:19:15.075,OnTrack,-33.85297240073941,-5795.055563119482,1843.5672060639172,car,0 days 00:01:15.999000,0 days 02:11:31.156000,10655.0,190.0,5,81.0,False,0,5161.771944444446,0.9006868772763305
2024-09-01 14:19:15.210,OnTrack,-139.0,-5786.0,1844.0,pos,0 days 00:01:16.134000,0 days 02:11:31.291000,10757.761080600543,192.01492314903027,5,82.3432820993535,False,0,5168.96852270626,0.9019426211703792
2024-09-01 14:19:15.276,OnTrack,-166.66956806610864,-5783.257895263696,1843.8920906945048,car,0 days 00:01:16.200000,0 days 02:11:31.357000,10808.0,193.0,5,83.0,False,0,5172.54777777778,0.9025671718301216
2024-09-01 14:19:15.489,OnTrack,-215.0,-5769.0,1843.0,pos,0 days 00:01:16.413000,0 days 02:11:31.570000,11232.0029976,199.656248,5,83.0,False,0,5184.466456897657,0.9046468836022185
2024-09-01 14:19:15.596,OnTrack,-284.05822501663846,-5745.170481913678,1843.1669309471904,car,0 days 00:01:16.520000,0 days 02:11:31.677000,11445.0,203.0,5,83.0,False,0,5190.592222222223,0.9057157794194872
2024-09-01 14:19:15.769,OnTrack,-422.0,-5695.0,1844.0,pos,0 days 00:01:16.693000,0 days 02:11:31.850000,11626.032075885714,207.3249984,5,83.0,False,0,5200.625769447954,0.9074665511343193
2024-09-01 14:19:15.876,OnTrack,-479.8003667930758,-5669.464840392181,1844.4410865797686,car,0 days 00:01:16.800000,0 days 02:11:31.957000,11738.0,210.0,5,83.0,False,0,5206.9255555555565,0.9085658121512405
2024-09-01 14:19:16.089,OnTrack,-563.0,-5619.0,1845.0,pos,0 days 00:01:17.013000,0 days 02:11:32.170000,10797.250282666666,215.3249984,5,83.0,False,0,5219.691176882578,0.9107933083934762
2024-09-01 14:19:16.116,OnTrack,-575.5117549257598,-5610.72532477384,1845.0242637739807,car,0 days 00:01:17.040000,0 days 02:11:32.197000,10678.0,216.0,5,83.0,False,0,5221.325555555557,0.9110784940698479
2024-09-01 14:19:16.269,OnTrack,-653.0,-5557.0,1845.0,pos,0 days 00:01:17.193000,0 days 02:11:32.350000,10631.33501952,219.05999872,5,86.8249984,False,0,5230.65084305548,0.912705680270325
2024-09-01 14:19:16.316,OnTrack,-676.5034614193481,-5539.452737756812,1844.96601134811,car,0 days 00:01:17.240000,0 days 02:11:32.397000,10617.0,220.0,6,88.0,False,0,5233.547777777779,0.913211171624221
2024-09-01 14:19:16.509,OnTrack,-769.0,-5463.0,1845.0,pos,0 days 00:01:17.433000,0 days 02:11:32.590000,10819.046808,224.2218736,6,94.031248,False,0,5245.631421264951,0.9153196683256873
2024-09-01 14:19:16.636,OnTrack,-826.839994322226,-5407.677151457882,1845.6275340488835,car,0 days 00:01:17.560000,0 days 02:11:32.717000,10952.0,227.0,6,98.0,False,0,5253.725555555557,0.9167320283867139
2024-09-01 14:19:16.729,OnTrack,-868.0,-5365.0,1846.0,pos,0 days 00:01:17.653000,0 days 02:11:32.810000,11050.57993216,228.85999872,6,98.46499968,False,0,5259.716427217021,0.9177773863659123
2024-09-01 14:19:16.909,OnTrack,-945.0,-5278.0,1846.0,pos,0 days 00:01:17.833000,0 days 02:11:32.990000,11241.37993216,232.45999872,6,99.36499968,False,0,5271.4595089291915,0.91982645783028
2024-09-01 14:19:17.036,OnTrack,-996.0947216492336,-5213.050987417363,1846.3498202428282,car,0 days 00:01:17.960000,0 days 02:11:33.117000,11376.0,235.0,6,100.0,False,0,5279.836666666667,0.9212882031619658
2024-09-01 14:19:17.169,OnTrack,-1047.0,-5141.0,1847.0,pos,0 days 00:01:18.093000,0 days 02:11:33.250000,11445.8249664,238.3249984,6,100.0,False,0,5288.684112198597,0.9228320098573785
2024-09-01 14:19:17.236,OnTrack,-1071.8278455031802,-5102.793376933532,1847.356309389323,car,0 days 00:01:18.160000,0 days 02:11:33.317000,11481.0,240.0,6,100.0,False,0,5293.170000000001,0.9236147604940096
2024-09-01 14:19:17.389,OnTrack,-1125.0,-5015.0,1848.0,pos,0 days 00:01:18.313000,0 days 02:11:33.470000,11495.024994133333,242.54999893333334,6,100.0,False,0,5303.489436954911,0.9254154176222602
2024-09-01 14:19:17.476,OnTrack,-1151.5476481143503,-4969.071483983906,1848.0140116222958,car,0 days 00:01:18.400000,0 days 02:11:33.557000,11503.0,244.0,6,100.0,False,0,5309.436666666668,0.926453160439103
2024-09-01 14:19:17.609,OnTrack,-1196.0,-4882.0,1848.0,pos,0 days 00:01:18.533000,0 days 02:11:33.690000,11177.48265664,246.99249856,6,100.0,False,0,5318.6705098888,0.9280643903629573
2024-09-01 14:19:17.790,OnTrack,-1280.0,-4689.0,1849.0,pos,0 days 00:01:18.714000,0 days 02:11:33.871000,10734.48468672,251.06500288,6,100.0,False,0,5331.454904818275,0.9302951624448758
2024-09-01 14:19:17.876,OnTrack,-1312.6086663147817,-4605.437148279054,1849.4645345121767,car,0 days 00:01:18.800000,0 days 02:11:33.957000,10524.0,253.0,7,100.0,False,0,5337.547777777779,0.9313583188141615
2024-09-01 14:19:18.076,OnTrack,-1360.2622217988162,-4454.866358926181,1850.2589673127125,car,0 days 00:01:19,0 days 02:11:34.157000,10691.0,256.0,7,100.0,False,0,5351.770000000001,0.9338399799683414
2024-09-01 14:19:18.236,OnTrack,-1382.8796429489994,-4368.528684142255,1850.8074369968283,car,0 days 00:01:19.160000,0 days 02:11:34.317000,10765.0,260.0,7,100.0,False,0,5363.325555555557,0.9358563296561127
2024-09-01 14:19:18.290,OnTrack,-1389.0,-4345.0,1851.0,pos,0 days 00:01:19.214000,0 days 02:11:34.371000,10805.499904,261.1571401142857,7,100.0,False,0,5367.272403200814,0.9365450222056775
2024-09-01 14:19:18.516,OnTrack,-1409.1766277897864,-4262.880828301848,1851.8577386965949,car,0 days 00:01:19.440000,0 days 02:11:34.597000,10975.0,266.0,7,100.0,False,0,5384.014444444446,0.9394663711163337
2024-09-01 14:19:18.550,OnTrack,-1413.0,-4245.0,1852.0,pos,0 days 00:01:19.474000,0 days 02:11:34.631000,10986.8056,266.472224,7,100.0,False,0,5386.5536973813205,0.9399094499316987
2024-09-01 14:19:18.770,OnTrack,-1444.0,-4084.0,1853.0,pos,0 days 00:01:19.694000,0 days 02:11:34.851000,11063.1944,269.527776,7,100.0,False,0,5403.094191685658,0.9427956305541524
2024-09-01 14:19:18.876,OnTrack,-1456.338837357081,-4004.2041943937948,1853.4901296595222,car,0 days 00:01:19.800000,0 days 02:11:34.957000,11100.0,271.0,7,100.0,False,0,5411.114444444446,0.9441950988937124
2024-09-01 14:19:18.990,OnTrack,-1467.0,-3919.0,1854.0,pos,0 days 00:01:19.914000,0 days 02:11:35.071000,11221.98013696,272.71000192,7,100.0,False,0,5419.770909758181,0.9457055811071063
2024-09-01 14:19:19.076,OnTrack,-1473.6684236431774,-3853.006525753589,1854.361680414204,car,0 days 00:01:20,0 days 02:11:35.157000,11314.0,274.0,7,100.0,False,0,5426.336666666669,0.9468512518477957
2024-09-01 14:19:19.230,OnTrack,-1483.0,-3735.0,1855.0,pos,0 days 00:01:20.154000,0 days 02:11:35.311000,11396.7750688,276.5666688,7,100.0,False,0,5438.194254846997,0.948920303751893
2024-09-01 14:19:19.316,OnTrack,-1487.03781060136,-3672.4011926812664,1855.3844674321672,car,0 days 00:01:20.240000,0 days 02:11:35.397000,11443.0,278.0,7,100.0,False,0,5444.870000000002,0.9500851665393363
2024-09-01 14:19:19.450,OnTrack,-1492.0,-3565.0,1856.0,pos,0 days 00:01:20.374000,0 days 02:11:35.531000,11501.0666112,280.2333312,7,100.0,False,0,5455.346531162671,0.9519132353186532
2024-09-01 14:19:19.556,OnTrack,-1495.1683864722672,-3453.710755544639,1856.4697874000776,car,0 days 00:01:20.480000,0 days 02:11:35.637000,11547.0,282.0,7,100.0,False,0,5463.670000000003,0.953365612377518
2024-09-01 14:19:19.690,OnTrack,-1498.0,-3313.0,1857.0,pos,0 days 00:01:20.614000,0 days 02:11:35.771000,11659.7832256,283.1166656,7,100.0,False,0,5474.2087402224315,0.9552045361276427
2024-09-01 14:19:19.796,OnTrack,-1499.087380813455,-3234.4440156113724,1857.3297162251322,car,0 days 00:01:20.720000,0 days 02:11:35.877000,11749.0,284.0,7,100.0,False,0,5482.603333333335,0.9566693237890198
2024-09-01 14:19:20.030,OnTrack,-1499.0,-3105.0,1858.0,pos,0 days 00:01:20.954000,0 days 02:11:36.111000,10527.811832,288.3875024,7,100.0,False,0,5501.415553023944,0.9599519018630099
2024-09-01 14:19:20.116,OnTrack,-1498.7305809690342,-3039.6021484071757,1858.3507667422969,car,0 days 00:01:21.040000,0 days 02:11:36.197000,10079.0,290.0,7,100.0,False,0,5508.381111111114,0.9611673346309709
2024-09-01 14:19:20.230,OnTrack,-1498.0,-2944.0,1859.0,pos,0 days 00:01:21.154000,0 days 02:11:36.311000,10223.281412,291.0687512,7,100.0,False,0,5517.635524555115,0.9627821538898638
2024-09-01 14:19:20.436,OnTrack,-1494.9378407901318,-2776.1709202439138,1860.7746397909505,car,0 days 00:01:21.360000,0 days 02:11:36.517000,10484.0,293.0,8,100.0,False,0,5534.425555555557,0.9657118766195628
2024-09-01 14:19:20.490,OnTrack,-1494.0,-2733.0,1861.0,pos,0 days 00:01:21.414000,0 days 02:11:36.571000,10502.35995648,293.53999872,8,100.0,False,0,5538.843173570251,0.9664827147382318
2024-09-01 14:19:20.636,OnTrack,-1491.3097832989642,-2614.459231700203,1860.972298033048,car,0 days 00:01:21.560000,0 days 02:11:36.717000,10552.0,295.0,8,100.0,False,0,5550.814444444446,0.9685716033401998
2024-09-01 14:19:20.650,OnTrack,-1491.0,-2602.0,1861.0,pos,0 days 00:01:21.574000,0 days 02:11:36.731000,10561.157145295238,295.08804947399267,8,100.0,False,0,5551.963567401855,0.9687721158733481
2024-09-01 14:19:20.795,OnTrack,-1487.062849379065,-2457.248130700887,1861.9776508412294,car,0 days 00:01:21.719000,0 days 02:11:36.876000,10656.0,296.0,8,100.0,False,0,5563.887777777779,0.9708527928042684
2024-09-01 14:19:20.910,OnTrack,-1483.0,-2336.0,1863.0,pos,0 days 00:01:21.834000,0 days 02:11:36.991000,10680.916680533333,297.2777784888889,8,100.0,False,0,5573.407389548367,0.9725138869964988
2024-09-01 14:19:21.155,OnTrack,-1471.712924611572,-2093.5579737050984,1864.3457403032914,car,0 days 00:01:22.079000,0 days 02:11:37.236000,10734.0,300.0,8,100.0,False,0,5593.887777777779,0.9760875468013667
2024-09-01 14:19:21.310,OnTrack,-1465.0,-1967.0,1865.0,pos,0 days 00:01:22.234000,0 days 02:11:37.391000,10772.319460266666,302.1527786666667,8,100.0,False,0,5606.981467559981,0.9783722882988382
2024-09-01 14:19:21.515,OnTrack,-1458.5761547687518,-1844.9277398934419,1865.961983183044,car,0 days 00:01:22.439000,0 days 02:11:37.596000,10823.0,305.0,8,100.0,False,0,5624.387777777779,0.9814095466984165
2024-09-01 14:19:21.730,OnTrack,-1451.0,-1714.0,1867.0,pos,0 days 00:01:22.654000,0 days 02:11:37.811000,10908.643099789038,305.89211562280246,8,100.0,False,0,5642.655463139646,0.9845971079972753
2024-09-01 14:19:21.756,OnTrack,-1449.7465399532425,-1693.7282887108377,1867.121071460477,car,0 days 00:01:22.680000,0 days 02:11:37.837000,10919.0,306.0,8,100.0,False,0,5644.8727777777785,0.9849840112194349
2024-09-01 14:19:21.929,OnTrack,-1440.0,-1544.0,1868.0,pos,0 days 00:01:22.853000,0 days 02:11:38.010000,10983.874976,307.44166613333334,8,100.0,False,0,5659.689788587345,0.9875694581047825
2024-09-01 14:19:22.089,OnTrack,-1430.0,-1407.0,1869.0,pos,0 days 00:01:23.013000,0 days 02:11:38.170000,11043.874976,308.77499946666666,8,100.0,False,0,5673.4502743213,0.9899705500280436
2024-09-01 14:19:22.116,OnTrack,-1428.0819339019536,-1380.5948987606048,1869.0586523262677,car,0 days 00:01:23.040000,0 days 02:11:38.197000,11054.0,309.0,8,100.0,False,0,5675.77277777778,0.9903758078364464
2024-09-01 14:19:22.249,OnTrack,-1418.0,-1241.0,1869.0,pos,0 days 00:01:23.173000,0 days 02:11:38.330000,11057.6020816,309.2770832,8,100.0,False,0,5687.21491695865,0.9923723672968602
2024-09-01 14:19:22.509,OnTrack,-1401.0,-1018.0,1870.0,pos,0 days 00:01:23.433000,0 days 02:11:38.590000,11064.643748266666,309.8187498666667,8,100.0,False,0,5709.601357173113,0.9962786175433087
2024-09-01 14:19:22.596,OnTrack,-1396.3166098953384,-956.9397580280333,1870.432149977076,car,0 days 00:01:23.520000,0 days 02:11:38.677000,11067.0,310.0,8,100.0,False,0,5717.106111111112,0.9975881355657814
2024-09-01 14:19:22.709,OnTrack,-1391.0,-887.0,1871.0,pos,0 days 00:01:23.633000,0 days 02:11:38.790000,11050.0500096,310.7062496,8,100.0,False,0,5726.865310391468,0.9992910358138254
2024-09-01 14:19:22.756,OnTrack,-1389.0436794563052,-861.027191431106,1871.2383661707813,car,0 days 00:01:23.680000,0 days 02:11:38.837000,11043.0,311.0,8,100.0,False,0,5730.928333333334,1.0
