Date,Status,X,Y,Z,Source,Time,SessionTime,RPM,Speed,nGear,Throttle,Brake,DRS,Distance,RelativeDistance
2024-09-01 14:18:13.036,OnTrack,,,,car,0 days 00:00:00,0 days 02:10:29.117000,11306.0,316.0,8,100.0,False,0,5.091111111111111,0.0008883681323479018
2024-09-01 14:18:13.170,OnTrack,-1363.0,-554.0,1872.0,pos,0 days 00:00:00.134000,0 days 02:10:29.251000,11316.0499904,316.66999936,8,100.0,False,0,16.879862891039288,0.0029454340994589925
2024-09-01 14:18:13.236,OnTrack,-1358.0395089126382,-496.31099313662355,1872.6788146867,car,0 days 00:00:00.200000,0 days 02:10:29.317000,11321.0,317.0,8,100.0,False,0,22.702222222222222,0.003961400628575367
2024-09-01 14:18:13.290,OnTrack,-1354.0,-449.0,1873.0,pos,0 days 00:00:00.254000,0 days 02:10:29.371000,11341.144148836283,317.33855712329887,8,100.0,False,0,27.473776467467516,0.004794008018344188
2024-09-01 14:18:13.490,OnTrack,-1339.0,-273.0,1873.0,pos,0 days 00:00:00.454000,0 days 02:10:29.571000,11415.7522843381,318.5924753670269,8,100.0,False,0,45.199612846041276,0.007887059380662883
2024-09-01 14:18:13.555,OnTrack,-1333.9126051627854,-215.64046441134352,1873.280901740994,car,0 days 00:00:00.519000,0 days 02:10:29.636000,11440.0,319.0,8,100.0,False,0,50.969166666666666,0.008893811667196865
2024-09-01 14:18:13.755,OnTrack,-1317.7700107746384,-38.90904758813987,1874.8883054960872,car,0 days 00:00:00.719000,0 days 02:10:29.836000,11468.0,320.0,8,100.0,False,0,68.74694444444445,0.011995926489887053
2024-09-01 14:18:13.790,OnTrack,-1315.0,-8.0,1875.0,pos,0 days 00:00:00.754000,0 days 02:10:29.871000,11471.5000064,320.2187504,8,100.0,False,0,71.86629010524578,0.012540233463032022
2024-09-01 14:18:13.970,OnTrack,-1301.0,151.0,1875.0,pos,0 days 00:00:00.934000,0 days 02:10:30.051000,11489.4999808,321.3437488,8,100.0,False,0,87.9538219395414,0.015347410579738385
2024-09-01 14:18:14.075,OnTrack,-1292.6225602094723,244.24275418513923,1875.8858624274128,car,0 days 00:00:01.039000,0 days 02:10:30.156000,11500.0,322.0,8,100.0,False,0,97.36916666666667,0.01699033135441825
2024-09-01 14:18:14.210,OnTrack,-1282.0,365.0,1877.0,pos,0 days 00:00:01.174000,0 days 02:10:30.291000,11534.3124512,323.1249984,8,100.0,False,0,109.50586870169803,0.01910811253899953
2024-09-01 14:18:14.250,OnTrack,-1279.0,401.0,1877.0,pos,0 days 00:00:01.214000,0 days 02:10:30.331000,11544.479117866667,323.45833173333335,8,100.0,False,0,113.10855329550286,0.019736759235995
2024-09-01 14:18:14.315,OnTrack,-1274.078227530877,459.3367297998278,1877.1318804791736,car,0 days 00:00:01.279000,0 days 02:10:30.396000,11561.0,324.0,8,100.0,False,0,118.96916666666667,0.020759400863986824
2024-09-01 14:18:14.470,OnTrack,-1262.0,598.0,1878.0,pos,0 days 00:00:01.434000,0 days 02:10:30.551000,11580.022735127273,324.70454574545454,8,100.0,False,0,132.9755850975982,0.023203436264277722
2024-09-01 14:18:14.670,OnTrack,-1246.0,778.0,1879.0,pos,0 days 00:00:01.634000,0 days 02:10:30.751000,11604.568189672727,325.6136366545455,8,100.0,False,0,151.10184073349316,0.02636635836797667
2024-09-01 14:18:14.755,OnTrack,-1239.5487130084834,854.7983618244232,1879.397611217415,car,0 days 00:00:01.719000,0 days 02:10:30.836000,11615.0,326.0,8,100.0,False,0,158.8136111111111,0.027712015710341202
2024-09-01 14:18:14.950,OnTrack,-1225.0,1031.0,1880.0,pos,0 days 00:00:01.914000,0 days 02:10:31.031000,11661.6607296,326.6964288,8,100.0,False,0,176.52115646812885,0.030801875399898523
2024-09-01 14:18:15.035,OnTrack,-1218.2103311784897,1107.4688752084949,1879.9829739564232,car,0 days 00:00:01.999000,0 days 02:10:31.116000,11682.0,327.0,8,100.0,False,0,184.24694444444444,0.032149978728552346
2024-09-01 14:18:15.050,OnTrack,-1217.0,1121.0,1880.0,pos,0 days 00:00:02.014000,0 days 02:10:31.131000,11683.23748416,327.03749952,8,100.0,False,0,185.61076007277808,0.032387956316581305
2024-09-01 14:18:15.350,OnTrack,-1193.0,1394.0,1882.0,pos,0 days 00:00:02.314000,0 days 02:10:31.431000,11707.98750528,327.78750016,8,100.0,False,0,212.92572701381846,0.03715425303196783
2024-09-01 14:18:15.435,OnTrack,-1186.6178563082833,1470.8084408101608,1882.5630412541914,car,0 days 00:00:02.399000,0 days 02:10:31.516000,11715.0,328.0,8,100.0,False,0,220.69138888888887,0.03850931411506722
2024-09-01 14:18:15.510,OnTrack,-1181.0,1539.0,1883.0,pos,0 days 00:00:02.474000,0 days 02:10:31.591000,11730.9375136,328.6250005333333,8,100.0,False,0,227.55568732753096,0.039707092723848016
2024-09-01 14:18:15.675,OnTrack,-1168.2185762528266,1691.4507584130492,1883.7991624892604,car,0 days 00:00:02.639000,0 days 02:10:31.756000,11766.0,330.0,8,100.0,False,0,242.6913888888889,0.04234818120814633
2024-09-01 14:18:15.730,OnTrack,-1164.0,1740.0,1884.0,pos,0 days 00:00:02.694000,0 days 02:10:31.811000,11770.110306872099,330.19572889867135,8,100.0,False,0,247.74409843514903,0.04322984849942018
2024-09-01 14:18:15.956,OnTrack,-1146.411999306263,1933.6128851221017,1884.6435095570887,car,0 days 00:00:02.920000,0 days 02:10:32.037000,11787.0,331.0,8,100.0,False,0,268.52777777777777,0.04685647498585316
2024-09-01 14:18:16.010,OnTrack,-1141.0,1996.0,1885.0,pos,0 days 00:00:02.974000,0 days 02:10:32.091000,11801.30996608,331.0,8,100.0,False,0,273.49176042149884,0.047722659968653006
2024-09-01 14:18:16.156,OnTrack,-1123.496958195805,2205.329974025469,1886.517691448977,car,0 days 00:00:03.120000,0 days 02:10:32.237000,11840.0,331.0,8,100.0,False,0,286.91666666666663,0.05006522500557331
2024-09-01 14:18:16.209,OnTrack,-1118.0,2271.0,1887.0,pos,0 days 00:00:03.173000,0 days 02:10:32.290000,11846.09499264,331.26499968,8,100.0,False,0,291.7978367002579,0.05091695968819501
2024-09-01 14:18:16.356,OnTrack,-1108.2160126155732,2383.791967501903,1887.7103025816762,car,0 days 00:00:03.320000,0 days 02:10:32.437000,11863.0,332.0,8,100.0,False,0,305.3611111111111,0.053283669134114385
2024-09-01 14:18:16.516,OnTrack,-1100.7951653728323,2465.8613715411566,1887.9713254471385,car,0 days 00:00:03.480000,0 days 02:10:32.597000,11897.0,333.0,8,100.0,False,0,320.16111111111104,0.055866179724003956
2024-09-01 14:18:16.529,OnTrack,-1100.0,2475.0,1888.0,pos,0 days 00:00:03.493000,0 days 02:10:32.610000,11897.469442133333,333.0,8,100.0,False,0,321.3636240978062,0.05607601097553234
2024-09-01 14:18:16.809,OnTrack,-1078.0,2733.0,1889.0,pos,0 days 00:00:03.773000,0 days 02:10:32.890000,11907.580553244445,333.0,8,100.0,False,0,347.25512666960117,0.06059392175795218
2024-09-01 14:18:16.876,OnTrack,-1072.8644983794022,2791.702427962172,1889.412403995676,car,0 days 00:00:03.840000,0 days 02:10:32.957000,11910.0,333.0,8,100.0,False,0,353.46111111111105,0.06167682855125551
2024-09-01 14:18:16.969,OnTrack,-1065.0,2881.0,1890.0,pos,0 days 00:00:03.933000,0 days 02:10:33.050000,11926.73998848,333.46499968,8,100.0,False,0,362.0863987064232,0.06318188912934584
2024-09-01 14:18:17.076,OnTrack,-1052.7044605228527,3022.091259914952,1890.4904687831054,car,0 days 00:00:04.040000,0 days 02:10:33.157000,11946.0,334.0,8,100.0,False,0,372.0166666666666,0.06491466089743839
2024-09-01 14:18:17.249,OnTrack,-1033.0,3251.0,1891.0,pos,0 days 00:00:04.213000,0 days 02:10:33.330000,11947.72999936,334.0,8,100.0,False,0,388.06295648797806,0.06771464153203124
2024-09-01 14:18:17.476,OnTrack,-1024.3485763989793,3358.9134268904963,1891.6692503791419,car,0 days 00:00:04.440000,0 days 02:10:33.557000,11950.0,334.0,8,100.0,False,0,409.12777777777774,0.07139032558980415
2024-09-01 14:18:17.529,OnTrack,-1021.0,3399.0,1892.0,pos,0 days 00:00:04.493000,0 days 02:10:33.610000,11953.8093704,334.1656248,8,100.0,False,0,414.0531253601913,0.0722497689878089
2024-09-01 14:18:17.796,OnTrack,-989.1212988143975,3767.7283706390617,1894.680870128339,car,0 days 00:00:04.760000,0 days 02:10:33.877000,11973.0,335.0,8,100.0,False,0,438.90555555555545,0.0765863679178102
2024-09-01 14:18:17.849,OnTrack,-984.0,3826.0,1895.0,pos,0 days 00:00:04.813000,0 days 02:10:33.930000,11974.9874976,335.1104165333333,8,100.0,False,0,443.845965781506,0.07744843965611534
2024-09-01 14:18:18.169,OnTrack,-969.0,3993.0,1895.0,pos,0 days 00:00:05.133000,0 days 02:10:34.250000,11986.9874976,335.7770832,8,100.0,False,0,473.71552788054026,0.08266049779369104
2024-09-01 14:18:18.276,OnTrack,-961.3710988861878,4083.7804564899734,1895.4532111372678,car,0 days 00:00:05.240000,0 days 02:10:34.357000,11991.0,336.0,8,100.0,False,0,483.7055555555555,0.08440369727098948
2024-09-01 14:18:18.489,OnTrack,-941.0,4328.0,1897.0,pos,0 days 00:00:05.453000,0 days 02:10:34.570000,12004.312496,336.0,8,100.0,False,0,503.58732419097754,0.08787294578765921
2024-09-01 14:18:18.596,OnTrack,-930.3326776484412,4452.943986495123,1897.6422584147288,car,0 days 00:00:05.560000,0 days 02:10:34.677000,12011.0,336.0,8,100.0,False,0,513.5722222222222,0.08961525017310899
2024-09-01 14:18:18.756,OnTrack,-914.3280702607327,4637.177281691607,1898.4299931698229,car,0 days 00:00:05.720000,0 days 02:10:34.837000,12032.0,336.0,8,100.0,False,0,528.5055555555555,0.09222102662416874
2024-09-01 14:18:18.870,OnTrack,-904.0,4756.0,1899.0,pos,0 days 00:00:05.834000,0 days 02:10:34.951000,12018.56427062857,336.4071433142857,8,100.0,False,0,539.168619974709,0.0940816669473538
2024-09-01 14:18:19.036,OnTrack,-890.9354717208141,4906.9613821679395,1899.8883989625451,car,0 days 00:00:06,0 days 02:10:35.117000,11999.0,337.0,8,100.0,False,0,554.7166666666666,0.09679470716587259
2024-09-01 14:18:19.250,OnTrack,-875.0,5092.0,1901.0,pos,0 days 00:00:06.214000,0 days 02:10:35.331000,12019.32998784,337.0,8,100.0,False,0,574.75129093805,0.10029062806758249
2024-09-01 14:18:19.436,OnTrack,-859.0944821526994,5276.927271083769,1901.781543374887,car,0 days 00:00:06.400000,0 days 02:10:35.517000,12037.0,337.0,8,100.0,False,0,592.161111111111,0.10332853651116379
2024-09-01 14:18:19.716,OnTrack,-836.8354913558791,5536.457557363796,1902.8494315689993,car,0 days 00:00:06.680000,0 days 02:10:35.797000,12038.0,337.0,8,100.0,False,0,618.3722222222221,0.10790221705286764
2024-09-01 14:18:19.750,OnTrack,-835.0,5558.0,1903.0,pos,0 days 00:00:06.714000,0 days 02:10:35.831000,12039.61500608,337.0,8,100.0,False,0,621.5552234396337,0.10845763153608362
2024-09-01 14:18:20.110,OnTrack,-814.0,5801.0,1905.0,pos,0 days 00:00:07.074000,0 days 02:10:36.191000,12056.71500608,337.0,8,100.0,False,0,655.2552003614353,0.11433807391983951
2024-09-01 14:18:20.116,OnTrack,-813.1324152242175,5810.843916896194,1905.043077292241,car,0 days 00:00:07.080000,0 days 02:10:36.197000,12057.0,337.0,8,100.0,False,0,655.8166666666665,0.11443604639815881
2024-09-01 14:18:20.250,OnTrack,-791.0,6062.0,1906.0,pos,0 days 00:00:07.214000,0 days 02:10:36.331000,12057.746517259673,337.0,8,100.0,False,0,668.3542102422663,0.11662377200999588
2024-09-01 14:18:20.475,OnTrack,-780.4175899476508,6191.159564623706,1906.520478092158,car,0 days 00:00:07.439000,0 days 02:10:36.556000,12059.0,337.0,8,100.0,False,0,689.4230555555554,0.12030015823555767
2024-09-01 14:18:20.630,OnTrack,-776.0,6249.0,1907.0,pos,0 days 00:00:07.594000,0 days 02:10:36.711000,12024.1249856,337.77500032,8,100.0,False,0,703.9746809486938,0.12283932895703646
2024-09-01 14:18:20.675,OnTrack,-772.8363174673602,6286.671875470183,1907.2744053205595,car,0 days 00:00:07.639000,0 days 02:10:36.756000,12014.0,338.0,8,100.0,False,0,708.2008333333332,0.12357676701702419
2024-09-01 14:18:20.915,OnTrack,-745.7539538984397,6600.520428783167,1909.4595584610986,car,0 days 00:00:07.879000,0 days 02:10:36.996000,12043.0,338.0,8,100.0,False,0,730.7341666666665,0.127508697554784
2024-09-01 14:18:20.990,OnTrack,-739.0,6679.0,1910.0,pos,0 days 00:00:07.954000,0 days 02:10:37.071000,11992.642814171428,337.7321426285714,8,100.0,False,0,737.7734716572337,0.128737013749622
2024-09-01 14:18:21.195,OnTrack,-728.7745150107224,6800.737193145253,1910.8004544965256,car,0 days 00:00:08.159000,0 days 02:10:37.276000,11855.0,337.0,8,100.0,False,0,756.9452777777776,0.13208237809648785
2024-09-01 14:18:21.270,OnTrack,-725.0,6847.0,1911.0,pos,0 days 00:00:08.234000,0 days 02:10:37.351000,11813.7499648,333.62499712,8,62.499968,False,0,763.8946538631265,0.13329500224064586
2024-09-01 14:18:21.395,OnTrack,-716.5521665496351,6950.944517910553,1911.3287233662122,car,0 days 00:00:08.359000,0 days 02:10:37.476000,11745.0,328.0,8,0.0,True,0,775.1674999999998,0.13526204578974527
2024-09-01 14:18:21.570,OnTrack,-703.0,7116.0,1912.0,pos,0 days 00:00:08.534000,0 days 02:10:37.651000,10866.112075377778,307.0972451555556,8,0.0,True,0,789.6060655042083,0.13778148824362588
2024-09-01 14:18:21.730,OnTrack,-692.0,7246.0,1913.0,pos,0 days 00:00:08.694000,0 days 02:10:37.811000,10062.556519822223,287.98613404444444,8,0.0,True,0,801.8061359430569,0.13991032683185056
2024-09-01 14:18:21.755,OnTrack,-690.1219510126257,7268.437064876884,1913.1314921213166,car,0 days 00:00:08.719000,0 days 02:10:37.836000,9937.0,285.0,8,0.0,True,0,803.6674999999998,0.14023512361487048
2024-09-01 14:18:21.995,OnTrack,-670.9965860881894,7501.943653810297,1913.9109897743444,car,0 days 00:00:08.959000,0 days 02:10:38.076000,9792.0,257.0,8,0.0,True,0,820.8008333333331,0.14322478677523814
2024-09-01 14:18:22.030,OnTrack,-669.0,7527.0,1914.0,pos,0 days 00:00:08.994000,0 days 02:10:38.111000,9694.8748224,251.3124896,8,0.0,True,0,823.1439792817494,0.14363365158776797
2024-09-01 14:18:22.155,OnTrack,-664.3652070295661,7587.39421199459,1914.3095139338043,car,0 days 00:00:09.119000,0 days 02:10:38.236000,9348.0,231.0,8,0.0,True,0,831.0674999999998,0.14501625808534171
2024-09-01 14:18:22.370,OnTrack,-657.0,7672.0,1915.0,pos,0 days 00:00:09.334000,0 days 02:10:38.451000,9171.520990933333,197.85419626666666,8,0.0,True,0,842.7105561041525,0.14704790103721016
2024-09-01 14:18:22.395,OnTrack,-655.1937359573121,7690.4758801937805,1915.1154248867756,car,0 days 00:00:09.359000,0 days 02:10:38.476000,9151.0,194.0,8,0.0,True,0,844.0008333333332,0.14727304661884882
2024-09-01 14:18:22.570,OnTrack,-640.0,7843.0,1916.0,pos,0 days 00:00:09.534000,0 days 02:10:38.651000,9029.980193744937,183.55224694200896,8,0.0,True,0,852.8904438036546,0.14882422994179467
2024-09-01 14:18:22.596,OnTrack,-638.3455789511204,7860.046985147009,1916.1030795700603,car,0 days 00:00:09.560000,0 days 02:10:38.677000,9012.0,182.0,8,0.0,True,0,854.1624999999999,0.14904619606328093
2024-09-01 14:18:22.836,OnTrack,-632.7947060869424,7924.1615969670165,1916.6113197411116,car,0 days 00:00:09.800000,0 days 02:10:38.917000,9252.0,163.0,8,0.0,True,0,865.0291666666666,0.1509423637486503
2024-09-01 14:18:22.989,OnTrack,-626.0,7959.0,1917.0,pos,0 days 00:00:09.953000,0 days 02:10:39.070000,9165.937536,140.0500096,8,0.0,True,0,870.9442552033728,0.1519745109639326
2024-09-01 14:18:22.996,OnTrack,-625.4892969318389,7961.398666147532,1917.0243946361884,car,0 days 00:00:09.960000,0 days 02:10:39.077000,9162.0,139.0,6,0.0,True,0,871.2069444444444,0.15202034864953515
2024-09-01 14:18:23.156,OnTrack,-609.4299797715915,8033.61241363503,1917.7158686790553,car,0 days 00:00:10.120000,0 days 02:10:39.237000,9672.0,132.0,4,0.0,True,0,877.0736111111111,0.1530440465410229
2024-09-01 14:18:23.249,OnTrack,-600.0,8073.0,1918.0,pos,0 days 00:00:10.213000,0 days 02:10:39.330000,9021.000448,124.4437552,4,0.0,True,0,880.2185555749262,0.15359282035064567
2024-09-01 14:18:23.316,OnTrack,-594.2783030446014,8094.897589586309,1918.0812394132818,car,0 days 00:00:10.280000,0 days 02:10:39.397000,8552.0,119.0,3,0.0,True,0,882.3625,0.15396692570077322
2024-09-01 14:18:23.596,OnTrack,-572.864973860551,8146.134137722374,1917.8117465176715,car,0 days 00:00:10.560000,0 days 02:10:39.677000,8723.0,106.0,2,0.0,True,0,890.6069444444445,0.15540553144979583
2024-09-01 14:18:23.669,OnTrack,-562.0,8164.0,1918.0,pos,0 days 00:00:10.633000,0 days 02:10:39.750000,8461.1127296,106.0,2,0.0,True,0,892.7842159858628,0.15578545218038894
2024-09-01 14:18:23.756,OnTrack,-545.0905116125176,8190.556880259102,1918.4422486559856,car,0 days 00:00:10.720000,0 days 02:10:39.837000,8149.0,106.0,2,0.0,True,0,895.3180555555556,0.1562275918778087
2024-09-01 14:18:23.849,OnTrack,-525.0,8220.0,1919.0,pos,0 days 00:00:10.813000,0 days 02:10:39.930000,8024.38008576,99.49000448,2,0.0,True,0,897.791913435186,0.15665926513267542
2024-09-01 14:18:23.956,OnTrack,-503.0534237606149,8248.035634353355,1919.5092089037435,car,0 days 00:00:10.920000,0 days 02:10:40.037000,7881.0,92.0,2,0.0,True,0,900.4291666666667,0.15711944988933213
2024-09-01 14:18:24.829,OnTrack,-347.0,8312.0,1920.0,pos,0 days 00:00:11.793000,0 days 02:10:40.910000,6566.53986909091,76.1272738909091,2,0.0,True,0,918.8626868447778,0.16033598779939398
2024-09-01 14:18:24.836,OnTrack,-345.5911025221392,8312.261413500313,1919.999825104022,car,0 days 00:00:11.800000,0 days 02:10:40.917000,6556.0,76.0,2,0.0,False,0,919.0069444444445,0.1603611598790434
2024-09-01 14:18:25.036,OnTrack,-303.9351895536819,8320.439884850466,1920.0088168056736,car,0 days 00:00:12,0 days 02:10:41.117000,6706.0,75.0,2,5.0,False,0,923.1736111111111,0.16108821804061138
2024-09-01 14:18:25.089,OnTrack,-293.0,8323.0,1920.0,pos,0 days 00:00:12.053000,0 days 02:10:41.170000,6641.2407032,75.3312496,2,4.171876,False,0,924.2993393768191,0.1612846508222012
2024-09-01 14:18:25.270,OnTrack,-257.0,8334.0,1920.0,pos,0 days 00:00:12.234000,0 days 02:10:41.351000,6420.0810936,76.4625008,2,1.3437480000000002,False,0,928.1971246062346,0.16196479079734177
2024-09-01 14:18:25.356,OnTrack,-240.75492561552971,8341.77228482395,1920.1808751052247,car,0 days 00:00:12.320000,0 days 02:10:41.437000,6315.0,77.0,2,0.0,False,0,930.0180555555555,0.16228253224734712
2024-09-01 14:18:25.596,OnTrack,-200.876498303122,8371.124689119206,1920.9795482741058,car,0 days 00:00:12.560000,0 days 02:10:41.677000,6186.0,73.0,2,0.0,True,0,934.8847222222222,0.16313173618005855
2024-09-01 14:18:25.610,OnTrack,-199.0,8373.0,1921.0,pos,0 days 00:00:12.574000,0 days 02:10:41.691000,6166.672398933333,72.68889173333334,2,0.0,True,0,935.1541334775629,0.16317874681654185
2024-09-01 14:18:25.910,OnTrack,-170.0,8417.0,1921.0,pos,0 days 00:00:12.874000,0 days 02:10:41.991000,5752.505378844445,66.02221937777777,2,0.0,True,0,940.5741957302535,0.16412451493582794
2024-09-01 14:18:25.956,OnTrack,-166.7615680893391,8424.57750620581,1921.1051722385769,car,0 days 00:00:12.920000,0 days 02:10:42.037000,5689.0,65.0,2,0.0,False,0,941.3847222222222,0.16426594691210464
2024-09-01 14:18:26.196,OnTrack,-153.60489965847657,8466.575655807226,1921.9786487442789,car,0 days 00:00:13.160000,0 days 02:10:42.277000,5378.0,63.0,2,0.0,False,0,945.5847222222222,0.16499882153896522
2024-09-01 14:18:26.210,OnTrack,-153.0,8469.0,1922.0,pos,0 days 00:00:13.174000,0 days 02:10:42.291000,5380.0124816,62.8250016,2,0.2624976,False,0,945.825139091771,0.1650407728302894
2024-09-01 14:18:26.350,OnTrack,-148.0,8493.0,1922.0,pos,0 days 00:00:13.314000,0 days 02:10:42.431000,5400.1375184,61.0749984,2,2.8875024,False,0,948.1954656283491,0.16545438049124947
2024-09-01 14:18:26.356,OnTrack,-147.8401608600108,8494.038550153216,1921.9966849049665,car,0 days 00:00:13.320000,0 days 02:10:42.437000,5401.0,61.0,2,3.0,False,0,948.2958333333333,0.16547189404942547
2024-09-01 14:18:26.510,OnTrack,-145.0,8521.0,1922.0,pos,0 days 00:00:13.474000,0 days 02:10:42.591000,5819.687848,60.0374992,2,12.625008,False,0,950.861040321191,0.16591950717181744
2024-09-01 14:18:26.516,OnTrack,-144.90602207935495,8522.044545957531,1922.0124190988245,car,0 days 00:00:13.480000,0 days 02:10:42.597000,5836.0,60.0,2,13.0,False,0,950.9625,0.16593721127282898
2024-09-01 14:18:26.750,OnTrack,-142.0,8563.0,1923.0,pos,0 days 00:00:13.714000,0 days 02:10:42.831000,6173.8376848,62.9250016,2,16.656252,False,0,955.0668317431999,0.16665339236683127
2024-09-01 14:18:26.836,OnTrack,-141.9572438078095,8579.254976949915,1923.1326545647605,car,0 days 00:00:13.800000,0 days 02:10:42.917000,6298.0,64.0,2,18.0,False,0,956.6513888888888,0.16692988801608985
2024-09-01 14:18:27.010,OnTrack,-143.0,8612.0,1923.0,pos,0 days 00:00:13.974000,0 days 02:10:43.091000,6561.398260226845,67.05262884368861,2,21.488718678501264,False,0,959.9864572145118,0.16751183729101732
2024-09-01 14:18:27.230,OnTrack,-146.0,8654.0,1923.0,pos,0 days 00:00:14.194000,0 days 02:10:43.311000,6894.431175790488,70.91228183863149,2,25.899750672721698,False,0,964.4176062687433,0.1682850460314181
2024-09-01 14:18:27.235,OnTrack,-146.2159082562568,8655.476262307917,1923.0181995412051,car,0 days 00:00:14.199000,0 days 02:10:43.316000,6902.0,71.0,2,26.0,False,0,964.5205555555555,0.16830301006002718
2024-09-01 14:18:27.410,OnTrack,-157.0,8717.0,1924.0,pos,0 days 00:00:14.374000,0 days 02:10:43.491000,7282.077708,74.8281208,2,33.1093672,False,0,968.1874759365611,0.16894286551382642
2024-09-01 14:18:27.555,OnTrack,-162.50785851135058,8745.494795619392,1924.1317991171031,car,0 days 00:00:14.519000,0 days 02:10:43.636000,7597.0,78.0,2,39.0,False,0,971.4538888888889,0.16951283484087637
2024-09-01 14:18:27.715,OnTrack,-166.60250110809628,8762.405661992372,1923.9419853589216,car,0 days 00:00:14.679000,0 days 02:10:43.796000,7975.0,88.0,2,42.0,False,0,975.365,0.1701953001018682
2024-09-01 14:18:27.750,OnTrack,-168.0,8768.0,1924.0,pos,0 days 00:00:14.714000,0 days 02:10:43.831000,8046.1667968,88.2916672,2,43.3611136,False,0,976.2254811762245,0.17034544886876013
2024-09-01 14:18:27.990,OnTrack,-183.0,8827.0,1925.0,pos,0 days 00:00:14.954000,0 days 02:10:44.071000,8534.1667968,90.2916672,2,52.69444693333333,False,0,982.1620089183396,0.17138133709586725
2024-09-01 14:18:28.075,OnTrack,-190.9417239334033,8857.747116650575,1925.1397795293492,car,0 days 00:00:15.039000,0 days 02:10:44.156000,8707.0,91.0,2,56.0,False,0,984.465,0.17178319512673276
2024-09-01 14:18:28.290,OnTrack,-212.0,8938.0,1925.0,pos,0 days 00:00:15.254000,0 days 02:10:44.371000,8676.36252736,101.7499904,2,59.22499712,False,0,990.9519480345183,0.17291512836965214
2024-09-01 14:18:28.475,OnTrack,-220.73802707894419,8968.58667583441,1924.9924192939643,car,0 days 00:00:15.439000,0 days 02:10:44.556000,8650.0,111.0,3,62.0,False,0,996.7983333333334,0.17393528728497407
2024-09-01 14:18:28.610,OnTrack,-231.0,9007.0,1925.0,pos,0 days 00:00:15.574000,0 days 02:10:44.691000,9365.01684022857,112.92856868571428,3,69.23213257142856,False,0,1000.9663257144159,0.1746625767756987
2024-09-01 14:18:28.755,OnTrack,-252.28911431333944,9090.601999215352,1924.9669970811735,car,0 days 00:00:15.719000,0 days 02:10:44.836000,10133.0,115.0,3,77.0,False,0,1005.7427777777779,0.1754960388051401
2024-09-01 14:18:28.830,OnTrack,-263.0,9133.0,1925.0,pos,0 days 00:00:15.794000,0 days 02:10:44.911000,10347.6876832,122.18750613333333,3,77.9375008,False,0,1008.505619920331,0.17597813806806822
2024-09-01 14:18:28.995,OnTrack,-278.9462101241352,9196.418688893189,1925.2957534087445,car,0 days 00:00:15.959000,0 days 02:10:45.076000,10820.0,138.0,3,80.0,False,0,1014.9427777777779,0.17710138322588226
2024-09-01 14:18:29.236,OnTrack,-290.82594875127927,9244.338921805622,1925.9511200374286,car,0 days 00:00:16.200000,0 days 02:10:45.317000,10400.0,138.0,3,96.0,False,0,1024.1811111111112,0.17871341658171086
2024-09-01 14:18:29.329,OnTrack,-298.0,9273.0,1926.0,pos,0 days 00:00:16.293000,0 days 02:10:45.410000,10492.003508114285,146.30356571428572,3,97.32857051428572,False,0,1028.192406527221,0.17941336339868916
2024-09-01 14:18:29.489,OnTrack,-315.0,9342.0,1926.0,pos,0 days 00:00:16.453000,0 days 02:10:45.570000,10650.2892224,160.58928,3,99.61428480000001,False,0,1035.6051342591393,0.18070683960596262
2024-09-01 14:18:29.516,OnTrack,-318.54681911747156,9357.17853010174,1926.1033953457586,car,0 days 00:00:16.480000,0 days 02:10:45.597000,10677.0,163.0,4,100.0,False,0,1036.8588888888892,0.18092561221464182
2024-09-01 14:18:29.716,OnTrack,-348.0477592384432,9490.233697031405,1927.7571554352503,car,0 days 00:00:16.680000,0 days 02:10:45.797000,11097.0,169.0,4,100.0,False,0,1046.247777777778,0.18256391660537508
2024-09-01 14:18:29.749,OnTrack,-352.0,9509.0,1928.0,pos,0 days 00:00:16.713000,0 days 02:10:45.830000,11054.5125824,170.7531216,4,100.0,False,0,1047.8760826400796,0.1828480459668928
2024-09-01 14:18:30.036,OnTrack,-371.048685747483,9612.388351400177,1928.9552947993686,car,0 days 00:00:17,0 days 02:10:46.117000,10685.0,186.0,4,100.0,False,0,1062.7811111111114,0.18544888339047694
2024-09-01 14:18:30.149,OnTrack,-380.0,9659.0,1929.0,pos,0 days 00:00:17.113000,0 days 02:10:46.230000,10488.38011136,186.0,4,100.0,False,0,1068.5256268048377,0.18645126667512796
2024-09-01 14:18:30.189,OnTrack,-384.0,9679.0,1929.0,pos,0 days 00:00:17.153000,0 days 02:10:46.270000,10418.78011136,186.0,4,100.0,False,0,1070.5950541420252,0.18681236924359376
2024-09-01 14:18:30.236,OnTrack,-388.32911357991316,9702.919040101619,1929.0676218842484,car,0 days 00:00:17.200000,0 days 02:10:46.317000,10337.0,186.0,4,100.0,False,0,1073.1144444444446,0.1872519876311656
2024-09-01 14:18:30.396,OnTrack,-399.51398989924223,9787.417184453087,1929.7839531340082,car,0 days 00:00:17.360000,0 days 02:10:46.477000,10897.0,206.0,4,100.0,False,0,1082.2700000000002,0.18884957676485106
2024-09-01 14:18:30.469,OnTrack,-404.0,9832.0,1930.0,pos,0 days 00:00:17.433000,0 days 02:10:46.550000,10824.000064,207.3687488,4,100.0,False,0,1086.5211901854784,0.1895913837698262
2024-09-01 14:18:30.716,OnTrack,-417.6715389362154,10009.970751918328,1929.9425950943557,car,0 days 00:00:17.680000,0 days 02:10:46.797000,10577.0,212.0,5,100.0,False,0,1101.1144444444446,0.19213781847690264
2024-09-01 14:18:30.749,OnTrack,-419.0,10033.0,1930.0,pos,0 days 00:00:17.713000,0 days 02:10:46.830000,10563.8000256,213.6499968,5,100.0,False,0,1103.1184230394624,0.1924875006352503
2024-09-01 14:18:30.916,OnTrack,-423.3455847791601,10139.816409335926,1930.8074648113761,car,0 days 00:00:17.880000,0 days 02:10:46.997000,10497.0,222.0,5,100.0,False,0,1113.447777777778,0.19428991063514395
2024-09-01 14:18:31.149,OnTrack,-426.0,10279.0,1932.0,pos,0 days 00:00:18.113000,0 days 02:10:47.230000,10763.285641142857,226.99285577142857,5,100.0,False,0,1128.1873611199815,0.19686187888323858
2024-09-01 14:18:31.196,OnTrack,-426.6384612659862,10308.83267009577,1932.0004951800202,car,0 days 00:00:18.160000,0 days 02:10:47.277000,10817.0,228.0,6,100.0,False,0,1131.1811111111112,0.19738427017077742
2024-09-01 14:18:31.229,OnTrack,-427.0,10330.0,1932.0,pos,0 days 00:00:18.193000,0 days 02:10:47.310000,10868.699899733334,228.4124992,6,100.0,False,0,1133.2849099884559,0.19775137036535445
2024-09-01 14:18:31.436,OnTrack,-426.2413349122851,10464.746617315774,1932.6168704676136,car,0 days 00:00:18.400000,0 days 02:10:47.517000,11193.0,231.0,6,100.0,False,0,1146.581111111111,0.20007147713593276
2024-09-01 14:18:31.529,OnTrack,-425.0,10526.0,1933.0,pos,0 days 00:00:18.493000,0 days 02:10:47.610000,11278.249941333333,234.09999786666665,6,100.0,False,0,1152.685394634924,0.20113663773349597
2024-09-01 14:18:31.676,OnTrack,-422.5078199962229,10623.455724982581,1933.5526733381937,car,0 days 00:00:18.640000,0 days 02:10:47.757000,11413.0,239.0,6,100.0,False,0,1162.5144444444445,0.20285174754576885
2024-09-01 14:18:31.770,OnTrack,-420.0,10687.0,1934.0,pos,0 days 00:00:18.734000,0 days 02:10:47.851000,11172.83032704,241.3499968,6,100.0,False,0,1168.9114940546897,0.20396799405674906
2024-09-01 14:18:31.950,OnTrack,-413.0,10810.0,1935.0,pos,0 days 00:00:18.914000,0 days 02:10:48.031000,10712.92967296,245.8500032,6,100.0,False,0,1181.3826625458162,0.20614413761733227
2024-09-01 14:18:32.076,OnTrack,-408.4774605323547,10889.72966768468,1934.9846549974407,car,0 days 00:00:19.040000,0 days 02:10:48.157000,10391.0,249.0,6,100.0,False,0,1190.181111111111,0.20767941373858043
2024-09-01 14:18:32.150,OnTrack,-404.0,10949.0,1935.0,pos,0 days 00:00:19.114000,0 days 02:10:48.231000,10449.7376016,250.8500032,6,100.0,False,0,1195.3628769762072,0.20858360057783307
2024-09-01 14:18:32.236,OnTrack,-395.74755844621563,11039.277176193958,1935.2730213483283,car,0 days 00:00:19.200000,0 days 02:10:48.317000,10518.0,253.0,7,100.0,False,0,1201.4255555555555,0.20964150136393198
2024-09-01 14:18:32.390,OnTrack,-377.0,11219.0,1936.0,pos,0 days 00:00:19.354000,0 days 02:10:48.471000,10658.14011648,257.62000384,7,100.0,False,0,1212.4723798234972,0.21156910546235147
2024-09-01 14:18:32.436,OnTrack,-371.95628844987425,11262.757064206582,1936.1126772002676,car,0 days 00:00:19.400000,0 days 02:10:48.517000,10700.0,259.0,7,100.0,False,0,1215.8144444444445,0.21215227554854685
2024-09-01 14:18:32.730,OnTrack,-345.0,11452.0,1936.0,pos,0 days 00:00:19.694000,0 days 02:10:48.811000,10909.883241955555,265.5333304888889,7,100.0,False,0,1237.5710685797283,0.21594867502352103
2024-09-01 14:18:32.796,OnTrack,-339.33729338235514,11485.868654942675,1935.9715065480834,car,0 days 00:00:19.760000,0 days 02:10:48.877000,10957.0,267.0,7,100.0,False,0,1242.5144444444447,0.21681126424787472
2024-09-01 14:18:32.996,OnTrack,-321.9805696822572,11579.298132653945,1935.9820661420574,car,0 days 00:00:19.960000,0 days 02:10:49.077000,11045.0,271.0,7,100.0,False,0,1257.5700000000002,0.21943836773834044
2024-09-01 14:18:33.150,OnTrack,-302.0,11672.0,1936.0,pos,0 days 00:00:20.114000,0 days 02:10:49.231000,11189.76012032,271.77000064,7,100.0,False,0,1269.1937642752125,0.22146664438260505
2024-09-01 14:18:33.196,OnTrack,-294.4262303613577,11705.49587237627,1936.0001866133957,car,0 days 00:00:20.160000,0 days 02:10:49.277000,11233.0,272.0,7,100.0,False,0,1272.6811111111112,0.2220751653376271
2024-09-01 14:18:33.250,OnTrack,-285.0,11746.0,1936.0,pos,0 days 00:00:20.214000,0 days 02:10:49.331000,11264.45492544,272.6749984,7,100.0,False,0,1276.78761850694,0.2227917260698695
2024-09-01 14:18:33.570,OnTrack,-218.0,11982.0,1936.0,pos,0 days 00:00:20.534000,0 days 02:10:49.651000,11450.85492544,276.6749984,7,100.0,False,0,1301.4293634191545,0.22709156169075811
2024-09-01 14:18:33.596,OnTrack,-209.82300194610434,12006.1064258125,1935.9888995374827,car,0 days 00:00:20.560000,0 days 02:10:49.677000,11466.0,277.0,7,100.0,False,0,1303.4588888888889,0.22744570162440947
2024-09-01 14:18:33.810,OnTrack,-133.0,12217.0,1936.0,pos,0 days 00:00:20.774000,0 days 02:10:49.891000,11600.169171828129,281.6959210139845,7,100.0,False,0,1320.3178765314874,0.2303874931191276
2024-09-01 14:18:33.915,OnTrack,-103.6449789800608,12289.984522096838,1936.3364859319051,car,0 days 00:00:20.879000,0 days 02:10:49.996000,11666.0,284.0,7,100.0,False,0,1328.6244444444446,0.23183693903810387
2024-09-01 14:18:34.115,OnTrack,-58.140542806990275,12386.2818396474,1937.0975833333503,car,0 days 00:00:21.079000,0 days 02:10:50.196000,11762.0,285.0,7,100.0,False,0,1344.457777777778,0.23459976005206232
2024-09-01 14:18:34.170,OnTrack,-42.0,12419.0,1937.0,pos,0 days 00:00:21.134000,0 days 02:10:50.251000,11681.333614933334,285.6874976,7,100.0,False,0,1348.8388875347805,0.23536423723739527
2024-09-01 14:18:34.350,OnTrack,23.0,12547.0,1936.0,pos,0 days 00:00:21.314000,0 days 02:10:50.431000,11417.333239466667,287.9375008,7,100.0,False,0,1363.256515715448,0.237880026254805
2024-09-01 14:18:34.355,OnTrack,24.94761492022554,12550.605082340844,1935.9844882217117,car,0 days 00:00:21.319000,0 days 02:10:50.436000,11410.0,288.0,7,100.0,False,0,1363.6577777777777,0.23795004406056766
2024-09-01 14:18:34.530,OnTrack,95.0,12672.0,1936.0,pos,0 days 00:00:21.494000,0 days 02:10:50.611000,10889.9224456,289.0937488,7,100.0,False,0,1377.7215232825606,0.24040408268891997
2024-09-01 14:18:34.675,OnTrack,151.85477618837822,12763.822401147301,1935.9317797390959,car,0 days 00:00:21.639000,0 days 02:10:50.756000,10459.0,290.0,8,100.0,False,0,1389.4355555555555,0.24244811055346846
2024-09-01 14:18:34.810,OnTrack,220.0,12862.0,1936.0,pos,0 days 00:00:21.774000,0 days 02:10:50.891000,10520.5936624,292.5312464,8,100.0,False,0,1400.4155252127925,0.24436404892620364
2024-09-01 14:18:34.835,OnTrack,235.8965130463262,12883.513518632602,1936.061433852854,car,0 days 00:00:21.799000,0 days 02:10:50.916000,10532.0,293.0,8,100.0,False,0,1402.4577777777777,0.244720409661089
2024-09-01 14:18:35.050,OnTrack,390.0,13081.0,1937.0,pos,0 days 00:00:22.014000,0 days 02:10:51.131000,10597.57494144,295.14999808,8,100.0,False,0,1420.1421613447214,0.24780622775820396
2024-09-01 14:18:35.235,OnTrack,468.8374244060985,13172.268922632893,1937.7016695240336,car,0 days 00:00:22.199000,0 days 02:10:51.316000,10654.0,297.0,8,100.0,False,0,1435.457777777778,0.2504787103007077
2024-09-01 14:18:35.410,OnTrack,537.0,13238.0,1938.0,pos,0 days 00:00:22.374000,0 days 02:10:51.491000,10717.4374304,298.45833173333335,8,100.0,False,0,1449.9776067877176,0.25301233274540735
2024-09-01 14:18:35.475,OnTrack,572.6497356873369,13271.484810701588,1937.97935299774,car,0 days 00:00:22.439000,0 days 02:10:51.556000,10741.0,299.0,8,100.0,False,0,1455.391111111111,0.25395695654564904
2024-09-01 14:18:35.630,OnTrack,672.0,13362.0,1938.0,pos,0 days 00:00:22.594000,0 days 02:10:51.711000,10770.454846695047,300.4485990177892,8,100.0,False,0,1468.3601222750935,0.2562199706450667
2024-09-01 14:18:35.796,OnTrack,779.3166196564201,13451.75670348369,1938.8875176582528,car,0 days 00:00:22.760000,0 days 02:10:51.877000,10802.0,302.0,8,100.0,False,0,1482.3194444444446,0.2586557880322308
2024-09-01 14:18:35.829,OnTrack,801.0,13469.0,1939.0,pos,0 days 00:00:22.793000,0 days 02:10:51.910000,10811.428553142858,302.2357138285714,8,100.0,False,0,1485.099993960432,0.259140977124849
2024-09-01 14:18:36.069,OnTrack,963.0,13590.0,1939.0,pos,0 days 00:00:23.033000,0 days 02:10:52.150000,10879.999981714285,303.94999954285714,8,100.0,False,0,1505.3716122190322,0.2626782520455946
2024-09-01 14:18:36.076,OnTrack,967.7604356451668,13593.362441228714,1939.0225793286502,car,0 days 00:00:23.040000,0 days 02:10:52.157000,10882.0,304.0,8,100.0,False,0,1505.9638888888887,0.2627816007464087
2024-09-01 14:18:36.229,OnTrack,1075.0,13666.0,1940.0,pos,0 days 00:00:23.193000,0 days 02:10:52.310000,10843.750016,304.76499968,8,100.0,False,0,1518.922315011853,0.26504276782011527
2024-09-01 14:18:36.276,OnTrack,1111.8128114595372,13689.501460068419,1940.3878400941512,car,0 days 00:00:23.240000,0 days 02:10:52.357000,10832.0,305.0,8,100.0,False,0,1522.908333333333,0.26573830393678527
2024-09-01 14:18:36.349,OnTrack,1175.0,13728.0,1941.0,pos,0 days 00:00:23.313000,0 days 02:10:52.430000,10902.718688,305.4562496,8,100.0,False,0,1529.1044878296384,0.26681949546403533
2024-09-01 14:18:36.436,OnTrack,1263.5060701055995,13778.061324446455,1941.6482086910441,car,0 days 00:00:23.400000,0 days 02:10:52.517000,10987.0,306.0,8,100.0,False,0,1536.508333333333,0.2681114217761433
2024-09-01 14:18:36.596,OnTrack,1451.969488539673,13876.254312799645,1942.621523522308,car,0 days 00:00:23.560000,0 days 02:10:52.677000,11019.0,308.0,8,100.0,False,0,1550.1972222222219,0.2705000501896147
2024-09-01 14:18:36.669,OnTrack,1531.0,13915.0,1943.0,pos,0 days 00:00:23.633000,0 days 02:10:52.750000,11031.514274742856,308.0,8,100.0,False,0,1556.4391745081316,0.271589233154476
2024-09-01 14:18:36.876,OnTrack,1718.2131125095693,13997.87424797066,1943.8705914305067,car,0 days 00:00:23.840000,0 days 02:10:52.957000,11067.0,308.0,8,100.0,False,0,1574.1527777777776,0.27468014991318973
2024-09-01 14:18:37.129,OnTrack,1898.0,14063.0,1945.0,pos,0 days 00:00:24.093000,0 days 02:10:53.210000,11138.874981818182,310.2999994181818,8,100.0,False,0,1596.0351118745887,0.2784984850170084
2024-09-01 14:18:37.316,OnTrack,2017.2801298992927,14100.73702799854,1946.2781127431085,car,0 days 00:00:24.280000,0 days 02:10:53.397000,11192.0,312.0,8,100.0,False,0,1612.286111111111,0.2813341862078602
2024-09-01 14:18:37.556,OnTrack,2173.5693929239374,14142.665659156206,1947.9333147037073,car,0 days 00:00:24.520000,0 days 02:10:53.637000,11212.0,313.0,8,100.0,False,0,1633.1527777777776,0.2849752934809928
2024-09-01 14:18:37.569,OnTrack,2183.0,14145.0,1948.0,pos,0 days 00:00:24.533000,0 days 02:10:53.650000,11215.3312336,313.0812496,8,100.0,False,0,1634.284735719722,0.28517281330345096
2024-09-01 14:18:37.716,OnTrack,2296.4611000709883,14171.838063199559,1948.5949248113454,car,0 days 00:00:24.680000,0 days 02:10:53.797000,11253.0,314.0,8,100.0,False,0,1647.1083333333331,0.2874104536168046
2024-09-01 14:18:37.809,OnTrack,2370.0,14188.0,1949.0,pos,0 days 00:00:24.773000,0 days 02:10:53.890000,11262.76499328,314.92999936,8,100.0,False,0,1655.2602558581134,0.2888329148497914
2024-09-01 14:18:37.916,OnTrack,2453.0033125023774,14204.948537269025,1949.6189642181648,car,0 days 00:00:24.880000,0 days 02:10:53.997000,11274.0,316.0,8,100.0,False,0,1664.6638888888886,0.29047379200421114
2024-09-01 14:18:38.069,OnTrack,2595.0,14230.0,1951.0,pos,0 days 00:00:25.033000,0 days 02:10:54.150000,11301.15748864,316.38249984,8,100.0,False,0,1678.1214222825447,0.29282205028143476
2024-09-01 14:18:38.316,OnTrack,2929.297212499267,14280.01529295275,1954.590135993295,car,0 days 00:00:25.280000,0 days 02:10:54.397000,11345.0,317.0,8,100.0,False,0,1699.886111111111,0.2966198569966661
2024-09-01 14:18:38.370,OnTrack,2978.0,14287.0,1955.0,pos,0 days 00:00:25.334000,0 days 02:10:54.451000,11363.62995584,317.26999936,8,100.0,False,0,1704.6534484716703,0.29745172856553237
2024-09-01 14:18:38.516,OnTrack,3031.0033880049764,14294.16719797124,1954.9404960967927,car,0 days 00:00:25.480000,0 days 02:10:54.597000,11414.0,318.0,8,100.0,False,0,1717.5527777777775,0.2997025836017144
2024-09-01 14:18:38.610,OnTrack,3066.0,14298.0,1955.0,pos,0 days 00:00:25.574000,0 days 02:10:54.691000,11391.6750304,318.0,8,100.0,False,0,1725.8563397536586,0.3011515050028305
2024-09-01 14:18:38.676,OnTrack,3111.938664094696,14303.13688054627,1955.4274794917735,car,0 days 00:00:25.640000,0 days 02:10:54.757000,11376.0,318.0,8,100.0,False,0,1731.686111111111,0.30216876488575317
2024-09-01 14:18:38.830,OnTrack,3259.0,14319.0,1957.0,pos,0 days 00:00:25.794000,0 days 02:10:54.911000,11362.0437384,318.0,8,100.0,False,0,1745.2892938693312,0.30454243809719284
2024-09-01 14:18:38.996,OnTrack,3405.1825169090403,14332.027374926864,1957.936667344585,car,0 days 00:00:25.960000,0 days 02:10:55.077000,11347.0,318.0,8,100.0,False,0,1759.9527777777776,0.30710112745383056
2024-09-01 14:18:39.010,OnTrack,3417.0,14333.0,1958.0,pos,0 days 00:00:25.974000,0 days 02:10:55.091000,11346.222229333333,318.0,8,100.0,False,0,1761.1894481132256,0.3073169189563641
2024-09-01 14:18:39.210,OnTrack,3593.0,14347.0,1959.0,pos,0 days 00:00:26.174000,0 days 02:10:55.291000,11335.111118222223,318.0,8,100.0,False,0,1778.856334593441,0.3103996839175488
2024-09-01 14:18:39.356,OnTrack,3772.560508275712,14362.078107318004,1960.3771045446117,car,0 days 00:00:26.320000,0 days 02:10:55.437000,11327.0,318.0,8,100.0,False,0,1791.7527777777775,0.3126500353429176
2024-09-01 14:18:39.530,OnTrack,3981.0,14380.0,1962.0,pos,0 days 00:00:26.494000,0 days 02:10:55.611000,11339.17999104,318.0,8,100.0,False,0,1807.1224255086252,0.3153319460204707
2024-09-01 14:18:39.556,OnTrack,4003.7248820349096,14381.955186268047,1962.1464800987994,car,0 days 00:00:26.520000,0 days 02:10:55.637000,11341.0,318.0,8,100.0,False,0,1809.419444444444,0.31573276194796596
2024-09-01 14:18:39.716,OnTrack,4096.6180443831045,14389.943041673821,1962.5178112040792,car,0 days 00:00:26.680000,0 days 02:10:55.797000,11388.0,318.0,8,100.0,False,0,1823.5527777777775,0.31819894323200465
2024-09-01 14:18:39.850,OnTrack,4172.0,14396.0,1963.0,pos,0 days 00:00:26.814000,0 days 02:10:55.931000,11348.80503744,317.66500032,8,100.0,False,0,1835.365063640556,0.3202601157543985
2024-09-01 14:18:40.116,OnTrack,4409.5157592885025,14413.78405652627,1965.5667545123242,car,0 days 00:00:27.080000,0 days 02:10:56.197000,11271.0,317.0,8,100.0,False,0,1858.7749999999999,0.3243450082244596
2024-09-01 14:18:40.210,OnTrack,4497.0,14420.0,1966.0,pos,0 days 00:00:27.174000,0 days 02:10:56.291000,11271.0,317.0,8,100.0,False,0,1867.054664751825,0.32578975970434637
2024-09-01 14:18:40.276,OnTrack,4555.2737237402025,14424.009108785463,1965.9942630257729,car,0 days 00:00:27.240000,0 days 02:10:56.357000,11271.0,317.0,8,100.0,False,0,1872.8638888888884,0.32680343422144154
2024-09-01 14:18:40.310,OnTrack,4585.0,14426.0,1966.0,pos,0 days 00:00:27.274000,0 days 02:10:56.391000,11268.655164056645,316.8934165480293,8,100.0,False,0,1875.8535331596283,0.3273251090855759
2024-09-01 14:18:40.550,OnTrack,4795.0,14439.0,1967.0,pos,0 days 00:00:27.514000,0 days 02:10:56.631000,11252.103443239435,316.1410656017925,8,100.0,False,0,1896.915096953264,0.33100022472994745
2024-09-01 14:18:40.595,OnTrack,4832.8815650078295,14441.178834307771,1967.100292971814,car,0 days 00:00:27.559000,0 days 02:10:56.676000,11249.0,316.0,8,100.0,False,0,1900.8649999999998,0.33168945894935503
2024-09-01 14:18:40.755,OnTrack,4966.589561799581,14448.401719287298,1967.0488363362144,car,0 days 00:00:27.719000,0 days 02:10:56.836000,11245.0,316.0,8,100.0,False,0,1914.9094444444443,0.3341401296592803
2024-09-01 14:18:40.830,OnTrack,5040.0,14452.0,1967.0,pos,0 days 00:00:27.794000,0 days 02:10:56.911000,11235.208324977777,315.5833329777778,8,100.0,False,0,1921.4734088580558,0.33528550179507827
2024-09-01 14:18:41.050,OnTrack,5285.0,14463.0,1967.0,pos,0 days 00:00:28.014000,0 days 02:10:57.131000,11206.486136177778,314.3611121777778,8,100.0,False,0,1940.651835681371,0.3386320214145806
2024-09-01 14:18:41.115,OnTrack,5341.496499714394,14465.39881923972,1967.0046209795485,car,0 days 00:00:28.079000,0 days 02:10:57.196000,11198.0,314.0,8,100.0,False,0,1946.3094444444441,0.3396192399648568
2024-09-01 14:18:41.370,OnTrack,5511.0,14472.0,1967.0,pos,0 days 00:00:28.334000,0 days 02:10:57.451000,11093.1667456,314.0,8,34.833382400000005,False,0,1968.5007869320461,0.3434914951660797
2024-09-01 14:18:41.475,OnTrack,5600.880605059011,14475.390861467935,1966.9936277248744,car,0 days 00:00:28.439000,0 days 02:10:57.556000,11050.0,314.0,8,8.0,False,0,1977.709444444444,0.34509835027043334
2024-09-01 14:18:41.550,OnTrack,5667.0,14478.0,1967.0,pos,0 days 00:00:28.514000,0 days 02:10:57.631000,10943.87490944,313.62499968,8,4.99999744,False,0,1984.3282856727742,0.3462532980788766
2024-09-01 14:18:41.675,OnTrack,5769.981691447556,14482.442608000742,1967.0417494324204,car,0 days 00:00:28.639000,0 days 02:10:57.756000,10767.0,313.0,8,0.0,True,0,1995.098333333333,0.34813260633137716
2024-09-01 14:18:41.750,OnTrack,5832.0,14485.0,1967.0,pos,0 days 00:00:28.714000,0 days 02:10:57.831000,10466.999744,300.9464182857143,8,0.0,True,0,2001.1123000831508,0.3491820071975021
2024-09-01 14:18:41.955,OnTrack,6013.83295540038,14491.139007487449,1966.4127294773602,car,0 days 00:00:28.919000,0 days 02:10:58.036000,9647.0,268.0,8,0.0,True,0,2015.9427777777773,0.3517698359609814
2024-09-01 14:18:42.110,OnTrack,6129.0,14495.0,1966.0,pos,0 days 00:00:29.074000,0 days 02:10:58.191000,9198.7914816,240.8749888,8,0.0,True,0,2025.8742794945936,0.35350282301214253
2024-09-01 14:18:42.195,OnTrack,6173.99236221944,14496.845543994965,1965.9284517657316,car,0 days 00:00:29.159000,0 days 02:10:58.276000,8953.0,226.0,8,0.0,True,0,2031.009444444444,0.3543988782732113
2024-09-01 14:18:42.370,OnTrack,6246.0,14500.0,1966.0,pos,0 days 00:00:29.334000,0 days 02:10:58.451000,8596.149776432689,211.6761690365652,8,0.0,True,0,2041.1013019413124,0.3561598464392464
2024-09-01 14:18:42.476,OnTrack,6296.705035366373,14501.447923735368,1966.0557681542518,car,0 days 00:00:29.440000,0 days 02:10:58.557000,8380.0,203.0,8,0.0,True,0,2046.8547222222219,0.3571637835205663
2024-09-01 14:18:42.589,OnTrack,6360.0,14505.0,1966.0,pos,0 days 00:00:29.553000,0 days 02:10:58.670000,8770.5560288,188.1687584,8,0.0,True,0,2052.6570778346368,0.3581762595216046
2024-09-01 14:18:42.636,OnTrack,6389.82961467385,14507.861168657779,1965.903716913916,car,0 days 00:00:29.600000,0 days 02:10:58.717000,8933.0,182.0,8,0.0,True,0,2054.943611111111,0.35857524576489036
2024-09-01 14:18:42.869,OnTrack,6537.0,14528.0,1965.0,pos,0 days 00:00:29.833000,0 days 02:10:58.950000,8675.035785142858,159.53214902857144,8,0.0,True,0,2065.117859469699,0.3603505906385539
2024-09-01 14:18:42.916,OnTrack,6554.700632202474,14530.956922678408,1964.8109189710788,car,0 days 00:00:29.880000,0 days 02:10:58.997000,8623.0,155.0,8,0.0,True,0,2066.9991666666665,0.36067886737902716
2024-09-01 14:18:43.189,OnTrack,6602.0,14544.0,1964.0,pos,0 days 00:00:30.153000,0 days 02:10:59.270000,8779.9749632,137.937504,8,0.0,True,0,2077.0540262890627,0.36243337963947925
2024-09-01 14:18:43.316,OnTrack,6641.406162780697,14555.61010014026,1964.035074763252,car,0 days 00:00:30.280000,0 days 02:10:59.397000,8853.0,130.0,5,0.0,True,0,2081.443611111111,0.3631993356724629
2024-09-01 14:18:43.449,OnTrack,6689.0,14571.0,1964.0,pos,0 days 00:00:30.413000,0 days 02:10:59.530000,8704.584162327274,126.37272901818181,5,0.0,True,0,2085.940141361741,0.3639839530366529
2024-09-01 14:18:43.689,OnTrack,6759.0,14602.0,1963.0,pos,0 days 00:00:30.653000,0 days 02:10:59.770000,8436.765980509092,119.82727447272727,5,0.0,True,0,2093.76458578057,0.36534927131851963
2024-09-01 14:18:43.756,OnTrack,6775.652457192924,14610.688970061005,1962.7749219798443,car,0 days 00:00:30.720000,0 days 02:10:59.837000,8362.0,118.0,3,0.0,True,0,2095.865833333333,0.36571592632237027
2024-09-01 14:18:44.409,OnTrack,6903.0,14745.0,1962.0,pos,0 days 00:00:31.373000,0 days 02:11:00.490000,7755.254226133333,105.30277902222223,3,18.13888711111111,True,0,2114.7704205221494,0.36901466257997906
2024-09-01 14:18:44.476,OnTrack,6917.681534986633,14774.70848610799,1961.7258202463054,car,0 days 00:00:31.440000,0 days 02:11:00.557000,7693.0,104.0,3,20.0,False,0,2116.665833333333,0.36934540066491783
2024-09-01 14:18:44.636,OnTrack,6950.913263674909,14846.6643842981,1961.035642243228,car,0 days 00:00:31.600000,0 days 02:11:00.717000,8026.0,103.0,3,25.0,False,0,2121.2436111111106,0.3701441952317605
2024-09-01 14:18:44.649,OnTrack,6953.0,14851.0,1961.0,pos,0 days 00:00:31.613000,0 days 02:11:00.730000,8030.2249792,103.29545309090909,3,25.206817163636362,False,0,2121.6270277805415,0.37021109912427036
2024-09-01 14:18:44.990,OnTrack,6988.0,14901.0,1961.0,pos,0 days 00:00:31.954000,0 days 02:11:01.071000,8141.0500416,111.04545745454546,3,30.63182021818182,False,0,2132.3273802778845,0.3720782459918338
2024-09-01 14:18:45.076,OnTrack,7003.441760757363,14916.88092745045,1961.0206353638732,car,0 days 00:00:32.040000,0 days 02:11:01.157000,8169.0,113.0,3,32.0,False,0,2135.0547222222217,0.37255415068463793
2024-09-01 14:18:45.276,OnTrack,7051.488668580172,14963.074380663693,1961.000596435146,car,0 days 00:00:32.240000,0 days 02:11:01.357000,8555.0,113.0,3,25.0,False,0,2141.3324999999995,0.37364958498140044
2024-09-01 14:18:45.290,OnTrack,7055.0,14966.0,1961.0,pos,0 days 00:00:32.254000,0 days 02:11:01.371000,8554.6500032,113.06999936,3,25.13999872,False,0,2141.7734517533195,0.3737265283984666
2024-09-01 14:18:45.450,OnTrack,7096.0,14996.0,1961.0,pos,0 days 00:00:32.414000,0 days 02:11:01.531000,8550.6500032,113.86999936,3,26.73999872,False,0,2146.8401485465365,0.3746106363798343
2024-09-01 14:18:45.476,OnTrack,7102.914536829178,15000.546172595188,1960.9980952666583,car,0 days 00:00:32.440000,0 days 02:11:01.557000,8550.0,114.0,3,27.0,False,0,2147.6658333333326,0.37475471338698374
2024-09-01 14:18:45.636,OnTrack,7146.742794309183,15026.907877802996,1960.9880475667867,car,0 days 00:00:32.600000,0 days 02:11:01.717000,8520.0,115.0,3,29.0,False,0,2152.776944444444,0.3756465713985072
2024-09-01 14:18:45.670,OnTrack,7156.0,15032.0,1961.0,pos,0 days 00:00:32.634000,0 days 02:11:01.751000,8646.99047808,115.68000256,3,31.38000896,False,0,2153.8829220581456,0.37583955781064005
2024-09-01 14:18:45.836,OnTrack,7202.808453884575,15054.904224811335,1961.0655663650537,car,0 days 00:00:32.800000,0 days 02:11:01.917000,9267.0,119.0,3,43.0,False,0,2159.3880555555547,0.3768001703481951
2024-09-01 14:18:45.870,OnTrack,7215.0,15060.0,1961.0,pos,0 days 00:00:32.834000,0 days 02:11:01.951000,9318.000192,119.48571611428571,3,43.8500032,False,0,2160.530146690557,0.376999458351625
2024-09-01 14:18:46.090,OnTrack,7311.0,15095.0,1960.0,pos,0 days 00:00:33.054000,0 days 02:11:02.171000,9647.999808,122.6285696,3,49.3499968,False,0,2168.0463891506884,0.378310997253616
2024-09-01 14:18:46.116,OnTrack,7320.100714805899,15097.945209368223,1959.9415016637004,car,0 days 00:00:33.080000,0 days 02:11:02.197000,9687.0,123.0,3,50.0,False,0,2168.9547222222213,0.3784694958871552
2024-09-01 14:18:46.356,OnTrack,7378.94958312254,15112.730535390858,1960.0572860312147,car,0 days 00:00:33.320000,0 days 02:11:02.437000,10612.0,130.0,3,68.0,False,0,2177.621388888888,0.37998177686321666
2024-09-01 14:18:46.390,OnTrack,7389.0,15115.0,1960.0,pos,0 days 00:00:33.354000,0 days 02:11:02.471000,10582.249888,131.44500544,3,69.61500608,False,0,2178.912376793131,0.3802070464533604
2024-09-01 14:18:46.610,OnTrack,7473.0,15134.0,1959.0,pos,0 days 00:00:33.574000,0 days 02:11:02.691000,10389.750112,140.79499456,3,80.06499392,False,0,2187.69815592072,0.3817401118342678
2024-09-01 14:18:46.756,OnTrack,7533.1631848863835,15145.856230049092,1958.4068048964464,car,0 days 00:00:33.720000,0 days 02:11:02.837000,10262.0,147.0,3,87.0,False,0,2193.9547222222213,0.3828318448565633
2024-09-01 14:18:46.970,OnTrack,7625.0,15162.0,1958.0,pos,0 days 00:00:33.934000,0 days 02:11:03.051000,10865.849113341663,158.32589649900453,3,94.74929760458204,False,0,2203.738593429466,0.38453907127567316
2024-09-01 14:18:47.115,OnTrack,7691.160245921591,15173.490915236138,1958.093725435563,car,0 days 00:00:34.079000,0 days 02:11:03.196000,11275.0,166.0,4,100.0,False,0,2210.5086111111104,0.38572039846192896
2024-09-01 14:18:47.170,OnTrack,7716.0,15178.0,1958.0,pos,0 days 00:00:34.134000,0 days 02:11:03.251000,11375.09965056,166.82499712,4,100.0,False,0,2213.0633657875433,0.38616618771912203
2024-09-01 14:18:47.315,OnTrack,7780.755450155091,15190.6949457535,1957.2024129504084,car,0 days 00:00:34.279000,0 days 02:11:03.396000,11639.0,169.0,4,100.0,False,0,2219.8974999999996,0.3873587028526623
2024-09-01 14:18:47.370,OnTrack,7810.0,15197.0,1957.0,pos,0 days 00:00:34.334000,0 days 02:11:03.451000,11298.0011904,172.57498752,4,100.0,False,0,2222.613233712248,0.3878325819790948
2024-09-01 14:18:47.515,OnTrack,7903.056996041639,15218.624548943684,1957.0523586497884,car,0 days 00:00:34.479000,0 days 02:11:03.596000,10399.0,182.0,4,100.0,False,0,2230.0086111111104,0.38912303065806725
2024-09-01 14:18:47.550,OnTrack,7924.0,15224.0,1957.0,pos,0 days 00:00:34.514000,0 days 02:11:03.631000,10429.625056,182.8750016,4,100.0,False,0,2231.802355428618,0.3894360282050616
2024-09-01 14:18:47.675,OnTrack,7986.9226784387065,15242.341790417442,1956.3275881265522,car,0 days 00:00:34.639000,0 days 02:11:03.756000,10539.0,186.0,5,100.0,False,0,2238.2752777777773,0.39056551405061823
2024-09-01 14:18:47.730,OnTrack,8015.0,15251.0,1956.0,pos,0 days 00:00:34.694000,0 days 02:11:03.811000,10640.946072685714,188.35713462857143,5,100.0,False,0,2241.2087468840255,0.3910773866879155
2024-09-01 14:18:47.955,OnTrack,8152.525120619024,15292.834657442942,1955.1873575858758,car,0 days 00:00:34.919000,0 days 02:11:04.036000,11058.0,198.0,5,100.0,False,0,2253.675277777777,0.3932527210157735
2024-09-01 14:18:48.010,OnTrack,8186.0,15303.0,1955.0,pos,0 days 00:00:34.974000,0 days 02:11:04.091000,11134.44973312,199.92499328,5,100.0,False,0,2256.778637476089,0.39379423853503887
2024-09-01 14:18:48.155,OnTrack,8268.187211021912,15328.023137261745,1954.407266974502,car,0 days 00:00:35.119000,0 days 02:11:04.236000,11336.0,205.0,5,100.0,False,0,2265.064166666666,0.39524001332405945
2024-09-01 14:18:48.355,OnTrack,8371.703725813446,15360.209690587104,1953.4002534134997,car,0 days 00:00:35.319000,0 days 02:11:04.436000,11655.0,212.0,5,100.0,False,0,2276.841944444444,0.39729516439409174
2024-09-01 14:18:48.430,OnTrack,8411.0,15373.0,1953.0,pos,0 days 00:00:35.394000,0 days 02:11:04.511000,11341.8747328,214.6785737142857,5,100.0,False,0,2281.3876316225856,0.39808835934516446
2024-09-01 14:18:48.635,OnTrack,8521.00375596447,15410.50351767172,1951.9190752596396,car,0 days 00:00:35.599000,0 days 02:11:04.716000,10486.0,222.0,5,100.0,False,0,2294.1086111111103,0.4003080934156295
2024-09-01 14:18:48.750,OnTrack,8586.0,15434.0,1952.0,pos,0 days 00:00:35.714000,0 days 02:11:04.831000,10602.147215345192,224.00748273436133,5,100.0,False,0,2301.3452393198127,0.4015708413199584
2024-09-01 14:18:48.910,OnTrack,8681.0,15470.0,1953.0,pos,0 days 00:00:35.874000,0 days 02:11:04.991000,10763.743251111142,226.8005006364889,5,100.0,False,0,2311.5209285300352,0.4033464376135277
2024-09-01 14:18:49.036,OnTrack,8756.825415830188,15499.833670421256,1952.5748448824093,car,0 days 00:00:36,0 days 02:11:05.117000,10891.0,229.0,6,100.0,False,0,2319.6166666666663,0.40475909501020485
2024-09-01 14:18:49.129,OnTrack,8813.0,15522.0,1952.0,pos,0 days 00:00:36.093000,0 days 02:11:05.210000,10992.36993024,231.3249984,6,100.0,False,0,2325.6379623151615,0.40580977472487345
2024-09-01 14:18:49.236,OnTrack,8877.798631993468,15547.200130564735,1951.5885119563736,car,0 days 00:00:36.200000,0 days 02:11:05.317000,11109.0,234.0,6,100.0,False,0,2332.6166666666663,0.4070275164742971
2024-09-01 14:18:49.429,OnTrack,8996.0,15592.0,1951.0,pos,0 days 00:00:36.393000,0 days 02:11:05.510000,11253.060666514286,236.75714194285715,6,100.0,False,0,2345.3472643617206,0.4092489288636958
2024-09-01 14:18:49.516,OnTrack,9050.381217577087,15612.02284710888,1950.4729262100825,car,0 days 00:00:36.480000,0 days 02:11:05.597000,11318.0,238.0,6,100.0,False,0,2351.127777777777,0.4102575935334231
2024-09-01 14:18:49.609,OnTrack,9109.0,15633.0,1950.0,pos,0 days 00:00:36.573000,0 days 02:11:05.690000,11365.274967466667,239.1624992,6,100.0,False,0,2357.3279603034903,0.41133948792747066
2024-09-01 14:18:49.756,OnTrack,9202.039705326471,15664.808726829518,1949.984985070823,car,0 days 00:00:36.720000,0 days 02:11:05.837000,11440.0,241.0,6,100.0,False,0,2367.1944444444434,0.4130611298044294
2024-09-01 14:18:49.789,OnTrack,9223.0,15672.0,1950.0,pos,0 days 00:00:36.753000,0 days 02:11:05.870000,11454.8499712,241.65999872,6,100.0,False,0,2369.425600575988,0.4134504530704706
2024-09-01 14:18:49.956,OnTrack,9329.633737798355,15709.13174872496,1949.9845572756592,car,0 days 00:00:36.920000,0 days 02:11:06.037000,11530.0,245.0,6,100.0,False,0,2380.8055555555547,0.4154361864655516
2024-09-01 14:18:49.969,OnTrack,9338.0,15712.0,1950.0,pos,0 days 00:00:36.933000,0 days 02:11:06.050000,11533.43569737143,245.09285668571428,6,100.0,False,0,2381.6971597839306,0.4155917660170226
2024-09-01 14:18:50.229,OnTrack,9507.0,15768.0,1950.0,pos,0 days 00:00:37.193000,0 days 02:11:06.310000,11602.149983085714,246.94999954285714,6,100.0,False,0,2399.544276828366,0.4187059801228505
2024-09-01 14:18:50.236,OnTrack,9511.55407949945,15769.494874621094,1949.9256746630244,car,0 days 00:00:37.200000,0 days 02:11:06.317000,11604.0,247.0,6,100.0,False,0,2400.016666666666,0.4187884092958212
2024-09-01 14:18:50.309,OnTrack,9559.0,15785.0,1949.0,pos,0 days 00:00:37.273000,0 days 02:11:06.390000,11424.1362688,244.3638912,6,79.72224,False,0,2404.905702905298,0.41964151658370097
2024-09-01 14:18:50.549,OnTrack,9712.0,15832.0,1948.0,pos,0 days 00:00:37.513000,0 days 02:11:06.630000,10832.802935466667,235.69722453333333,6,13.055573333333342,False,0,2420.4720463291583,0.42235774947140214
2024-09-01 14:18:50.596,OnTrack,9740.083193561146,15840.22823796521,1947.2808450459797,car,0 days 00:00:37.560000,0 days 02:11:06.677000,10717.0,234.0,6,0.0,True,0,2423.416666666666,0.42287156793118713
2024-09-01 14:18:50.709,OnTrack,9810.0,15858.0,1945.0,pos,0 days 00:00:37.673000,0 days 02:11:06.790000,10379.765816,227.2906288,6,0.0,True,0,2430.352419411831,0.4240818148847847
2024-09-01 14:18:50.916,OnTrack,9977.89160225221,15879.217452193596,1942.5653003903456,car,0 days 00:00:37.880000,0 days 02:11:06.997000,9762.0,215.0,6,0.0,True,0,2442.5277777777774,0.4262063413655791
2024-09-01 14:18:51.009,OnTrack,10049.0,15883.0,1942.0,pos,0 days 00:00:37.973000,0 days 02:11:07.090000,9618.182241828572,209.68571794285714,6,0.0,True,0,2447.772792281108,0.42712156471010454
2024-09-01 14:18:51.196,OnTrack,10158.66840643383,15878.779477853197,1941.526601477736,car,0 days 00:00:38.160000,0 days 02:11:07.277000,9329.0,199.0,6,0.0,True,0,2458.005555555555,0.42890712008308374
2024-09-01 14:18:51.476,OnTrack,10269.737905882852,15852.501944526064,1941.0783652814357,car,0 days 00:00:38.440000,0 days 02:11:07.557000,10254.0,193.0,5,7.0,True,0,2473.016666666666,0.43152646828649277
2024-09-01 14:18:51.490,OnTrack,10275.0,15851.0,1941.0,pos,0 days 00:00:38.454000,0 days 02:11:07.571000,10247.7000576,192.86000128,5,7.20999808,True,0,2473.762692227453,0.4316566452399428
2024-09-01 14:18:51.676,OnTrack,10343.75338144407,15828.972109654813,1939.509102794528,car,0 days 00:00:38.640000,0 days 02:11:07.757000,10164.0,191.0,5,10.0,True,0,2483.6277777777773,0.43337804307128597
2024-09-01 14:18:51.750,OnTrack,10373.0,15817.0,1939.0,pos,0 days 00:00:38.714000,0 days 02:11:07.831000,10037.08978048,189.51999744,5,11.11000192,True,0,2487.504010921043,0.43405442233759445
2024-09-01 14:18:51.876,OnTrack,10427.292073867542,15790.686343368474,1938.4992107106902,car,0 days 00:00:38.840000,0 days 02:11:07.957000,9821.0,187.0,5,13.0,True,0,2494.0166666666664,0.4351908414207956
2024-09-01 14:18:52.090,OnTrack,10523.0,15733.0,1938.0,pos,0 days 00:00:39.054000,0 days 02:11:08.171000,9704.191736533334,181.65000320000001,5,20.13332906666667,True,0,2504.787979658503,0.43707037046596003
2024-09-01 14:18:52.116,OnTrack,10533.771636351126,15725.379984139032,1937.8833854281465,car,0 days 00:00:39.080000,0 days 02:11:08.197000,9690.0,181.0,5,21.0,False,0,2506.083333333333,0.43729640185669655
2024-09-01 14:18:52.310,OnTrack,10608.0,15664.0,1937.0,pos,0 days 00:00:39.274000,0 days 02:11:08.391000,9803.3688248,179.7874992,5,35.550009599999996,False,0,2515.6998684726645,0.43897442914287016
2024-09-01 14:18:52.370,OnTrack,10629.0,15643.0,1937.0,pos,0 days 00:00:39.334000,0 days 02:11:08.451000,9838.4311752,179.4125008,5,40.0499904,False,0,2518.685629975352,0.43949542648743606
2024-09-01 14:18:52.436,OnTrack,10651.530259442963,15618.826583092863,1937.0585238416156,car,0 days 00:00:39.400000,0 days 02:11:08.517000,9877.0,179.0,5,45.0,False,0,2521.994444444444,0.44007279462300425
2024-09-01 14:18:52.710,OnTrack,10736.0,15511.0,1937.0,pos,0 days 00:00:39.674000,0 days 02:11:08.791000,10144.1501248,182.7363653818182,5,58.7000064,False,0,2535.998823417303,0.4425164741501823
2024-09-01 14:18:52.876,OnTrack,10777.931677517601,15438.571563361904,1936.0068564444803,car,0 days 00:00:39.840000,0 days 02:11:08.957000,10306.0,185.0,5,67.0,False,0,2544.6055555555554,0.4440182969131134
2024-09-01 14:18:52.890,OnTrack,10782.0,15430.0,1936.0,pos,0 days 00:00:39.854000,0 days 02:11:08.971000,10319.499876571428,185.19999817142858,5,67.24999771428571,False,0,2545.33349954437,0.4441453187414891
2024-09-01 14:18:53.070,OnTrack,10839.0,15294.0,1937.0,pos,0 days 00:00:40.034000,0 days 02:11:09.151000,10493.071552,187.77143039999999,5,70.464288,False,0,2554.733541144812,0.4457855692130123
2024-09-01 14:18:53.156,OnTrack,10856.19374212554,15248.255937971147,1937.0967933446063,car,0 days 00:00:40.120000,0 days 02:11:09.237000,10576.0,189.0,5,72.0,False,0,2559.305555555555,0.4465833581071253
2024-09-01 14:18:53.410,OnTrack,10876.0,15168.0,1936.0,pos,0 days 00:00:40.374000,0 days 02:11:09.491000,10963.3498048,195.34999679999999,5,87.87499199999999,False,0,2573.222967142702,0.449011862350886
2024-09-01 14:18:53.556,OnTrack,10891.565052024767,15091.36254504469,1935.9032426875033,car,0 days 00:00:40.520000,0 days 02:11:09.637000,11186.0,199.0,5,97.0,False,0,2581.4166666666665,0.4504416134178462
2024-09-01 14:18:53.670,OnTrack,10904.0,15024.0,1936.0,pos,0 days 00:00:40.634000,0 days 02:11:09.751000,11187.4250016,203.2750048,5,99.1375024,False,0,2587.8862637639636,0.45157051902704143
2024-09-01 14:18:53.716,OnTrack,10908.41871796916,14997.355016503097,1936.0445503244318,car,0 days 00:00:40.680000,0 days 02:11:09.797000,11188.0,205.0,5,100.0,False,0,2590.5277777777774,0.4520314472644749
2024-09-01 14:18:53.870,OnTrack,10921.0,14909.0,1936.0,pos,0 days 00:00:40.834000,0 days 02:11:09.951000,10414.904128674048,209.6432184464021,5,100.0,False,0,2599.5267094001183,0.4536017064680146
2024-09-01 14:18:53.915,OnTrack,10924.18614512566,14882.703230423645,1935.818055099302,car,0 days 00:00:40.879000,0 days 02:11:09.996000,10189.0,211.0,5,100.0,False,0,2602.1913888888885,0.4540666769408802
2024-09-01 14:18:54.070,OnTrack,10934.0,14790.0,1935.0,pos,0 days 00:00:41.034000,0 days 02:11:10.151000,10562.9376544,215.843752,5,100.0,False,0,2611.4872668839525,0.4556887514925406
2024-09-01 14:18:54.075,OnTrack,10934.306591474722,14786.952279932033,1934.988996255228,car,0 days 00:00:41.039000,0 days 02:11:10.156000,10575.0,216.0,6,100.0,False,0,2611.791388888889,0.455741818945133
2024-09-01 14:18:54.310,OnTrack,10948.0,14642.0,1935.0,pos,0 days 00:00:41.274000,0 days 02:11:10.391000,10801.607204571428,222.71428754285714,6,100.0,False,0,2626.3839400187203,0.45828813096042315
2024-09-01 14:18:54.355,OnTrack,10950.308786925034,14614.990638142772,1934.705699125807,car,0 days 00:00:41.319000,0 days 02:11:10.436000,10845.0,224.0,6,100.0,False,0,2629.2136111111113,0.4587818914713694
2024-09-01 14:18:54.530,OnTrack,10959.0,14503.0,1933.0,pos,0 days 00:00:41.494000,0 days 02:11:10.611000,10851.12499328,227.49999616,6,100.0,False,0,2640.284438914215,0.46071368404166396
2024-09-01 14:18:54.555,OnTrack,10960.40114569195,14483.643518831557,1932.873161313746,car,0 days 00:00:41.519000,0 days 02:11:10.636000,10852.0,228.0,6,100.0,False,0,2641.880277777778,0.4609921482825361
2024-09-01 14:18:54.790,OnTrack,10974.0,14284.0,1933.0,pos,0 days 00:00:41.754000,0 days 02:11:10.871000,10977.333367466666,232.89583466666667,6,100.0,False,0,2657.086242076191,0.46364549718997766
2024-09-01 14:18:54.795,OnTrack,10974.221450528963,14280.519816721628,1933.0059675208838,car,0 days 00:00:41.759000,0 days 02:11:10.876000,10980.0,233.0,6,100.0,False,0,2657.413611111111,0.4637026211088617
2024-09-01 14:18:55.190,OnTrack,10987.0,14074.0,1933.0,pos,0 days 00:00:42.154000,0 days 02:11:11.271000,11255.51254464,238.92500096,6,100.0,False,0,2683.6362421651465,0.46827831181101126
2024-09-01 14:18:55.195,OnTrack,10987.303033308606,14070.050162739602,1932.9988386942478,car,0 days 00:00:42.159000,0 days 02:11:11.276000,11259.0,239.0,6,100.0,False,0,2683.9691666666668,0.46833640512525515
2024-09-01 14:18:55.355,OnTrack,10999.392810394165,13920.489522537559,1932.9837151967808,car,0 days 00:00:42.319000,0 days 02:11:11.436000,11345.0,240.0,6,100.0,False,0,2694.6358333333337,0.4701976740188693
2024-09-01 14:18:55.410,OnTrack,11003.0,13877.0,1933.0,pos,0 days 00:00:42.374000,0 days 02:11:11.491000,11384.537237531613,240.7829155946854,6,100.0,False,0,2698.332895948879,0.47084278911049976
2024-09-01 14:18:55.636,OnTrack,11011.580457932323,13778.280538472894,1933.100856246661,car,0 days 00:00:42.600000,0 days 02:11:11.717000,11547.0,244.0,6,100.0,False,0,2713.681388888889,0.47352100840485256
2024-09-01 14:18:55.689,OnTrack,11014.0,13753.0,1933.0,pos,0 days 00:00:42.653000,0 days 02:11:11.770000,11560.691650133333,244.44166613333334,6,100.0,False,0,2717.2960912144054,0.47415175212342986
2024-09-01 14:18:55.876,OnTrack,11026.296115632214,13628.031302298195,1932.1708435571682,car,0 days 00:00:42.840000,0 days 02:11:11.957000,11609.0,246.0,6,100.0,False,0,2730.0813888888893,0.4763827093287843
2024-09-01 14:18:55.929,OnTrack,11030.0,13590.0,1932.0,pos,0 days 00:00:42.893000,0 days 02:11:12.010000,11553.570900266666,246.0,6,86.0875168,False,0,2733.7130200673837,0.4770164070299353
2024-09-01 14:18:56.116,OnTrack,11042.215867280851,13461.252514741762,1931.9691782314653,car,0 days 00:00:43.080000,0 days 02:11:12.197000,11358.0,246.0,6,37.0,False,0,2746.481388888889,0.4792444102527159
2024-09-01 14:18:56.209,OnTrack,11048.0,13400.0,1932.0,pos,0 days 00:00:43.173000,0 days 02:11:12.290000,11042.187717333334,242.12500266666666,6,22.662509866666667,False,0,2752.727130289989,0.48033425439528704
2024-09-01 14:18:56.309,OnTrack,11054.0,13336.0,1932.0,pos,0 days 00:00:43.273000,0 days 02:11:12.390000,10702.604384,237.958336,6,7.2458431999999995,False,0,2759.272898642008,0.4814764514282636
2024-09-01 14:18:56.356,OnTrack,11056.544595851627,13306.56179157463,1932.1239494665724,car,0 days 00:00:43.320000,0 days 02:11:12.437000,10543.0,236.0,6,0.0,True,0,2762.2147222222225,0.4819897818707968
2024-09-01 14:18:56.569,OnTrack,11065.0,13179.0,1933.0,pos,0 days 00:00:43.533000,0 days 02:11:12.650000,10266.543833066668,217.3625056,6,0.0,True,0,2774.42364811679,0.4841201656825466
2024-09-01 14:18:56.749,OnTrack,11067.0,13080.0,1932.0,pos,0 days 00:00:43.713000,0 days 02:11:12.830000,10032.918833066668,201.6125056,6,0.0,True,0,2783.6936042282687,0.4857377170221213
2024-09-01 14:18:56.836,OnTrack,11066.283657249012,13033.880148773922,1931.4087930918186,car,0 days 00:00:43.800000,0 days 02:11:12.917000,9920.0,194.0,6,0.0,True,0,2788.081388888889,0.48650335893781094
2024-09-01 14:18:57.049,OnTrack,11059.0,12926.0,1930.0,pos,0 days 00:00:44.013000,0 days 02:11:13.130000,9611.1500928,184.41500288,6,0.0,True,0,2798.585385603784,0.48833624290756644
2024-09-01 14:18:57.229,OnTrack,11045.0,12842.0,1929.0,pos,0 days 00:00:44.193000,0 days 02:11:13.310000,9350.1500928,176.31500288,6,0.0,True,0,2807.2993494219554,0.48985677695083285
2024-09-01 14:18:57.236,OnTrack,11044.31315459533,12838.8226875367,1928.9865173491066,car,0 days 00:00:44.200000,0 days 02:11:13.317000,9340.0,176.0,5,0.0,True,0,2807.6369444444445,0.4899156852427701
2024-09-01 14:18:57.369,OnTrack,11028.0,12778.0,1929.0,pos,0 days 00:00:44.333000,0 days 02:11:13.450000,9224.7333888,173.7833344,5,3.8791648,True,0,2814.0323337618397,0.49103164204267824
2024-09-01 14:18:57.476,OnTrack,11006.310966703066,12723.688353164664,1928.7138384031296,car,0 days 00:00:44.440000,0 days 02:11:13.557000,9132.0,172.0,5,7.0,False,0,2819.1036111111107,0.4919165493034052
2024-09-01 14:18:57.649,OnTrack,10962.0,12637.0,1928.0,pos,0 days 00:00:44.613000,0 days 02:11:13.730000,9160.1124896,168.97250112,5,24.2999936,False,0,2827.0880856781214,0.4933097918793518
2024-09-01 14:18:57.876,OnTrack,10909.19961292607,12560.371696717226,1928.1091757360175,car,0 days 00:00:44.840000,0 days 02:11:13.957000,9197.0,165.0,5,47.0,False,0,2837.436944444444,0.49511560521430453
2024-09-01 14:18:58.070,OnTrack,10858.0,12507.0,1929.0,pos,0 days 00:00:45.034000,0 days 02:11:14.151000,9179.216654933334,167.4250016,5,51.8500032,False,0,2846.472519722853,0.4966922585144556
2024-09-01 14:18:58.116,OnTrack,10843.695008955538,12493.382288234086,1929.2978444897244,car,0 days 00:00:45.080000,0 days 02:11:14.197000,9175.0,168.0,5,53.0,False,0,2848.636944444444,0.4970699375525993
2024-09-01 14:18:58.230,OnTrack,10802.0,12457.0,1930.0,pos,0 days 00:00:45.194000,0 days 02:11:14.311000,9556.9004288,170.1375024,5,62.9750112,False,0,2854.0359026167416,0.4980120231373513
2024-09-01 14:18:58.276,OnTrack,10780.860325757247,12440.553768976997,1930.1481666182733,car,0 days 00:00:45.240000,0 days 02:11:14.357000,9711.0,171.0,5,67.0,False,0,2856.2369444444444,0.49839609163929943
2024-09-01 14:18:58.470,OnTrack,10673.0,12366.0,1930.0,pos,0 days 00:00:45.434000,0 days 02:11:14.551000,10036.92021504,174.88000256,5,75.73000576,False,0,2865.694060252069,0.500046301215178
2024-09-01 14:18:58.676,OnTrack,10560.224248424103,12300.560722791184,1929.0585162890318,car,0 days 00:00:45.640000,0 days 02:11:14.757000,10383.0,179.0,5,85.0,False,0,2876.125833333333,0.5018665825971841
2024-09-01 14:18:58.890,OnTrack,10462.0,12250.0,1928.0,pos,0 days 00:00:45.854000,0 days 02:11:14.971000,10776.75976448,187.0249952,5,93.0249952,False,0,2887.480881354258,0.5038479698784505
2024-09-01 14:18:59.076,OnTrack,10403.166876919106,12220.11814403341,1927.6159223076638,car,0 days 00:00:46.040000,0 days 02:11:15.157000,11119.0,194.0,5,100.0,False,0,2897.6813888888887,0.5056278968196959
2024-09-01 14:18:59.236,OnTrack,10348.946433575922,12192.970608961135,1927.0824923178236,car,0 days 00:00:46.200000,0 days 02:11:15.317000,11067.0,202.0,5,100.0,False,0,2906.659166666667,0.5071944648051545
2024-09-01 14:18:59.250,OnTrack,10343.0,12190.0,1927.0,pos,0 days 00:00:46.214000,0 days 02:11:15.331000,11042.1502272,202.41999616,5,100.0,False,0,2907.45885094214,0.507334004880153
2024-09-01 14:18:59.390,OnTrack,10271.0,12154.0,1926.0,pos,0 days 00:00:46.354000,0 days 02:11:15.471000,10793.6497728,206.62000384,5,100.0,False,0,2915.5970484581626,0.5087540711820274
2024-09-01 14:18:59.636,OnTrack,10082.016062651497,12058.409502466986,1925.1693909220799,car,0 days 00:00:46.600000,0 days 02:11:15.717000,10357.0,214.0,6,100.0,False,0,2930.4369444444446,0.5113435433805026
2024-09-01 14:18:59.690,OnTrack,10048.0,12041.0,1925.0,pos,0 days 00:00:46.654000,0 days 02:11:15.771000,10420.553695507693,215.55768861538462,6,100.0,False,0,2933.7682777403897,0.5119248409153154
2024-09-01 14:19:00.030,OnTrack,9926.0,11976.0,1924.0,pos,0 days 00:00:46.994000,0 days 02:11:16.111000,10820.707842953847,225.3653883076923,6,100.0,False,0,2955.321494058154,0.5156857469549646
2024-09-01 14:19:00.156,OnTrack,9862.04240611842,11941.45244046076,1924.5672787317633,car,0 days 00:00:47.120000,0 days 02:11:16.237000,10969.0,229.0,6,100.0,False,0,2963.514722222222,0.5171154157724706
2024-09-01 14:19:00.250,OnTrack,9802.0,11909.0,1925.0,pos,0 days 00:00:47.214000,0 days 02:11:16.331000,11078.74485056,231.58499648,6,100.0,False,0,2969.6921451638837,0.5181933387565967
2024-09-01 14:19:00.550,OnTrack,9580.0,11789.0,1925.0,pos,0 days 00:00:47.514000,0 days 02:11:16.631000,11428.99514944,239.83500352,6,100.0,False,0,2989.7741899641915,0.5216975342541259
2024-09-01 14:19:00.556,OnTrack,9576.81389181893,11787.30362680057,1924.9985099907726,car,0 days 00:00:47.520000,0 days 02:11:16.637000,11436.0,240.0,6,100.0,False,0,2990.181388888889,0.5217685880065058
2024-09-01 14:19:00.790,OnTrack,9483.0,11738.0,1925.0,pos,0 days 00:00:47.754000,0 days 02:11:16.871000,10890.652567390107,246.85355839904713,6,100.0,False,0,3006.2328042866475,0.5245694630232239
2024-09-01 14:19:00.795,OnTrack,9480.335785332501,11736.567139663697,1924.994516349842,car,0 days 00:00:47.759000,0 days 02:11:16.876000,10879.0,247.0,6,100.0,False,0,3006.5794444444446,0.5246299496366288
2024-09-01 14:19:01.115,OnTrack,9235.531697049657,11601.905287571048,1924.1184137952307,car,0 days 00:00:48.079000,0 days 02:11:17.196000,10544.0,253.0,7,100.0,False,0,3029.0683333333336,0.5285541248873319
2024-09-01 14:19:01.170,OnTrack,9200.0,11582.0,1924.0,pos,0 days 00:00:48.134000,0 days 02:11:17.251000,10569.02491264,254.3749952,7,100.0,False,0,3032.986314824699,0.5292377889881726
2024-09-01 14:19:01.315,OnTrack,9131.340518521421,11542.817101951014,1923.8343570957963,car,0 days 00:00:48.279000,0 days 02:11:17.396000,10635.0,258.0,7,100.0,False,0,3043.401666666667,0.5310552049631259
2024-09-01 14:19:01.490,OnTrack,9049.0,11495.0,1924.0,pos,0 days 00:00:48.454000,0 days 02:11:17.571000,10787.329378327273,261.1818146909091,7,100.0,False,0,3056.1932968926876,0.533287267160467
2024-09-01 14:19:01.755,OnTrack,8830.191865909897,11369.911424214784,1924.9610677658166,car,0 days 00:00:48.719000,0 days 02:11:17.836000,11018.0,266.0,7,100.0,False,0,3075.912777777778,0.5367281974451206
2024-09-01 14:19:01.770,OnTrack,8818.0,11363.0,1925.0,pos,0 days 00:00:48.734000,0 days 02:11:17.851000,11024.721907444822,266.31119941874175,7,100.0,False,0,3077.0357364581187,0.5369241469507954
2024-09-01 14:19:01.996,OnTrack,8657.171732066638,11272.787255226855,1925.1543838892094,car,0 days 00:00:48.960000,0 days 02:11:18.077000,11126.0,271.0,7,100.0,False,0,3094.0547222222226,0.5398938571511318
2024-09-01 14:19:02.189,OnTrack,8527.0,11200.0,1925.0,pos,0 days 00:00:49.153000,0 days 02:11:18.270000,11205.880529066666,273.6805546666667,7,100.0,False,0,3108.7887016667432,0.5424648475529351
2024-09-01 14:19:02.356,OnTrack,8402.337756856541,11129.537357382354,1924.8840829625801,car,0 days 00:00:49.320000,0 days 02:11:18.437000,11275.0,276.0,7,100.0,False,0,3121.6547222222225,0.5447098904133583
2024-09-01 14:19:02.516,OnTrack,8285.836323322803,11063.328366962749,1924.8893103569944,car,0 days 00:00:49.480000,0 days 02:11:18.597000,11515.0,279.0,7,100.0,False,0,3134.054722222222,0.5468736155021846
2024-09-01 14:19:02.589,OnTrack,8243.0,11039.0,1925.0,pos,0 days 00:00:49.553000,0 days 02:11:18.670000,11554.6937152,279.9124992,7,100.0,False,0,3139.7388830315654,0.5478654672241281
2024-09-01 14:19:02.676,OnTrack,8200.729953464452,11015.014477253593,1925.2230976087421,car,0 days 00:00:49.640000,0 days 02:11:18.757000,11602.0,281.0,7,100.0,False,0,3146.543611111111,0.5490528511651245
2024-09-01 14:19:02.929,OnTrack,8092.0,10953.0,1926.0,pos,0 days 00:00:49.893000,0 days 02:11:19.010000,11658.0214144,284.6142848,7,100.0,False,0,3166.5602464132444,0.5525456331003756
2024-09-01 14:19:02.956,OnTrack,8075.70224850366,10943.619805232393,1926.0296266202076,car,0 days 00:00:49.920000,0 days 02:11:19.037000,11664.0,285.0,7,100.0,False,0,3168.710277777778,0.5529208005846664
2024-09-01 14:19:03.129,OnTrack,7954.0,10873.0,1926.0,pos,0 days 00:00:50.093000,0 days 02:11:19.210000,11842.18993408,287.59499904,7,100.0,False,0,3182.540707202538,0.5553341269665694
2024-09-01 14:19:03.156,OnTrack,7934.978351565313,10861.788617977067,1925.9837112337445,car,0 days 00:00:50.120000,0 days 02:11:19.237000,11870.0,288.0,7,100.0,False,0,3184.7102777777777,0.5557127039250874
2024-09-01 14:19:03.329,OnTrack,7816.0,10790.0,1926.0,pos,0 days 00:00:50.293000,0 days 02:11:19.410000,10965.354501333333,290.1624992,7,100.0,False,0,3198.6847209190087,0.5581511598304955
2024-09-01 14:19:03.396,OnTrack,7769.723096520742,10760.992822199025,1926.2079561265189,car,0 days 00:00:50.360000,0 days 02:11:19.477000,10615.0,291.0,7,100.0,False,0,3204.110277777778,0.5590978867253482
2024-09-01 14:19:03.549,OnTrack,7666.0,10694.0,1927.0,pos,0 days 00:00:50.513000,0 days 02:11:19.630000,10447.65632,291.9562496,7,100.0,False,0,3216.5178692496897,0.5612629364801615
2024-09-01 14:19:03.556,OnTrack,7661.480679612018,10691.031985210502,1927.0377919064645,car,0 days 00:00:50.520000,0 days 02:11:19.637000,10440.0,292.0,8,100.0,False,0,3217.088055555556,0.5613624305459121
2024-09-01 14:19:03.789,OnTrack,7505.0,10583.0,1928.0,pos,0 days 00:00:50.753000,0 days 02:11:19.870000,10583.128532114286,295.32857051428573,8,99.16785737142857,False,0,3236.2234923431174,0.5647014486638877
2024-09-01 14:19:03.836,OnTrack,7462.804253087019,10551.587889397713,1927.9679779518995,car,0 days 00:00:50.800000,0 days 02:11:19.917000,10612.0,296.0,8,99.0,False,0,3240.110277777778,0.5653796692412958
2024-09-01 14:19:04.029,OnTrack,7274.0,10406.0,1927.0,pos,0 days 00:00:50.993000,0 days 02:11:20.110000,10691.6124736,297.92999936,8,99.48249984,False,0,3256.145944184155,0.568177796154161
2024-09-01 14:19:04.236,OnTrack,7163.0299644918,10315.111767887724,1925.025674160202,car,0 days 00:00:51.200000,0 days 02:11:20.317000,10777.0,300.0,8,100.0,False,0,3273.4436111111117,0.57119613453384
2024-09-01 14:19:04.396,OnTrack,7097.048971324068,10259.57598411003,1923.318688394902,car,0 days 00:00:51.360000,0 days 02:11:20.477000,10810.0,302.0,8,100.0,False,0,3286.8658333333337,0.573538231224971
2024-09-01 14:19:04.429,OnTrack,7079.0,10245.0,1923.0,pos,0 days 00:00:51.393000,0 days 02:11:20.510000,10822.53997568,302.32999936,8,100.0,False,0,3289.645808366119,0.5740233200737411
2024-09-01 14:19:04.596,OnTrack,6969.377353229924,10157.675541422816,1921.23713850439,car,0 days 00:00:51.560000,0 days 02:11:20.677000,10886.0,304.0,8,100.0,False,0,3303.754722222223,0.5764852403065267
2024-09-01 14:19:04.610,OnTrack,6960.0,10150.0,1921.0,pos,0 days 00:00:51.574000,0 days 02:11:20.691000,10889.1499712,304.0,8,100.0,False,0,3304.9363572593006,0.5766914284819753
2024-09-01 14:19:04.756,OnTrack,6865.913024764623,10070.121737557334,1917.663621542683,car,0 days 00:00:51.720000,0 days 02:11:20.837000,10922.0,304.0,8,100.0,False,0,3317.265833333334,0.5788428475717713
2024-09-01 14:19:04.790,OnTrack,6845.0,10052.0,1917.0,pos,0 days 00:00:51.754000,0 days 02:11:20.871000,10937.0875568,304.6375024,8,100.0,False,0,3320.153554660264,0.5793467374979502
2024-09-01 14:19:04.916,OnTrack,6770.497332961836,9986.937220064503,1915.5016052749506,car,0 days 00:00:51.880000,0 days 02:11:20.997000,10993.0,307.0,8,100.0,False,0,3330.9102777777784,0.5812237206981861
2024-09-01 14:19:05.010,OnTrack,6703.0,9928.0,1914.0,pos,0 days 00:00:51.974000,0 days 02:11:21.091000,11028.249952,307.93999872,8,100.0,False,0,3338.965559834629,0.5826293187533458
2024-09-01 14:19:05.116,OnTrack,6602.4904607606895,9840.685801325617,1910.8007079574081,car,0 days 00:00:52.080000,0 days 02:11:21.197000,11068.0,309.0,8,100.0,False,0,3348.076944444445,0.5842192003238462
2024-09-01 14:19:05.250,OnTrack,6468.0,9724.0,1906.0,pos,0 days 00:00:52.214000,0 days 02:11:21.331000,11098.708304,310.1166656,8,100.0,False,0,3359.6370035822633,0.5862363608064926
2024-09-01 14:19:05.356,OnTrack,6384.2693722287695,9651.142038663978,1903.0786390796384,car,0 days 00:00:52.320000,0 days 02:11:21.437000,11123.0,311.0,8,100.0,False,0,3368.8102777777785,0.5878370417358086
2024-09-01 14:19:05.630,OnTrack,6232.0,9518.0,1898.0,pos,0 days 00:00:52.594000,0 days 02:11:21.711000,11101.471418514286,312.95714377142855,8,100.0,False,0,3392.631035510485,0.5919936200536403
2024-09-01 14:19:05.636,OnTrack,6228.920791606694,9515.308520895742,1897.8978474780597,car,0 days 00:00:52.600000,0 days 02:11:21.717000,11101.0,313.0,8,100.0,False,0,3393.154722222223,0.5920850002211301
2024-09-01 14:19:05.796,OnTrack,6148.818539092139,9445.348759378167,1895.237003771922,car,0 days 00:00:52.760000,0 days 02:11:21.877000,11221.0,315.0,8,100.0,False,0,3407.1547222222225,0.5945279156439985
2024-09-01 14:19:06.076,OnTrack,6001.106452967668,9317.175283855015,1890.6016831258462,car,0 days 00:00:53.040000,0 days 02:11:22.157000,11339.0,317.0,8,100.0,False,0,3431.810277777778,0.5988301611387169
2024-09-01 14:19:06.110,OnTrack,5980.0,9299.0,1890.0,pos,0 days 00:00:53.074000,0 days 02:11:22.191000,11348.118216145454,317.23181905454544,8,100.0,False,0,3434.817313567797,0.5993548707178994
2024-09-01 14:19:06.270,OnTrack,5873.0,9207.0,1887.0,pos,0 days 00:00:53.234000,0 days 02:11:22.351000,11391.027307054546,318.32272814545456,8,100.0,False,0,3449.0059045544167,0.6018306941286128
2024-09-01 14:19:06.510,OnTrack,5712.0,9067.0,1882.0,pos,0 days 00:00:53.474000,0 days 02:11:22.591000,11455.390943418182,319.9590917818182,8,100.0,False,0,3470.385746939212,0.6055613474643495
2024-09-01 14:19:06.516,OnTrack,5707.971672818427,9063.48594364817,1881.8956254170037,car,0 days 00:00:53.480000,0 days 02:11:22.597000,11457.0,320.0,8,100.0,False,0,3470.921388888889,0.6056548137486353
2024-09-01 14:19:06.710,OnTrack,5578.0,8950.0,1879.0,pos,0 days 00:00:53.674000,0 days 02:11:22.791000,11472.15626,321.2125008,8,100.0,False,0,3488.2698566091044,0.608682016559839
2024-09-01 14:19:06.836,OnTrack,5495.622304384675,8877.943483721501,1876.7729151939939,car,0 days 00:00:53.800000,0 days 02:11:22.917000,11482.0,322.0,8,100.0,False,0,3499.543611111111,0.6106492186131665
2024-09-01 14:19:06.910,OnTrack,5443.0,8832.0,1876.0,pos,0 days 00:00:53.874000,0 days 02:11:22.991000,11500.13003136,322.0,8,100.0,False,0,3506.1605124377593,0.6118038279204856
2024-09-01 14:19:07.036,OnTrack,5340.515921282276,8742.803478296095,1876.422497935893,car,0 days 00:00:54,0 days 02:11:23.117000,11531.0,322.0,8,100.0,False,0,3517.4325000000003,0.6137707216534986
2024-09-01 14:19:07.130,OnTrack,5267.0,8679.0,1877.0,pos,0 days 00:00:54.094000,0 days 02:11:23.211000,11539.616654933334,322.39166613333333,8,100.0,False,0,3525.8612395759865,0.615241485789607
2024-09-01 14:19:07.276,OnTrack,5175.860784692994,8600.237226636254,1876.7850201741267,car,0 days 00:00:54.240000,0 days 02:11:23.357000,11553.0,323.0,8,100.0,False,0,3538.9658333333336,0.6175281582324821
2024-09-01 14:19:07.475,OnTrack,5066.826391823048,8506.191772987408,1875.6648419144537,car,0 days 00:00:54.439000,0 days 02:11:23.556000,11559.0,323.0,8,100.0,False,0,3556.8205555555555,0.6206436993958891
2024-09-01 14:19:07.550,OnTrack,5008.0,8455.0,1876.0,pos,0 days 00:00:54.514000,0 days 02:11:23.631000,11594.6250304,323.9375008,8,100.0,False,0,3563.581975230788,0.6218235262819686
2024-09-01 14:19:07.635,OnTrack,4927.963994343731,8385.117015366577,1876.9556000775178,car,0 days 00:00:54.599000,0 days 02:11:23.716000,11635.0,325.0,8,100.0,False,0,3571.265,0.6231641676893249
2024-09-01 14:19:07.710,OnTrack,4858.0,8324.0,1878.0,pos,0 days 00:00:54.674000,0 days 02:11:23.791000,11641.634621046154,325.2884617846154,8,100.0,False,0,3578.0545205804287,0.6243488980135973
2024-09-01 14:19:08.150,OnTrack,4598.0,8098.0,1883.0,pos,0 days 00:00:55.114000,0 days 02:11:24.231000,11680.55769796923,326.98076947692306,8,100.0,False,0,3618.0430949981346,0.6313266626695643
2024-09-01 14:19:08.155,OnTrack,4594.747083714354,8095.165494184595,1883.0517171803558,car,0 days 00:00:55.119000,0 days 02:11:24.236000,11681.0,327.0,8,100.0,False,0,3618.4983333333334,0.6314060990088599
2024-09-01 14:19:08.315,OnTrack,4483.60274173322,7998.320139500894,1884.7978238798653,car,0 days 00:00:55.279000,0 days 02:11:24.396000,11681.0,328.0,8,100.0,False,0,3633.0761111111115,0.6339498331634659
2024-09-01 14:19:08.330,OnTrack,4474.0,7990.0,1885.0,pos,0 days 00:00:55.294000,0 days 02:11:24.411000,11683.368391156722,328.04155072204776,8,100.0,False,0,3634.4443742125263,0.6341885868086793
2024-09-01 14:19:08.490,OnTrack,4364.0,7895.0,1888.0,pos,0 days 00:00:55.454000,0 days 02:11:24.571000,11708.631553530247,328.48476409702187,8,100.0,False,0,3649.059454912064,0.6367388300977771
2024-09-01 14:19:08.670,OnTrack,4120.0,7682.0,1894.0,pos,0 days 00:00:55.634000,0 days 02:11:24.751000,11737.052651621523,328.9833798530092,8,100.0,False,0,3665.519023542935,0.6396109253879284
2024-09-01 14:19:08.676,OnTrack,4113.270942854701,7676.126810585077,1894.170142402577,car,0 days 00:00:55.640000,0 days 02:11:24.757000,11738.0,329.0,8,100.0,False,0,3666.0675,0.6397066312162173
2024-09-01 14:19:08.876,OnTrack,3999.064579950569,7576.916146926054,1897.549676697738,car,0 days 00:00:55.840000,0 days 02:11:24.957000,11743.0,329.0,8,100.0,False,0,3684.345277777778,0.6428959930182956
2024-09-01 14:19:09.036,OnTrack,3956.154952073206,7540.022033434439,1898.0292951755962,car,0 days 00:00:56,0 days 02:11:25.117000,11776.0,329.0,8,100.0,False,0,3698.9674999999997,0.6454474824599582
2024-09-01 14:19:09.069,OnTrack,3940.0,7526.0,1898.0,pos,0 days 00:00:56.033000,0 days 02:11:25.150000,11793.531216,329.1031248,8,100.0,False,0,3701.986122591785,0.6459742138660505
2024-09-01 14:19:09.269,OnTrack,3802.0,7406.0,1898.0,pos,0 days 00:00:56.233000,0 days 02:11:25.350000,11899.781216,329.7281248,8,100.0,False,0,3720.309325215315,0.6491715020292909
2024-09-01 14:19:09.356,OnTrack,3740.871689159071,7353.199655790042,1899.7977372026417,car,0 days 00:00:56.320000,0 days 02:11:25.437000,11946.0,330.0,8,100.0,False,0,3728.3008333333332,0.6505659719173971
2024-09-01 14:19:09.449,OnTrack,3677.0,7298.0,1902.0,pos,0 days 00:00:56.413000,0 days 02:11:25.530000,11915.7750208,330.25833315555553,8,100.0,False,0,3736.8592451223462,0.6520593630712999
2024-09-01 14:19:09.709,OnTrack,3497.0,7141.0,1904.0,pos,0 days 00:00:56.673000,0 days 02:11:25.790000,11831.2750208,330.98055537777776,8,100.0,False,0,3760.761703227086,0.6562301976104812
2024-09-01 14:19:09.716,OnTrack,3492.1468339766834,7136.79359272642,1904.0711549752937,car,0 days 00:00:56.680000,0 days 02:11:25.797000,11829.0,331.0,8,100.0,False,0,3761.400833333333,0.6563417219528933
2024-09-01 14:19:09.869,OnTrack,3386.0,7045.0,1906.0,pos,0 days 00:00:56.833000,0 days 02:11:25.950000,11632.331332266667,326.85625173333335,8,68.12501333333333,False,0,3775.302700202563,0.6587675137372866
2024-09-01 14:19:10.069,OnTrack,3248.0,6924.0,1907.0,pos,0 days 00:00:57.033000,0 days 02:11:26.150000,11375.247998933333,321.43958506666667,8,26.45834666666667,False,0,3793.10721123528,0.6618742933514622
2024-09-01 14:19:10.196,OnTrack,3165.589729940908,6853.112884304525,1907.5707011240488,car,0 days 00:00:57.160000,0 days 02:11:26.277000,11212.0,318.0,8,0.0,True,0,3803.8008333333337,0.6637402658050096
2024-09-01 14:19:10.289,OnTrack,3103.0,6799.0,1908.0,pos,0 days 00:00:57.253000,0 days 02:11:26.370000,10874.358565688888,306.63334115555557,8,0.0,True,0,3811.297863793873,0.6650484523291357
2024-09-01 14:19:10.556,OnTrack,2910.1711175401156,6627.412857973858,1908.943118430695,car,0 days 00:00:57.520000,0 days 02:11:26.637000,9905.0,274.0,8,0.0,True,0,3831.200833333334,0.6685214002754808
2024-09-01 14:19:10.589,OnTrack,2892.0,6611.0,1909.0,pos,0 days 00:00:57.553000,0 days 02:11:26.670000,9925.153532342858,269.28572342857143,8,0.0,True,0,3833.4846113306294,0.6689199057391951
2024-09-01 14:19:10.836,OnTrack,2807.946759962766,6532.794609568709,1909.0041648618499,car,0 days 00:00:57.800000,0 days 02:11:26.917000,10076.0,234.0,8,0.0,True,0,3849.4008333333336,0.6716971903252098
2024-09-01 14:19:10.889,OnTrack,2791.0,6516.0,1909.0,pos,0 days 00:00:57.853000,0 days 02:11:26.970000,10164.4436432,229.031256,8,0.0,True,0,3852.5743251139425,0.6722509454691524
2024-09-01 14:19:11.156,OnTrack,2689.71309967193,6408.68670658911,1909.023241900298,car,0 days 00:00:58.120000,0 days 02:11:27.237000,10610.0,204.0,6,0.0,True,0,3867.534166666667,0.6748613474443538
2024-09-01 14:19:11.170,OnTrack,2685.0,6403.0,1909.0,pos,0 days 00:00:58.134000,0 days 02:11:27.251000,10548.54056192,203.02000896,6,0.0,True,0,3868.2905175285828,0.6749933261004734
2024-09-01 14:19:11.356,OnTrack,2633.53304741122,6331.000052328637,1908.3593159974748,car,0 days 00:00:58.320000,0 days 02:11:27.437000,9732.0,190.0,5,0.0,True,0,3878.0897222222225,0.6767032281203261
2024-09-01 14:19:11.430,OnTrack,2617.0,6303.0,1908.0,pos,0 days 00:00:58.394000,0 days 02:11:27.511000,9583.471171657144,186.2999936,5,0.2642861714285714,True,0,3881.8203256267952,0.6773541958770144
2024-09-01 14:19:11.610,OnTrack,2583.0,6228.0,1907.0,pos,0 days 00:00:58.574000,0 days 02:11:27.691000,9222.1859712,177.3000064,5,0.9071424,True,0,3890.5424172069147,0.6788761481656391
2024-09-01 14:19:11.636,OnTrack,2578.625397704215,6213.691078895855,1906.8501992769495,car,0 days 00:00:58.600000,0 days 02:11:27.717000,9170.0,176.0,5,1.0,True,0,3891.7786111111113,0.6790918565337976
2024-09-01 14:19:11.830,OnTrack,2552.0,6091.0,1906.0,pos,0 days 00:00:58.794000,0 days 02:11:27.911000,9273.92864,170.4571392,5,12.778579200000001,True,0,3900.8528855145187,0.6806752625974708
2024-09-01 14:19:11.916,OnTrack,2546.266729019636,6050.337333654959,1906.1045709282678,car,0 days 00:00:58.880000,0 days 02:11:27.997000,9320.0,168.0,5,18.0,False,0,3904.845277777778,0.6813719109284748
2024-09-01 14:19:12.170,OnTrack,2545.0,5964.0,1907.0,pos,0 days 00:00:59.134000,0 days 02:11:28.251000,9443.031188,168.0,5,44.193736799999996,False,0,3916.670615325204,0.6834353608909914
2024-09-01 14:19:12.236,OnTrack,2545.023930060484,5935.656718595361,1906.7831004290365,car,0 days 00:00:59.200000,0 days 02:11:28.317000,9475.0,168.0,5,51.0,False,0,3919.7786111111113,0.6839776873795346
2024-09-01 14:19:12.370,OnTrack,2545.0,5866.0,1906.0,pos,0 days 00:00:59.334000,0 days 02:11:28.451000,9475.0,170.5124976,5,51.8374992,False,0,3926.142968905389,0.685088229366127
2024-09-01 14:19:12.396,OnTrack,2545.0178816880566,5850.147768649719,1905.876049816711,car,0 days 00:00:59.360000,0 days 02:11:28.477000,9475.0,171.0,5,52.0,False,0,3927.3786111111112,0.6853038414662347
2024-09-01 14:19:12.636,OnTrack,2544.6546864808524,5676.666951816529,1905.1851311578318,car,0 days 00:00:59.600000,0 days 02:11:28.717000,9821.0,172.0,5,71.0,False,0,3938.845277777778,0.6873047055268698
2024-09-01 14:19:12.710,OnTrack,2543.0,5627.0,1905.0,pos,0 days 00:00:59.674000,0 days 02:11:28.791000,9974.18026496,175.33000576,5,75.44000768,False,0,3942.504908366585,0.6879432889559697
2024-09-01 14:19:12.836,OnTrack,2537.81524242324,5553.624462532347,1904.6445771662065,car,0 days 00:00:59.800000,0 days 02:11:28.917000,10235.0,181.0,5,83.0,False,0,3948.900833333333,0.6890593392234539
2024-09-01 14:19:12.996,OnTrack,2528.713967560354,5480.159212196063,1904.155236827604,car,0 days 00:00:59.960000,0 days 02:11:29.077000,10570.0,189.0,5,83.0,False,0,3957.3008333333332,0.690525088477175
2024-09-01 14:19:13.050,OnTrack,2526.0,5460.0,1904.0,pos,0 days 00:01:00.014000,0 days 02:11:29.131000,10457.6127664,190.3499968,5,80.8062552,False,0,3960.2003930035244,0.6910310441227349
2024-09-01 14:19:13.316,OnTrack,2510.4090441890403,5379.594521220204,1903.2329226095253,car,0 days 00:01:00.280000,0 days 02:11:29.397000,9904.0,197.0,5,70.0,False,0,3974.811944444444,0.6935806715775248
2024-09-01 14:19:13.370,OnTrack,2502.0,5354.0,1903.0,pos,0 days 00:01:00.334000,0 days 02:11:29.451000,9823.000192,197.6749984,5,70.3374992,False,0,3977.7929039140645,0.6941008309963306
2024-09-01 14:19:13.476,OnTrack,2477.8523084945987,5287.837604521297,1902.4270875883058,car,0 days 00:01:00.440000,0 days 02:11:29.557000,9664.0,199.0,5,71.0,False,0,3983.6563888888886,0.6951239737018132
2024-09-01 14:19:13.636,OnTrack,2427.104668172621,5159.8454499533655,1901.3942471370917,car,0 days 00:01:00.600000,0 days 02:11:29.717000,9964.0,201.0,6,74.0,False,0,3992.589722222222,0.696682786400215
2024-09-01 14:19:13.750,OnTrack,2399.0,5093.0,1901.0,pos,0 days 00:01:00.714000,0 days 02:11:29.831000,10139.071625142857,203.44285988571428,6,78.07143314285715,False,0,3999.0697017252896,0.6978135036764948
2024-09-01 14:19:13.916,OnTrack,2375.6362238116753,5045.8989622942745,1901.0714667032275,car,0 days 00:01:00.880000,0 days 02:11:29.997000,10394.0,207.0,6,84.0,False,0,4008.689722222222,0.6994921391365138
2024-09-01 14:19:14.030,OnTrack,2352.0,5013.0,1901.0,pos,0 days 00:01:00.994000,0 days 02:11:30.111000,10429.056981859574,209.33713212397163,6,88.15490155372734,False,0,4015.4198722241226,0.700666509653504
2024-09-01 14:19:14.355,OnTrack,2208.8656470271535,4831.999626229764,1899.102161833507,car,0 days 00:01:01.319000,0 days 02:11:30.436000,10529.0,216.0,6,100.0,False,0,4035.029722222222,0.7040883100106822
2024-09-01 14:19:14.390,OnTrack,2195.0,4816.0,1899.0,pos,0 days 00:01:01.354000,0 days 02:11:30.471000,10563.5625632,216.6562512,6,100.0,False,0,4037.159759082237,0.7044599885747257
2024-09-01 14:19:14.610,OnTrack,2124.0,4744.0,1899.0,pos,0 days 00:01:01.574000,0 days 02:11:30.691000,10780.8123104,220.7812464,6,100.0,False,0,4050.668229725829,0.7068171350943397
2024-09-01 14:19:14.675,OnTrack,2100.7663790988076,4722.241691312685,1898.8931073404387,car,0 days 00:01:01.639000,0 days 02:11:30.756000,10845.0,222.0,6,100.0,False,0,4054.763055555555,0.7075316574638683
2024-09-01 14:19:14.915,OnTrack,1996.5420566657988,4610.546320848454,1898.0582634307352,car,0 days 00:01:01.879000,0 days 02:11:30.996000,11143.0,233.0,6,100.0,False,0,4070.296388888888,0.7102421302901937
2024-09-01 14:19:14.950,OnTrack,1979.0,4585.0,1898.0,pos,0 days 00:01:01.914000,0 days 02:11:31.031000,11197.4688496,233.4375008,6,100.0,False,0,4072.5759511532133,0.7106399001339729
2024-09-01 14:19:15.075,OnTrack,1911.530776832871,4471.475587546089,1897.995968156724,car,0 days 00:01:02.039000,0 days 02:11:31.156000,11392.0,235.0,6,100.0,False,0,4080.740833333333,0.7120646227485242
2024-09-01 14:19:15.210,OnTrack,1852.0,4360.0,1898.0,pos,0 days 00:01:02.174000,0 days 02:11:31.291000,10545.732277407293,237.686564198707,6,100.0,False,0,4089.6823686600615,0.7136248666452235
2024-09-01 14:19:15.276,OnTrack,1836.7909913640156,4330.122264435036,1897.8630482370588,car,0 days 00:01:02.240000,0 days 02:11:31.357000,10132.0,239.0,6,100.0,False,0,4094.0849999999996,0.714393099216762
2024-09-01 14:19:15.489,OnTrack,1820.0,4269.0,1897.0,pos,0 days 00:01:02.453000,0 days 02:11:31.570000,10150.6374944,241.6624992,6,100.0,False,0,4108.388677998311,0.7168890046157492
2024-09-01 14:19:15.596,OnTrack,1798.831415763139,4180.180614481956,1896.5351087107658,car,0 days 00:01:02.560000,0 days 02:11:31.677000,10160.0,243.0,7,100.0,False,0,4115.6849999999995,0.7181621687263305
2024-09-01 14:19:15.769,OnTrack,1759.0,4008.0,1896.0,pos,0 days 00:01:02.733000,0 days 02:11:31.850000,10292.221379657143,247.9428553142857,7,100.0,False,0,4127.688255725672,0.7202566643361077
2024-09-01 14:19:15.876,OnTrack,1746.9508799436526,3943.7909526071116,1895.9964497336687,car,0 days 00:01:02.840000,0 days 02:11:31.957000,10374.0,251.0,7,100.0,False,0,4135.207222222221,0.7215686785659972
2024-09-01 14:19:16.089,OnTrack,1739.0,3854.0,1896.0,pos,0 days 00:01:03.053000,0 days 02:11:32.170000,10624.2749248,255.43749866666667,7,100.0,False,0,4150.339551377346,0.7242091785857812
2024-09-01 14:19:16.116,OnTrack,1737.4937439583605,3837.0765504011897,1895.893129273491,car,0 days 00:01:03.080000,0 days 02:11:32.197000,10656.0,256.0,7,100.0,False,0,4152.273888888888,0.7245467087957796
2024-09-01 14:19:16.269,OnTrack,1727.0,3723.0,1895.0,pos,0 days 00:01:03.233000,0 days 02:11:32.350000,10795.99494144,259.05999872,7,100.0,False,0,4163.305092986035,0.7264715872687604
2024-09-01 14:19:16.316,OnTrack,1723.769571035767,3687.856591962728,1894.7699258657651,car,0 days 00:01:03.280000,0 days 02:11:32.397000,10839.0,260.0,7,100.0,False,0,4166.718333333332,0.7270671770892154
2024-09-01 14:19:16.509,OnTrack,1711.0,3548.0,1894.0,pos,0 days 00:01:03.473000,0 days 02:11:32.590000,10942.7374656,263.015624,7,100.0,False,0,4180.857530191901,0.7295343815229849
2024-09-01 14:19:16.636,OnTrack,1702.6699582277308,3456.6800352915816,1893.3119356216957,car,0 days 00:01:03.600000,0 days 02:11:32.717000,11011.0,265.0,7,100.0,False,0,4190.273888888888,0.73117747922928
2024-09-01 14:19:16.729,OnTrack,1696.0,3386.0,1893.0,pos,0 days 00:01:03.693000,0 days 02:11:32.810000,11073.7749568,266.62749888,7,100.0,False,0,4197.227457665013,0.7323908349726496
2024-09-01 14:19:16.909,OnTrack,1681.0,3235.0,1893.0,pos,0 days 00:01:03.873000,0 days 02:11:32.990000,11195.2749568,269.77749888,7,100.0,False,0,4210.821008397732,0.7347628274538284
2024-09-01 14:19:17.036,OnTrack,1669.9486999617375,3124.7201184809883,1892.0559115702865,car,0 days 00:01:04,0 days 02:11:33.117000,11281.0,272.0,7,100.0,False,0,4220.496111111111,0.7364510744278534
2024-09-01 14:19:17.169,OnTrack,1659.0,3012.0,1891.0,pos,0 days 00:01:04.133000,0 days 02:11:33.250000,11352.81996544,274.65999872,7,100.0,False,0,4230.69316463488,0.73823039866507
2024-09-01 14:19:17.236,OnTrack,1654.0567152985675,2958.180028762891,1890.8628644088985,car,0 days 00:01:04.200000,0 days 02:11:33.317000,11389.0,276.0,7,100.0,False,0,4235.829444444443,0.7391266484624235
2024-09-01 14:19:17.389,OnTrack,1644.0,2843.0,1891.0,pos,0 days 00:01:04.353000,0 days 02:11:33.470000,11462.949969066667,276.0,7,100.0,False,0,4247.523204383946,0.7411671389272473
2024-09-01 14:19:17.476,OnTrack,1638.8354009839427,2782.57441562446,1890.8052332174914,car,0 days 00:01:04.440000,0 days 02:11:33.557000,11505.0,276.0,7,100.0,False,0,4254.229444444443,0.7423373373039078
2024-09-01 14:19:17.609,OnTrack,1629.0,2671.0,1890.0,pos,0 days 00:01:04.573000,0 days 02:11:33.690000,11585.46496128,278.99249856,7,100.0,False,0,4264.636362616288,0.7441532816543743
2024-09-01 14:19:17.790,OnTrack,1607.0,2435.0,1888.0,pos,0 days 00:01:04.754000,0 days 02:11:33.871000,11694.97007744,283.06500288,7,100.0,False,0,4279.03578331773,0.7466658935766547
2024-09-01 14:19:17.876,OnTrack,1597.633212083771,2334.642760128883,1887.1473986323786,car,0 days 00:01:04.840000,0 days 02:11:33.957000,11747.0,285.0,7,100.0,False,0,4285.896111111109,0.7478629793318247
2024-09-01 14:19:18.076,OnTrack,1581.3496044675226,2158.5498517214705,1885.6944214865975,car,0 days 00:01:05.040000,0 days 02:11:34.157000,11232.0,288.0,7,100.0,False,0,4301.896111111109,0.7506548826722458
2024-09-01 14:19:18.236,OnTrack,1572.3902579240485,2059.8058523588147,1885.0894094318685,car,0 days 00:01:05.200000,0 days 02:11:34.317000,10605.0,291.0,7,100.0,False,0,4314.829444444443,0.752911671205753
2024-09-01 14:19:18.290,OnTrack,1570.0,2033.0,1885.0,pos,0 days 00:01:05.254000,0 days 02:11:34.371000,10599.214299428571,291.38571337142855,7,100.0,False,0,4319.207853316908,0.7536756771030507
2024-09-01 14:19:18.516,OnTrack,1561.8474556715476,1940.1578971481354,1885.0468951974615,car,0 days 00:01:05.480000,0 days 02:11:34.597000,10575.0,293.0,8,100.0,False,0,4337.618333333332,0.756888194644089
2024-09-01 14:19:18.550,OnTrack,1560.0,1920.0,1885.0,pos,0 days 00:01:05.514000,0 days 02:11:34.631000,10586.9944896,293.472224,8,100.0,False,0,4340.409721109636,0.7573752749476561
2024-09-01 14:19:18.770,OnTrack,1543.0,1739.0,1884.0,pos,0 days 00:01:05.734000,0 days 02:11:34.851000,10664.6055104,296.527776,8,100.0,False,0,4358.609927832743,0.7605511010693184
2024-09-01 14:19:18.876,OnTrack,1534.6747419538124,1650.5268756572675,1883.0983778364098,car,0 days 00:01:05.840000,0 days 02:11:34.957000,10702.0,298.0,8,100.0,False,0,4367.418333333332,0.7620881146156234
2024-09-01 14:19:18.990,OnTrack,1526.0,1557.0,1882.0,pos,0 days 00:01:05.954000,0 days 02:11:35.071000,10752.16005632,299.14000128,8,100.0,False,0,4376.903781559377,0.7637432680273539
2024-09-01 14:19:19.076,OnTrack,1519.4866577615855,1485.0337656264637,1881.2108161482329,car,0 days 00:01:06.040000,0 days 02:11:35.157000,10790.0,300.0,8,100.0,False,0,4384.084999999999,0.7649963472618956
2024-09-01 14:19:19.230,OnTrack,1508.0,1357.0,1880.0,pos,0 days 00:01:06.194000,0 days 02:11:35.311000,10829.1416992,301.9250016,8,100.0,False,0,4397.027007107939,0.7672546493166713
2024-09-01 14:19:19.316,OnTrack,1501.7764203856782,1289.1849660661292,1879.5342196494107,car,0 days 00:01:06.280000,0 days 02:11:35.397000,10851.0,303.0,8,100.0,False,0,4404.284999999999,0.7685211252291773
2024-09-01 14:19:19.450,OnTrack,1491.0,1173.0,1879.0,pos,0 days 00:01:06.414000,0 days 02:11:35.531000,10891.7582944,304.1166656,8,100.0,False,0,4415.622918934235,0.7704995235882971
2024-09-01 14:19:19.556,OnTrack,1479.9104770758286,1052.7484413389388,1878.6027027562973,car,0 days 00:01:06.520000,0 days 02:11:35.637000,10924.0,305.0,8,100.0,False,0,4424.618333333333,0.7720691690576292
2024-09-01 14:19:19.690,OnTrack,1466.0,901.0,1878.0,pos,0 days 00:01:06.654000,0 days 02:11:35.771000,10973.1332864,306.1166656,8,100.0,False,0,4436.02527889345,0.7740596121459601
2024-09-01 14:19:19.796,OnTrack,1458.377227402826,816.7371998757092,1877.3213324692815,car,0 days 00:01:06.760000,0 days 02:11:35.877000,11012.0,307.0,8,100.0,False,0,4445.084999999999,0.7756404787472513
2024-09-01 14:19:20.030,OnTrack,1446.0,679.0,1876.0,pos,0 days 00:01:06.994000,0 days 02:11:36.111000,11083.6625392,309.1937512,8,100.0,False,0,4465.214073246403,0.7791528804245148
2024-09-01 14:19:20.116,OnTrack,1439.532837649142,609.1327097535536,1876.0259182929972,car,0 days 00:01:07.080000,0 days 02:11:36.197000,11110.0,310.0,8,100.0,False,0,4472.640555555556,0.7804487567224212
2024-09-01 14:19:20.230,OnTrack,1430.0,507.0,1876.0,pos,0 days 00:01:07.194000,0 days 02:11:36.311000,11128.8812712,310.7125008,8,100.0,False,0,4482.500971188668,0.7821693396814229
2024-09-01 14:19:20.436,OnTrack,1413.281632684164,328.59780966711725,1874.261241049444,car,0 days 00:01:07.400000,0 days 02:11:36.517000,11163.0,312.0,8,100.0,False,0,4500.373888888888,0.7852880558458177
2024-09-01 14:19:20.490,OnTrack,1409.0,283.0,1874.0,pos,0 days 00:01:07.454000,0 days 02:11:36.571000,11183.51995136,312.53999872,8,100.0,False,0,4505.0734890202275,0.7861081076774009
2024-09-01 14:19:20.636,OnTrack,1397.2494431628015,157.5087305336656,1874.0262606035794,car,0 days 00:01:07.600000,0 days 02:11:36.717000,11239.0,314.0,8,100.0,False,0,4517.818333333333,0.7883320060155825
2024-09-01 14:19:20.650,OnTrack,1396.0,144.0,1874.0,pos,0 days 00:01:07.614000,0 days 02:11:36.731000,11240.32074210989,314.17609894798534,8,100.0,False,0,4519.044394055386,0.7885459462046738
2024-09-01 14:19:20.795,OnTrack,1381.2854184804567,-17.19724821784819,1873.0255501515105,car,0 days 00:01:07.759000,0 days 02:11:36.876000,11254.0,316.0,8,100.0,False,0,4531.774999999999,0.7907673600335706
2024-09-01 14:19:20.910,OnTrack,1369.0,-152.0,1872.0,pos,0 days 00:01:07.874000,0 days 02:11:36.991000,11280.833348266666,316.31944462222225,8,100.0,False,0,4541.882804602965,0.7925311108732797
2024-09-01 14:19:21.155,OnTrack,1345.1927579970863,-408.7700158868944,1870.6534478689073,car,0 days 00:01:08.119000,0 days 02:11:37.236000,11338.0,317.0,8,100.0,False,0,4563.475,0.7962988185267803
2024-09-01 14:19:21.310,OnTrack,1333.0,-540.0,1870.0,pos,0 days 00:01:08.274000,0 days 02:11:37.391000,11380.194461866668,318.2916672,8,100.0,False,0,4577.2236994122995,0.7986978835152582
2024-09-01 14:19:21.515,OnTrack,1321.3189051520922,-668.0058004771648,1869.0381934990546,car,0 days 00:01:08.479000,0 days 02:11:37.596000,11436.0,320.0,8,100.0,False,0,4595.475,0.8018826252076227
2024-09-01 14:19:21.730,OnTrack,1309.0,-805.0,1868.0,pos,0 days 00:01:08.694000,0 days 02:11:37.811000,11450.27384996484,320.89211562280246,8,100.0,False,0,4614.641679651485,0.8052270950166078
2024-09-01 14:19:21.756,OnTrack,1307.1056188602738,-826.0049276059331,1867.8789354788673,car,0 days 00:01:08.720000,0 days 02:11:37.837000,11452.0,321.0,8,100.0,False,0,4616.964166666667,0.8056323549700934
2024-09-01 14:19:21.929,OnTrack,1293.0,-982.0,1867.0,pos,0 days 00:01:08.893000,0 days 02:11:38.010000,11493.808317866667,321.9611107555556,8,100.0,False,0,4632.450404791174,0.8083346099669916
2024-09-01 14:19:22.089,OnTrack,1280.0,-1125.0,1866.0,pos,0 days 00:01:09.053000,0 days 02:11:38.170000,11532.474984533334,322.84999964444444,8,100.0,False,0,4646.831045641565,0.8108439449187168
2024-09-01 14:19:22.116,OnTrack,1277.8221436724173,-1149.050065663843,1865.9417502793428,car,0 days 00:01:09.080000,0 days 02:11:38.197000,11539.0,323.0,8,100.0,False,0,4649.264166666667,0.8112685098385687
2024-09-01 14:19:22.249,OnTrack,1267.0,-1268.0,1866.0,pos,0 days 00:01:09.213000,0 days 02:11:38.330000,11556.4562416,323.8312496,8,100.0,False,0,4661.276415894378,0.8133645747601199
2024-09-01 14:19:22.509,OnTrack,1245.0,-1501.0,1865.0,pos,0 days 00:01:09.473000,0 days 02:11:38.590000,11590.5812416,325.4562496,8,100.0,False,0,4684.849030804908,0.8174778536545679
2024-09-01 14:19:22.596,OnTrack,1238.4523970175421,-1574.1543322929833,1864.636358758878,car,0 days 00:01:09.560000,0 days 02:11:38.677000,11602.0,326.0,8,100.0,False,0,4692.730833333332,0.818853180580046
2024-09-01 14:19:22.709,OnTrack,1229.0,-1681.0,1864.0,pos,0 days 00:01:09.673000,0 days 02:11:38.790000,11659.2062176,326.0,8,100.0,False,0,4702.960510667212,0.8206381974750391
2024-09-01 14:19:22.756,OnTrack,1224.0131110064688,-1736.1849123120542,1863.5884680663405,car,0 days 00:01:09.720000,0 days 02:11:38.837000,11683.0,326.0,8,100.0,False,0,4707.219722222222,0.8213814041605387
2024-09-01 14:19:22.956,OnTrack,1198.9591375753093,-2008.1267477551885,1861.3326393942582,car,0 days 00:01:09.920000,0 days 02:11:39.037000,11590.0,327.0,8,100.0,False,0,4725.386388888888,0.8245513777449751
2024-09-01 14:19:23.009,OnTrack,1194.0,-2061.0,1861.0,pos,0 days 00:01:09.973000,0 days 02:11:39.090000,11601.704152533333,327.0,8,100.0,False,0,4730.201380700752,0.8253915647277029
2024-09-01 14:19:23.196,OnTrack,1184.6217763418697,-2156.8884924212634,1861.0643556417856,car,0 days 00:01:10.160000,0 days 02:11:39.277000,11643.0,327.0,8,100.0,False,0,4747.186388888889,0.8283553460462991
2024-09-01 14:19:23.289,OnTrack,1180.0,-2205.0,1861.0,pos,0 days 00:01:10.253000,0 days 02:11:39.370000,11643.0,327.0,8,100.0,False,0,4755.636710614112,0.8298298761370669
2024-09-01 14:19:23.356,OnTrack,1175.439664681377,-2254.011658879201,1860.6961792417592,car,0 days 00:01:10.320000,0 days 02:11:39.437000,11643.0,327.0,8,100.0,False,0,4761.719722222222,0.8308913249138483
2024-09-01 14:19:23.556,OnTrack,1158.0867735425036,-2445.7443137240957,1859.084487079968,car,0 days 00:01:10.520000,0 days 02:11:39.637000,11614.0,326.0,8,100.0,False,0,4779.830833333333,0.8340516043894639
2024-09-01 14:19:23.569,OnTrack,1157.0,-2458.0,1859.0,pos,0 days 00:01:10.533000,0 days 02:11:39.650000,11613.2416704,325.9458336,8,100.0,False,0,4781.005920005064,0.8342566499147195
2024-09-01 14:19:23.769,OnTrack,1141.0,-2638.0,1858.0,pos,0 days 00:01:10.733000,0 days 02:11:39.850000,11601.575003733333,325.11250026666664,8,100.0,False,0,4799.060696036908,0.8374070992593358
2024-09-01 14:19:23.796,OnTrack,1138.7086091113538,-2662.152729640876,1857.8403423011441,car,0 days 00:01:10.760000,0 days 02:11:39.877000,11600.0,325.0,8,100.0,False,0,4801.4974999999995,0.8378323068296175
2024-09-01 14:19:23.929,OnTrack,1127.0,-2782.0,1857.0,pos,0 days 00:01:10.893000,0 days 02:11:40.010000,11619.28499072,325.0,8,100.0,False,0,4813.503405341545,0.8399272647813575
2024-09-01 14:19:23.996,OnTrack,1121.2892498900692,-2842.756445269676,1856.7004153102368,car,0 days 00:01:10.960000,0 days 02:11:40.077000,11629.0,325.0,8,100.0,False,0,4819.553055555555,0.8409828921964122
2024-09-01 14:19:24.249,OnTrack,1101.0,-3069.0,1856.0,pos,0 days 00:01:11.213000,0 days 02:11:40.330000,11594.5638976,325.0,8,100.0,False,0,4842.402847987741,0.8449700429351216
2024-09-01 14:19:24.356,OnTrack,1092.6843274111127,-3158.9025815487857,1855.47746816304,car,0 days 00:01:11.320000,0 days 02:11:40.437000,11580.0,325.0,8,100.0,False,0,4852.053055555555,0.8466539458566428
2024-09-01 14:19:24.430,OnTrack,1086.0,-3231.0,1855.0,pos,0 days 00:01:11.394000,0 days 02:11:40.511000,11556.6437096,324.7687496,8,100.0,False,0,4858.718859506409,0.8478170883764541
2024-09-01 14:19:24.670,OnTrack,1058.0,-3536.0,1853.0,pos,0 days 00:01:11.634000,0 days 02:11:40.751000,11480.8937096,324.0187496,8,100.0,False,0,4880.312954952979,0.8515851275771199
2024-09-01 14:19:24.676,OnTrack,1057.3579964085018,-3542.9594319375487,1852.9560414224036,car,0 days 00:01:11.640000,0 days 02:11:40.757000,11479.0,324.0,8,100.0,False,0,4880.853055555554,0.8516793718694007
2024-09-01 14:19:24.876,OnTrack,1039.766357938752,-3731.5571000849527,1851.838662549561,car,0 days 00:01:11.840000,0 days 02:11:40.957000,11525.0,324.0,8,100.0,False,0,4898.853055555554,0.8548202631273745
2024-09-01 14:19:25.110,OnTrack,1024.0,-3893.0,1851.0,pos,0 days 00:01:12.074000,0 days 02:11:41.191000,11467.9624688,322.5374992,8,99.2687496,False,0,4919.803923025596,0.8584760629320202
2024-09-01 14:19:25.196,OnTrack,1018.1563891557685,-3950.4220243182835,1850.7035899785988,car,0 days 00:01:12.160000,0 days 02:11:41.277000,11447.0,322.0,8,99.0,False,0,4927.475277777778,0.8598146679919059
2024-09-01 14:19:25.356,OnTrack,1006.7093156504561,-4061.315591199127,1850.1354537355558,car,0 days 00:01:12.320000,0 days 02:11:41.437000,11425.0,321.0,8,100.0,False,0,4941.741944444444,0.8623041151371147
2024-09-01 14:19:25.390,OnTrack,1004.0,-4088.0,1850.0,pos,0 days 00:01:12.354000,0 days 02:11:41.471000,11421.812488,321.0,8,99.7874992,False,0,4944.792378911209,0.8628363975232083
2024-09-01 14:19:25.610,OnTrack,984.0,-4283.0,1849.0,pos,0 days 00:01:12.574000,0 days 02:11:41.691000,11401.187512,321.0,8,98.4125008,False,0,4964.562231826863,0.8662861174228864
2024-09-01 14:19:25.676,OnTrack,977.2647007655642,-4342.389394077925,1848.673485632472,car,0 days 00:01:12.640000,0 days 02:11:41.757000,11395.0,321.0,8,98.0,False,0,4970.275277777777,0.8672830094275323
2024-09-01 14:19:25.850,OnTrack,959.0,-4493.0,1848.0,pos,0 days 00:01:12.814000,0 days 02:11:41.931000,10664.2005376,306.50001066666664,8,50.633368177777776,False,0,4984.638246330651,0.8697892606701032
2024-09-01 14:19:26.036,OnTrack,939.0981920543038,-4645.55124638601,1848.018843035016,car,0 days 00:01:13,0 days 02:11:42.117000,9883.0,291.0,8,0.0,True,0,4999.375277777778,0.8723607836279236
2024-09-01 14:19:26.050,OnTrack,937.0,-4659.0,1848.0,pos,0 days 00:01:13.014000,0 days 02:11:42.131000,9876.875056,290.2416736,8,0.0,True,0,5000.481153146847,0.8725537521989856
2024-09-01 14:19:26.276,OnTrack,892.4780300366006,-4906.1924031823555,1847.0642902954844,car,0 days 00:01:13.240000,0 days 02:11:42.357000,9778.0,278.0,8,0.0,True,0,5017.908611111111,0.875594738330578
2024-09-01 14:19:26.290,OnTrack,890.0,-4919.0,1847.0,pos,0 days 00:01:13.254000,0 days 02:11:42.371000,9815.5371568,275.375024,8,0.0,True,0,5018.917500509042,0.8757707834355904
2024-09-01 14:19:26.436,OnTrack,869.3927702048178,-5019.858428935048,1846.400333477507,car,0 days 00:01:13.400000,0 days 02:11:42.517000,10207.0,248.0,8,0.0,True,0,5028.930833333333,0.8775180495206459
2024-09-01 14:19:26.676,OnTrack,846.9614379924571,-5098.087227651864,1845.5049882138235,car,0 days 00:01:13.640000,0 days 02:11:42.757000,10475.0,232.0,7,0.0,True,0,5044.397499999999,0.8802168894163863
2024-09-01 14:19:26.770,OnTrack,833.0,-5140.0,1845.0,pos,0 days 00:01:13.734000,0 days 02:11:42.851000,10310.500224,225.5375088,7,0.0,True,0,5050.215781809359,0.8812321444425778
2024-09-01 14:19:26.836,OnTrack,820.9474963129051,-5175.5214267513675,1844.5831351305155,car,0 days 00:01:13.800000,0 days 02:11:42.917000,10195.0,221.0,6,0.0,True,0,5054.219722222222,0.8819308078559227
2024-09-01 14:19:26.950,OnTrack,798.0,-5241.0,1844.0,pos,0 days 00:01:13.914000,0 days 02:11:43.031000,9884.3496512,214.5874928,6,0.7125007999999999,True,0,5060.970731489424,0.8831088181886925
2024-09-01 14:19:26.996,OnTrack,789.1454707432769,-5264.877498849424,1843.9482708010282,car,0 days 00:01:13.960000,0 days 02:11:43.077000,9759.0,212.0,6,1.0,True,0,5063.641944444445,0.8835749287119485
2024-09-01 14:19:27.110,OnTrack,763.0,-5325.0,1844.0,pos,0 days 00:01:14.074000,0 days 02:11:43.191000,9968.633568711111,208.19999573333334,6,1.6333340444444446,True,0,5070.140110741804,0.8847088194739617
2024-09-01 14:19:27.350,OnTrack,665.0,-5490.0,1843.0,pos,0 days 00:01:14.314000,0 days 02:11:43.431000,10409.966902044445,200.19999573333334,6,2.966667377777778,True,0,5083.319333942202,0.887008514303796
2024-09-01 14:19:27.356,OnTrack,663.018993029644,-5493.026104684526,1842.9820154885763,car,0 days 00:01:14.320000,0 days 02:11:43.437000,10421.0,200.0,6,3.0,True,0,5083.641944444445,0.887064807887475
2024-09-01 14:19:27.670,OnTrack,598.0,-5568.0,1843.0,pos,0 days 00:01:14.634000,0 days 02:11:43.751000,9872.59318897503,189.50417586555082,6,11.746520112040983,True,0,5100.092929114111,0.8899354053282538
2024-09-01 14:19:27.715,OnTrack,585.22103179275,-5579.8038580132525,1843.049778859456,car,0 days 00:01:14.679000,0 days 02:11:43.796000,9794.0,188.0,5,13.0,True,0,5102.389722222222,0.8903361818501783
2024-09-01 14:19:27.950,OnTrack,489.0,-5660.0,1843.0,pos,0 days 00:01:14.914000,0 days 02:11:44.031000,9831.60001024,183.29999872,5,25.92500352,True,0,5114.161600527948,0.8923903034979775
2024-09-01 14:19:28.115,OnTrack,395.71588522913316,-5715.224292413276,1842.1286869510398,car,0 days 00:01:15.079000,0 days 02:11:44.196000,9858.0,180.0,5,35.0,False,0,5122.389722222222,0.8938260610257047
2024-09-01 14:19:28.150,OnTrack,377.0,-5725.0,1842.0,pos,0 days 00:01:15.114000,0 days 02:11:44.231000,9867.964433301508,180.2491108325377,5,36.37010957895734,False,0,5124.1462341685465,0.8941325617488567
2024-09-01 14:19:28.396,OnTrack,273.77756636738906,-5767.497173918833,1842.3802198606497,car,0 days 00:01:15.360000,0 days 02:11:44.477000,9938.0,182.0,5,46.0,False,0,5136.595833333334,0.8963049415922989
2024-09-01 14:19:28.609,OnTrack,185.0,-5787.0,1843.0,pos,0 days 00:01:15.573000,0 days 02:11:44.690000,10166.9749312,183.9968744,5,55.3187472,False,0,5147.504767915833,0.8982084847736311
2024-09-01 14:19:28.689,OnTrack,144.0,-5794.0,1843.0,pos,0 days 00:01:15.653000,0 days 02:11:44.770000,10252.9749312,184.7468744,5,58.8187472,False,0,5151.639523065242,0.8989299745682223
2024-09-01 14:19:28.716,OnTrack,129.93599521057004,-5795.844270159697,1842.9980643954236,car,0 days 00:01:15.680000,0 days 02:11:44.797000,10282.0,185.0,5,60.0,False,0,5153.040277777778,0.8991743978032872
2024-09-01 14:19:28.956,OnTrack,5.528126341392692,-5800.158423146403,1843.006946293849,car,0 days 00:01:15.920000,0 days 02:11:45.037000,10486.0,189.0,5,69.0,False,0,5165.640277777778,0.9013730216838688
2024-09-01 14:19:28.969,OnTrack,-1.0,-5800.0,1843.0,pos,0 days 00:01:15.933000,0 days 02:11:45.050000,10494.395792,189.3249984,5,69.1624992,False,0,5166.33434267651,0.9014941318156963
2024-09-01 14:19:29.196,OnTrack,-121.2044668735637,-5788.6515901954,1842.9601945150891,car,0 days 00:01:16.160000,0 days 02:11:45.277000,10641.0,195.0,5,72.0,False,0,5178.6402777777785,0.9036414431479611
2024-09-01 14:19:29.209,OnTrack,-130.0,-5787.0,1843.0,pos,0 days 00:01:16.173000,0 days 02:11:45.290000,10674.7456672,195.2166656,5,72.3249984,False,0,5179.3518407748425,0.9037656065922376
2024-09-01 14:19:29.389,OnTrack,-270.0,-5753.0,1844.0,pos,0 days 00:01:16.353000,0 days 02:11:45.470000,11141.9956672,198.2166656,5,76.8249984,False,0,5189.277100194106,0.905497504400187
2024-09-01 14:19:29.436,OnTrack,-303.3249411319655,-5742.8596921715325,1844.2272178712221,car,0 days 00:01:16.400000,0 days 02:11:45.517000,11264.0,199.0,5,78.0,False,0,5191.906944444445,0.9059563963343937
2024-09-01 14:19:29.716,OnTrack,-455.33198521477607,-5678.493483446622,1844.9000252200296,car,0 days 00:01:16.680000,0 days 02:11:45.797000,10480.0,206.0,5,80.0,False,0,5207.929166666667,0.9087521773183431
2024-09-01 14:19:29.789,OnTrack,-489.0,-5661.0,1845.0,pos,0 days 00:01:16.753000,0 days 02:11:45.870000,10428.291712,207.520832,5,86.083328,False,0,5212.174971509215,0.909493044613511
2024-09-01 14:19:29.956,OnTrack,-561.4349930730294,-5619.946233996743,1845.1740990509227,car,0 days 00:01:16.920000,0 days 02:11:46.037000,10310.0,211.0,6,100.0,False,0,5221.995833333333,0.9112067256717967
2024-09-01 14:19:30.069,OnTrack,-612.0,-5587.0,1845.0,pos,0 days 00:01:17.033000,0 days 02:11:46.150000,10463.9624128,214.531248,6,100.0,False,0,5228.751165554825,0.9123854903339741
2024-09-01 14:19:30.116,OnTrack,-634.3163160325918,-5571.298160266275,1844.8141576972025,car,0 days 00:01:17.080000,0 days 02:11:46.197000,10528.0,216.0,6,100.0,False,0,5231.595833333334,0.9128818676760495
2024-09-01 14:19:30.309,OnTrack,-730.0,-5497.0,1844.0,pos,0 days 00:01:17.273000,0 days 02:11:46.390000,10769.24992,220.8249984,6,98.7937504,False,0,5243.518595031372,0.9149623175642869
2024-09-01 14:19:30.436,OnTrack,-789.9283293369622,-5443.72859343759,1844.521372048577,car,0 days 00:01:17.400000,0 days 02:11:46.517000,10928.0,224.0,6,98.0,False,0,5251.506944444444,0.9163562362774624
2024-09-01 14:19:30.649,OnTrack,-884.0,-5348.0,1846.0,pos,0 days 00:01:17.613000,0 days 02:11:46.730000,11109.0499456,227.72749888,6,99.06499968,False,0,5265.068507808044,0.918722647155973
2024-09-01 14:19:30.809,OnTrack,-951.0,-5270.0,1846.0,pos,0 days 00:01:17.773000,0 days 02:11:46.890000,11245.0499456,230.52749888,6,99.86499968,False,0,5275.4127948598625,0.9205276627543634
2024-09-01 14:19:30.836,OnTrack,-962.4634634753016,-5255.659861844897,1846.0352100603732,car,0 days 00:01:17.800000,0 days 02:11:46.917000,11268.0,231.0,6,100.0,False,0,5277.173611111111,0.9208349145527215
2024-09-01 14:19:30.996,OnTrack,-1031.1656322502195,-5163.850055864208,1846.652552325567,car,0 days 00:01:17.960000,0 days 02:11:47.077000,11377.0,237.0,6,100.0,False,0,5287.706944444444,0.9226729175851653
2024-09-01 14:19:31.070,OnTrack,-1060.0,-5122.0,1847.0,pos,0 days 00:01:18.034000,0 days 02:11:47.151000,11198.4746912,238.3875024,6,100.0,False,0,5292.650393295289,0.9235355195451576
2024-09-01 14:19:31.310,OnTrack,-1137.0,-4995.0,1848.0,pos,0 days 00:01:18.274000,0 days 02:11:47.391000,10619.4746912,242.8875024,6,100.0,False,0,5309.0018256626645,0.9263887457106041
2024-09-01 14:19:31.476,OnTrack,-1185.4662124667475,-4904.763325845555,1848.4597122486366,car,0 days 00:01:18.440000,0 days 02:11:47.557000,10219.0,246.0,6,100.0,False,0,5320.506944444444,0.9283963194330287
2024-09-01 14:19:31.650,OnTrack,-1241.0,-4784.0,1849.0,pos,0 days 00:01:18.614000,0 days 02:11:47.731000,10453.174827733334,251.07499626666666,6,100.0,False,0,5332.704967818085,0.9305248008207413
2024-09-01 14:19:31.716,OnTrack,-1265.286998193213,-4725.000273228599,1849.3004978982606,car,0 days 00:01:18.680000,0 days 02:11:47.797000,10542.0,253.0,7,100.0,False,0,5337.37361111111,0.9313394508710559
2024-09-01 14:19:31.850,OnTrack,-1314.0,-4599.0,1850.0,pos,0 days 00:01:18.814000,0 days 02:11:47.931000,10616.072151466667,255.2333312,7,100.0,False,0,5346.927608768303,0.9330065657443991
2024-09-01 14:19:32.076,OnTrack,-1364.662969309471,-4446.680100291473,1851.0961305127712,car,0 days 00:01:19.040000,0 days 02:11:48.157000,10741.0,259.0,7,100.0,False,0,5363.27361111111,0.9358588444033626
2024-09-01 14:19:32.310,OnTrack,-1396.0,-4319.0,1852.0,pos,0 days 00:01:19.274000,0 days 02:11:48.391000,10954.850116977777,263.5500024888889,7,100.0,False,0,5380.508588290753,0.9388662438008581
2024-09-01 14:19:32.436,OnTrack,-1413.6115544347906,-4239.473008351944,1852.344974673003,car,0 days 00:01:19.400000,0 days 02:11:48.517000,11070.0,266.0,7,100.0,False,0,5389.87361111111,0.9405003837068129
2024-09-01 14:19:32.690,OnTrack,-1448.0,-4055.0,1853.0,pos,0 days 00:01:19.654000,0 days 02:11:48.771000,11239.6356288,269.6285696,7,100.0,False,0,5408.902889104348,0.9438208777565081
2024-09-01 14:19:32.716,OnTrack,-1451.1275086650019,-4034.156405756331,1853.0939431463764,car,0 days 00:01:19.680000,0 days 02:11:48.797000,11257.0,270.0,7,100.0,False,0,5410.87361111111,0.9441647568411157
2024-09-01 14:19:32.930,OnTrack,-1473.0,-3858.0,1854.0,pos,0 days 00:01:19.894000,0 days 02:11:49.011000,11379.51492672,274.27999744,7,100.0,False,0,5427.292553552572,0.9470297631066469
2024-09-01 14:19:33.116,OnTrack,-1483.879042304279,-3726.0073516496163,1854.7313825612966,car,0 days 00:01:20.080000,0 days 02:11:49.197000,11486.0,278.0,7,100.0,False,0,5441.7625,0.94955468134554
2024-09-01 14:19:33.190,OnTrack,-1487.0,-3673.0,1855.0,pos,0 days 00:01:20.154000,0 days 02:11:49.271000,11534.7938344,279.156252,7,100.0,False,0,5447.55073150446,0.9505646927750669
2024-09-01 14:19:33.436,OnTrack,-1494.8177780262054,-3480.217273295015,1855.8213245328657,car,0 days 00:01:20.400000,0 days 02:11:49.517000,11697.0,283.0,7,100.0,False,0,5466.918055555555,0.9539441738196465
2024-09-01 14:19:33.490,OnTrack,-1496.0,-3437.0,1856.0,pos,0 days 00:01:20.454000,0 days 02:11:49.571000,11718.5999488,283.6749984,7,100.0,False,0,5471.194157686654,0.9546903278086338
2024-09-01 14:19:33.676,OnTrack,-1498.6166941505926,-3289.0770684563486,1856.685355297822,car,0 days 00:01:20.640000,0 days 02:11:49.757000,11793.0,286.0,7,100.0,False,0,5485.9847222222215,0.9572711919669817
2024-09-01 14:19:33.730,OnTrack,-1499.0,-3246.0,1857.0,pos,0 days 00:01:20.694000,0 days 02:11:49.811000,11549.19057792,286.53999872,7,100.0,False,0,5490.2935553384195,0.9580230573151336
2024-09-01 14:19:33.876,OnTrack,-1499.2558569795092,-3128.7472760077276,1858.2159885080462,car,0 days 00:01:20.840000,0 days 02:11:49.957000,10890.0,288.0,7,100.0,False,0,5501.9847222222215,0.9600630953074029
2024-09-01 14:19:33.970,OnTrack,-1499.0,-3053.0,1859.0,pos,0 days 00:01:20.934000,0 days 02:11:50.051000,10704.82025216,289.40999808,7,100.0,False,0,5509.5561166868965,0.9613842579010011
2024-09-01 14:19:34.076,OnTrack,-1498.4359334014634,-2967.574252267326,1859.6966164356725,car,0 days 00:01:21.040000,0 days 02:11:50.157000,10496.0,291.0,8,100.0,False,0,5518.1513888888885,0.9628840809742868
2024-09-01 14:19:34.130,OnTrack,-1498.0,-2924.0,1860.0,pos,0 days 00:01:21.094000,0 days 02:11:50.211000,10517.19494976,291.6749984,8,100.0,False,0,5522.560070952142,0.9636533693604902
2024-09-01 14:19:34.350,OnTrack,-1495.0,-2744.0,1861.0,pos,0 days 00:01:21.314000,0 days 02:11:50.431000,10603.54505024,294.4250016,8,100.0,False,0,5540.73074423893,0.9668240420759329
2024-09-01 14:19:34.876,OnTrack,-1480.1492719295024,-2274.8841360630404,1862.5475905360986,car,0 days 00:01:21.840000,0 days 02:11:50.957000,10810.0,301.0,8,100.0,False,0,5585.040277777777,0.9745557879946586
2024-09-01 14:19:34.970,OnTrack,-1477.0,-2200.0,1863.0,pos,0 days 00:01:21.934000,0 days 02:11:51.051000,10823.62998144,301.93999872,8,100.0,False,0,5592.988725209312,0.9759427440531127
2024-09-01 14:19:35.269,OnTrack,-1466.0,-1981.0,1865.0,pos,0 days 00:01:22.233000,0 days 02:11:51.350000,10866.98499072,304.92999936,8,100.0,False,0,5618.334021315311,0.9803653451070065
2024-09-01 14:19:35.276,OnTrack,-1465.6895147693856,-1975.44142813027,1865.0519403114276,car,0 days 00:01:22.240000,0 days 02:11:51.357000,10868.0,305.0,8,100.0,False,0,5618.929166666667,0.9804691943754119
2024-09-01 14:19:35.476,OnTrack,-1455.5820328503032,-1802.6944862428415,1866.5601371053456,car,0 days 00:01:22.440000,0 days 02:11:51.557000,11002.0,307.0,8,100.0,False,0,5635.984722222222,0.9834452857834303
2024-09-01 14:19:35.609,OnTrack,-1449.0,-1690.0,1867.0,pos,0 days 00:01:22.573000,0 days 02:11:51.690000,11060.187472,308.6624992,8,100.0,False,0,5647.420854838233,0.985440821836689
2024-09-01 14:19:35.689,OnTrack,-1445.0,-1622.0,1867.0,pos,0 days 00:01:22.653000,0 days 02:11:51.770000,11095.187472,309.6624992,8,100.0,False,0,5654.321763457893,0.9866449887008871
2024-09-01 14:19:35.716,OnTrack,-1443.0071767509721,-1591.6499251648092,1867.0995762107088,car,0 days 00:01:22.680000,0 days 02:11:51.797000,11107.0,310.0,8,100.0,False,0,5656.6513888888885,0.9870514942648075
2024-09-01 14:19:35.909,OnTrack,-1422.0,-1301.0,1869.0,pos,0 days 00:01:22.873000,0 days 02:11:51.990000,11162.00498176,310.96499968,8,100.0,False,0,5673.3229259920645,0.989960576772827
2024-09-01 14:19:35.916,OnTrack,-1421.3326096308401,-1291.950471768367,1869.0568076451536,car,0 days 00:01:22.880000,0 days 02:11:51.997000,11164.0,311.0,8,100.0,False,0,5673.929166666667,0.9900663621081096
2024-09-01 14:19:36.196,OnTrack,-1405.7536705895104,-1085.2241890426242,1869.7241957923966,car,0 days 00:01:23.160000,0 days 02:11:52.277000,11153.0,313.0,8,100.0,False,0,5698.273611111112,0.9943143205934311
2024-09-01 14:19:36.389,OnTrack,-1399.0,-996.0,1870.0,pos,0 days 00:01:23.353000,0 days 02:11:52.470000,11246.60496896,313.96499968,8,100.0,False,0,5715.106526764713,0.9972515626835758
2024-09-01 14:19:36.396,OnTrack,-1398.7195714387576,-992.2053194868442,1870.0254917707812,car,0 days 00:01:23.360000,0 days 02:11:52.477000,11250.0,314.0,8,100.0,False,0,5715.718055555556,0.9973582707631958
2024-09-01 14:19:36.556,OnTrack,-1391.6327849285371,-894.8105284615195,1870.9037603561958,car,0 days 00:01:23.520000,0 days 02:11:52.637000,11293.0,315.0,8,100.0,False,0,5729.718055555556,0.9998011861860644
2024-09-01 14:19:36.569,OnTrack,-1391.0,-886.0,1871.0,pos,0 days 00:01:23.533000,0 days 02:11:52.650000,11293.0,315.0,8,100.0,False,0,5730.857429178172,1.0
