Date,Status,X,Y,Z,Source,Time,SessionTime,RPM,Speed,nGear,Throttle,Brake,DRS,Distance,RelativeDistance
2024-09-01 14:03:42.833,OnTrack,,,,car,0 days 00:00:00,0 days 01:55:58.914000,11240.0,317.0,8,100.0,False,0,5.371388888888889,0.0009335889337001705
2024-09-01 14:03:42.969,OnTrack,-1363.0,-553.0,1872.0,pos,0 days 00:00:00.136000,0 days 01:55:59.050000,11280.044444444444,317.75555555555553,8,100.0,False,0,17.40625942644626,0.003025342516394488
2024-09-01 14:03:43.109,OnTrack,-1352.0,-429.0,1873.0,pos,0 days 00:00:00.276000,0 days 01:55:59.190000,11321.266666666666,318.53333333333336,8,100.0,False,0,29.81569600141723,0.005182198573458633
2024-09-01 14:03:43.193,OnTrack,-1345.6574436091296,-354.75535249362775,1873.4082434567117,car,0 days 00:00:00.360000,0 days 01:55:59.274000,11346.0,319.0,8,100.0,False,0,37.271388888888886,0.006478055663085678
2024-09-01 14:03:43.349,OnTrack,-1334.0,-217.0,1874.0,pos,0 days 00:00:00.516000,0 days 01:55:59.430000,11353.8,319.975,8,100.0,False,0,51.13771637632764,0.008888130629006303
2024-09-01 14:03:43.353,OnTrack,-1333.6933861865339,-213.4654454157889,1874.0177164884956,car,0 days 00:00:00.520000,0 days 01:55:59.434000,11354.0,320.0,8,100.0,False,0,51.49361111111111,0.008949987886566504
2024-09-01 14:03:43.589,OnTrack,-1315.0,-5.0,1875.0,pos,0 days 00:00:00.756000,0 days 01:55:59.670000,11343.183333333332,320.98333333333335,8,100.0,False,0,72.5357300738954,0.0126072709117994
2024-09-01 14:03:43.593,OnTrack,-1314.6783098904943,-1.4787622928767732,1875.0043330720525,car,0 days 00:00:00.760000,0 days 01:55:59.674000,11343.0,321.0,8,100.0,False,0,72.89361111111111,0.012669473404085311
2024-09-01 14:03:43.750,OnTrack,-1302.0,137.0,1875.0,pos,0 days 00:00:00.917000,0 days 01:55:59.831000,11415.22008832,322.57000192,8,100.0,False,0,86.97532516485089,0.015116984221128586
2024-09-01 14:03:43.793,OnTrack,-1298.5171296930237,175.55236997527882,1875.152699803017,car,0 days 00:00:00.960000,0 days 01:55:59.874000,11435.0,323.0,8,100.0,False,0,90.83805555555556,0.015788356639180257
2024-09-01 14:03:44.030,OnTrack,-1280.0,387.0,1877.0,pos,0 days 00:00:01.197000,0 days 01:56:00.111000,11463.8843984,323.7406256,8,100.0,False,0,112.15247316248413,0.019492967274849355
2024-09-01 14:03:44.113,OnTrack,-1274.3704442304938,454.93785211317413,1877.4735186569437,car,0 days 00:00:01.280000,0 days 01:56:00.194000,11474.0,324.0,8,100.0,False,0,119.63805555555555,0.02079401939172893
2024-09-01 14:03:44.230,OnTrack,-1265.0,567.0,1878.0,pos,0 days 00:00:01.397000,0 days 01:56:00.311000,11471.65999616,324.58500096,8,100.0,False,0,130.21448765073205,0.02263228509289856
2024-09-01 14:03:44.450,OnTrack,-1238.0,873.0,1879.0,pos,0 days 00:00:01.617000,0 days 01:56:00.531000,11467.26000128,325.68499968,8,100.0,False,0,150.1534987472757,0.02609783943903131
2024-09-01 14:03:44.513,OnTrack,-1232.5241275426774,934.8964786720162,1879.245839438272,car,0 days 00:00:01.680000,0 days 01:56:00.594000,11466.0,326.0,8,100.0,False,0,155.86027777777778,0.02708972177340666
2024-09-01 14:03:44.713,OnTrack,-1225.0652701264391,1020.7343068959019,1879.8970013290814,car,0 days 00:00:01.880000,0 days 01:56:00.794000,11513.0,326.0,8,100.0,False,0,173.9713888888889,0.030237572964245524
2024-09-01 14:03:44.890,OnTrack,-1213.0,1162.0,1881.0,pos,0 days 00:00:02.057000,0 days 01:56:00.971000,11533.649992533334,326.7374997333333,8,100.0,False,0,190.0424601955847,0.033030849458463615
2024-09-01 14:03:44.953,OnTrack,-1205.3710104319473,1250.9598398605751,1881.5921455763823,car,0 days 00:00:02.120000,0 days 01:56:01.034000,11541.0,327.0,8,100.0,False,0,195.7713888888889,0.03402658157554973
2024-09-01 14:03:45.110,OnTrack,-1185.0,1488.0,1883.0,pos,0 days 00:00:02.277000,0 days 01:56:01.191000,11590.2163512544,327.492163512544,8,100.0,False,0,210.06404296358818,0.03651075539974366
2024-09-01 14:03:45.272,OnTrack,-1177.9125970837556,1569.3549362397969,1883.0215248536406,car,0 days 00:00:02.439000,0 days 01:56:01.353000,11641.0,328.0,8,100.0,False,0,224.83583333333334,0.03907820681787875
2024-09-01 14:03:45.390,OnTrack,-1174.0,1616.0,1883.0,pos,0 days 00:00:02.557000,0 days 01:56:01.471000,11618.3833088,328.4916672,8,100.0,False,0,235.6111191491957,0.04095103483373042
2024-09-01 14:03:45.512,OnTrack,-1165.380388298341,1720.8893264424298,1883.5756428782183,car,0 days 00:00:02.679000,0 days 01:56:01.593000,11595.0,329.0,8,100.0,False,0,246.7691666666667,0.042890389793778086
2024-09-01 14:03:45.590,OnTrack,-1159.0,1798.0,1884.0,pos,0 days 00:00:02.757000,0 days 01:56:01.671000,11617.100036266667,329.3250005333333,8,100.0,False,0,253.91440575885116,0.04413228761259067
2024-09-01 14:03:45.752,OnTrack,-1146.3555530120184,1947.489341466254,1884.5626559155426,car,0 days 00:00:02.919000,0 days 01:56:01.833000,11663.0,330.0,8,100.0,False,0,268.7691666666667,0.04671415995197499
2024-09-01 14:03:45.870,OnTrack,-1137.0,2053.0,1885.0,pos,0 days 00:00:03.037000,0 days 01:56:01.951000,11690.14002944,330.0,8,100.0,False,0,279.5834993779616,0.04859377462025962
2024-09-01 14:03:45.952,OnTrack,-1130.1711898145315,2126.8396825247614,1885.4327683005663,car,0 days 00:00:03.119000,0 days 01:56:02.033000,11709.0,330.0,8,100.0,False,0,287.1025000000001,0.04990063508380575
2024-09-01 14:03:46.050,OnTrack,-1122.0,2217.0,1886.0,pos,0 days 00:00:03.217000,0 days 01:56:02.131000,11712.91999488,330.24499968,8,100.0,False,0,296.09891325441475,0.05146428128985293
2024-09-01 14:03:46.250,OnTrack,-1107.0,2400.0,1887.0,pos,0 days 00:00:03.417000,0 days 01:56:02.331000,11720.91999488,330.74499968,8,100.0,False,0,314.4906568777622,0.05466090858186039
2024-09-01 14:03:46.352,OnTrack,-1100.9427476691187,2466.4800324639,1887.4779676088378,car,0 days 00:00:03.519000,0 days 01:56:02.433000,11725.0,331.0,8,100.0,False,0,323.88027777777785,0.0562928973179632
2024-09-01 14:03:46.450,OnTrack,-1095.0,2532.0,1888.0,pos,0 days 00:00:03.617000,0 days 01:56:02.531000,11729.355549866666,331.27222186666665,8,100.0,False,0,332.90682471374305,0.05786178099093171
2024-09-01 14:03:46.609,OnTrack,-1083.0,2679.0,1889.0,pos,0 days 00:00:03.776000,0 days 01:56:02.690000,11736.422219377779,331.7138887111111,8,100.0,False,0,347.56572867941566,0.06040961187892322
2024-09-01 14:03:46.712,OnTrack,-1074.8734845128017,2775.4950602542403,1889.3672665927193,car,0 days 00:00:03.879000,0 days 01:56:02.793000,11741.0,332.0,8,100.0,False,0,357.08027777777784,0.06206331410215125
2024-09-01 14:03:46.872,OnTrack,-1062.1379512570263,2920.851801063499,1889.6319174419743,car,0 days 00:00:04.039000,0 days 01:56:02.953000,11707.0,333.0,8,100.0,False,0,371.8802777777778,0.06463566857221098
2024-09-01 14:03:46.949,OnTrack,-1056.0,2992.0,1890.0,pos,0 days 00:00:04.116000,0 days 01:56:03.030000,11712.224995657143,332.72500022857145,8,100.0,False,0,378.98789908837625,0.06587102812963055
2024-09-01 14:03:47.089,OnTrack,-1045.0,3121.0,1891.0,pos,0 days 00:00:04.256000,0 days 01:56:03.170000,11721.724995657143,332.22500022857145,8,100.0,False,0,391.8887055008352,0.06811328806493218
2024-09-01 14:03:47.152,OnTrack,-1040.401392280576,3173.2072905823,1891.278280106451,car,0 days 00:00:04.319000,0 days 01:56:03.233000,11726.0,332.0,8,100.0,False,0,397.70250000000004,0.06912377051546835
2024-09-01 14:03:47.369,OnTrack,-1022.0,3379.0,1892.0,pos,0 days 00:00:04.536000,0 days 01:56:03.450000,11684.4083456,332.9041664,8,100.0,False,0,417.7744811193932,0.07261243608002414
2024-09-01 14:03:47.392,OnTrack,-1019.0898611162122,3412.8094056722866,1892.2075651612972,car,0 days 00:00:04.559000,0 days 01:56:03.473000,11680.0,333.0,8,100.0,False,0,419.9025000000001,0.07298230222055796
2024-09-01 14:03:47.549,OnTrack,-997.0,3673.0,1894.0,pos,0 days 00:00:04.716000,0 days 01:56:03.630000,11757.5187184,333.0,8,100.0,False,0,434.42493888284207,0.0755064144216693
2024-09-01 14:03:47.552,OnTrack,-996.6491036712152,3677.141163704067,1894.0262699894206,car,0 days 00:00:04.719000,0 days 01:56:03.633000,11759.0,333.0,8,100.0,False,0,434.7025000000001,0.0755546566906177
2024-09-01 14:03:47.793,OnTrack,-981.6419506020511,3853.6445484385836,1894.5716686386368,car,0 days 00:00:04.960000,0 days 01:56:03.874000,11706.0,333.0,8,100.0,False,0,456.99500000000006,0.07942926561114516
2024-09-01 14:03:47.953,OnTrack,-975.7094985628506,3921.0605402126807,1894.5750523811362,car,0 days 00:00:05.120000,0 days 01:56:04.034000,11700.0,332.0,8,100.0,False,0,471.75055555555565,0.08199389529300653
2024-09-01 14:03:48.029,OnTrack,-970.0,3986.0,1895.0,pos,0 days 00:00:05.196000,0 days 01:56:04.110000,11713.775,332.0,8,100.0,False,0,478.76136902108624,0.08321242889819656
2024-09-01 14:03:48.113,OnTrack,-961.5227483064,4082.4408172881103,1895.7869009690999,car,0 days 00:00:05.280000,0 days 01:56:04.194000,11729.0,332.0,8,100.0,False,0,486.50611111111124,0.08455852497486789
2024-09-01 14:03:48.229,OnTrack,-949.0,4225.0,1897.0,pos,0 days 00:00:05.396000,0 days 01:56:04.310000,11703.866666666667,331.51666666666665,8,100.0,False,0,497.1779892650993,0.08641337993928302
2024-09-01 14:03:48.353,OnTrack,-939.438086423994,4334.11717157818,1897.7573361861296,car,0 days 00:00:05.520000,0 days 01:56:04.434000,11677.0,331.0,8,100.0,False,0,508.5727777777779,0.08839388231536235
2024-09-01 14:03:48.553,OnTrack,-928.0719432096147,4467.937612908655,1898.0114622801436,car,0 days 00:00:05.720000,0 days 01:56:04.634000,11650.0,331.0,8,100.0,False,0,526.9616666666667,0.09159001343244107
2024-09-01 14:03:48.569,OnTrack,-927.0,4481.0,1898.0,pos,0 days 00:00:05.736000,0 days 01:56:04.650000,11652.145454545454,331.0,8,100.0,False,0,528.4332724080759,0.09184578989237888
2024-09-01 14:03:48.729,OnTrack,-915.0,4628.0,1898.0,pos,0 days 00:00:05.896000,0 days 01:56:04.810000,11673.6,331.0,8,100.0,False,0,543.1532039810538,0.09440422785053584
2024-09-01 14:03:48.929,OnTrack,-899.0,4811.0,1900.0,pos,0 days 00:00:06.096000,0 days 01:56:05.010000,11700.418181818182,331.0,8,100.0,False,0,561.5432793076249,0.09760056517966019
2024-09-01 14:03:48.993,OnTrack,-893.753297192288,4869.687195075376,1900.109750043348,car,0 days 00:00:06.160000,0 days 01:56:05.074000,11709.0,331.0,8,100.0,False,0,567.4172222222223,0.09862150189001427
2024-09-01 14:03:49.089,OnTrack,-886.0,4958.0,1900.0,pos,0 days 00:00:06.256000,0 days 01:56:05.170000,11697.0,330.6,8,100.0,False,0,576.2177876591703,0.10015110823060795
2024-09-01 14:03:49.233,OnTrack,-875.2369084790729,5089.9601460783715,1900.672752867934,car,0 days 00:00:06.400000,0 days 01:56:05.314000,11679.0,330.0,8,100.0,False,0,589.4172222222223,0.10244527204821118
2024-09-01 14:03:49.289,OnTrack,-871.0,5141.0,1901.0,pos,0 days 00:00:06.456000,0 days 01:56:05.370000,11677.6,330.14,8,100.0,False,0,594.559460516929,0.10333903283628557
2024-09-01 14:03:49.489,OnTrack,-855.0,5323.0,1902.0,pos,0 days 00:00:06.656000,0 days 01:56:05.570000,11672.6,330.64,8,100.0,False,0,612.9624737778445,0.10653761887846695
2024-09-01 14:03:49.633,OnTrack,-843.494028879182,5457.903965963673,1902.896232643056,car,0 days 00:00:06.800000,0 days 01:56:05.714000,11669.0,331.0,8,100.0,False,0,626.195,0.10883753428236861
2024-09-01 14:03:49.793,OnTrack,-831.1827005361522,5602.591408322507,1903.9141387615286,car,0 days 00:00:06.960000,0 days 01:56:05.874000,11634.0,330.0,8,100.0,False,0,640.8616666666667,0.11138671438783321
2024-09-01 14:03:49.809,OnTrack,-830.0,5616.0,1904.0,pos,0 days 00:00:06.976000,0 days 01:56:05.890000,11634.666666666666,330.0,8,100.0,False,0,642.3280442079842,0.11164158214615777
2024-09-01 14:03:50.029,OnTrack,-812.0,5817.0,1905.0,pos,0 days 00:00:07.196000,0 days 01:56:06.110000,11643.833333333334,330.0,8,100.0,False,0,662.4949973539467,0.11514675458348897
2024-09-01 14:03:50.033,OnTrack,-811.54091705507,5822.347132660757,1905.0196296105723,car,0 days 00:00:07.200000,0 days 01:56:06.114000,11644.0,330.0,8,100.0,False,0,662.8616666666667,0.11521048454603011
2024-09-01 14:03:50.229,OnTrack,-786.0,6127.0,1906.0,pos,0 days 00:00:07.396000,0 days 01:56:06.310000,11652.33,330.0,8,100.0,False,0,680.8269490297735,0.1183329895725587
2024-09-01 14:03:50.433,OnTrack,-776.8931970187928,6234.169447727771,1906.4085620362866,car,0 days 00:00:07.600000,0 days 01:56:06.514000,11661.0,330.0,8,100.0,False,0,699.5283333333333,0.12158343480969161
2024-09-01 14:03:50.550,OnTrack,-772.0,6292.0,1907.0,pos,0 days 00:00:07.717000,0 days 01:56:06.631000,11608.3499136,330.0,8,100.0,False,0,710.2566924821891,0.12344810660786495
2024-09-01 14:03:50.593,OnTrack,-769.0465315677391,6327.3645383884905,1907.3692463447583,car,0 days 00:00:07.760000,0 days 01:56:06.674000,11589.0,330.0,8,100.0,False,0,714.1949999999999,0.1241326149151562
2024-09-01 14:03:50.833,OnTrack,-745.522120697403,6609.914660035469,1909.9246690460536,car,0 days 00:00:08,0 days 01:56:06.914000,11537.0,329.0,8,100.0,False,0,736.1283333333333,0.12794479789105556
2024-09-01 14:03:50.850,OnTrack,-744.0,6628.0,1910.0,pos,0 days 00:00:08.017000,0 days 01:56:06.931000,11514.60258432,328.7875008,8,95.750016,False,0,737.6829617682721,0.1282150043372648
2024-09-01 14:03:51.030,OnTrack,-730.0,6792.0,1910.0,pos,0 days 00:00:08.197000,0 days 01:56:07.111000,11277.45224704,326.5374976,8,50.749952,False,0,754.1661737720842,0.13107991407232886
2024-09-01 14:03:51.233,OnTrack,-714.3909876550132,6973.331108318032,1910.8843353263974,car,0 days 00:00:08.400000,0 days 01:56:07.314000,11010.0,324.0,8,0.0,True,0,772.1283333333333,0.13420187633174138
2024-09-01 14:03:51.250,OnTrack,-713.0,6990.0,1911.0,pos,0 days 00:00:08.417000,0 days 01:56:07.331000,10954.183543466666,321.73334186666665,8,0.0,True,0,773.5716944026627,0.13445274364921433
2024-09-01 14:03:51.473,OnTrack,-694.0187283279688,7225.054538731266,1912.7511393281789,car,0 days 00:00:08.640000,0 days 01:56:07.554000,10222.0,292.0,8,0.0,True,0,791.595,0.13758533356263078
2024-09-01 14:03:51.530,OnTrack,-690.0,7274.0,1913.0,pos,0 days 00:00:08.697000,0 days 01:56:07.611000,10144.451513288725,285.3887234831401,8,0.0,True,0,795.9059981891264,0.13833461839115907
2024-09-01 14:03:51.790,OnTrack,-677.0,7423.0,1913.0,pos,0 days 00:00:08.957000,0 days 01:56:07.871000,9790.720828444724,255.23196002869767,8,0.0,True,0,814.0601519870029,0.14148995073386983
2024-09-01 14:03:51.792,OnTrack,-676.8994734360451,7424.180135422386,1913.0041772988989,car,0 days 00:00:08.959000,0 days 01:56:07.873000,9788.0,255.0,8,0.0,True,0,814.1908333333333,0.14151266416261218
2024-09-01 14:03:52.010,OnTrack,-665.0,7568.0,1914.0,pos,0 days 00:00:09.177000,0 days 01:56:08.091000,9877.9249472,229.7937648,8,0.0,True,0,827.6581861258194,0.1438533942406948
2024-09-01 14:03:52.112,OnTrack,-659.6323766794071,7631.593086631973,1914.340467300593,car,0 days 00:00:09.279000,0 days 01:56:08.193000,9920.0,218.0,8,0.0,True,0,833.5686111111111,0.1448806718171048
2024-09-01 14:03:52.312,OnTrack,-649.8428142007904,7742.777694863804,1914.9096862217853,car,0 days 00:00:09.479000,0 days 01:56:08.393000,10271.0,197.0,8,0.0,True,0,844.5130555555555,0.14678290091095528
2024-09-01 14:03:52.330,OnTrack,-649.0,7752.0,1915.0,pos,0 days 00:00:09.497000,0 days 01:56:08.411000,10269.875008,194.750016,8,0.0,True,0,845.4351526674504,0.14694316852092906
2024-09-01 14:03:52.472,OnTrack,-642.0987282910224,7823.063181640831,1915.895370145655,car,0 days 00:00:09.639000,0 days 01:56:08.553000,10261.0,177.0,8,0.0,True,0,852.3797222222222,0.14815018842206812
2024-09-01 14:03:52.490,OnTrack,-641.0,7833.0,1916.0,pos,0 days 00:00:09.657000,0 days 01:56:08.571000,10325.5745408,175.7625088,8,0.0,True,0,853.2380952491663,0.14829938029320586
2024-09-01 14:03:52.632,OnTrack,-629.8055999339846,7923.170395440901,1916.6268220935945,car,0 days 00:00:09.799000,0 days 01:56:08.713000,10835.0,166.0,6,0.0,True,0,859.7574999999999,0.14943250326299878
2024-09-01 14:03:52.750,OnTrack,-619.0,7994.0,1917.0,pos,0 days 00:00:09.917000,0 days 01:56:08.831000,10667.218568,153.093736,6,0.0,True,0,864.4584172513188,0.15024955904035087
2024-09-01 14:03:52.952,OnTrack,-600.7782247847857,8070.691537940525,1917.5447716828737,car,0 days 00:00:10.119000,0 days 01:56:09.033000,10380.0,131.0,3,0.0,True,0,871.4019444444444,0.15145639777097372
2024-09-01 14:03:53.129,OnTrack,-587.0,8111.0,1918.0,pos,0 days 00:00:10.296000,0 days 01:56:09.210000,9994.041806222222,122.6416696888889,3,0.0,True,0,877.1631480908138,0.152457739524532
2024-09-01 14:03:53.312,OnTrack,-576.5616240069044,8143.131759265705,1918.51473144504,car,0 days 00:00:10.479000,0 days 01:56:09.393000,9595.0,114.0,2,0.0,True,0,882.8019444444444,0.15343780594385756
2024-09-01 14:03:53.472,OnTrack,-561.7176345887264,8172.066365008177,1918.9035653156707,car,0 days 00:00:10.639000,0 days 01:56:09.553000,9072.0,104.0,2,0.0,True,0,887.4241666666667,0.15424118391648883
2024-09-01 14:03:53.569,OnTrack,-540.0,8200.0,1919.0,pos,0 days 00:00:10.736000,0 days 01:56:09.650000,8649.010993371428,100.18928822857143,2,0.0,True,0,890.0434680532118,0.15469643875636133
2024-09-01 14:03:53.729,OnTrack,-489.0,8257.0,1919.0,pos,0 days 00:00:10.896000,0 days 01:56:09.810000,7951.296707657143,93.90357394285715,2,0.0,True,0,894.0941048784515,0.15540047076609065
2024-09-01 14:03:53.752,OnTrack,-482.83398524487535,8263.425688005016,1919.0164603251699,car,0 days 00:00:10.919000,0 days 01:56:09.833000,7851.0,93.0,2,0.0,True,0,894.6575,0.1554983931957748
2024-09-01 14:03:54.152,OnTrack,-431.2639767416832,8292.498033798116,1919.9583461194711,car,0 days 00:00:11.319000,0 days 01:56:10.233000,7175.0,83.0,2,0.0,True,0,903.8797222222223,0.15710128674693816
2024-09-01 14:03:54.189,OnTrack,-425.0,8294.0,1920.0,pos,0 days 00:00:11.356000,0 days 01:56:10.270000,7100.447866411261,82.44776197341675,2,0.0,True,0,904.7094157018682,0.15724549389093453
2024-09-01 14:03:54.353,OnTrack,-388.88039353183274,8303.89913420634,1920.0112759854114,car,0 days 00:00:11.520000,0 days 01:56:10.434000,6770.0,80.0,2,0.0,False,0,908.3463888888889,0.1578776279608751
2024-09-01 14:03:54.409,OnTrack,-376.0,8307.0,1920.0,pos,0 days 00:00:11.576000,0 days 01:56:10.490000,6787.181818181818,79.49090909090908,2,1.4,False,0,909.5584894775421,0.15808830041813077
2024-09-01 14:03:54.589,OnTrack,-337.0,8314.0,1920.0,pos,0 days 00:00:11.756000,0 days 01:56:10.670000,6842.409090909091,77.85454545454546,2,5.8999999999999995,False,0,913.343239860324,0.15874611930767193
2024-09-01 14:03:54.749,OnTrack,-302.0,8321.0,1920.0,pos,0 days 00:00:11.916000,0 days 01:56:10.830000,6891.5,76.4,2,9.9,False,0,916.6972871408267,0.15932907866677956
2024-09-01 14:03:54.793,OnTrack,-292.7715118527738,8323.279434658827,1920.0029912685081,car,0 days 00:00:11.960000,0 days 01:56:10.874000,6905.0,76.0,2,11.0,False,0,917.6352777777778,0.159492108694336
2024-09-01 14:03:54.989,OnTrack,-254.0,8336.0,1920.0,pos,0 days 00:00:12.156000,0 days 01:56:11.070000,7526.32,78.94,2,28.64,False,0,921.9326685190646,0.16023902844318347
2024-09-01 14:03:54.993,OnTrack,-253.22995311967205,8336.321100281199,1919.9984789589446,car,0 days 00:00:12.160000,0 days 01:56:11.074000,7539.0,79.0,2,29.0,False,0,922.0241666666667,0.16025493152892578
2024-09-01 14:03:55.089,OnTrack,-235.0,8345.0,1920.0,pos,0 days 00:00:12.256000,0 days 01:56:11.170000,7437.24,81.88,2,25.16,False,0,924.275554984343,0.16064624023181867
2024-09-01 14:03:55.193,OnTrack,-216.09174398569598,8357.43499184251,1920.394933353627,car,0 days 00:00:12.360000,0 days 01:56:11.274000,7327.0,85.0,2,21.0,True,0,926.7463888888889,0.1610756902750034
2024-09-01 14:03:55.329,OnTrack,-194.0,8378.0,1921.0,pos,0 days 00:00:12.496000,0 days 01:56:11.410000,7169.628571428571,83.54285714285714,2,10.8,True,0,929.8780076992851,0.16161998984564163
2024-09-01 14:03:55.473,OnTrack,-175.72282638330464,8403.898478916552,1920.977100016746,car,0 days 00:00:12.640000,0 days 01:56:11.554000,7003.0,82.0,2,0.0,True,0,933.1241666666667,0.16218419738147058
2024-09-01 14:03:55.489,OnTrack,-174.0,8407.0,1921.0,pos,0 days 00:00:12.656000,0 days 01:56:11.570000,6972.76,81.84,2,0.0,True,0,933.4840088659997,0.16224674073890102
2024-09-01 14:03:55.673,OnTrack,-158.32007632709843,8445.262772513013,1921.8645052038814,car,0 days 00:00:12.840000,0 days 01:56:11.754000,6625.0,80.0,2,0.0,False,0,937.5686111111112,0.16295667620130835
2024-09-01 14:03:55.709,OnTrack,-156.0,8453.0,1922.0,pos,0 days 00:00:12.876000,0 days 01:56:11.790000,6638.725,79.325,2,0.11249999999999999,False,0,938.3380124430303,0.1630904041037024
2024-09-01 14:03:55.993,OnTrack,-144.43434305794693,8513.769024044195,1922.007193259512,car,0 days 00:00:13.160000,0 days 01:56:12.074000,6747.0,74.0,2,1.0,False,0,944.146388888889,0.16409994485466822
2024-09-01 14:03:56.009,OnTrack,-144.0,8517.0,1922.0,pos,0 days 00:00:13.176000,0 days 01:56:12.090000,6682.0,74.06666666666666,2,1.9333333333333333,False,0,944.4745371044714,0.16415697955258687
2024-09-01 14:03:56.049,OnTrack,-143.0,8525.0,1922.0,pos,0 days 00:00:13.216000,0 days 01:56:12.130000,6519.5,74.23333333333333,2,4.266666666666667,False,0,945.297639828899,0.16430004117235036
2024-09-01 14:03:56.233,OnTrack,-141.0474635757273,8564.193078484153,1922.8819894355731,car,0 days 00:00:13.400000,0 days 01:56:12.314000,5772.0,75.0,3,15.0,False,0,949.146388888889,0.16496898352698572
2024-09-01 14:03:56.269,OnTrack,-141.0,8572.0,1923.0,pos,0 days 00:00:13.436000,0 days 01:56:12.350000,5826.9,75.54,3,17.52,False,0,949.915098413089,0.16510259118784743
2024-09-01 14:03:56.433,OnTrack,-141.81390579756828,8607.496217419392,1922.9928835307674,car,0 days 00:00:13.600000,0 days 01:56:12.514000,6077.0,78.0,3,29.0,False,0,953.4797222222223,0.16572215037632754
2024-09-01 14:03:56.449,OnTrack,-142.0,8611.0,1923.0,pos,0 days 00:00:13.616000,0 days 01:56:12.530000,6098.2,78.24,3,29.88,False,0,953.8321838216896,0.1657834109284163
2024-09-01 14:03:56.633,OnTrack,-145.60677554301802,8652.106618676951,1923.5265766055695,car,0 days 00:00:13.800000,0 days 01:56:12.714000,6342.0,81.0,3,40.0,False,0,957.9797222222223,0.16650428518141328
2024-09-01 14:03:56.789,OnTrack,-151.0,8688.0,1924.0,pos,0 days 00:00:13.956000,0 days 01:56:12.870000,6724.2,85.29,3,48.19,False,0,961.7522325613281,0.16715997665669335
2024-09-01 14:03:57.030,OnTrack,-163.0,8747.0,1924.0,pos,0 days 00:00:14.197000,0 days 01:56:13.111000,7314.6504704,91.91750528,3,60.84251008,False,0,968.1182070129335,0.16826643225377938
2024-09-01 14:03:57.033,OnTrack,-163.150432182894,8747.81830434008,1923.9998743511014,car,0 days 00:00:14.200000,0 days 01:56:13.114000,7322.0,92.0,3,61.0,False,0,968.2019444444445,0.1682809864670401
2024-09-01 14:03:57.070,OnTrack,-165.0,8758.0,1924.0,pos,0 days 00:00:14.237000,0 days 01:56:13.151000,7486.55835392,93.66500864,3,62.8500096,False,0,969.243918039566,0.16846208953697894
2024-09-01 14:03:57.410,OnTrack,-189.0,8853.0,1924.0,pos,0 days 00:00:14.577000,0 days 01:56:13.491000,8998.70721536,108.96499711999999,3,79.8499968,False,0,979.6581269418538,0.17027215959251515
2024-09-01 14:03:57.433,OnTrack,-191.74918093653687,8863.039706637552,1924.0686089220198,car,0 days 00:00:14.600000,0 days 01:56:13.514000,9101.0,110.0,3,81.0,False,0,980.4241666666668,0.17040530322159395
2024-09-01 14:03:57.650,OnTrack,-221.0,8970.0,1925.0,pos,0 days 00:00:14.817000,0 days 01:56:13.731000,9947.2997504,122.055552,3,88.2333312,False,0,988.0503770124101,0.17173079756432966
2024-09-01 14:03:57.793,OnTrack,-231.6901506448941,9009.541982464061,1925.1775223301497,car,0 days 00:00:14.960000,0 days 01:56:13.874000,10505.0,130.0,3,93.0,False,0,993.4241666666668,0.17266480376961937
2024-09-01 14:03:57.953,OnTrack,-239.3551672477512,9039.458452113733,1925.0335721380802,car,0 days 00:00:15.120000,0 days 01:56:14.034000,10785.0,142.0,3,100.0,False,0,999.7352777777778,0.17376172369378898
2024-09-01 14:03:57.990,OnTrack,-242.0,9050.0,1925.0,pos,0 days 00:00:15.157000,0 days 01:56:14.071000,10891.067217066666,143.54167466666667,3,100.0,False,0,1001.2416510992384,0.17402354302804832
2024-09-01 14:03:58.150,OnTrack,-258.0,9114.0,1925.0,pos,0 days 00:00:15.317000,0 days 01:56:14.231000,11349.733883733334,150.20834133333332,3,100.0,False,0,1007.979595680184,0.17519464991060305
2024-09-01 14:03:58.193,OnTrack,-264.0077419512505,9137.774670719744,1925.153143326372,car,0 days 00:00:15.360000,0 days 01:56:14.274000,11473.0,152.0,3,100.0,False,0,1009.8686111111111,0.17552297540301906
2024-09-01 14:03:58.470,OnTrack,-309.0,9315.0,1927.0,pos,0 days 00:00:15.637000,0 days 01:56:14.551000,10722.1316224,166.839296,3,100.0,False,0,1022.7160959957179,0.17775596764436657
2024-09-01 14:03:58.473,OnTrack,-309.3270037647586,9316.31208261437,1927.0093551906868,car,0 days 00:00:15.640000,0 days 01:56:14.554000,10714.0,167.0,3,100.0,False,0,1022.8575000000001,0.17778054475399493
2024-09-01 14:03:58.672,OnTrack,-321.07860168644373,9365.837827682975,1926.9259056166768,car,0 days 00:00:15.839000,0 days 01:56:14.753000,10889.0,172.0,4,100.0,False,0,1032.365277777778,0.17943307006933287
2024-09-01 14:03:58.770,OnTrack,-327.0,9392.0,1927.0,pos,0 days 00:00:15.937000,0 days 01:56:14.851000,11130.0184352,177.2062432,4,100.0,False,0,1037.3338776115643,0.18029665114989898
2024-09-01 14:03:58.970,OnTrack,-349.0,9492.0,1928.0,pos,0 days 00:00:16.137000,0 days 01:56:15.051000,11621.8934352,187.8312432,4,100.0,False,0,1047.9816814708388,0.18214732181569115
2024-09-01 14:03:58.992,OnTrack,-352.2210894109186,9508.236173358486,1928.1166697111305,car,0 days 00:00:16.159000,0 days 01:56:15.073000,11676.0,189.0,4,100.0,False,0,1049.1652777777779,0.1823530400083196
2024-09-01 14:03:59.190,OnTrack,-384.0,9684.0,1929.0,pos,0 days 00:00:16.357000,0 days 01:56:15.271000,11938.3501696,195.93000448,4,100.0,False,0,1059.9429827654017,0.1842262884949344
2024-09-01 14:03:59.192,OnTrack,-384.2714252435336,9685.668778522007,1929.0070769903803,car,0 days 00:00:16.359000,0 days 01:56:15.273000,11941.0,196.0,4,100.0,False,0,1060.054166666667,0.18424561311692214
2024-09-01 14:03:59.472,OnTrack,-407.4092187407032,9871.009120284363,1929.6313827073136,car,0 days 00:00:16.639000,0 days 01:56:15.553000,10961.0,206.0,5,100.0,False,0,1076.0763888888891,0.18703039926243722
2024-09-01 14:03:59.650,OnTrack,-414.0,9947.0,1930.0,pos,0 days 00:00:16.817000,0 days 01:56:15.731000,10843.52008448,209.55999744,5,100.0,False,0,1086.4519322465324,0.18883374894725696
2024-09-01 14:03:59.672,OnTrack,-414.6586526013371,9954.448274613447,1930.0577057348266,car,0 days 00:00:16.839000,0 days 01:56:15.753000,10829.0,210.0,5,100.0,False,0,1087.7430555555557,0.18905815616451133
2024-09-01 14:03:59.832,OnTrack,-418.4328348180188,9996.585051324724,1930.5558100060573,car,0 days 00:00:16.999000,0 days 01:56:15.913000,11032.0,213.0,5,100.0,False,0,1097.2097222222224,0.19070353605076576
2024-09-01 14:03:59.969,OnTrack,-421.0,10055.0,1931.0,pos,0 days 00:00:17.136000,0 days 01:56:16.050000,11298.46487552,217.10999808,5,100.0,False,0,1105.4789335296991,0.1921407889339182
2024-09-01 14:04:00.032,OnTrack,-422.13386101588634,10097.027004927199,1931.1903780488587,car,0 days 00:00:17.199000,0 days 01:56:16.113000,11421.0,219.0,5,100.0,False,0,1109.376388888889,0.19281819682007162
2024-09-01 14:04:00.309,OnTrack,-426.0,10321.0,1932.0,pos,0 days 00:00:17.476000,0 days 01:56:16.390000,11579.4093384,231.1187472,5,100.0,False,0,1127.2740485138154,0.19592894849167886
2024-09-01 14:04:00.352,OnTrack,-426.2297464318848,10341.579781729622,1932.1421741425897,car,0 days 00:00:17.519000,0 days 01:56:16.433000,11604.0,233.0,5,100.0,False,0,1130.0875,0.19641794812051555
2024-09-01 14:04:00.512,OnTrack,-426.20349661800765,10383.702296260233,1932.7155432767577,car,0 days 00:00:17.679000,0 days 01:56:16.593000,10524.0,236.0,5,100.0,False,0,1140.576388888889,0.19824099813533266
2024-09-01 14:04:00.589,OnTrack,-426.0,10413.0,1933.0,pos,0 days 00:00:17.756000,0 days 01:56:16.670000,10650.66489472,237.9249984,5,100.0,False,0,1145.688108714694,0.19912945457746797
2024-09-01 14:04:00.712,OnTrack,-425.57923245837185,10487.04534470027,1933.4571727958366,car,0 days 00:00:17.879000,0 days 01:56:16.793000,10853.0,241.0,6,100.0,False,0,1153.965277777778,0.20056809058009395
2024-09-01 14:04:00.849,OnTrack,-424.0,10588.0,1934.0,pos,0 days 00:00:18.016000,0 days 01:56:16.930000,11014.443950856485,244.97925230984293,6,100.0,False,0,1163.358985091383,0.20220078956648477
2024-09-01 14:04:00.953,OnTrack,-421.26424432821466,10661.344350203712,1934.4587301031415,car,0 days 00:00:18.120000,0 days 01:56:17.034000,11137.0,248.0,6,100.0,False,0,1170.5675000000003,0.2034536852115979
2024-09-01 14:04:01.129,OnTrack,-415.0,10781.0,1935.0,pos,0 days 00:00:18.296000,0 days 01:56:17.210000,11277.066666666668,250.93333333333334,6,100.0,False,0,1182.8540487249165,0.20558918240985094
2024-09-01 14:04:01.193,OnTrack,-412.7253622961162,10824.854852418946,1934.99424875332,car,0 days 00:00:18.360000,0 days 01:56:17.274000,11328.0,252.0,6,100.0,False,0,1187.3675000000003,0.20637365515058462
2024-09-01 14:04:01.209,OnTrack,-412.0,10837.0,1935.0,pos,0 days 00:00:18.376000,0 days 01:56:17.290000,11340.444444444445,252.3111111111111,6,100.0,False,0,1188.5005388769741,0.20657058607085052
2024-09-01 14:04:01.509,OnTrack,-387.0,11137.0,1936.0,pos,0 days 00:00:18.676000,0 days 01:56:17.590000,11573.777777777777,258.14444444444445,6,100.0,False,0,1210.065202298091,0.21031869136454265
2024-09-01 14:04:01.553,OnTrack,-383.67311078644667,11171.979071202359,1936.098345620971,car,0 days 00:00:18.720000,0 days 01:56:17.634000,11608.0,259.0,6,100.0,False,0,1213.2675000000002,0.21087527547318913
2024-09-01 14:04:01.793,OnTrack,-370.3190875397787,11290.566606746803,1936.1035093686507,car,0 days 00:00:18.960000,0 days 01:56:17.874000,11398.0,264.0,6,100.0,False,0,1230.8675000000003,0.21393429159974667
2024-09-01 14:04:01.953,OnTrack,-357.6519218565875,11373.612716589156,1936.0039684873414,car,0 days 00:00:19.120000,0 days 01:56:18.034000,10540.0,266.0,6,100.0,False,0,1242.6897222222226,0.21598908526051513
2024-09-01 14:04:01.969,OnTrack,-356.0,11384.0,1936.0,pos,0 days 00:00:19.136000,0 days 01:56:18.050000,10558.4,266.3333333333333,6,100.0,False,0,1243.8812507709144,0.21619618213811184
2024-09-01 14:04:02.109,OnTrack,-339.0,11487.0,1936.0,pos,0 days 00:00:19.276000,0 days 01:56:18.190000,10719.4,269.25,6,100.0,False,0,1254.3929360682762,0.21802319434503953
2024-09-01 14:04:02.193,OnTrack,-327.65771326892923,11549.622270033311,1936.0020925740635,car,0 days 00:00:19.360000,0 days 01:56:18.274000,10816.0,271.0,7,100.0,False,0,1260.7563888888892,0.2191292116631556
2024-09-01 14:04:02.369,OnTrack,-301.0,11679.0,1936.0,pos,0 days 00:00:19.536000,0 days 01:56:18.450000,10902.9,273.75,7,100.0,False,0,1274.2017150893591,0.22146611334918195
2024-09-01 14:04:02.513,OnTrack,-275.05972877968935,11786.19741796234,1936.0002175017394,car,0 days 00:00:19.680000,0 days 01:56:18.594000,10974.0,276.0,7,100.0,False,0,1285.2897222222225,0.22339329474866002
2024-09-01 14:04:02.549,OnTrack,-268.0,11813.0,1936.0,pos,0 days 00:00:19.716000,0 days 01:56:18.630000,11004.825,276.675,7,100.0,False,0,1288.070934600776,0.22387669097123822
2024-09-01 14:04:02.673,OnTrack,-241.95075782884112,11905.001616771617,1935.9975679207091,car,0 days 00:00:19.840000,0 days 01:56:18.754000,11111.0,279.0,7,100.0,False,0,1297.6897222222226,0.2255485106560074
2024-09-01 14:04:02.769,OnTrack,-220.0,11976.0,1936.0,pos,0 days 00:00:19.936000,0 days 01:56:18.850000,11153.24,280.44,7,100.0,False,0,1305.1998269009546,0.2268538249358015
2024-09-01 14:04:02.873,OnTrack,-194.51118506653174,12052.778584357806,1936.0117150144508,car,0 days 00:00:20.040000,0 days 01:56:18.954000,11199.0,282.0,7,100.0,False,0,1313.3563888888891,0.22827149849593545
2024-09-01 14:04:02.969,OnTrack,-169.0,12124.0,1936.0,pos,0 days 00:00:20.136000,0 days 01:56:19.050000,11236.2,282.0,7,100.0,False,0,1320.860523094031,0.2295757750612412
2024-09-01 14:04:03.089,OnTrack,-135.0,12212.0,1936.0,pos,0 days 00:00:20.256000,0 days 01:56:19.170000,11282.7,282.0,7,100.0,False,0,1330.2611132001398,0.23120967033020393
2024-09-01 14:04:03.113,OnTrack,-128.59153025434568,12228.152090074052,1936.0544379616788,car,0 days 00:00:20.280000,0 days 01:56:19.194000,11292.0,282.0,7,100.0,False,0,1332.1563888888893,0.2315390839038492
2024-09-01 14:04:03.353,OnTrack,-53.02150713430299,12397.24518346824,1937.0318922729366,car,0 days 00:00:20.520000,0 days 01:56:19.434000,11415.0,288.0,7,100.0,False,0,1351.3563888888891,0.2348761924055483
2024-09-01 14:04:03.369,OnTrack,-44.0,12415.0,1937.0,pos,0 days 00:00:20.536000,0 days 01:56:19.450000,11419.84,288.16,7,100.0,False,0,1352.6457750563684,0.23510029769416643
2024-09-01 14:04:03.530,OnTrack,68.0,12627.0,1936.0,pos,0 days 00:00:20.697000,0 days 01:56:19.611000,11468.54248064,289.76999936,7,100.0,False,0,1365.6655380362317,0.23736323320094818
2024-09-01 14:04:03.753,OnTrack,148.6487810930617,12767.432135439052,1935.6639002980517,car,0 days 00:00:20.920000,0 days 01:56:19.834000,11536.0,292.0,7,100.0,False,0,1383.8008333333337,0.24051528779036394
2024-09-01 14:04:03.990,OnTrack,208.0,12846.0,1936.0,pos,0 days 00:00:21.157000,0 days 01:56:20.071000,11027.296016457143,293.6928585142857,7,100.0,False,0,1403.1510780001124,0.24387850997721108
2024-09-01 14:04:04.033,OnTrack,227.09896088871056,12872.923794533655,1935.9901818415449,car,0 days 00:00:21.200000,0 days 01:56:20.114000,10935.0,294.0,7,100.0,False,0,1406.6675000000002,0.24448969131842918
2024-09-01 14:04:04.110,OnTrack,265.0,12926.0,1936.0,pos,0 days 00:00:21.277000,0 days 01:56:20.191000,10811.02969088,294.38500096,7,100.0,False,0,1412.9677112028548,0.24558471675423887
2024-09-01 14:04:04.233,OnTrack,324.4626144264138,13004.001709707161,1936.4195325106605,car,0 days 00:00:21.400000,0 days 01:56:20.314000,10613.0,295.0,8,100.0,False,0,1423.0563888888892,0.24733820696658093
2024-09-01 14:04:04.350,OnTrack,388.0,13079.0,1937.0,pos,0 days 00:00:21.517000,0 days 01:56:20.431000,10648.935773257143,296.2535734857143,8,100.0,False,0,1432.70692494084,0.2490155447741288
2024-09-01 14:04:04.513,OnTrack,501.1732849060722,13199.117633357728,1937.651822055958,car,0 days 00:00:21.680000,0 days 01:56:20.594000,10699.0,298.0,8,100.0,False,0,1446.234166666667,0.2513666840120349
2024-09-01 14:04:04.670,OnTrack,608.0,13305.0,1938.0,pos,0 days 00:00:21.837000,0 days 01:56:20.751000,10723.204196266666,299.9625024,8,100.0,False,0,1459.344293805835,0.253645325508622
2024-09-01 14:04:04.753,OnTrack,652.4002793461755,13346.75341736732,1938.0322869832787,car,0 days 00:00:21.920000,0 days 01:56:20.834000,10736.0,301.0,8,100.0,False,0,1466.300833333334,0.25485442588360235
2024-09-01 14:04:04.950,OnTrack,747.0,13427.0,1938.0,pos,0 days 00:00:22.117000,0 days 01:56:21.031000,10779.621471085715,302.40714422857144,8,100.0,False,0,1482.870297821513,0.25773432696756615
2024-09-01 14:04:05.033,OnTrack,798.0457315623364,13467.122980269976,1938.1567726353608,car,0 days 00:00:22.200000,0 days 01:56:21.114000,10798.0,303.0,8,100.0,False,0,1489.8675000000003,0.258950494825792
2024-09-01 14:04:05.232,OnTrack,937.1174030710777,13571.4007450295,1938.9153965628657,car,0 days 00:00:22.399000,0 days 01:56:21.313000,10867.0,304.0,8,100.0,False,0,1506.6719444444448,0.2618712372435986
2024-09-01 14:04:05.250,OnTrack,949.0,13580.0,1939.0,pos,0 days 00:00:22.417000,0 days 01:56:21.331000,10870.5999744,304.1124992,8,100.0,False,0,1508.1941283973981,0.2621358045878981
2024-09-01 14:04:05.392,OnTrack,1042.2916263709942,13644.84752766299,1939.7578759599241,car,0 days 00:00:22.559000,0 days 01:56:21.473000,10899.0,305.0,8,100.0,False,0,1520.2275000000004,0.2642272976441038
2024-09-01 14:04:05.430,OnTrack,1075.0,13666.0,1940.0,pos,0 days 00:00:22.597000,0 days 01:56:21.511000,10907.007169828572,305.40714422857144,8,100.0,False,0,1523.4622595112692,0.2647895238662916
2024-09-01 14:04:05.590,OnTrack,1247.0,13771.0,1941.0,pos,0 days 00:00:22.757000,0 days 01:56:21.671000,10940.721455542856,307.12142994285716,8,100.0,False,0,1537.151077311622,0.2671687462756545
2024-09-01 14:04:05.672,OnTrack,1313.3145914204888,13807.56061468233,1941.0434392153352,car,0 days 00:00:22.839000,0 days 01:56:21.753000,10958.0,308.0,8,100.0,False,0,1544.1830555555557,0.26839095848302924
2024-09-01 14:04:05.750,OnTrack,1367.0,13835.0,1941.0,pos,0 days 00:00:22.917000,0 days 01:56:21.831000,10969.31001856,308.39000064,8,100.0,False,0,1550.8751884587364,0.2695541029416597
2024-09-01 14:04:05.872,OnTrack,1453.9390729485717,13878.450037355007,1941.2978408832118,car,0 days 00:00:23.039000,0 days 01:56:21.953000,10987.0,309.0,8,100.0,False,0,1561.3497222222227,0.27137465792465265
2024-09-01 14:04:06.110,OnTrack,1647.0,13967.0,1943.0,pos,0 days 00:00:23.277000,0 days 01:56:22.191000,11049.144477866666,309.6611114666667,8,100.0,False,0,1581.8183754068561,0.2749322681621928
2024-09-01 14:04:06.232,OnTrack,1767.6014781973097,14015.588379500923,1944.3029406970193,car,0 days 00:00:23.399000,0 days 01:56:22.313000,11081.0,310.0,8,100.0,False,0,1592.3497222222227,0.27676269769302103
2024-09-01 14:04:06.310,OnTrack,1840.0,14043.0,1945.0,pos,0 days 00:00:23.477000,0 days 01:56:22.391000,11086.07000832,310.78000128,8,100.0,False,0,1599.1016435780143,0.27793623384714683
2024-09-01 14:04:06.432,OnTrack,1931.8854482377174,14074.81992835419,1945.5613043855521,car,0 days 00:00:23.599000,0 days 01:56:22.513000,11094.0,312.0,8,100.0,False,0,1609.683055555556,0.27977536509038825
2024-09-01 14:04:06.589,OnTrack,2038.0,14106.0,1946.0,pos,0 days 00:00:23.756000,0 days 01:56:22.670000,11103.634086981818,312.3568180363636,8,100.0,False,0,1623.3157208176663,0.28214482775429484
2024-09-01 14:04:06.872,OnTrack,2278.6750577600437,14167.628391277995,1948.2301205417814,car,0 days 00:00:24.039000,0 days 01:56:22.953000,11121.0,313.0,8,100.0,False,0,1647.9386111111116,0.28642447653214176
2024-09-01 14:04:06.949,OnTrack,2342.0,14182.0,1949.0,pos,0 days 00:00:24.116000,0 days 01:56:23.030000,11134.4749888,313.3208330666667,8,100.0,False,0,1654.6512453120185,0.28759118427488356
2024-09-01 14:04:07.112,OnTrack,2476.4190629362433,14208.693921810538,1950.7856444717897,car,0 days 00:00:24.279000,0 days 01:56:23.193000,11163.0,314.0,8,100.0,False,0,1668.8719444444448,0.2900628517735776
2024-09-01 14:04:07.129,OnTrack,2495.0,14212.0,1951.0,pos,0 days 00:00:24.296000,0 days 01:56:23.210000,11159.68501248,314.0,8,100.0,False,0,1670.3549685987423,0.2903206128419907
2024-09-01 14:04:07.312,OnTrack,2755.4650666067296,14255.237356629814,1953.5656858835173,car,0 days 00:00:24.479000,0 days 01:56:23.393000,11124.0,314.0,8,100.0,False,0,1686.3163888888892,0.29309483114144075
2024-09-01 14:04:07.349,OnTrack,2805.0,14263.0,1954.0,pos,0 days 00:00:24.516000,0 days 01:56:23.430000,11127.22406166946,314.0,8,100.0,False,0,1689.5427232980728,0.2936555930157226
2024-09-01 14:04:07.553,OnTrack,3005.1206805305314,14291.146872220614,1955.423430106447,car,0 days 00:00:24.720000,0 days 01:56:23.634000,11145.0,314.0,8,100.0,False,0,1707.3369444444447,0.29674836627971596
2024-09-01 14:04:07.729,OnTrack,3116.0,14304.0,1956.0,pos,0 days 00:00:24.896000,0 days 01:56:23.810000,11132.777777777777,314.4888888888889,8,100.0,False,0,1722.7280540696984,0.29942346017456056
2024-09-01 14:04:07.913,OnTrack,3204.834595649062,14313.642052327798,1956.5477617193487,car,0 days 00:00:25.080000,0 days 01:56:23.994000,11120.0,315.0,8,100.0,False,0,1738.8369444444447,0.30222330991531604
2024-09-01 14:04:08.029,OnTrack,3272.0,14320.0,1957.0,pos,0 days 00:00:25.196000,0 days 01:56:24.110000,11134.983333333334,315.0,8,100.0,False,0,1748.9882702002851,0.3039876888467396
2024-09-01 14:04:08.153,OnTrack,3368.7357761024136,14328.41343364916,1957.657195370116,car,0 days 00:00:25.320000,0 days 01:56:24.234000,11151.0,315.0,8,100.0,False,0,1759.836944444445,0.3058732723390495
2024-09-01 14:04:08.353,OnTrack,3554.6204800708897,14343.81436023435,1958.906152477193,car,0 days 00:00:25.520000,0 days 01:56:24.434000,11185.0,315.0,8,100.0,False,0,1777.336944444445,0.3089149076921607
2024-09-01 14:04:08.369,OnTrack,3569.0,14345.0,1959.0,pos,0 days 00:00:25.536000,0 days 01:56:24.450000,11186.777777777777,315.0444444444444,8,100.0,False,0,1778.738325499762,0.30915847855850537
2024-09-01 14:04:08.549,OnTrack,3726.0,14358.0,1960.0,pos,0 days 00:00:25.716000,0 days 01:56:24.630000,11206.777777777777,315.5444444444444,8,100.0,False,0,1794.5228533573306,0.31190195158500533
2024-09-01 14:04:08.709,OnTrack,3866.0,14370.0,1961.0,pos,0 days 00:00:25.876000,0 days 01:56:24.790000,11224.555555555555,315.9888888888889,8,100.0,False,0,1808.5849910761563,0.31434605988362807
2024-09-01 14:04:08.713,OnTrack,3869.469224730624,14370.298818296882,1961.0338537867678,car,0 days 00:00:25.880000,0 days 01:56:24.794000,11225.0,316.0,8,100.0,False,0,1808.9369444444449,0.3144072321012071
2024-09-01 14:04:08.873,OnTrack,4008.047636114529,14382.20216843134,1962.6946166360603,car,0 days 00:00:26.040000,0 days 01:56:24.954000,11248.0,317.0,8,100.0,False,0,1823.0258333333338,0.3168559899600928
2024-09-01 14:04:08.909,OnTrack,4041.0,14385.0,1963.0,pos,0 days 00:00:26.076000,0 days 01:56:24.990000,11250.1,317.0,8,100.0,False,0,1826.1955343634897,0.3174069085150708
2024-09-01 14:04:09.109,OnTrack,4233.0,14401.0,1964.0,pos,0 days 00:00:26.276000,0 days 01:56:25.190000,11261.766666666666,317.0,8,100.0,False,0,1843.8065432330925,0.320467838068313
2024-09-01 14:04:09.113,OnTrack,4236.576059496447,14401.291633729328,1964.0212058424377,car,0 days 00:00:26.280000,0 days 01:56:25.194000,11262.0,317.0,8,100.0,False,0,1844.1591666666673,0.3205291267484214
2024-09-01 14:04:09.269,OnTrack,4374.0,14412.0,1965.0,pos,0 days 00:00:26.436000,0 days 01:56:25.350000,11258.1,317.5571428571429,8,100.0,False,0,1857.9274713911946,0.3229221645999945
2024-09-01 14:04:09.393,OnTrack,4519.5516631940445,14421.917504005854,1965.7635213390147,car,0 days 00:00:26.560000,0 days 01:56:25.474000,11255.0,318.0,8,100.0,False,0,1868.8925000000004,0.3248279713808185
2024-09-01 14:04:09.669,OnTrack,4860.0,14443.0,1967.0,pos,0 days 00:00:26.836000,0 days 01:56:25.750000,11295.414285714285,318.98571428571427,8,100.0,False,0,1893.3491056179796,0.3290787185959466
2024-09-01 14:04:09.673,OnTrack,4863.116226958653,14443.184117570425,1967.0090978493126,car,0 days 00:00:26.840000,0 days 01:56:25.754000,11296.0,319.0,8,100.0,False,0,1893.7036111111115,0.32914033439256274
2024-09-01 14:04:09.833,OnTrack,4939.002212236628,14447.357581964523,1967.1534897002834,car,0 days 00:00:27,0 days 01:56:25.914000,11314.0,319.0,8,100.0,False,0,1907.8813888888892,0.33160454182784516
2024-09-01 14:04:10.070,OnTrack,5090.0,14454.0,1967.0,pos,0 days 00:00:27.237000,0 days 01:56:26.151000,11283.058308266667,319.0,8,100.0,False,0,1928.8808713000244,0.33525441429063063
2024-09-01 14:04:10.193,OnTrack,5296.202708186183,14463.879512570518,1966.998922509886,car,0 days 00:00:27.360000,0 days 01:56:26.274000,11267.0,319.0,8,100.0,False,0,1939.781388888889,0.3371490085572307
2024-09-01 14:04:10.210,OnTrack,5320.0,14465.0,1967.0,pos,0 days 00:00:27.377000,0 days 01:56:26.291000,11264.62000896,319.0,8,100.0,False,0,1941.2881497644253,0.33741089525138585
2024-09-01 14:04:10.393,OnTrack,5431.261282518137,14469.571293056999,1967.0073039276717,car,0 days 00:00:27.560000,0 days 01:56:26.474000,11239.0,319.0,8,100.0,False,0,1957.5036111111112,0.3402292678513337
2024-09-01 14:04:10.510,OnTrack,5479.0,14471.0,1967.0,pos,0 days 00:00:27.677000,0 days 01:56:26.591000,11239.0,319.0,8,100.0,False,0,1967.8524297285244,0.34202797256959994
2024-09-01 14:04:10.593,OnTrack,5541.774769176474,14473.274808581273,1966.9864392303,car,0 days 00:00:27.760000,0 days 01:56:26.674000,11239.0,319.0,8,100.0,False,0,1975.2258333333336,0.3433095271454368
2024-09-01 14:04:10.750,OnTrack,5691.0,14479.0,1967.0,pos,0 days 00:00:27.917000,0 days 01:56:26.831000,11082.9810592,317.0374976,8,50.937439999999995,False,0,1989.3182807374783,0.34575890350179717
2024-09-01 14:04:10.913,OnTrack,5814.261725800289,14483.87087115685,1967.1808575989899,car,0 days 00:00:28.080000,0 days 01:56:26.994000,10921.0,315.0,8,0.0,True,0,2003.2258333333334,0.34817614371041467
2024-09-01 14:04:11.030,OnTrack,5926.0,14488.0,1967.0,pos,0 days 00:00:28.197000,0 days 01:56:27.111000,10616.7995008,293.68925074285715,8,0.0,True,0,2012.1521583354788,0.3497276080361224
2024-09-01 14:04:11.193,OnTrack,6139.081451198181,14495.380546406192,1966.0713012427225,car,0 days 00:00:28.360000,0 days 01:56:27.274000,10193.0,264.0,8,0.0,True,0,2023.7591666666667,0.35174499585806507
2024-09-01 14:04:11.210,OnTrack,6157.0,14496.0,1966.0,pos,0 days 00:00:28.377000,0 days 01:56:27.291000,10164.5251072,262.7250048,8,0.0,True,0,2024.9696368725004,0.3519553849421766
2024-09-01 14:04:11.353,OnTrack,6247.819236397573,14499.204870502806,1965.8324656504356,car,0 days 00:00:28.520000,0 days 01:56:27.434000,9925.0,252.0,8,0.0,True,0,2034.9591666666668,0.3536916424840562
2024-09-01 14:04:11.570,OnTrack,6295.0,14502.0,1966.0,pos,0 days 00:00:28.737000,0 days 01:56:27.651000,9906.400005485715,221.00000914285715,8,0.0,True,0,2047.971891692533,0.3559533547399985
2024-09-01 14:04:11.633,OnTrack,6323.130302996587,14503.809064481484,1965.8209494062014,car,0 days 00:00:28.800000,0 days 01:56:27.714000,9901.0,212.0,8,0.0,True,0,2051.4480555555556,0.3565575389056543
2024-09-01 14:04:11.830,OnTrack,6434.0,14512.0,1965.0,pos,0 days 00:00:28.997000,0 days 01:56:27.911000,10685.06076416,190.32997888,8,0.0,True,0,2061.84879063692,0.35836526710690125
2024-09-01 14:04:11.833,OnTrack,6435.501359737684,14512.143889341332,1964.993080625526,car,0 days 00:00:29,0 days 01:56:27.914000,10697.0,190.0,8,0.0,True,0,2062.0036111111112,0.358392176102769
2024-09-01 14:04:11.992,OnTrack,6503.324011630115,14520.559225799054,1964.934434231433,car,0 days 00:00:29.159000,0 days 01:56:28.073000,9797.0,180.0,7,0.0,True,0,2069.953611111111,0.35977394759175374
2024-09-01 14:04:12.110,OnTrack,6549.0,14530.0,1965.0,pos,0 days 00:00:29.277000,0 days 01:56:28.191000,9797.0,163.47998208,7,0.0,True,0,2075.0894953368497,0.3606666039934962
2024-09-01 14:04:12.130,OnTrack,6557.0,14532.0,1965.0,pos,0 days 00:00:29.297000,0 days 01:56:28.211000,9797.0,160.68001792,7,0.0,True,0,2075.9062198111224,0.3608085570240504
2024-09-01 14:04:12.192,OnTrack,6581.665153370224,14538.376846262265,1964.8854445224028,car,0 days 00:00:29.359000,0 days 01:56:28.273000,9797.0,152.0,5,0.0,True,0,2078.3980555555554,0.36124165734944547
2024-09-01 14:04:12.390,OnTrack,6657.0,14560.0,1964.0,pos,0 days 00:00:29.557000,0 days 01:56:28.471000,9707.281192,141.4812432,5,0.0,True,0,2085.9560677925833,0.36255529833341066
2024-09-01 14:04:12.512,OnTrack,6698.800835267367,14574.330693866861,1964.0048921811672,car,0 days 00:00:29.679000,0 days 01:56:28.593000,9652.0,135.0,3,0.0,True,0,2090.3980555555554,0.36332735016300743
2024-09-01 14:04:12.570,OnTrack,6719.0,14583.0,1964.0,pos,0 days 00:00:29.737000,0 days 01:56:28.651000,9489.6003584,132.39000576,3,0.0,True,0,2092.4691153226145,0.36368731636905843
2024-09-01 14:04:12.712,OnTrack,6772.055129214863,14611.918281495353,1963.6595426502959,car,0 days 00:00:29.879000,0 days 01:56:28.793000,9092.0,126.0,3,0.0,True,0,2097.3980555555554,0.3645440043042519
2024-09-01 14:04:12.872,OnTrack,6827.496364201771,14648.34729842114,1963.0746539002268,car,0 days 00:00:30.039000,0 days 01:56:28.953000,8316.0,118.0,3,0.0,True,0,2102.6425,0.3654555293116605
2024-09-01 14:04:12.909,OnTrack,6837.0,14655.0,1963.0,pos,0 days 00:00:30.076000,0 days 01:56:28.990000,8263.2750912,117.20714422857142,3,0.3964278857142857,True,0,2103.824467697761,0.36566096443941737
2024-09-01 14:04:13.152,OnTrack,6870.371574585059,14684.948205411823,1963.0435105059562,car,0 days 00:00:30.319000,0 days 01:56:29.233000,7917.0,112.0,3,3.0,True,0,2111.353611111111,0.3669695877985425
2024-09-01 14:04:13.269,OnTrack,6886.0,14713.0,1963.0,pos,0 days 00:00:30.436000,0 days 01:56:29.350000,7971.739255771428,109.91071542857142,3,8.014282971428571,True,0,2114.8420772067034,0.36757591018737007
2024-09-01 14:04:13.432,OnTrack,6919.509417838795,14782.149738241551,1962.5925959487897,car,0 days 00:00:30.599000,0 days 01:56:29.513000,8048.0,107.0,3,15.0,False,0,2119.6758333333332,0.3684160543886887
2024-09-01 14:04:13.569,OnTrack,6944.0,14834.0,1962.0,pos,0 days 00:00:30.736000,0 days 01:56:29.650000,8171.7280672,109.140624,3,28.6999936,False,0,2123.8558766048086,0.3691425782396632
2024-09-01 14:04:13.752,OnTrack,6957.121634652046,14858.78114327484,1961.0578869546923,car,0 days 00:00:30.919000,0 days 01:56:29.833000,8337.0,112.0,3,47.0,False,0,2129.631388888889,0.3701464069451253
2024-09-01 14:04:13.809,OnTrack,6963.0,14867.0,1961.0,pos,0 days 00:00:30.976000,0 days 01:56:29.890000,8172.473839773756,113.10526211284426,3,40.21053273538531,False,0,2131.481309451887,0.37046793744711737
2024-09-01 14:04:14.069,OnTrack,7016.0,14932.0,1962.0,pos,0 days 00:00:31.236000,0 days 01:56:30.150000,7422.002792598833,118.14681425317482,3,9.240998159068923,False,0,2140.1170573951686,0.37196889723253695
2024-09-01 14:04:14.113,OnTrack,7026.725809651413,14942.359357196934,1961.8960024209591,car,0 days 00:00:31.280000,0 days 01:56:30.194000,7295.0,119.0,3,4.0,False,0,2141.5644444444447,0.37222046429646344
2024-09-01 14:04:14.269,OnTrack,7065.0,14974.0,1961.0,pos,0 days 00:00:31.436000,0 days 01:56:30.350000,7187.471428571429,117.88571428571429,3,16.257142857142856,False,0,2146.628762983036,0.37310068202825747
2024-09-01 14:04:14.393,OnTrack,7092.08655277804,14995.150283909503,1960.7993749262673,car,0 days 00:00:31.560000,0 days 01:56:30.474000,7102.0,117.0,4,26.0,False,0,2150.6644444444446,0.37380211468008123
2024-09-01 14:04:14.569,OnTrack,7147.0,15028.0,1961.0,pos,0 days 00:00:31.736000,0 days 01:56:30.650000,7366.44,119.64,4,37.88,False,0,2156.5149700737247,0.37481898128512703
2024-09-01 14:04:14.729,OnTrack,7233.0,15068.0,1961.0,pos,0 days 00:00:31.896000,0 days 01:56:30.810000,7606.84,122.03999999999999,4,48.68,False,0,2162.0333209922246,0.37577811335624606
2024-09-01 14:04:14.793,OnTrack,7260.6478550513,15079.967593995341,1960.919154553735,car,0 days 00:00:31.960000,0 days 01:56:30.874000,7703.0,123.0,4,53.0,False,0,2164.331111111111,0.37617748705108234
2024-09-01 14:04:15.193,OnTrack,7353.666109790262,15106.737162466767,1959.9992940313305,car,0 days 00:00:32.360000,0 days 01:56:31.274000,8591.0,138.0,4,99.0,False,0,2179.6644444444446,0.37884253897952264
2024-09-01 14:04:15.209,OnTrack,7359.0,15108.0,1960.0,pos,0 days 00:00:32.376000,0 days 01:56:31.290000,8636.4,138.4,4,99.05,False,0,2180.293541760798,0.37895188095883503
2024-09-01 14:04:15.329,OnTrack,7405.0,15119.0,1960.0,pos,0 days 00:00:32.496000,0 days 01:56:31.410000,8976.9,141.4,4,99.425,False,0,2185.0297341910286,0.3797750678351166
2024-09-01 14:04:15.509,OnTrack,7477.0,15135.0,1959.0,pos,0 days 00:00:32.676000,0 days 01:56:31.590000,9487.65,145.9,4,99.9875,False,0,2192.467960738158,0.3810678891396994
2024-09-01 14:04:15.513,OnTrack,7478.642062086074,15135.34004105684,1958.9863869304295,car,0 days 00:00:32.680000,0 days 01:56:31.594000,9499.0,146.0,4,100.0,False,0,2192.6422222222222,0.38109817713344885
2024-09-01 14:04:15.769,OnTrack,7589.0,15156.0,1959.0,pos,0 days 00:00:32.936000,0 days 01:56:31.850000,10196.6,161.70909090909092,4,100.0,False,0,2204.607132937535,0.38317777115793533
2024-09-01 14:04:15.949,OnTrack,7672.0,15170.0,1958.0,pos,0 days 00:00:33.116000,0 days 01:56:32.030000,10687.1,172.75454545454545,4,100.0,False,0,2213.5847869931295,0.38473815687013524
2024-09-01 14:04:15.953,OnTrack,7673.825558724252,15170.318827039562,1957.9764966961145,car,0 days 00:00:33.120000,0 days 01:56:32.034000,10698.0,173.0,4,100.0,False,0,2213.7866666666664,0.38477324511882693
2024-09-01 14:04:16.209,OnTrack,7796.0,15194.0,1957.0,pos,0 days 00:00:33.376000,0 days 01:56:32.290000,11166.622222222222,181.53333333333333,4,100.0,False,0,2226.905416510139,0.38705338530811423
2024-09-01 14:04:16.313,OnTrack,7860.982633558848,15208.505873610131,1957.0817378951547,car,0 days 00:00:33.480000,0 days 01:56:32.394000,11357.0,185.0,4,100.0,False,0,2232.2866666666664,0.3879886882064016
2024-09-01 14:04:16.349,OnTrack,7887.0,15215.0,1957.0,pos,0 days 00:00:33.516000,0 days 01:56:32.430000,11398.4,185.54,4,100.0,False,0,2234.1513298053196,0.3883127810820685
2024-09-01 14:04:16.513,OnTrack,8026.134967106955,15254.568122444334,1955.4715697047359,car,0 days 00:00:33.680000,0 days 01:56:32.594000,11587.0,188.0,4,100.0,False,0,2242.731111111111,0.3898040134330204
2024-09-01 14:04:16.570,OnTrack,8068.0,15267.0,1955.0,pos,0 days 00:00:33.737000,0 days 01:56:32.651000,11606.9499776,190.37499733333334,4,100.0,False,0,2245.7991319870343,0.3903372591907513
2024-09-01 14:04:16.753,OnTrack,8150.381225732263,15291.794680686433,1954.7213085159042,car,0 days 00:00:33.920000,0 days 01:56:32.834000,11671.0,198.0,4,100.0,False,0,2255.9311111111115,0.3920982755279386
2024-09-01 14:04:16.953,OnTrack,8210.587333011408,15310.678379397767,1955.0372365893418,car,0 days 00:00:34.120000,0 days 01:56:33.034000,10741.0,205.0,5,100.0,False,0,2267.32,0.3940777525037728
2024-09-01 14:04:16.970,OnTrack,8218.0,15313.0,1955.0,pos,0 days 00:00:34.137000,0 days 01:56:33.051000,10761.31492352,205.50999808,5,100.0,False,0,2268.3026390235937,0.394248542766259
2024-09-01 14:04:17.153,OnTrack,8318.041062830138,15344.135972649163,1954.1219391835175,car,0 days 00:00:34.320000,0 days 01:56:33.234000,10980.0,211.0,5,100.0,False,0,2279.0422222222223,0.39611516539109487
2024-09-01 14:04:17.210,OnTrack,8351.0,15354.0,1954.0,pos,0 days 00:00:34.377000,0 days 01:56:33.291000,11034.668120436363,212.4249984,5,100.0,False,0,2282.460562543127,0.3967092993778965
2024-09-01 14:04:17.270,OnTrack,8385.0,15364.0,1954.0,pos,0 days 00:00:34.437000,0 days 01:56:33.351000,11092.21382050909,213.9250048,5,100.0,False,0,2286.098218696383,0.39734155215265116
2024-09-01 14:04:17.490,OnTrack,8510.0,15406.0,1953.0,pos,0 days 00:00:34.657000,0 days 01:56:33.571000,11303.213574981819,219.4249984,5,100.0,False,0,2299.7254341154753,0.3997100675916896
2024-09-01 14:04:17.593,OnTrack,8569.856033586924,15427.681181747865,1952.8643984947773,car,0 days 00:00:34.760000,0 days 01:56:33.674000,11402.0,222.0,5,100.0,False,0,2306.1755555555555,0.4008311485862044
2024-09-01 14:04:17.753,OnTrack,8664.074258428278,15463.188058132599,1953.153749795954,car,0 days 00:00:34.920000,0 days 01:56:33.834000,11658.0,227.0,5,100.0,False,0,2316.2644444444445,0.4025846755072361
2024-09-01 14:04:17.850,OnTrack,8720.0,15485.0,1953.0,pos,0 days 00:00:35.017000,0 days 01:56:33.931000,11716.892818285714,228.38571337142858,5,100.0,False,0,2322.439405944043,0.4036579315758806
2024-09-01 14:04:18.030,OnTrack,8828.0,15528.0,1952.0,pos,0 days 00:00:35.197000,0 days 01:56:34.111000,11826.178688,230.9571456,5,100.0,False,0,2334.0361111386405,0.40567352863299466
2024-09-01 14:04:18.033,OnTrack,8830.143522391741,15528.836004130957,1951.9836559283813,car,0 days 00:00:35.200000,0 days 01:56:34.114000,11828.0,231.0,5,100.0,False,0,2334.231111111111,0.4057074211364302
2024-09-01 14:04:18.270,OnTrack,9023.0,15602.0,1951.0,pos,0 days 00:00:35.437000,0 days 01:56:34.351000,11059.7243776,236.9250048,5,100.0,False,0,2349.8308889876616,0.40841878318728725
2024-09-01 14:04:18.273,OnTrack,9025.108559218867,15602.783335542686,1950.9894586085495,car,0 days 00:00:35.440000,0 days 01:56:34.354000,11050.0,237.0,5,100.0,False,0,2350.031111111111,0.40845358334095344
2024-09-01 14:04:18.650,OnTrack,9213.0,15669.0,1950.0,pos,0 days 00:00:35.817000,0 days 01:56:34.731000,11001.05012934121,243.87015728544404,5,100.0,False,0,2375.666497913163,0.41290921184311347
2024-09-01 14:04:18.712,OnTrack,9248.94691590926,15681.130365471887,1949.9589267706967,car,0 days 00:00:35.879000,0 days 01:56:34.793000,10993.0,245.0,6,100.0,False,0,2379.9075,0.41364633080768154
2024-09-01 14:04:18.872,OnTrack,9354.970891878693,15716.784899354421,1949.9939470717677,car,0 days 00:00:36.039000,0 days 01:56:34.953000,11156.0,247.0,6,100.0,False,0,2390.885277777778,0.4155543534926809
2024-09-01 14:04:18.930,OnTrack,9394.0,15730.0,1950.0,pos,0 days 00:00:36.097000,0 days 01:56:35.011000,11123.2715008,248.4499968,6,100.0,False,0,2394.9348930614015,0.4162582079505762
2024-09-01 14:04:19.130,OnTrack,9527.0,15775.0,1950.0,pos,0 days 00:00:36.297000,0 days 01:56:35.211000,11010.414357942856,253.4499968,6,100.0,False,0,2409.096406659564,0.4187195885456468
2024-09-01 14:04:19.152,OnTrack,9541.650448384724,15779.797756549808,1950.0178364774574,car,0 days 00:00:36.319000,0 days 01:56:35.233000,10998.0,254.0,6,100.0,False,0,2410.6408333333334,0.4189880218468597
2024-09-01 14:04:19.190,OnTrack,9567.0,15788.0,1950.0,pos,0 days 00:00:36.357000,0 days 01:56:35.271000,10991.666645333333,252.73332906666667,6,84.16661333333333,False,0,2413.2983291586393,0.4194499151756023
2024-09-01 14:04:19.370,OnTrack,9687.0,15825.0,1948.0,pos,0 days 00:00:36.537000,0 days 01:56:35.451000,10961.666688,246.7333376,6,9.166719999999998,False,0,2425.5994888323576,0.421587951869765
2024-09-01 14:04:19.392,OnTrack,9701.36321558056,15829.155732424328,1947.6926839660862,car,0 days 00:00:36.559000,0 days 01:56:35.473000,10958.0,246.0,6,0.0,True,0,2427.040833333333,0.42183846869206093
2024-09-01 14:04:19.589,OnTrack,9826.0,15861.0,1945.0,pos,0 days 00:00:36.756000,0 days 01:56:35.670000,10440.875168,231.2250048,6,0.0,True,0,2439.2555094595127,0.4239614738767576
2024-09-01 14:04:19.752,OnTrack,9923.974530037587,15876.39341263741,1943.0840506703476,car,0 days 00:00:36.919000,0 days 01:56:35.833000,10013.0,219.0,6,0.0,True,0,2448.940833333333,0.4256448580768115
2024-09-01 14:04:19.929,OnTrack,10024.0,15883.0,1942.0,pos,0 days 00:00:37.096000,0 days 01:56:36.010000,10277.61490432,213.69000192,6,0.0,True,0,2459.4343212362974,0.4274687074358458
2024-09-01 14:04:19.952,OnTrack,10036.418202906405,15883.233036980459,1941.9876743097316,car,0 days 00:00:37.119000,0 days 01:56:36.033000,10312.0,213.0,6,0.0,True,0,2460.7741666666666,0.42770158293462957
2024-09-01 14:04:20.109,OnTrack,10128.0,15878.0,1942.0,pos,0 days 00:00:37.276000,0 days 01:56:36.190000,10199.6469208,207.6031272,6,1.4718744,True,0,2469.7128967607205,0.4292552033612577
2024-09-01 14:04:20.272,OnTrack,10269.910093475646,15850.034007546361,1939.6874325456008,car,0 days 00:00:37.439000,0 days 01:56:36.353000,10083.0,202.0,5,3.0,False,0,2478.7297222222223,0.43082239736677413
2024-09-01 14:04:20.329,OnTrack,10312.0,15840.0,1939.0,pos,0 days 00:00:37.496000,0 days 01:56:36.410000,10045.710314808288,200.75701049360956,5,6.018688801233905,False,0,2481.849106032404,0.43136457039974396
2024-09-01 14:04:20.593,OnTrack,10398.817104096406,15807.594042524044,1938.9820429384822,car,0 days 00:00:37.760000,0 days 01:56:36.674000,9873.0,195.0,5,20.0,False,0,2496.117222222222,0.4338444793497581
2024-09-01 14:04:20.669,OnTrack,10422.0,15794.0,1939.0,pos,0 days 00:00:37.836000,0 days 01:56:36.750000,9864.925,194.05,5,21.425,False,0,2500.197896751005,0.4345537321446888
2024-09-01 14:04:20.753,OnTrack,10455.776365735124,15774.25986560073,1938.7568685819324,car,0 days 00:00:37.920000,0 days 01:56:36.834000,9856.0,193.0,5,23.0,False,0,2504.695,0.43533536347204504
2024-09-01 14:04:20.929,OnTrack,10540.0,15721.0,1938.0,pos,0 days 00:00:38.096000,0 days 01:56:37.010000,9935.2,192.26666666666668,5,48.666666666666664,False,0,2514.0736007842474,0.4369654368267926
2024-09-01 14:04:20.993,OnTrack,10567.594081368014,15699.830687481135,1937.9836161628482,car,0 days 00:00:38.160000,0 days 01:56:37.074000,9964.0,192.0,5,58.0,False,0,2517.495,0.4375601024731778
2024-09-01 14:04:21.129,OnTrack,10621.0,15652.0,1938.0,pos,0 days 00:00:38.296000,0 days 01:56:37.210000,10049.68,193.36,5,70.24,False,0,2524.8108758703947,0.43883165828382725
2024-09-01 14:04:21.193,OnTrack,10644.637494258242,15628.159941400227,1937.6879742761425,car,0 days 00:00:38.360000,0 days 01:56:37.274000,10090.0,194.0,5,76.0,False,0,2528.2727777777777,0.4394333636112843
2024-09-01 14:04:21.409,OnTrack,10720.0,15536.0,1936.0,pos,0 days 00:00:38.576000,0 days 01:56:37.490000,10423.0,196.7,5,89.5,False,0,2540.0725662703326,0.4414842581163237
2024-09-01 14:04:21.433,OnTrack,10728.330811489734,15523.7480189565,1935.919246252778,car,0 days 00:00:38.600000,0 days 01:56:37.514000,10460.0,197.0,5,91.0,False,0,2541.4061111111114,0.44171603852390495
2024-09-01 14:04:21.609,OnTrack,10788.0,15420.0,1936.0,pos,0 days 00:00:38.776000,0 days 01:56:37.690000,10647.314285714287,202.02857142857144,5,96.65714285714286,False,0,2551.354870910351,0.4434452099253323
2024-09-01 14:04:21.713,OnTrack,10819.261857455986,15346.285319099748,1936.2880617863889,car,0 days 00:00:38.880000,0 days 01:56:37.794000,10758.0,205.0,5,100.0,False,0,2557.3505555555557,0.4444873062900729
2024-09-01 14:04:21.969,OnTrack,10877.0,15165.0,1937.0,pos,0 days 00:00:39.136000,0 days 01:56:38.050000,11145.2,211.4,5,100.0,False,0,2572.4332631213233,0.4471087975216544
2024-09-01 14:04:22.033,OnTrack,10885.405177572004,15134.328844688574,1936.9734013916018,car,0 days 00:00:39.200000,0 days 01:56:38.114000,11242.0,213.0,5,100.0,False,0,2576.283888888889,0.44777806606258175
2024-09-01 14:04:22.349,OnTrack,10905.0,15020.0,1936.0,pos,0 days 00:00:39.516000,0 days 01:56:38.430000,11481.9625,221.8875,5,100.0,False,0,2595.766275006306,0.451164255455593
2024-09-01 14:04:22.353,OnTrack,10905.297312682469,15017.809122588702,1935.9883995690705,car,0 days 00:00:39.520000,0 days 01:56:38.434000,11485.0,222.0,5,100.0,False,0,2596.0172222222227,0.45120787202266144
2024-09-01 14:04:22.593,OnTrack,10927.71751561517,14846.637118832577,1935.3571294127235,car,0 days 00:00:39.760000,0 days 01:56:38.674000,11727.0,228.0,5,100.0,False,0,2611.2172222222225,0.45384974958650653
2024-09-01 14:04:22.669,OnTrack,10934.0,14794.0,1935.0,pos,0 days 00:00:39.836000,0 days 01:56:38.750000,11821.525,228.95,5,100.0,False,0,2616.050883946679,0.4546898773799972
2024-09-01 14:04:22.753,OnTrack,10939.619735924201,14742.439511993656,1934.4582096082622,car,0 days 00:00:39.920000,0 days 01:56:38.834000,11926.0,230.0,5,100.0,False,0,2621.439444444445,0.45562645087213344
2024-09-01 14:04:22.969,OnTrack,10950.0,14626.0,1933.0,pos,0 days 00:00:40.136000,0 days 01:56:39.050000,11224.0,236.075,5,100.0,False,0,2635.719314171853,0.4581084026778881
2024-09-01 14:04:23.073,OnTrack,10954.925384709788,14564.479863647277,1932.8263086867264,car,0 days 00:00:40.240000,0 days 01:56:39.154000,10886.0,239.0,5,100.0,False,0,2642.6838888888897,0.45931889963095796
2024-09-01 14:04:23.250,OnTrack,10964.0,14440.0,1933.0,pos,0 days 00:00:40.417000,0 days 01:56:39.331000,10942.787479466666,241.2124992,5,100.0,False,0,2654.5575459125257,0.46138263305803273
2024-09-01 14:04:23.313,OnTrack,10967.649690332544,14385.552990464119,1933.024882596025,car,0 days 00:00:40.480000,0 days 01:56:39.394000,10963.0,242.0,6,100.0,False,0,2658.817222222223,0.462122997746969
2024-09-01 14:04:23.473,OnTrack,10977.668666482772,14230.396028976418,1933.006225191194,car,0 days 00:00:40.640000,0 days 01:56:39.554000,11083.0,246.0,6,100.0,False,0,2669.7505555555563,0.4640232956437699
2024-09-01 14:04:23.510,OnTrack,10980.0,14195.0,1933.0,pos,0 days 00:00:40.677000,0 days 01:56:39.591000,11108.34513152,246.74000383999999,6,100.0,False,0,2672.302150271582,0.46446678254063134
2024-09-01 14:04:23.673,OnTrack,10990.191273615623,14045.304340227685,1932.9793654375583,car,0 days 00:00:40.840000,0 days 01:56:39.754000,11220.0,250.0,6,100.0,False,0,2683.6394444444454,0.46643729195576294
2024-09-01 14:04:23.913,OnTrack,11002.430044579844,13878.085859208546,1932.9950478706617,car,0 days 00:00:41.080000,0 days 01:56:39.994000,11345.0,254.0,6,100.0,False,0,2700.5727777777784,0.4693804362593447
2024-09-01 14:04:23.930,OnTrack,11003.0,13871.0,1933.0,pos,0 days 00:00:41.097000,0 days 01:56:40.011000,11362.495767466668,254.28333226666666,6,100.0,False,0,2701.782306827689,0.46959066176327746
2024-09-01 14:04:24.153,OnTrack,11009.136815240323,13807.773154896635,1933.0207570213847,car,0 days 00:00:41.320000,0 days 01:56:40.234000,11592.0,258.0,6,100.0,False,0,2717.7727777777786,0.4723699292921169
2024-09-01 14:04:24.170,OnTrack,11010.0,13799.0,1933.0,pos,0 days 00:00:41.337000,0 days 01:56:40.251000,11601.8812128,258.265624,6,100.0,False,0,2719.0017519574344,0.472583534509997
2024-09-01 14:04:24.473,OnTrack,11036.160808073317,13524.545062871744,1932.0947254947323,car,0 days 00:00:41.640000,0 days 01:56:40.554000,11778.0,263.0,6,100.0,False,0,2741.1505555555564,0.4764331678844635
2024-09-01 14:04:24.510,OnTrack,11039.0,13495.0,1932.0,pos,0 days 00:00:41.677000,0 days 01:56:40.591000,11694.749568,263.18500096,6,94.4499712,False,0,2743.887549183595,0.47690887854619396
2024-09-01 14:04:24.673,OnTrack,11048.214239366485,13401.225851361634,1931.7392210947278,car,0 days 00:00:41.840000,0 days 01:56:40.754000,11328.0,264.0,6,70.0,True,0,2755.8172222222233,0.47898234798992817
2024-09-01 14:04:24.830,OnTrack,11055.0,13322.0,1932.0,pos,0 days 00:00:41.997000,0 days 01:56:40.911000,11038.671074742857,248.29998080000001,6,30.749952,True,0,2766.453084682294,0.48083094314817837
2024-09-01 14:04:24.953,OnTrack,11060.81754692907,13238.377821435937,1932.711448298221,car,0 days 00:00:42.120000,0 days 01:56:41.034000,10812.0,236.0,6,0.0,True,0,2774.1727777777787,0.48217268551585807
2024-09-01 14:04:25.030,OnTrack,11064.0,13186.0,1933.0,pos,0 days 00:00:42.197000,0 days 01:56:41.111000,10650.824598109091,229.3499834181818,6,0.0,True,0,2778.741850006292,0.4829668256084961
2024-09-01 14:04:25.270,OnTrack,11067.0,13043.0,1932.0,pos,0 days 00:00:42.437000,0 days 01:56:41.351000,10148.460961745455,208.6227106909091,6,0.0,True,0,2791.8412040050625,0.48524359464995764
2024-09-01 14:04:25.393,OnTrack,11059.924068945738,12955.620806379973,1930.7888445328526,car,0 days 00:00:42.560000,0 days 01:56:41.474000,9891.0,198.0,6,0.0,True,0,2798.372777777779,0.4863788326898747
2024-09-01 14:04:25.570,OnTrack,11043.0,12833.0,1929.0,pos,0 days 00:00:42.737000,0 days 01:56:41.651000,9519.96676071183,192.07531753631665,6,0.7405853079604195,True,0,2807.7515547954467,0.48800893667535383
2024-09-01 14:04:25.632,OnTrack,11036.99035599695,12801.150675966146,1928.6029136603715,car,0 days 00:00:42.799000,0 days 01:56:41.713000,9390.0,190.0,5,1.0,True,0,2810.9866666666676,0.4885712241404267
2024-09-01 14:04:25.952,OnTrack,10997.020336747684,12697.345999672441,1928.0289297185927,car,0 days 00:00:43.119000,0 days 01:56:42.033000,9189.0,182.0,5,7.0,False,0,2827.1644444444455,0.49138304704463615
2024-09-01 14:04:25.990,OnTrack,10989.0,12683.0,1928.0,pos,0 days 00:00:43.157000,0 days 01:56:42.071000,9202.5375456,181.2874976,5,12.7000192,False,0,2829.057916479689,0.4917121471293518
2024-09-01 14:04:26.112,OnTrack,10957.888556724267,12630.566361470866,1927.9219905131688,car,0 days 00:00:43.279000,0 days 01:56:42.193000,9246.0,179.0,5,31.0,False,0,2835.1200000000013,0.4927657841321458
2024-09-01 14:04:26.169,OnTrack,10943.0,12607.0,1928.0,pos,0 days 00:00:43.336000,0 days 01:56:42.250000,9258.587485866667,179.0,5,38.362491733333336,False,0,2837.9487859965043,0.49325744901748003
2024-09-01 14:04:26.352,OnTrack,10888.78768321384,12537.599388985547,1928.9026252288177,car,0 days 00:00:43.519000,0 days 01:56:42.433000,9299.0,179.0,5,62.0,False,0,2847.053333333334,0.4948398897634101
2024-09-01 14:04:26.369,OnTrack,10880.0,12529.0,1929.0,pos,0 days 00:00:43.536000,0 days 01:56:42.450000,9305.98211657143,179.24285622857144,5,64.00356388571429,False,0,2847.905459454319,0.49498799587397563
2024-09-01 14:04:26.549,OnTrack,10757.0,12422.0,1930.0,pos,0 days 00:00:43.716000,0 days 01:56:42.630000,9379.910688,181.8142848,5,85.2178496,False,0,2857.0103636369677,0.496570498642469
2024-09-01 14:04:26.632,OnTrack,10723.026586985632,12394.699321575727,1930.462596534032,car,0 days 00:00:43.799000,0 days 01:56:42.713000,9414.0,183.0,5,95.0,False,0,2861.2866666666678,0.49731375318394055
2024-09-01 14:04:26.832,OnTrack,10690.443791277112,12376.481274733313,1931.0507722407526,car,0 days 00:00:43.999000,0 days 01:56:42.913000,10303.0,190.0,5,100.0,False,0,2871.8422222222234,0.49914839038105524
2024-09-01 14:04:26.849,OnTrack,10686.0,12374.0,1931.0,pos,0 days 00:00:44.016000,0 days 01:56:42.930000,10301.406256,190.7437472,5,100.0,False,0,2872.75818637248,0.4993075920348611
2024-09-01 14:04:26.992,OnTrack,10632.868453560466,12342.913031902637,1929.8749418528225,car,0 days 00:00:44.159000,0 days 01:56:43.073000,10288.0,197.0,5,100.0,False,0,2880.597777777779,0.5006701736561356
2024-09-01 14:04:27.169,OnTrack,10532.0,12286.0,1928.0,pos,0 days 00:00:44.336000,0 days 01:56:43.250000,10629.640828750657,202.73815345446837,5,100.0,False,0,2890.705964570978,0.5024270547021953
2024-09-01 14:04:27.393,OnTrack,10368.224515043978,12203.060763477357,1927.089285923524,car,0 days 00:00:44.560000,0 days 01:56:43.474000,11062.0,210.0,5,100.0,False,0,2903.989444444446,0.5047358262447943
2024-09-01 14:04:27.429,OnTrack,10346.0,12192.0,1927.0,pos,0 days 00:00:44.596000,0 days 01:56:43.510000,11099.26,210.9,5,100.0,False,0,2906.154489051383,0.5051121277429383
2024-09-01 14:04:27.793,OnTrack,10201.439239076835,12119.74015597541,1926.0642463993813,car,0 days 00:00:44.960000,0 days 01:56:43.874000,11476.0,220.0,5,100.0,False,0,2928.43388888889,0.5089844597539019
2024-09-01 14:04:27.809,OnTrack,10194.0,12116.0,1926.0,pos,0 days 00:00:44.976000,0 days 01:56:43.890000,11493.066666666668,220.33333333333334,5,100.0,False,0,2929.4233156468845,0.5091564297771265
2024-09-01 14:04:28.009,OnTrack,10084.0,12060.0,1925.0,pos,0 days 00:00:45.176000,0 days 01:56:44.090000,11706.4,224.5,5,100.0,False,0,2941.9040440445438,0.5113256769043778
2024-09-01 14:04:28.033,OnTrack,10070.493429377837,12052.861539372632,1924.8681635345313,car,0 days 00:00:45.200000,0 days 01:56:44.114000,11732.0,225.0,5,100.0,False,0,2943.43388888889,0.5115915757708543
2024-09-01 14:04:28.229,OnTrack,9961.0,11994.0,1924.0,pos,0 days 00:00:45.396000,0 days 01:56:44.310000,11298.077777777778,232.07777777777778,5,100.0,False,0,2956.2484365093483,0.5138188432609407
2024-09-01 14:04:28.289,OnTrack,9926.0,11976.0,1924.0,pos,0 days 00:00:45.456000,0 days 01:56:44.370000,11165.244444444445,234.24444444444444,5,100.0,False,0,2960.255685566274,0.5145153341409561
2024-09-01 14:04:28.393,OnTrack,9865.893012905826,11943.908186940213,1924.371583676002,car,0 days 00:00:45.560000,0 days 01:56:44.474000,10935.0,238.0,5,100.0,False,0,2967.2338888888903,0.5157281998510855
2024-09-01 14:04:28.529,OnTrack,9788.0,11901.0,1925.0,pos,0 days 00:00:45.696000,0 days 01:56:44.610000,10976.555555555555,240.64444444444445,5,100.0,False,0,2976.421053564852,0.5173250001295575
2024-09-01 14:04:28.709,OnTrack,9681.0,11843.0,1925.0,pos,0 days 00:00:45.876000,0 days 01:56:44.790000,11031.555555555555,244.14444444444445,5,100.0,False,0,2988.7044244083245,0.5194599449874364
2024-09-01 14:04:28.753,OnTrack,9651.680678229242,11827.270225381855,1924.9906572275008,car,0 days 00:00:45.920000,0 days 01:56:44.834000,11045.0,245.0,6,100.0,False,0,2991.7338888888903,0.5199864893454412
2024-09-01 14:04:29.033,OnTrack,9439.338950032963,11713.809113774196,1925.0393799553235,car,0 days 00:00:46.200000,0 days 01:56:45.114000,11309.0,251.0,6,100.0,False,0,3011.2561111111127,0.5233796025615786
2024-09-01 14:04:29.069,OnTrack,9412.0,11699.0,1925.0,pos,0 days 00:00:46.236000,0 days 01:56:45.150000,11346.05,251.75,6,100.0,False,0,3013.7943170798103,0.5238207623905996
2024-09-01 14:04:29.273,OnTrack,9262.02293489418,11616.455509172789,1924.4858734565078,car,0 days 00:00:46.440000,0 days 01:56:45.354000,11556.0,256.0,6,100.0,False,0,3028.322777777779,0.5263459212297554
2024-09-01 14:04:29.469,OnTrack,9123.0,11538.0,1924.0,pos,0 days 00:00:46.636000,0 days 01:56:45.550000,11665.76,261.88,6,100.0,False,0,3042.585280835147,0.5288248545739354
2024-09-01 14:04:29.473,OnTrack,9120.18664076481,11536.39432624465,1923.9948207549353,car,0 days 00:00:46.640000,0 days 01:56:45.554000,11668.0,262.0,6,100.0,False,0,3042.8783333333345,0.5288757893647241
2024-09-01 14:04:29.673,OnTrack,8981.445564682535,11456.324398020835,1923.968200998235,car,0 days 00:00:46.840000,0 days 01:56:45.754000,10861.0,265.0,6,100.0,False,0,3057.600555555557,0.5314346254554367
2024-09-01 14:04:29.810,OnTrack,8905.0,11412.0,1924.0,pos,0 days 00:00:46.977000,0 days 01:56:45.891000,10805.710740114286,266.46785645714283,6,100.0,False,0,3067.7487673328833,0.5331984631533097
2024-09-01 14:04:29.953,OnTrack,8851.76203681102,11381.396134420727,1923.9412676558932,car,0 days 00:00:47.120000,0 days 01:56:46.034000,10748.0,268.0,7,100.0,False,0,3078.445000000001,0.5350575511204758
2024-09-01 14:04:30.170,OnTrack,8760.0,11330.0,1924.0,pos,0 days 00:00:47.337000,0 days 01:56:46.251000,10908.0374528,272.7468736,7,100.0,False,0,3094.974233154247,0.5379304596874341
2024-09-01 14:04:30.273,OnTrack,8675.692925908723,11283.083172496335,1924.2785069016413,car,0 days 00:00:47.440000,0 days 01:56:46.354000,10984.0,275.0,7,100.0,False,0,3102.8894444444454,0.5393061846295835
2024-09-01 14:04:30.473,OnTrack,8489.412693864073,11179.387326215257,1924.9669689366158,car,0 days 00:00:47.640000,0 days 01:56:46.554000,11080.0,278.0,7,100.0,False,0,3118.33388888889,0.5419905485285197
2024-09-01 14:04:30.490,OnTrack,8478.0,11173.0,1925.0,pos,0 days 00:00:47.657000,0 days 01:56:46.571000,11088.4468432,278.1593744,7,100.0,False,0,3119.6538732362906,0.5422199720174686
2024-09-01 14:04:30.790,OnTrack,8343.0,11096.0,1925.0,pos,0 days 00:00:47.957000,0 days 01:56:46.871000,11237.5094704,280.9718768,7,100.0,False,0,3143.077759046071,0.5462912245423982
2024-09-01 14:04:30.793,OnTrack,8340.896717552629,11094.793461010064,1924.9983338401667,car,0 days 00:00:47.960000,0 days 01:56:46.874000,11239.0,281.0,7,100.0,False,0,3143.311666666668,0.5463318794960079
2024-09-01 14:04:30.953,OnTrack,8188.018184827728,11007.219897147677,1924.915475330159,car,0 days 00:00:48.120000,0 days 01:56:47.034000,11326.0,281.0,7,100.0,False,0,3155.8005555555565,0.5485025449797519
2024-09-01 14:04:31.110,OnTrack,8042.0,10924.0,1925.0,pos,0 days 00:00:48.277000,0 days 01:56:47.191000,11387.8188256,284.4343792,7,100.0,False,0,3168.283328846289,0.5506721475252356
2024-09-01 14:04:31.273,OnTrack,7975.521365800403,10887.049051554332,1925.414562628838,car,0 days 00:00:48.440000,0 days 01:56:47.354000,11452.0,288.0,7,100.0,False,0,3181.4005555555564,0.5529520229820174
2024-09-01 14:04:31.430,OnTrack,7903.0,10843.0,1926.0,pos,0 days 00:00:48.597000,0 days 01:56:47.511000,11500.408392533333,289.9625024,7,100.0,False,0,3194.0656021497243,0.5551533060374244
2024-09-01 14:04:31.513,OnTrack,7826.706176766677,10794.917540631357,1926.3341184562435,car,0 days 00:00:48.680000,0 days 01:56:47.594000,11526.0,291.0,7,100.0,False,0,3200.8005555555565,0.5563238930306093
2024-09-01 14:04:31.710,OnTrack,7614.0,10659.0,1927.0,pos,0 days 00:00:48.877000,0 days 01:56:47.791000,11493.166634666666,294.28333653333334,7,100.0,False,0,3216.931700435509,0.5591276107764962
2024-09-01 14:04:31.753,OnTrack,7583.937937060766,10639.468118238916,1927.0623217671941,car,0 days 00:00:48.920000,0 days 01:56:47.834000,11486.0,295.0,7,100.0,False,0,3220.4672222222234,0.5597421118083914
2024-09-01 14:04:31.993,OnTrack,7504.485118381511,10583.430213120973,1926.9890073460024,car,0 days 00:00:49.160000,0 days 01:56:48.074000,10693.0,297.0,8,100.0,False,0,3240.267222222223,0.5631835049507685
2024-09-01 14:04:32.050,OnTrack,7479.0,10564.0,1927.0,pos,0 days 00:00:49.217000,0 days 01:56:48.131000,10705.666649538833,297.61290239704033,8,100.0,False,0,3244.996384458078,0.5640054699248928
2024-09-01 14:04:32.272,OnTrack,7326.742049518457,10447.016500231213,1927.1152479669813,car,0 days 00:00:49.439000,0 days 01:56:48.353000,10755.0,300.0,8,100.0,False,0,3263.5172222222236,0.5672245347770449
2024-09-01 14:04:32.310,OnTrack,7300.0,10426.0,1927.0,pos,0 days 00:00:49.477000,0 days 01:56:48.391000,10762.19288137143,300.40714422857144,8,100.0,False,0,3266.701350431876,0.567777960887406
2024-09-01 14:04:32.450,OnTrack,7208.0,10352.0,1926.0,pos,0 days 00:00:49.617000,0 days 01:56:48.531000,10788.692832914287,301.9071414857143,8,100.0,False,0,3278.4670164691365,0.5698229246457962
2024-09-01 14:04:32.552,OnTrack,7141.374683617798,10297.124933578389,1924.5511329126025,car,0 days 00:00:49.719000,0 days 01:56:48.633000,10808.0,303.0,8,100.0,False,0,3287.08388888889,0.5713206037192345
2024-09-01 14:04:32.709,OnTrack,7038.0,10212.0,1922.0,pos,0 days 00:00:49.876000,0 days 01:56:48.790000,10850.78248256,304.56999936,8,100.0,False,0,3300.4289780625077,0.5736400834347144
2024-09-01 14:04:32.889,OnTrack,6920.0,10117.0,1920.0,pos,0 days 00:00:50.056000,0 days 01:56:48.970000,10899.83248256,306.36999936,8,100.0,False,0,3315.8114194877517,0.5763136707293535
2024-09-01 14:04:32.952,OnTrack,6879.216324026378,10082.379145206747,1918.8966454301312,car,0 days 00:00:50.119000,0 days 01:56:49.033000,10917.0,307.0,8,100.0,False,0,3321.195000000001,0.5772493786614894
2024-09-01 14:04:33.089,OnTrack,6791.0,10005.0,1916.0,pos,0 days 00:00:50.256000,0 days 01:56:49.170000,10954.104149333334,307.5708330666667,8,100.0,False,0,3332.8998249766832,0.5792837677729782
2024-09-01 14:04:33.192,OnTrack,6724.170364836476,9946.934736516214,1914.1660703660223,car,0 days 00:00:50.359000,0 days 01:56:49.273000,10982.0,308.0,8,100.0,False,0,3341.7283333333344,0.5808182308091397
2024-09-01 14:04:33.309,OnTrack,6648.0,9881.0,1912.0,pos,0 days 00:00:50.476000,0 days 01:56:49.390000,11013.00498304,309.16999936,8,100.0,False,0,3351.811825203919,0.5825708196866471
2024-09-01 14:04:33.549,OnTrack,6492.0,9745.0,1906.0,pos,0 days 00:00:50.716000,0 days 01:56:49.630000,11076.60498304,311.56999936,8,100.0,False,0,3372.648985947794,0.5861924793881917
2024-09-01 14:04:33.592,OnTrack,6464.000048738919,9720.56134978831,1905.0106077990615,car,0 days 00:00:50.759000,0 days 01:56:49.673000,11088.0,312.0,8,100.0,False,0,3376.395000000001,0.5868435656038743
2024-09-01 14:04:33.789,OnTrack,6335.0,9608.0,1901.0,pos,0 days 00:00:50.956000,0 days 01:56:49.870000,11120.19667114844,313.6371188719546,8,100.0,False,0,3393.600416152985,0.5898340000059261
2024-09-01 14:04:33.953,OnTrack,6226.315301976476,9513.251831567937,1897.7408913065428,car,0 days 00:00:51.120000,0 days 01:56:50.034000,11147.0,315.0,8,100.0,False,0,3407.9825000000005,0.5923337174162399
2024-09-01 14:04:33.989,OnTrack,6203.0,9493.0,1897.0,pos,0 days 00:00:51.156000,0 days 01:56:50.070000,11152.58,315.36,8,100.0,False,0,3411.1471441287435,0.5928837570426398
2024-09-01 14:04:34.153,OnTrack,6095.954163252057,9400.36278954039,1893.390492398576,car,0 days 00:00:51.320000,0 days 01:56:50.234000,11178.0,317.0,8,100.0,False,0,3425.593611111112,0.595394664739847
2024-09-01 14:04:34.169,OnTrack,6084.0,9390.0,1893.0,pos,0 days 00:00:51.336000,0 days 01:56:50.250000,11183.066666666668,317.06666666666666,8,100.0,False,0,3427.0048542502946,0.5956399497126456
2024-09-01 14:04:34.393,OnTrack,5895.24419791375,9225.802907042702,1887.3015753070822,car,0 days 00:00:51.560000,0 days 01:56:50.474000,11254.0,318.0,8,100.0,False,0,3446.793611111112,0.5990793887104732
2024-09-01 14:04:34.409,OnTrack,5884.0,9216.0,1887.0,pos,0 days 00:00:51.576000,0 days 01:56:50.490000,11258.25,318.05,8,100.0,False,0,3448.2094459390764,0.5993254717542962
2024-09-01 14:04:34.669,OnTrack,5751.0,9100.0,1884.0,pos,0 days 00:00:51.836000,0 days 01:56:50.750000,11327.3125,318.8625,8,100.0,False,0,3471.250051759292,0.6033301072525743
2024-09-01 14:04:34.713,OnTrack,5725.720564219213,9078.105352349183,1883.3147609352773,car,0 days 00:00:51.880000,0 days 01:56:50.794000,11339.0,319.0,8,100.0,False,0,3475.1491666666675,0.604007803581038
2024-09-01 14:04:34.953,OnTrack,5561.152011523421,8935.729948915638,1878.320107560306,car,0 days 00:00:52.120000,0 days 01:56:51.034000,11382.0,319.0,8,100.0,False,0,3496.415833333334,0.6077041147339617
2024-09-01 14:04:34.969,OnTrack,5550.0,8926.0,1878.0,pos,0 days 00:00:52.136000,0 days 01:56:51.050000,11382.8,319.0571428571429,8,100.0,False,0,3497.835796893828,0.6079509153834318
2024-09-01 14:04:35.189,OnTrack,5403.0,8797.0,1875.0,pos,0 days 00:00:52.356000,0 days 01:56:51.270000,11393.8,319.84285714285716,8,100.0,False,0,3517.392043353873,0.6113499422752621
2024-09-01 14:04:35.233,OnTrack,5376.45338936239,8773.895980526228,1875.179152576633,car,0 days 00:00:52.400000,0 days 01:56:51.314000,11396.0,320.0,8,100.0,False,0,3521.304722222223,0.6120299961250532
2024-09-01 14:04:35.409,OnTrack,5255.0,8669.0,1877.0,pos,0 days 00:00:52.576000,0 days 01:56:51.490000,11384.45,320.0,8,100.0,False,0,3536.95123961649,0.6147494818655944
2024-09-01 14:04:35.553,OnTrack,5088.127343438986,8524.477214679155,1875.3825359604268,car,0 days 00:00:52.720000,0 days 01:56:51.634000,11375.0,320.0,8,100.0,False,0,3549.7491666666674,0.6169738605720148
2024-09-01 14:04:35.589,OnTrack,5053.0,8494.0,1875.0,pos,0 days 00:00:52.756000,0 days 01:56:51.670000,11378.6,320.0,8,100.0,False,0,3552.9482639742664,0.6175298884273769
2024-09-01 14:04:35.713,OnTrack,4978.52347688738,8429.14129707271,1874.5839615869918,car,0 days 00:00:52.880000,0 days 01:56:51.794000,11391.0,320.0,8,100.0,False,0,3563.97138888889,0.6194457927954957
2024-09-01 14:04:35.909,OnTrack,4919.0,8377.0,1876.0,pos,0 days 00:00:53.076000,0 days 01:56:51.990000,11369.3,320.7,8,100.0,False,0,3581.438773064873,0.6224817592661268
2024-09-01 14:04:35.993,OnTrack,4868.925174710985,8333.634995456368,1876.9791033350807,car,0 days 00:00:53.160000,0 days 01:56:52.074000,11360.0,321.0,8,100.0,False,0,3588.9380555555563,0.6237851925659342
2024-09-01 14:04:36.129,OnTrack,4770.0,8248.0,1879.0,pos,0 days 00:00:53.296000,0 days 01:56:52.210000,11387.818181818182,321.3090909090909,8,100.0,False,0,3601.0935008070974,0.6258979029664996
2024-09-01 14:04:36.350,OnTrack,4622.0,8119.0,1883.0,pos,0 days 00:00:53.517000,0 days 01:56:52.431000,11433.022766545455,321.81136407272726,8,100.0,False,0,3620.869827004926,0.6293351814189553
2024-09-01 14:04:36.433,OnTrack,4570.562406567347,8074.083207720997,1884.2226352665516,car,0 days 00:00:53.600000,0 days 01:56:52.514000,11450.0,322.0,8,100.0,False,0,3628.293611111112,0.6306254925155976
2024-09-01 14:04:36.593,OnTrack,4464.75857546861,7981.764493945688,1886.3499514706682,car,0 days 00:00:53.760000,0 days 01:56:52.674000,11439.0,322.0,8,100.0,False,0,3642.604722222223,0.6331128743154751
2024-09-01 14:04:36.670,OnTrack,4388.0,7915.0,1888.0,pos,0 days 00:00:53.837000,0 days 01:56:52.751000,11437.45999616,322.38500096,8,100.0,False,0,3649.5078025757557,0.6343126830725422
2024-09-01 14:04:36.793,OnTrack,4228.536995874887,7776.515617634171,1891.5936573805122,car,0 days 00:00:53.960000,0 days 01:56:52.874000,11435.0,323.0,8,100.0,False,0,3660.5491666666676,0.6362317575505702
2024-09-01 14:04:36.850,OnTrack,4168.0,7724.0,1893.0,pos,0 days 00:00:54.017000,0 days 01:56:52.931000,11437.590906181818,323.0,8,100.0,False,0,3665.6647071343637,0.6371208780498168
2024-09-01 14:04:37.130,OnTrack,4073.0,7642.0,1895.0,pos,0 days 00:00:54.297000,0 days 01:56:53.211000,11450.31817890909,323.0,8,100.0,False,0,3690.7838963557956,0.6414867874199537
2024-09-01 14:04:37.233,OnTrack,4019.150799073481,7595.221562624656,1895.192596452024,car,0 days 00:00:54.400000,0 days 01:56:53.314000,11455.0,323.0,8,100.0,False,0,3700.0269444444452,0.643093300667779
2024-09-01 14:04:37.450,OnTrack,3857.0,7454.0,1897.0,pos,0 days 00:00:54.617000,0 days 01:56:53.531000,11398.9416832,323.0,8,100.0,False,0,3719.509953463098,0.6464795983258429
2024-09-01 14:04:37.610,OnTrack,3748.0,7359.0,1901.0,pos,0 days 00:00:54.777000,0 days 01:56:53.691000,11357.608349866667,323.0,8,100.0,False,0,3733.8684390457774,0.6489752141752951
2024-09-01 14:04:37.713,OnTrack,3678.598628250807,7298.824883742003,1902.5571953373278,car,0 days 00:00:54.880000,0 days 01:56:53.794000,11331.0,323.0,8,100.0,False,0,3743.0936111111123,0.650578620432007
2024-09-01 14:04:37.910,OnTrack,3545.0,7183.0,1904.0,pos,0 days 00:00:55.077000,0 days 01:56:53.991000,11282.73495296,322.01499904,8,100.0,False,0,3760.7138318109137,0.6536411510725862
2024-09-01 14:04:37.913,OnTrack,3542.9566095152395,7181.21628593996,1904.0319954368015,car,0 days 00:00:55.080000,0 days 01:56:53.994000,11282.0,322.0,8,100.0,False,0,3760.982500000001,0.6536878476818538
2024-09-01 14:04:38.090,OnTrack,3424.0,7077.0,1906.0,pos,0 days 00:00:55.257000,0 days 01:56:54.171000,11224.4750208,322.88499968,8,100.0,False,0,3776.861970985837,0.6564478225583809
2024-09-01 14:04:38.113,OnTrack,3409.406901066459,7064.25826783957,1906.0897868311374,car,0 days 00:00:55.280000,0 days 01:56:54.194000,11217.0,323.0,8,100.0,False,0,3778.926944444446,0.6568067309169489
2024-09-01 14:04:38.270,OnTrack,3302.0,6971.0,1906.0,pos,0 days 00:00:55.437000,0 days 01:56:54.351000,11098.2686048,320.0562464,8,50.937439999999995,False,0,3793.0242849536817,0.6592569577328197
2024-09-01 14:04:38.433,OnTrack,3127.878427860083,6820.332881756967,1907.4721547184156,car,0 days 00:00:55.600000,0 days 01:56:54.514000,10975.0,317.0,8,0.0,True,0,3807.1047222222237,0.6617042466347203
2024-09-01 14:04:38.490,OnTrack,3079.0,6778.0,1908.0,pos,0 days 00:00:55.657000,0 days 01:56:54.571000,10767.425233066666,308.9250090666667,8,0.0,True,0,3811.7556880044085,0.6625126204603891
2024-09-01 14:04:38.673,OnTrack,3014.524417603055,6721.695112091263,1908.856761842514,car,0 days 00:00:55.840000,0 days 01:56:54.754000,10101.0,283.0,8,0.0,True,0,3825.9713888888905,0.6649834192249316
2024-09-01 14:04:38.770,OnTrack,2986.0,6696.0,1909.0,pos,0 days 00:00:55.937000,0 days 01:56:54.851000,10165.8687072,275.1187552,8,0.0,True,0,3833.3281247797013,0.6662620768231597
2024-09-01 14:04:38.833,OnTrack,2956.859785444803,6669.72927252165,1909.0287860296867,car,0 days 00:00:56,0 days 01:56:54.914000,10208.0,270.0,8,0.0,True,0,3837.97138888889,0.6670691120384935
2024-09-01 14:04:38.950,OnTrack,2891.0,6610.0,1909.0,pos,0 days 00:00:56.117000,0 days 01:56:55.031000,10268.703012230155,257.27194904851575,8,0.0,True,0,3846.191015132589,0.6684977466540475
2024-09-01 14:04:39.072,OnTrack,2828.202114661939,6551.830904840757,1908.9663842532677,car,0 days 00:00:56.239000,0 days 01:56:55.153000,10332.0,244.0,8,0.0,True,0,3854.1702777777787,0.6698846042170971
2024-09-01 14:04:39.329,OnTrack,2717.0,6440.0,1909.0,pos,0 days 00:00:56.496000,0 days 01:56:55.410000,10059.7406928,213.4812576,8,0.0,True,0,3869.0420056196563,0.6724694255408515
2024-09-01 14:04:39.392,OnTrack,2693.51754606356,6412.901314546986,1909.062238162397,car,0 days 00:00:56.559000,0 days 01:56:55.473000,9993.0,206.0,8,0.0,True,0,3872.48138888889,0.6730672169548286
2024-09-01 14:04:39.509,OnTrack,2657.0,6367.0,1909.0,pos,0 days 00:00:56.676000,0 days 01:56:55.590000,9795.771536457143,199.7321462857143,8,0.0,True,0,3878.7603104854443,0.6741585420923997
2024-09-01 14:04:39.669,OnTrack,2627.0,6318.0,1908.0,pos,0 days 00:00:56.836000,0 days 01:56:55.750000,9526.057250742857,191.1607177142857,8,0.0,True,0,3887.1800216620313,0.6756219530168392
2024-09-01 14:04:39.672,OnTrack,2626.4106557304785,6316.798572433052,1907.9815443769667,car,0 days 00:00:56.839000,0 days 01:56:55.753000,9521.0,191.0,5,0.0,True,0,3887.3369444444456,0.6756492274101364
2024-09-01 14:04:39.949,OnTrack,2564.0,6164.0,1907.0,pos,0 days 00:00:57.116000,0 days 01:56:56.030000,9283.571483428572,187.04285805714287,5,6.9249984,True,0,3901.7256119997664,0.6781500891198752
2024-09-01 14:04:39.952,OnTrack,2563.5034339365693,6162.564164926601,1906.9970313537594,car,0 days 00:00:57.119000,0 days 01:56:56.033000,9281.0,187.0,5,7.0,False,0,3901.8813888888903,0.6781771643480555
2024-09-01 14:04:40.112,OnTrack,2546.5442582547516,6102.788627348898,1907.0741672236743,car,0 days 00:00:57.279000,0 days 01:56:56.193000,9252.0,187.0,5,16.0,False,0,3910.1925000000015,0.6796216997411522
2024-09-01 14:04:40.369,OnTrack,2544.0,5977.0,1907.0,pos,0 days 00:00:57.536000,0 days 01:56:56.450000,9674.50562503483,186.4172336206416,5,53.879814658295096,False,0,3923.4398434929312,0.681924190501318
2024-09-01 14:04:40.529,OnTrack,2545.0,5815.0,1906.0,pos,0 days 00:00:57.696000,0 days 01:56:56.610000,9937.544211961065,186.05442177660544,5,77.46258452064718,False,0,3931.7257119398932,0.683364338524147
2024-09-01 14:04:40.553,OnTrack,2545.1085412510897,5794.312587172041,1905.8654670409362,car,0 days 00:00:57.720000,0 days 01:56:56.634000,9977.0,186.0,5,81.0,False,0,3932.9775000000013,0.6835819089709029
2024-09-01 14:04:40.713,OnTrack,2545.170201687628,5700.225766208009,1905.242655981219,car,0 days 00:00:57.880000,0 days 01:56:56.794000,10178.0,190.0,5,100.0,False,0,3941.421944444446,0.6850496187285947
2024-09-01 14:04:40.929,OnTrack,2543.0,5628.0,1905.0,pos,0 days 00:00:58.096000,0 days 01:56:57.010000,10448.0,198.4857142857143,5,100.0,False,0,3953.4107729010857,0.6871333698415146
2024-09-01 14:04:40.993,OnTrack,2541.7634187602835,5603.782007717456,1905.0244676541229,car,0 days 00:00:58.160000,0 days 01:56:57.074000,10528.0,201.0,5,100.0,False,0,3957.0552777777793,0.687766812977374
2024-09-01 14:04:41.289,OnTrack,2528.0,5470.0,1905.0,pos,0 days 00:00:58.456000,0 days 01:56:57.370000,11090.4,209.325,5,93.525,False,0,3974.2972141503815,0.6907635948760597
2024-09-01 14:04:41.313,OnTrack,2525.71217761404,5457.022576536693,1904.8950268691262,car,0 days 00:00:58.480000,0 days 01:56:57.394000,11136.0,210.0,5,93.0,False,0,3975.721944444446,0.6910112240206925
2024-09-01 14:04:41.449,OnTrack,2509.0,5379.0,1904.0,pos,0 days 00:00:58.616000,0 days 01:56:57.530000,11281.066666666668,213.96666666666667,5,95.83333333333333,False,0,3983.8697198609048,0.6924273704067446
2024-09-01 14:04:41.553,OnTrack,2491.927577554192,5318.852498884342,1903.1121723109645,car,0 days 00:00:58.720000,0 days 01:56:57.634000,11392.0,217.0,5,98.0,False,0,3990.1886111111126,0.6935256425792644
2024-09-01 14:04:41.689,OnTrack,2465.0,5241.0,1902.0,pos,0 days 00:00:58.856000,0 days 01:56:57.770000,11535.48,219.38,5,98.68,False,0,3998.5703395917626,0.6949824518173744
2024-09-01 14:04:41.929,OnTrack,2406.0,5106.0,1901.0,pos,0 days 00:00:59.096000,0 days 01:56:58.010000,11788.68,223.58,5,99.88,False,0,4013.5757041679653,0.6975905002391629
2024-09-01 14:04:41.953,OnTrack,2398.685845149718,5092.270922814766,1900.9239315541345,car,0 days 00:00:59.120000,0 days 01:56:58.034000,11814.0,224.0,5,100.0,False,0,4015.0775000000012,0.6978515239703559
2024-09-01 14:04:42.113,OnTrack,2342.604170372445,4999.381445467244,1900.4441576961578,car,0 days 00:00:59.280000,0 days 01:56:58.194000,11709.0,226.0,5,100.0,False,0,4025.121944444446,0.6995973261031893
2024-09-01 14:04:42.229,OnTrack,2299.0,4937.0,1900.0,pos,0 days 00:00:59.396000,0 days 01:56:58.310000,11719.875,229.625,5,100.0,False,0,4032.544448694405,0.7008874147509203
2024-09-01 14:04:42.273,OnTrack,2282.472492014268,4915.276904920258,1899.7937704457383,car,0 days 00:00:59.440000,0 days 01:56:58.354000,11724.0,231.0,5,100.0,False,0,4035.3886111111124,0.7013817521770144
2024-09-01 14:04:42.449,OnTrack,2215.0,4837.0,1899.0,pos,0 days 00:00:59.616000,0 days 01:56:58.530000,11198.2,234.3,5,100.0,False,0,4046.89997165137,0.703382515673109
2024-09-01 14:04:42.593,OnTrack,2154.8545192021083,4778.449354198354,1898.942515271505,car,0 days 00:00:59.760000,0 days 01:56:58.674000,10768.0,237.0,6,100.0,False,0,4056.455277777779,0.7050433017830453
2024-09-01 14:04:42.753,OnTrack,2074.436598733842,4695.174865181777,1899.025533467135,car,0 days 00:00:59.920000,0 days 01:56:58.834000,10993.0,242.0,6,100.0,False,0,4067.210833333335,0.7069127005270528
2024-09-01 14:04:42.769,OnTrack,2065.0,4684.0,1899.0,pos,0 days 00:00:59.936000,0 days 01:56:58.850000,11005.08,242.4,6,100.0,False,0,4068.2986007825957,0.707101762923032
2024-09-01 14:04:42.953,OnTrack,1941.8963348128657,4523.509148006772,1898.3004778945003,car,0 days 00:01:00.120000,0 days 01:56:59.034000,11144.0,247.0,6,100.0,False,0,4080.9330555555566,0.7092977288833018
2024-09-01 14:04:43.050,OnTrack,1897.0,4461.0,1898.0,pos,0 days 00:01:00.217000,0 days 01:56:59.131000,11216.1437024,247.6062496,6,100.0,False,0,4087.6008115737136,0.710456636450773
2024-09-01 14:04:43.113,OnTrack,1882.9100571702859,4439.978459534465,1897.9220019112058,car,0 days 00:01:00.280000,0 days 01:56:59.194000,11263.0,248.0,6,100.0,False,0,4091.955277777779,0.7112134763564995
2024-09-01 14:04:43.270,OnTrack,1873.0,4412.0,1898.0,pos,0 days 00:01:00.437000,0 days 01:56:59.351000,11325.8000768,251.27083733333333,6,100.0,False,0,4102.954735908431,0.7131252672545141
2024-09-01 14:04:43.353,OnTrack,1856.5743493244079,4369.761612782728,1898.0727198604527,car,0 days 00:01:00.520000,0 days 01:56:59.434000,11359.0,253.0,6,100.0,False,0,4108.821944444446,0.7141450334777838
2024-09-01 14:04:43.490,OnTrack,1819.0,4266.0,1898.0,pos,0 days 00:01:00.657000,0 days 01:56:59.571000,11452.616622933334,254.7124992,6,100.0,False,0,4118.552032539332,0.7158361980456861
2024-09-01 14:04:43.593,OnTrack,1794.3265681361647,4176.221821337785,1897.5263700475032,car,0 days 00:01:00.760000,0 days 01:56:59.674000,11523.0,256.0,6,100.0,False,0,4125.888611111112,0.7171113521459608
2024-09-01 14:04:43.830,OnTrack,1753.0,3969.0,1896.0,pos,0 days 00:01:00.997000,0 days 01:56:59.911000,11621.75008,257.31666773333336,6,100.0,False,0,4142.807421107495,0.7200519721812504
2024-09-01 14:04:43.953,OnTrack,1742.0835649219316,3893.2930827001805,1895.835554995279,car,0 days 00:01:01.120000,0 days 01:57:00.034000,11673.0,258.0,6,100.0,False,0,4151.688611111113,0.721595591695119
2024-09-01 14:04:44.150,OnTrack,1733.0,3794.0,1896.0,pos,0 days 00:01:01.317000,0 days 01:57:00.231000,10648.5990016,263.91000576,6,100.0,False,0,4166.13313572045,0.7241061617928701
2024-09-01 14:04:44.153,OnTrack,1732.8518264392646,3792.337156922861,1895.9990245514982,car,0 days 00:01:01.320000,0 days 01:57:00.234000,10633.0,264.0,6,100.0,False,0,4166.3552777777795,0.7241447718005836
2024-09-01 14:04:44.833,OnTrack,1686.3854904396176,3285.4596006883608,1893.2297574411787,car,0 days 00:01:02,0 days 01:57:00.914000,10916.0,274.0,7,100.0,False,0,4218.110833333335,0.7331402876575943
2024-09-01 14:04:44.870,OnTrack,1683.0,3251.0,1893.0,pos,0 days 00:01:02.037000,0 days 01:57:00.951000,10935.4251008,274.77083733333336,7,100.0,False,0,4220.968567838424,0.733636984017622
2024-09-01 14:04:45.030,OnTrack,1668.0,3100.0,1892.0,pos,0 days 00:01:02.197000,0 days 01:57:01.111000,11019.4251008,278.1041706666667,7,100.0,False,0,4233.362724078244,0.7357911842342517
2024-09-01 14:04:45.073,OnTrack,1664.4677711823574,3063.6628926520216,1891.7681824342658,car,0 days 00:01:02.240000,0 days 01:57:01.154000,11042.0,279.0,7,100.0,False,0,4236.710833333335,0.7363731115186154
2024-09-01 14:04:45.250,OnTrack,1652.0,2930.0,1891.0,pos,0 days 00:01:02.417000,0 days 01:57:01.331000,11149.859336,281.2124992,7,100.0,False,0,4250.58028937474,0.7387837302514129
2024-09-01 14:04:45.393,OnTrack,1641.9825302195334,2817.536249269543,1890.5162562136438,car,0 days 00:01:02.560000,0 days 01:57:01.474000,11237.0,283.0,7,100.0,False,0,4261.866388888891,0.7407453416388972
2024-09-01 14:04:45.550,OnTrack,1631.0,2695.0,1890.0,pos,0 days 00:01:02.717000,0 days 01:57:01.631000,11317.07009792,285.35500288,7,100.0,False,0,4274.32503810861,0.7429107512342519
2024-09-01 14:04:45.593,OnTrack,1628.0500360483416,2663.3310991227004,1889.8384065717944,car,0 days 00:01:02.760000,0 days 01:57:01.674000,11339.0,286.0,7,100.0,False,0,4277.75527777778,0.7435069534198171
2024-09-01 14:04:45.750,OnTrack,1616.0,2536.0,1889.0,pos,0 days 00:01:02.917000,0 days 01:57:01.831000,11418.751794332313,287.7881568235945,7,100.0,False,0,4290.356267370842,0.7456971028729853
2024-09-01 14:04:46.029,OnTrack,1585.0,2198.0,1886.0,pos,0 days 00:01:03.196000,0 days 01:57:02.110000,11560.476049716475,290.96583071113173,7,100.0,False,0,4312.996444225747,0.7496321407199892
2024-09-01 14:04:46.032,OnTrack,1584.7710872020368,2195.50516468256,1885.9770829025802,car,0 days 00:01:03.199000,0 days 01:57:02.113000,11562.0,291.0,7,100.0,False,0,4313.241111111113,0.7496746657170329
2024-09-01 14:04:46.352,OnTrack,1571.4418550046785,2051.7721404591393,1885.049802291708,car,0 days 00:01:03.519000,0 days 01:57:02.433000,11515.0,295.0,7,100.0,False,0,4339.463333333336,0.7542322907540758
2024-09-01 14:04:46.369,OnTrack,1570.0,2036.0,1885.0,pos,0 days 00:01:03.536000,0 days 01:57:02.450000,11465.518043428572,295.1214281142857,7,100.0,False,0,4340.861174914848,0.7544752464324972
2024-09-01 14:04:46.589,OnTrack,1543.0,1740.0,1884.0,pos,0 days 00:01:03.756000,0 days 01:57:02.670000,10825.160900571429,296.6928566857143,7,100.0,False,0,4358.998904175046,0.7576277240635245
2024-09-01 14:04:46.632,OnTrack,1538.264141524561,1688.5160450212175,1883.7463912315504,car,0 days 00:01:03.799000,0 days 01:57:02.713000,10700.0,297.0,8,100.0,False,0,4362.563333333336,0.7582472494201826
2024-09-01 14:04:46.993,OnTrack,1511.5921344517333,1403.3922000916582,1881.2272026342134,car,0 days 00:01:04.160000,0 days 01:57:03.074000,10724.0,301.0,8,100.0,False,0,4392.746944444448,0.763493394485332
2024-09-01 14:04:47.029,OnTrack,1509.0,1375.0,1881.0,pos,0 days 00:01:04.196000,0 days 01:57:03.110000,10736.375,301.45,8,100.0,False,0,4395.771711591911,0.7640191224105123
2024-09-01 14:04:47.153,OnTrack,1499.4943359000463,1269.3204859989155,1880.2851429508173,car,0 days 00:01:04.320000,0 days 01:57:03.234000,10779.0,303.0,8,100.0,False,0,4406.213611111114,0.7658340053094405
2024-09-01 14:04:47.429,OnTrack,1479.0,1038.0,1879.0,pos,0 days 00:01:04.596000,0 days 01:57:03.510000,10875.6,305.5875,8,100.0,False,0,4429.661359992216,0.7699094054207337
2024-09-01 14:04:47.473,OnTrack,1476.5980479577147,1011.2440200210978,1878.8198660597259,car,0 days 00:01:04.640000,0 days 01:57:03.554000,10891.0,306.0,8,100.0,False,0,4433.413611111114,0.7705615756868475
2024-09-01 14:04:47.833,OnTrack,1459.8083637682894,831.706252139154,1877.4080729943112,car,0 days 00:01:05,0 days 01:57:03.914000,10975.0,308.0,8,100.0,False,0,4464.213611111115,0.7759148539083234
2024-09-01 14:04:47.909,OnTrack,1452.0,749.0,1877.0,pos,0 days 00:01:05.076000,0 days 01:57:03.990000,10985.925,308.95,8,100.0,False,0,4470.7493053681965,0.7770508081202927
2024-09-01 14:04:47.993,OnTrack,1440.79132426294,630.1264122118405,1876.4828460287454,car,0 days 00:01:05.160000,0 days 01:57:04.074000,10998.0,310.0,8,100.0,False,0,4477.991388888892,0.7783095382498203
2024-09-01 14:04:48.069,OnTrack,1431.0,526.0,1876.0,pos,0 days 00:01:05.236000,0 days 01:57:04.150000,11014.014285714286,310.54285714285714,8,100.0,False,0,4484.563663666769,0.7794518504392346
2024-09-01 14:04:48.273,OnTrack,1417.7736385080013,382.8557027616913,1874.8260832570277,car,0 days 00:01:05.440000,0 days 01:57:04.354000,11057.0,312.0,8,100.0,False,0,4502.258055555559,0.7825272726061344
2024-09-01 14:04:48.449,OnTrack,1409.0,284.0,1874.0,pos,0 days 00:01:05.616000,0 days 01:57:04.530000,11113.32,312.0,8,100.0,False,0,4517.509461732564,0.7851780849611423
2024-09-01 14:04:48.473,OnTrack,1407.196539397266,263.78846795522173,1873.9035031362055,car,0 days 00:01:05.640000,0 days 01:57:04.554000,11121.0,312.0,8,100.0,False,0,4519.591388888891,0.7855399400035015
2024-09-01 14:04:48.713,OnTrack,1384.0454434204682,6.181906274679648,1873.1099124982763,car,0 days 00:01:05.880000,0 days 01:57:04.794000,11138.0,313.0,8,100.0,False,0,4540.4580555555585,0.7891667280626399
2024-09-01 14:04:48.749,OnTrack,1381.0,-27.0,1873.0,pos,0 days 00:01:05.916000,0 days 01:57:04.830000,11141.75,313.15,8,100.0,False,0,4543.594026144196,0.7897117840059951
2024-09-01 14:04:48.953,OnTrack,1367.868707376595,-165.52526156319144,1872.3513243029565,car,0 days 00:01:06.120000,0 days 01:57:05.034000,11163.0,314.0,8,100.0,False,0,4561.391388888891,0.7928051033040756
2024-09-01 14:04:49.029,OnTrack,1363.0,-218.0,1872.0,pos,0 days 00:01:06.196000,0 days 01:57:05.110000,11148.885714285714,314.27142857142854,8,100.0,False,0,4568.033680220124,0.7939595849120037
2024-09-01 14:04:49.233,OnTrack,1347.315172313268,-393.77277783929594,1870.6220176935049,car,0 days 00:01:06.400000,0 days 01:57:05.314000,11111.0,315.0,8,100.0,False,0,4585.891388888891,0.7970633927984313
2024-09-01 14:04:49.309,OnTrack,1341.0,-462.0,1870.0,pos,0 days 00:01:06.476000,0 days 01:57:05.390000,11123.455555555556,315.2111111111111,8,100.0,False,0,4592.552507340137,0.7982211467054353
2024-09-01 14:04:49.429,OnTrack,1331.0,-566.0,1869.0,pos,0 days 00:01:06.596000,0 days 01:57:05.510000,11143.122222222222,315.5444444444444,8,100.0,False,0,4603.078933122053,0.8000507209225882
2024-09-01 14:04:49.593,OnTrack,1318.3082018672774,-704.7106491233557,1868.1709669217712,car,0 days 00:01:06.760000,0 days 01:57:05.674000,11170.0,316.0,8,100.0,False,0,4617.491388888891,0.8025557172074778
2024-09-01 14:04:49.630,OnTrack,1315.0,-741.0,1868.0,pos,0 days 00:01:06.797000,0 days 01:57:05.711000,11189.1938496,316.2312512,8,100.0,False,0,4620.7478643041195,0.8031217178217347
2024-09-01 14:04:49.753,OnTrack,1301.974844967548,-882.2860316827532,1867.3612755872596,car,0 days 00:01:06.920000,0 days 01:57:05.834000,11253.0,317.0,8,100.0,False,0,4631.58027777778,0.8050044750663634
2024-09-01 14:04:49.913,OnTrack,1283.2847174926872,-1083.4448629538663,1866.4256417225981,car,0 days 00:01:07.080000,0 days 01:57:05.994000,11174.0,317.0,8,100.0,False,0,4645.669166666669,0.8074532329252492
2024-09-01 14:04:49.990,OnTrack,1277.0,-1152.0,1866.0,pos,0 days 00:01:07.157000,0 days 01:57:06.071000,11197.420891733333,317.32083413333334,8,100.0,False,0,4652.464075462088,0.8086342406288669
2024-09-01 14:04:50.153,OnTrack,1269.8492254705443,-1232.8944659018687,1865.1940828892136,car,0 days 00:01:07.320000,0 days 01:57:06.234000,11247.0,318.0,8,100.0,False,0,4666.869166666669,0.8111379568958753
2024-09-01 14:04:50.230,OnTrack,1266.0,-1275.0,1865.0,pos,0 days 00:01:07.397000,0 days 01:57:06.311000,11266.250048,318.0,8,100.0,False,0,4673.669928434421,0.8123199818913542
2024-09-01 14:04:50.353,OnTrack,1256.3944825081471,-1376.1155096716075,1865.0568330078188,car,0 days 00:01:07.520000,0 days 01:57:06.434000,11297.0,318.0,8,100.0,False,0,4684.535833333336,0.8142085602047304
2024-09-01 14:04:50.470,OnTrack,1246.0,-1487.0,1865.0,pos,0 days 00:01:07.637000,0 days 01:57:06.551000,11303.2156352,318.3656256,8,100.0,False,0,4694.889651106223,0.8160081338148838
2024-09-01 14:04:50.650,OnTrack,1232.0,-1645.0,1864.0,pos,0 days 00:01:07.817000,0 days 01:57:06.731000,11312.7781216,318.9281248,8,100.0,False,0,4710.84984482942,0.8187821389275112
2024-09-01 14:04:50.673,OnTrack,1230.207144819895,-1665.1254162078428,1863.8863185096734,car,0 days 00:01:07.840000,0 days 01:57:06.754000,11314.0,319.0,8,100.0,False,0,4712.891388888891,0.8191369750752951
2024-09-01 14:04:50.910,OnTrack,1211.0,-1875.0,1863.0,pos,0 days 00:01:08.077000,0 days 01:57:06.991000,11333.091682133334,319.6583338666667,8,100.0,False,0,4733.954496473112,0.8227979060852696
2024-09-01 14:04:51.033,OnTrack,1200.7368217084108,-1983.3883403268478,1862.2198511488073,car,0 days 00:01:08.200000,0 days 01:57:07.114000,11343.0,320.0,8,100.0,False,0,4744.891388888891,0.8246988225781271
2024-09-01 14:04:51.210,OnTrack,1186.0,-2140.0,1861.0,pos,0 days 00:01:08.377000,0 days 01:57:07.291000,11341.525000533333,320.0,8,100.0,False,0,4760.625560183558,0.8274335432445137
2024-09-01 14:04:51.273,OnTrack,1180.885122156922,-2196.6428800679228,1860.6995342194632,car,0 days 00:01:08.440000,0 days 01:57:07.354000,11341.0,320.0,8,100.0,False,0,4766.224722222225,0.8284067209133484
2024-09-01 14:04:51.450,OnTrack,1167.0,-2353.0,1860.0,pos,0 days 00:01:08.617000,0 days 01:57:07.531000,11341.0,320.0,8,100.0,False,0,4781.956447390622,0.8311410164240699
2024-09-01 14:04:51.473,OnTrack,1165.2679500391928,-2372.039584756818,1859.880215196996,car,0 days 00:01:08.640000,0 days 01:57:07.554000,11341.0,320.0,8,100.0,False,0,4784.002500000001,0.8314966361926992
2024-09-01 14:04:51.610,OnTrack,1154.0,-2494.0,1859.0,pos,0 days 00:01:08.777000,0 days 01:57:07.691000,11363.07221191111,320.3805553777778,8,100.0,False,0,4796.20246935917,0.8336170852275404
2024-09-01 14:04:51.833,OnTrack,1125.0216217453642,-2810.0017508645064,1857.133089616736,car,0 days 00:01:09,0 days 01:57:07.914000,11399.0,321.0,8,100.0,False,0,4816.102500000003,0.8370758644689776
2024-09-01 14:04:51.850,OnTrack,1123.0,-2832.0,1857.0,pos,0 days 00:01:09.017000,0 days 01:57:07.931000,11397.205562311112,321.0472220444444,8,100.0,False,0,4817.621324241799,0.8373398478694924
2024-09-01 14:04:52.193,OnTrack,1095.9669835529282,-3123.555826631928,1855.0550817482224,car,0 days 00:01:09.360000,0 days 01:57:08.274000,11361.0,322.0,8,100.0,False,0,4848.3025000000025,0.8426724735187021
2024-09-01 14:04:52.210,OnTrack,1095.0,-3134.0,1855.0,pos,0 days 00:01:09.377000,0 days 01:57:08.291000,11361.962260140977,322.0,8,100.0,False,0,4849.823274004233,0.8429367958030084
2024-09-01 14:04:52.352,OnTrack,1087.7258367141317,-3213.023512645269,1854.7008751836984,car,0 days 00:01:09.519000,0 days 01:57:08.433000,11370.0,322.0,8,100.0,False,0,4862.524166666669,0.8451443091823304
2024-09-01 14:04:52.592,OnTrack,1073.4973717581254,-3367.842604291649,1854.1036746995906,car,0 days 00:01:09.759000,0 days 01:57:08.673000,11447.0,322.0,8,100.0,False,0,4883.990833333335,0.8488753818821467
2024-09-01 14:04:52.609,OnTrack,1072.0,-3384.0,1854.0,pos,0 days 00:01:09.776000,0 days 01:57:08.690000,11448.770826666667,322.0354165333333,8,100.0,False,0,4885.513174967373,0.8491399766326383
2024-09-01 14:04:52.849,OnTrack,1047.0,-3652.0,1852.0,pos,0 days 00:01:10.016000,0 days 01:57:08.930000,11473.770826666667,322.5354165333333,8,100.0,False,0,4907.039827405244,0.8528814753234478
2024-09-01 14:04:53.072,OnTrack,1032.1188630225242,-3806.250365769069,1851.0678203496234,car,0 days 00:01:10.239000,0 days 01:57:09.153000,11497.0,323.0,8,100.0,False,0,4927.057500000002,0.8563607016463746
2024-09-01 14:04:53.129,OnTrack,1028.0,-3848.0,1851.0,pos,0 days 00:01:10.296000,0 days 01:57:09.210000,11490.2312576,323.0,8,100.0,False,0,4932.17122739308,0.8572495070192294
2024-09-01 14:04:53.309,OnTrack,1012.0,-4009.0,1851.0,pos,0 days 00:01:10.476000,0 days 01:57:09.390000,11468.8562576,323.0,8,100.0,False,0,4948.316226410601,0.8600556327213802
2024-09-01 14:04:53.392,OnTrack,1004.3275637827112,-4085.0872588247025,1850.7655529177198,car,0 days 00:01:10.559000,0 days 01:57:09.473000,11459.0,323.0,8,100.0,False,0,4955.768611111113,0.8613509148225266
2024-09-01 14:04:53.529,OnTrack,992.0,-4206.0,1850.0,pos,0 days 00:01:10.696000,0 days 01:57:09.610000,11411.347829405348,323.85093161776166,8,100.0,False,0,4968.091855290717,0.863492789974624
2024-09-01 14:04:53.553,OnTrack,989.9352425869672,-4226.149512103024,1849.8304149044745,car,0 days 00:01:10.720000,0 days 01:57:09.634000,11403.0,324.0,8,100.0,False,0,4970.258611111113,0.8638693888949026
2024-09-01 14:04:53.793,OnTrack,966.3998761150054,-4436.615701187224,1848.0536630648369,car,0 days 00:01:10.960000,0 days 01:57:09.874000,11089.0,322.0,8,62.0,False,0,4991.725277777779,0.8676004615947189
2024-09-01 14:04:53.809,OnTrack,964.0,-4455.0,1848.0,pos,0 days 00:01:10.976000,0 days 01:57:09.890000,11032.4,320.28,8,59.52,False,0,4993.08646960223,0.8678370472618969
2024-09-01 14:04:54.029,OnTrack,923.0,-4743.0,1848.0,pos,0 days 00:01:11.196000,0 days 01:57:10.110000,10254.15,296.63,8,25.42,False,0,5010.619296893106,0.8708843882520639
2024-09-01 14:04:54.193,OnTrack,901.7277908960937,-4872.427106028217,1847.4522207378864,car,0 days 00:01:11.360000,0 days 01:57:10.274000,9674.0,279.0,8,0.0,True,0,5022.725277777779,0.8729885013630873
2024-09-01 14:04:54.509,OnTrack,871.0,-5001.0,1846.0,pos,0 days 00:01:11.676000,0 days 01:57:10.590000,10117.98,252.14,8,0.0,True,0,5044.512222729201,0.8767752409059748
2024-09-01 14:04:54.529,OnTrack,868.0,-5014.0,1846.0,pos,0 days 00:01:11.696000,0 days 01:57:10.610000,10146.08,250.44,8,0.0,True,0,5045.820214021697,0.8770025799092215
2024-09-01 14:04:54.593,OnTrack,856.6396081777175,-5058.304494134394,1845.8784212382898,car,0 days 00:01:11.760000,0 days 01:57:10.674000,10236.0,245.0,7,0.0,True,0,5049.947500000001,0.8777199341345935
2024-09-01 14:04:54.753,OnTrack,817.1042408993787,-5183.960558304482,1844.7574348400003,car,0 days 00:01:11.920000,0 days 01:57:10.834000,10376.0,224.0,6,0.0,True,0,5059.903055555556,0.87945028669103
2024-09-01 14:04:54.889,OnTrack,784.0,-5276.0,1844.0,pos,0 days 00:01:12.056000,0 days 01:57:10.970000,10516.371428571429,219.62857142857143,6,0.4857142857142857,True,0,5068.069803047216,0.8808697305704908
2024-09-01 14:04:55.033,OnTrack,755.0426072181392,-5345.118837514554,1843.8723185565455,car,0 days 00:01:12.200000,0 days 01:57:11.114000,10665.0,215.0,5,1.0,True,0,5076.625277777779,0.8823567382506696
2024-09-01 14:04:55.193,OnTrack,724.7692570377227,-5400.2010997102225,1844.1252710624549,car,0 days 00:01:12.360000,0 days 01:57:11.274000,10435.0,215.0,5,5.0,True,0,5086.180833333336,0.884017567713321
2024-09-01 14:04:55.269,OnTrack,706.0,-5430.0,1844.0,pos,0 days 00:01:12.436000,0 days 01:57:11.350000,10354.566666666668,211.83333333333334,5,6.583333333333334,True,0,5090.596705135055,0.8847850803868591
2024-09-01 14:04:55.433,OnTrack,655.1574380511072,-5503.38025320034,1843.1967188913572,car,0 days 00:01:12.600000,0 days 01:57:11.514000,10181.0,205.0,5,10.0,False,0,5099.847500000002,0.886392940084322
2024-09-01 14:04:55.509,OnTrack,628.0,-5536.0,1843.0,pos,0 days 00:01:12.676000,0 days 01:57:11.590000,10132.866666666667,202.78333333333333,5,11.266666666666666,False,0,5104.055157901525,0.8871242635715831
2024-09-01 14:04:55.549,OnTrack,613.0,-5552.0,1843.0,pos,0 days 00:01:12.716000,0 days 01:57:11.630000,10107.533333333333,201.61666666666667,5,11.933333333333334,False,0,5106.250604386296,0.8875058491512371
2024-09-01 14:04:55.673,OnTrack,564.183068774384,-5599.686885114326,1843.0921864523425,car,0 days 00:01:12.840000,0 days 01:57:11.754000,10029.0,198.0,5,14.0,False,0,5113.0475000000015,0.8886872021792401
2024-09-01 14:04:55.809,OnTrack,508.0,-5647.0,1843.0,pos,0 days 00:01:12.976000,0 days 01:57:11.890000,10063.85,198.0,5,25.05,False,0,5120.530786909381,0.8899878553232997
2024-09-01 14:04:55.833,OnTrack,497.950945601889,-5654.56393348757,1842.9262458292815,car,0 days 00:01:13,0 days 01:57:11.914000,10070.0,198.0,5,27.0,False,0,5121.847500000002,0.8902167102425189
2024-09-01 14:04:56.070,OnTrack,388.0,-5720.0,1842.0,pos,0 days 00:01:13.237000,0 days 01:57:12.151000,10133.2000512,196.68333226666667,5,39.508343466666666,False,0,5134.7450019830885,0.8924583958424377
2024-09-01 14:04:56.193,OnTrack,310.2334581752731,-5752.517024758577,1842.4938750062292,car,0 days 00:01:13.360000,0 days 01:57:12.274000,10166.0,196.0,5,46.0,False,0,5141.447500000002,0.8936233418380035
2024-09-01 14:04:56.290,OnTrack,247.0,-5774.0,1843.0,pos,0 days 00:01:13.457000,0 days 01:57:12.371000,10223.160676571428,197.03928502857144,5,59.16427702857143,False,0,5146.76459277338,0.8945474936868766
2024-09-01 14:04:56.473,OnTrack,141.703470510695,-5796.653868953674,1843.3067445181612,car,0 days 00:01:13.640000,0 days 01:57:12.554000,10331.0,199.0,5,84.0,False,0,5156.925277777779,0.8963134993280883
2024-09-01 14:04:56.730,OnTrack,14.0,-5801.0,1843.0,pos,0 days 00:01:13.897000,0 days 01:57:12.811000,10754.336005688889,204.71110968888888,5,95.42221937777778,False,0,5171.646686957204,0.8988721941056743
2024-09-01 14:04:56.833,OnTrack,-35.14384219113293,-5798.8492513887395,1842.9309429420682,car,0 days 00:01:14,0 days 01:57:12.914000,10924.0,207.0,5,100.0,False,0,5177.62527777778,0.8999113194314828
2024-09-01 14:04:56.990,OnTrack,-113.0,-5790.0,1843.0,pos,0 days 00:01:14.157000,0 days 01:57:13.071000,11094.34520832,210.14000384,5,100.0,False,0,5186.795811987602,0.901505229206312
2024-09-01 14:04:57.033,OnTrack,-136.3924965311951,-5785.991632325486,1843.0860980830396,car,0 days 00:01:14.200000,0 days 01:57:13.114000,11141.0,211.0,5,100.0,False,0,5189.347500000002,0.9019487323188049
2024-09-01 14:04:57.273,OnTrack,-279.3671813097414,-5751.1910533495075,1843.8931476725486,car,0 days 00:01:14.440000,0 days 01:57:13.354000,11475.0,219.0,5,100.0,False,0,5203.947500000002,0.9044863252419719
2024-09-01 14:04:57.330,OnTrack,-313.0,-5740.0,1844.0,pos,0 days 00:01:14.497000,0 days 01:57:13.411000,11510.466626844445,219.79166577777778,5,100.0,False,0,5207.45270556054,0.9050955570792779
2024-09-01 14:04:57.550,OnTrack,-438.0,-5687.0,1844.0,pos,0 days 00:01:14.717000,0 days 01:57:13.631000,11647.355675022221,222.8472248888889,5,100.0,False,0,5221.092123114135,0.9074661933436698
2024-09-01 14:04:57.610,OnTrack,-472.0,-5670.0,1844.0,pos,0 days 00:01:14.777000,0 days 01:57:13.691000,11684.688849066666,223.68055466666667,5,100.0,False,0,5224.883879998401,0.9081252300173606
2024-09-01 14:04:57.633,OnTrack,-485.55543412784345,-5662.800666979003,1844.0192528751543,car,0 days 00:01:14.800000,0 days 01:57:13.714000,11699.0,224.0,5,100.0,False,0,5226.347500000002,0.9083796184939542
2024-09-01 14:04:57.910,OnTrack,-661.0,-5552.0,1845.0,pos,0 days 00:01:15.077000,0 days 01:57:13.991000,11613.3030656,232.65625599999998,5,100.0,False,0,5244.3372023936245,0.9115063679106623
2024-09-01 14:04:57.953,OnTrack,-685.0155090878125,-5534.095385203469,1845.1934022626929,car,0 days 00:01:15.120000,0 days 01:57:14.034000,11600.0,234.0,5,100.0,False,0,5247.147500000001,0.9119948193707947
2024-09-01 14:04:58.113,OnTrack,-764.598968904502,-5467.338734171377,1845.8741540880528,car,0 days 00:01:15.280000,0 days 01:57:14.194000,10770.0,236.0,6,100.0,False,0,5257.63638888889,0.9138178693856119
2024-09-01 14:04:58.170,OnTrack,-792.0,-5442.0,1846.0,pos,0 days 00:01:15.337000,0 days 01:57:14.251000,10822.7249408,237.66249813333334,6,100.0,False,0,5261.43664390507,0.9144783831003577
2024-09-01 14:04:58.330,OnTrack,-868.0,-5366.0,1846.0,pos,0 days 00:01:15.497000,0 days 01:57:14.411000,10970.7249408,242.3291648,6,100.0,False,0,5272.272431857626,0.9163617268555182
2024-09-01 14:04:58.353,OnTrack,-878.4241912225332,-5354.871694675055,1845.9866751791271,car,0 days 00:01:15.520000,0 days 01:57:14.434000,10992.0,243.0,6,100.0,False,0,5273.836388888891,0.9166335546839207
2024-09-01 14:04:58.570,OnTrack,-973.0,-5243.0,1846.0,pos,0 days 00:01:15.737000,0 days 01:57:14.651000,11142.9957888,245.7124992,6,100.0,False,0,5288.652479144724,0.9192087057648937
2024-09-01 14:04:58.593,OnTrack,-983.4959355433773,-5229.1401830439145,1846.051586154561,car,0 days 00:01:15.760000,0 days 01:57:14.674000,11159.0,246.0,6,100.0,False,0,5290.23638888889,0.9194840015291219
2024-09-01 14:04:58.830,OnTrack,-1092.0,-5072.0,1847.0,pos,0 days 00:01:15.997000,0 days 01:57:14.911000,11296.967968914285,250.2321462857143,6,100.0,False,0,5306.737632295228,0.9223520452614081
2024-09-01 14:04:58.873,OnTrack,-1108.5410373563602,-5045.719466884991,1847.1451822875742,car,0 days 00:01:16.040000,0 days 01:57:14.954000,11322.0,251.0,6,100.0,False,0,5309.758611111112,0.9228771147452592
2024-09-01 14:04:59.152,OnTrack,-1190.7420466797505,-4894.511770227319,1847.7734334102006,car,0 days 00:01:16.319000,0 days 01:57:15.233000,11431.0,255.0,6,100.0,False,0,5329.521111111112,0.926311990097594
2024-09-01 14:04:59.229,OnTrack,-1212.0,-4849.0,1848.0,pos,0 days 00:01:16.396000,0 days 01:57:15.310000,11461.7999744,255.9624992,6,100.0,False,0,5335.017250809932,0.9272672616869408
2024-09-01 14:04:59.392,OnTrack,-1258.337823419816,-4742.324745518727,1848.6626685607835,car,0 days 00:01:16.559000,0 days 01:57:15.473000,11527.0,258.0,6,100.0,False,0,5346.721111111113,0.9293014831303663
2024-09-01 14:04:59.449,OnTrack,-1274.0,-4704.0,1849.0,pos,0 days 00:01:16.616000,0 days 01:57:15.530000,11493.6143232,258.8142848,6,100.0,False,0,5350.842443101381,0.9300178025065667
2024-09-01 14:04:59.589,OnTrack,-1310.0,-4610.0,1850.0,pos,0 days 00:01:16.756000,0 days 01:57:15.670000,11411.6143232,260.8142848,6,100.0,False,0,5361.027053859903,0.9317879666288981
2024-09-01 14:04:59.672,OnTrack,-1329.5408998367668,-4553.1011572337065,1850.4069914059794,car,0 days 00:01:16.839000,0 days 01:57:15.753000,11363.0,262.0,6,100.0,False,0,5367.0988888888905,0.9328432985193224
2024-09-01 14:04:59.849,OnTrack,-1367.0,-4429.0,1851.0,pos,0 days 00:01:17.016000,0 days 01:57:15.930000,11022.683360508068,263.76558567829795,6,100.0,False,0,5380.124828734339,0.9351073076131176
2024-09-01 14:05:00.029,OnTrack,-1400.0,-4301.0,1852.0,pos,0 days 00:01:17.196000,0 days 01:57:16.110000,10676.598517242655,265.5610971868085,6,100.0,False,0,5393.459940019717,0.9374250530944477
2024-09-01 14:05:00.073,OnTrack,-1407.2804453695267,-4269.495889950924,1852.2751183262017,car,0 days 00:01:17.240000,0 days 01:57:16.154000,10592.0,266.0,7,100.0,False,0,5396.728333333334,0.9379931251316231
2024-09-01 14:05:00.189,OnTrack,-1425.0,-4186.0,1853.0,pos,0 days 00:01:17.356000,0 days 01:57:16.270000,10652.9,267.0875,7,100.0,False,0,5405.361181664165,0.9394935809419718
2024-09-01 14:05:00.393,OnTrack,-1451.0672716446536,-4036.885142189391,1853.9461588757515,car,0 days 00:01:17.560000,0 days 01:57:16.474000,10760.0,269.0,7,100.0,False,0,5420.639444444445,0.9421490611823502
2024-09-01 14:05:00.429,OnTrack,-1455.0,-4010.0,1854.0,pos,0 days 00:01:17.596000,0 days 01:57:16.510000,10774.123076923077,269.4153846153846,7,100.0,False,0,5423.355931158358,0.9426212075837955
2024-09-01 14:05:00.509,OnTrack,-1463.0,-3950.0,1854.0,pos,0 days 00:01:17.676000,0 days 01:57:16.590000,10805.507692307692,270.33846153846156,7,100.0,False,0,5429.414962083988,0.9436743140220236
2024-09-01 14:05:00.869,OnTrack,-1486.0,-3699.0,1855.0,pos,0 days 00:01:18.036000,0 days 01:57:16.950000,10946.738461538462,274.4923076923077,7,100.0,False,0,5456.977772791204,0.948464943706491
2024-09-01 14:05:00.913,OnTrack,-1487.8504615711986,-3665.912448691691,1855.291313222996,car,0 days 00:01:18.080000,0 days 01:57:16.994000,10964.0,275.0,7,100.0,False,0,5460.361666666668,0.9490530906346503
2024-09-01 14:05:01.029,OnTrack,-1492.0,-3576.0,1856.0,pos,0 days 00:01:18.196000,0 days 01:57:17.110000,11006.4125,276.0875,7,100.0,False,0,5469.29378882954,0.9506055625517303
2024-09-01 14:05:01.229,OnTrack,-1497.0,-3422.0,1856.0,pos,0 days 00:01:18.396000,0 days 01:57:17.310000,11079.5375,277.9625,7,100.0,False,0,5484.761953396814,0.9532940491914766
2024-09-01 14:05:01.233,OnTrack,-1497.0686601413934,-3418.904659312447,1856.0083027167177,car,0 days 00:01:18.400000,0 days 01:57:17.314000,11081.0,278.0,7,100.0,False,0,5485.072777777778,0.9533480728729481
2024-09-01 14:05:01.429,OnTrack,-1499.0,-3266.0,1857.0,pos,0 days 00:01:18.596000,0 days 01:57:17.510000,11179.0,280.94,7,100.0,False,0,5500.370543184434,0.9560069428206329
2024-09-01 14:05:01.433,OnTrack,-1499.0162051415707,-3262.8635281297006,1857.0194709059263,car,0 days 00:01:18.600000,0 days 01:57:17.514000,11181.0,281.0,7,100.0,False,0,5500.68388888889,0.9560614047276282
2024-09-01 14:05:01.633,OnTrack,-1499.0198861069368,-3105.5897470212185,1857.8907268363655,car,0 days 00:01:18.800000,0 days 01:57:17.714000,11225.0,283.0,7,100.0,False,0,5516.406111111112,0.9587940485528045
2024-09-01 14:05:01.649,OnTrack,-1499.0,-3093.0,1858.0,pos,0 days 00:01:18.816000,0 days 01:57:17.730000,11226.0,283.2,7,100.0,False,0,5517.668958712471,0.9590135412333692
2024-09-01 14:05:01.793,OnTrack,-1498.8152595881272,-2979.729056673822,1859.3763456707284,car,0 days 00:01:18.960000,0 days 01:57:17.874000,11235.0,285.0,7,100.0,False,0,5529.072777777778,0.9609956131893419
2024-09-01 14:05:01.889,OnTrack,-1498.0,-2904.0,1860.0,pos,0 days 00:01:19.056000,0 days 01:57:17.970000,11235.0,286.2,7,100.0,False,0,5536.719947723784,0.9623247504727145
2024-09-01 14:05:01.953,OnTrack,-1496.921254157085,-2853.3348242762604,1860.0573498799274,car,0 days 00:01:19.120000,0 days 01:57:18.034000,11235.0,287.0,7,100.0,False,0,5541.828333333334,0.9632126274022763
2024-09-01 14:05:02.049,OnTrack,-1495.0,-2777.0,1860.0,pos,0 days 00:01:19.216000,0 days 01:57:18.130000,11299.32,287.48,7,100.0,False,0,5549.495222489295,0.9645451920368566
2024-09-01 14:05:02.153,OnTrack,-1493.433109657808,-2693.7219876024237,1860.4733989031556,car,0 days 00:01:19.320000,0 days 01:57:18.234000,11369.0,288.0,7,100.0,False,0,5557.828333333334,0.9659935511536922
2024-09-01 14:05:02.249,OnTrack,-1492.0,-2617.0,1861.0,pos,0 days 00:01:19.416000,0 days 01:57:18.330000,11408.466666666667,289.06666666666666,7,100.0,False,0,5565.567027806281,0.9673385961077403
2024-09-01 14:05:02.513,OnTrack,-1485.8215549431018,-2409.6131089367677,1861.5222185200291,car,0 days 00:01:19.680000,0 days 01:57:18.594000,11517.0,292.0,7,100.0,False,0,5587.028333333334,0.9710687370000263
2024-09-01 14:05:02.569,OnTrack,-1484.0,-2366.0,1862.0,pos,0 days 00:01:19.736000,0 days 01:57:18.650000,11453.02,292.42,7,100.0,False,0,5591.598450158082,0.9718630586515693
2024-09-01 14:05:02.650,OnTrack,-1481.0,-2301.0,1863.0,pos,0 days 00:01:19.817000,0 days 01:57:18.731000,11360.47757312,293.02749952,7,100.0,False,0,5598.218308950247,0.9730136413107037
2024-09-01 14:05:02.913,OnTrack,-1468.7009913419981,-2022.9750951114115,1864.923516340134,car,0 days 00:01:20.080000,0 days 01:57:18.994000,11060.0,295.0,7,100.0,False,0,5619.806111111112,0.9767657682963298
2024-09-01 14:05:02.930,OnTrack,-1468.0,-2008.0,1865.0,pos,0 days 00:01:20.097000,0 days 01:57:19.011000,11041.763705018182,295.1159086545455,7,100.0,False,0,5621.207407669775,0.9770093244765026
2024-09-01 14:05:03.230,OnTrack,-1458.0,-1827.0,1866.0,pos,0 days 00:01:20.397000,0 days 01:57:19.311000,10719.945248581818,297.1613649454545,7,100.0,False,0,5646.040291394488,0.9813254717368903
2024-09-01 14:05:03.353,OnTrack,-1452.9129984901706,-1742.6822937314118,1866.56209732986,car,0 days 00:01:20.520000,0 days 01:57:19.434000,10588.0,298.0,8,100.0,False,0,5656.228333333334,0.9830962322249003
2024-09-01 14:05:03.513,OnTrack,-1444.563661834247,-1608.8480852727362,1867.4640613256313,car,0 days 00:01:20.680000,0 days 01:57:19.594000,10556.0,298.0,8,100.0,False,0,5669.472777777779,0.9853982191080168
2024-09-01 14:05:03.610,OnTrack,-1438.0,-1513.0,1868.0,pos,0 days 00:01:20.777000,0 days 01:57:19.691000,10609.3499648,298.6062496,8,100.0,False,0,5677.526749326556,0.9867980616563431
2024-09-01 14:05:03.810,OnTrack,-1422.0,-1295.0,1869.0,pos,0 days 00:01:20.977000,0 days 01:57:19.891000,10719.3499648,299.8562496,8,100.0,False,0,5694.212690662173,0.9896982073172776
2024-09-01 14:05:03.833,OnTrack,-1420.3569353707667,-1272.907446561262,1869.0934314442886,car,0 days 00:01:21,0 days 01:57:19.914000,10732.0,300.0,8,100.0,False,0,5696.139444444446,0.9900330920270434
2024-09-01 14:05:04.110,OnTrack,-1405.0,-1067.0,1870.0,pos,0 days 00:01:21.277000,0 days 01:57:20.191000,10794.3250432,302.9678592,8,100.0,False,0,5719.453023611222,0.9940851724042562
2024-09-01 14:05:04.113,OnTrack,-1404.8549104487547,-1065.0589301800248,1870.0116074886912,car,0 days 00:01:21.280000,0 days 01:57:20.194000,10795.0,303.0,8,100.0,False,0,5719.706111111112,0.994129160969233
2024-09-01 14:05:04.353,OnTrack,-1393.036269583318,-910.6924398300448,1870.9672698879049,car,0 days 00:01:21.520000,0 days 01:57:20.434000,10863.0,304.0,8,100.0,False,0,5739.972777777779,0.9976516643876933
2024-09-01 14:05:04.370,OnTrack,-1392.0,-898.0,1871.0,pos,0 days 00:01:21.537000,0 days 01:57:20.451000,10861.5125056,304.0,8,100.0,False,0,5741.408518389821,0.9979012072107496
2024-09-01 14:05:04.510,OnTrack,-1382.0,-780.0,1871.0,pos,0 days 00:01:21.677000,0 days 01:57:20.591000,10849.2624832,304.0,8,100.0,False,0,5753.230608668012,0.9999559779386248
2024-09-01 14:05:04.513,OnTrack,-1381.7571179207216,-777.2086413880193,1870.9947394674327,car,0 days 00:01:21.680000,0 days 01:57:20.594000,10849.0,304.0,8,100.0,False,0,5753.48388888889,1.0
